solid OpenSCAD_Model
  facet normal -0.13734150997370176 -0.6461410148159339 -0.7507590150046674
    outer loop
      vertex 3.9402159228920937 3.2022369652986526 0
      vertex 3.3488193303346634 0.3069709241390228 2.6
      vertex 3.0927928909659386 0.36139102280139923 2.6
    endloop
  endfacet
  facet normal -0.09203199542746929 -0.6548416775346022 -0.7501416460784632
    outer loop
      vertex 3.9402159228920937 3.2022369652986526 0
      vertex 3.6080182641744614 0.2705428898334503 2.6
      vertex 3.3488193303346634 0.3069709241390228 2.6
    endloop
  endfacet
  facet normal -0.04614305890705155 -0.6598766241261054 -0.7499557713936436
    outer loop
      vertex 3.9402159228920937 3.2022369652986526 0
      vertex 3.8691268861293793 0.252284400165081 2.6
      vertex 3.6080182641744614 0.2705428898334503 2.6
    endloop
  endfacet
  facet normal -0.14690138878237063 -0.6436171015062688 -0.7511171736969406
    outer loop
      vertex 3.7077271789312363 3.255300998687744 0
      vertex 3.9402159228920937 3.2022369652986526 0
      vertex 3.0927928909659386 0.36139102280139923 2.6
    endloop
  endfacet
  facet normal -0.024720510651599845 -0.6606695619198683 -0.7502697023775742
    outer loop
      vertex 3.9402159228920937 3.2022369652986526 0
      vertex 4 3.2000000029802322 0
      vertex 3.8691268861293793 0.252284400165081 2.6
    endloop
  endfacet
  facet normal -0.3300375060053738 -0.5716417116387702 -0.7511997059001355
    outer loop
      vertex 3.501208156347275 3.3745348155498505 0
      vertex 3.7077271789312363 3.255300998687744 0
      vertex 2.125 0.7524047344923019 2.6
    endloop
  endfacet
  facet normal -0.4909037739660256 -0.4420117500261441 -0.7507590142946927
    outer loop
      vertex 3.33900897949934 3.549343951046467 0
      vertex 1.3024757504463196 1.3950311094522476 2.6
      vertex 1.1273333355784416 1.5895464643836021 2.6
    endloop
  endfacet
  facet normal -0.5483983808383063 -0.3698993883885071 -0.7499557709383482
    outer loop
      vertex 3.33900897949934 3.549343951046467 0
      vertex 0.9661862701177597 1.7958053052425385 2.6
      vertex 0.8198196366429329 2.0128027573227882 2.6
    endloop
  endfacet
  facet normal -0.5210935336051183 -0.40712288220621007 -0.750141645303765
    outer loop
      vertex 3.33900897949934 3.549343951046467 0
      vertex 1.1273333355784416 1.5895464643836021 2.6
      vertex 0.9661862701177597 1.7958053052425385 2.6
    endloop
  endfacet
  facet normal -0.5726220421271676 -0.33060346704113863 -0.7502035353492351
    outer loop
      vertex 3.33900897949934 3.549343951046467 0
      vertex 0.8198196366429329 2.0128027573227882 2.6
      vertex 0.6889465302228928 2.239481642842293 2.6
    endloop
  endfacet
  facet normal -0.26901055082833886 -0.6042076135919919 -0.7500443208374448
    outer loop
      vertex 3.7077271789312363 3.255300998687744 0
      vertex 2.5952252745628357 0.5230605453252792 2.6
      vertex 2.356108196079731 0.6295223236083984 2.6
    endloop
  endfacet
  facet normal -0.3102391400397355 -0.5834749456181296 -0.7505389155955379
    outer loop
      vertex 3.7077271789312363 3.255300998687744 0
      vertex 2.356108196079731 0.6295223236083984 2.6
      vertex 2.125 0.7524047344923019 2.6
    endloop
  endfacet
  facet normal -0.3887538560978599 -0.5350737850551673 -0.7500443213009356
    outer loop
      vertex 3.501208156347275 3.3745348155498505 0
      vertex 1.9030266106128693 0.8911091014742851 2.6
      vertex 1.691269464790821 1.0449596717953682 2.6
    endloop
  endfacet
  facet normal -0.42517691631556775 -0.5067061024661205 -0.7499823434961506
    outer loop
      vertex 3.501208156347275 3.3745348155498505 0
      vertex 1.691269464790821 1.0449596717953682 2.6
      vertex 1.4907602295279503 1.2132069021463394 2.6
    endloop
  endfacet
  facet normal -0.35018455971527596 -0.5604124464310255 -0.7505389157280329
    outer loop
      vertex 3.501208156347275 3.3745348155498505 0
      vertex 2.125 0.7524047344923019 2.6
      vertex 1.9030266106128693 0.8911091014742851 2.6
    endloop
  endfacet
  facet normal -0.2262319076404371 -0.621567059245122 -0.7499823430099802
    outer loop
      vertex 3.7077271789312363 3.255300998687744 0
      vertex 2.8411862701177597 0.4335380643606186 2.6
      vertex 2.5952252745628357 0.5230605453252792 2.6
    endloop
  endfacet
  facet normal -0.18220637777348891 -0.6354291183366749 -0.7503536975777095
    outer loop
      vertex 3.7077271789312363 3.255300998687744 0
      vertex 3.0927928909659386 0.36139102280139923 2.6
      vertex 2.8411862701177597 0.4335380643606186 2.6
    endloop
  endfacet
  facet normal -0.45919457599114055 -0.47550990497178247 -0.7503536977013195
    outer loop
      vertex 3.501208156347275 3.3745348155498505 0
      vertex 1.4907602295279503 1.2132069021463394 2.6
      vertex 1.3024757504463196 1.3950311094522476 2.6
    endloop
  endfacet
  facet normal -0.011540544927629483 -0.6611569520653913 -0.7501588502166558
    outer loop
      vertex 4 3.2000000029802322 0
      vertex 4 0.25 2.6
      vertex 3.8691268861293793 0.252284400165081 2.6
    endloop
  endfacet
  facet normal -0.5877852479723605 -0.8090169975136928 0
    outer loop
      vertex 1.9030266106128693 0.8911091014742851 2.6
      vertex 1.9030266106128693 0.8911091014742851 4
      vertex 1.691269464790821 1.0449596717953682 4
    endloop
  endfacet
  facet normal -0.5877852479723605 -0.8090169975136928 0
    outer loop
      vertex 1.9030266106128693 0.8911091014742851 2.6
      vertex 1.691269464790821 1.0449596717953682 4
      vertex 1.691269464790821 1.0449596717953682 2.6
    endloop
  endfacet
  facet normal -0.6427876208834568 -0.7660444337236486 0
    outer loop
      vertex 1.691269464790821 1.0449596717953682 2.6
      vertex 1.4907602295279503 1.2132069021463394 4
      vertex 1.4907602295279503 1.2132069021463394 2.6
    endloop
  endfacet
  facet normal -0.6946583692459235 -0.7193398015101028 0
    outer loop
      vertex 1.4907602295279503 1.2132069021463394 2.6
      vertex 1.4907602295279503 1.2132069021463394 4
      vertex 1.3024757504463196 1.3950311094522476 4
    endloop
  endfacet
  facet normal -0.6427876208834568 -0.7660444337236486 0
    outer loop
      vertex 1.691269464790821 1.0449596717953682 2.6
      vertex 1.691269464790821 1.0449596717953682 4
      vertex 1.4907602295279503 1.2132069021463394 4
    endloop
  endfacet
  facet normal -0.40673662966921503 -0.913545463611597 0
    outer loop
      vertex 2.5952252745628357 0.5230605453252792 2.6
      vertex 2.356108196079731 0.6295223236083984 4
      vertex 2.356108196079731 0.6295223236083984 2.6
    endloop
  endfacet
  facet normal -0.27563736995428795 -0.9612616918845166 0
    outer loop
      vertex 3.0927928909659386 0.36139102280139923 2.6
      vertex 2.8411862701177597 0.4335380643606186 4
      vertex 2.8411862701177597 0.4335380643606186 2.6
    endloop
  endfacet
  facet normal -0.34202014262459324 -0.939692621041079 0
    outer loop
      vertex 2.5952252745628357 0.5230605453252792 2.6
      vertex 2.8411862701177597 0.4335380643606186 2.6
      vertex 2.5952252745628357 0.5230605453252792 4
    endloop
  endfacet
  facet normal -0.34202014262459324 -0.939692621041079 0
    outer loop
      vertex 2.8411862701177597 0.4335380643606186 2.6
      vertex 2.8411862701177597 0.4335380643606186 4
      vertex 2.5952252745628357 0.5230605453252792 4
    endloop
  endfacet
  facet normal -0.40673662966921503 -0.913545463611597 0
    outer loop
      vertex 2.5952252745628357 0.5230605453252792 2.6
      vertex 2.5952252745628357 0.5230605453252792 4
      vertex 2.356108196079731 0.6295223236083984 4
    endloop
  endfacet
  facet normal -0.13917310017239254 -0.9902680688522706 0
    outer loop
      vertex 3.3488193303346634 0.3069709241390228 2.6
      vertex 3.6080182641744614 0.2705428898334503 2.6
      vertex 3.3488193303346634 0.3069709241390228 4
    endloop
  endfacet
  facet normal -0.06975645916039604 -0.9975640512796179 0
    outer loop
      vertex 3.6080182641744614 0.2705428898334503 2.6
      vertex 3.8691268861293793 0.252284400165081 2.6
      vertex 3.6080182641744614 0.2705428898334503 4
    endloop
  endfacet
  facet normal -0.017452417627068444 -0.9998476949610728 0
    outer loop
      vertex 3.8691268861293793 0.252284400165081 2.6
      vertex 4 0.25 2.6
      vertex 3.8691268861293793 0.252284400165081 4
    endloop
  endfacet
  facet normal -0.20791168721191458 -0.9781476015002516 0
    outer loop
      vertex 3.3488193303346634 0.3069709241390228 2.6
      vertex 3.3488193303346634 0.3069709241390228 4
      vertex 3.0927928909659386 0.36139102280139923 4
    endloop
  endfacet
  facet normal -0.13917310017239254 -0.9902680688522706 0
    outer loop
      vertex 3.6080182641744614 0.2705428898334503 2.6
      vertex 3.6080182641744614 0.2705428898334503 4
      vertex 3.3488193303346634 0.3069709241390228 4
    endloop
  endfacet
  facet normal -0.06975645916039604 -0.9975640512796179 0
    outer loop
      vertex 3.8691268861293793 0.252284400165081 2.6
      vertex 3.8691268861293793 0.252284400165081 4
      vertex 3.6080182641744614 0.2705428898334503 4
    endloop
  endfacet
  facet normal -0.20791168721191458 -0.9781476015002516 0
    outer loop
      vertex 3.0927928909659386 0.36139102280139923 2.6
      vertex 3.3488193303346634 0.3069709241390228 2.6
      vertex 3.0927928909659386 0.36139102280139923 4
    endloop
  endfacet
  facet normal -0.27563736995428795 -0.9612616918845166 0
    outer loop
      vertex 3.0927928909659386 0.36139102280139923 2.6
      vertex 3.0927928909659386 0.36139102280139923 4
      vertex 2.8411862701177597 0.4335380643606186 4
    endloop
  endfacet
  facet normal -0.46947157259700467 -0.882947587642265 0
    outer loop
      vertex 2.125 0.7524047344923019 2.6
      vertex 2.356108196079731 0.6295223236083984 2.6
      vertex 2.125 0.7524047344923019 4
    endloop
  endfacet
  facet normal -0.5299192615254839 -0.8480480978483979 0
    outer loop
      vertex 1.9030266106128693 0.8911091014742851 2.6
      vertex 2.125 0.7524047344923019 2.6
      vertex 1.9030266106128693 0.8911091014742851 4
    endloop
  endfacet
  facet normal -0.5299192615254839 -0.8480480978483979 0
    outer loop
      vertex 2.125 0.7524047344923019 2.6
      vertex 2.125 0.7524047344923019 4
      vertex 1.9030266106128693 0.8911091014742851 4
    endloop
  endfacet
  facet normal -0.46947157259700467 -0.882947587642265 0
    outer loop
      vertex 2.356108196079731 0.6295223236083984 2.6
      vertex 2.356108196079731 0.6295223236083984 4
      vertex 2.125 0.7524047344923019 4
    endloop
  endfacet
  facet normal -0.8290375656234816 -0.559192913747207 0
    outer loop
      vertex 0.9661862701177597 1.7958053052425385 2.6
      vertex 0.8198196366429329 2.0128027573227882 4
      vertex 0.8198196366429329 2.0128027573227882 2.6
    endloop
  endfacet
  facet normal -0.8290375656234816 -0.559192913747207 0
    outer loop
      vertex 0.9661862701177597 1.7958053052425385 2.6
      vertex 0.9661862701177597 1.7958053052425385 4
      vertex 0.8198196366429329 2.0128027573227882 4
    endloop
  endfacet
  facet normal -0.6946583692459235 -0.7193398015101028 0
    outer loop
      vertex 1.4907602295279503 1.2132069021463394 2.6
      vertex 1.3024757504463196 1.3950311094522476 4
      vertex 1.3024757504463196 1.3950311094522476 2.6
    endloop
  endfacet
  facet normal -0.743144820519614 -0.6691306118650311 0
    outer loop
      vertex 1.3024757504463196 1.3950311094522476 2.6
      vertex 1.1273333355784416 1.5895464643836021 4
      vertex 1.1273333355784416 1.5895464643836021 2.6
    endloop
  endfacet
  facet normal -0.743144820519614 -0.6691306118650311 0
    outer loop
      vertex 1.3024757504463196 1.3950311094522476 2.6
      vertex 1.3024757504463196 1.3950311094522476 4
      vertex 1.1273333355784416 1.5895464643836021 4
    endloop
  endfacet
  facet normal -0.7880107577629124 -0.615661470005977 0
    outer loop
      vertex 1.1273333355784416 1.5895464643836021 2.6
      vertex 0.9661862701177597 1.7958053052425385 4
      vertex 0.9661862701177597 1.7958053052425385 2.6
    endloop
  endfacet
  facet normal -0.7880107577629124 -0.615661470005977 0
    outer loop
      vertex 1.1273333355784416 1.5895464643836021 2.6
      vertex 1.1273333355784416 1.5895464643836021 4
      vertex 0.9661862701177597 1.7958053052425385 4
    endloop
  endfacet
  facet normal -0.8660254189285214 -0.4999999737696784 0
    outer loop
      vertex 0.8198196366429329 2.0128027573227882 2.6
      vertex 0.6889465302228928 2.239481642842293 4
      vertex 0.6889465302228928 2.239481642842293 2.6
    endloop
  endfacet
  facet normal -0.8660254189285214 -0.4999999737696784 0
    outer loop
      vertex 0.8198196366429329 2.0128027573227882 2.6
      vertex 0.8198196366429329 2.0128027573227882 4
      vertex 0.6889465302228928 2.239481642842293 4
    endloop
  endfacet
  facet normal -0.8987940420057225 -0.438371155591943 0
    outer loop
      vertex 0.6889465302228928 2.239481642842293 2.6
      vertex 0.5742045342922211 2.4747375920414925 4
      vertex 0.5742045342922211 2.4747375920414925 2.6
    endloop
  endfacet
  facet normal -0.8987940420057225 -0.438371155591943 0
    outer loop
      vertex 0.6889465302228928 2.239481642842293 2.6
      vertex 0.6889465302228928 2.239481642842293 4
      vertex 0.5742045342922211 2.4747375920414925 4
    endloop
  endfacet
  facet normal -0.9271838523025517 -0.37460659902009175 0
    outer loop
      vertex 0.5742045342922211 2.4747375920414925 2.6
      vertex 0.5742045342922211 2.4747375920414925 4
      vertex 0.4761526733636856 2.7174244597554207 4
    endloop
  endfacet
  facet normal -0.017452417627068444 -0.9998476949610728 0
    outer loop
      vertex 4 0.25 2.6
      vertex 4 0.25 4
      vertex 3.8691268861293793 0.252284400165081 4
    endloop
  endfacet
  facet normal -0.4839380527972963 -0.44902889992630385 -0.7511171733396427
    outer loop
      vertex 3.501208156347275 3.3745348155498505 0
      vertex 1.3024757504463196 1.3950311094522476 2.6
      vertex 3.33900897949934 3.549343951046467 0
    endloop
  endfacet
  facet normal -0.5948974174167716 -0.286487497430482 -0.7510139656270547
    outer loop
      vertex 3.33900897949934 3.549343951046467 0
      vertex 0.5742045342922211 2.4747375920414925 2.6
      vertex 3.2355417534708977 3.7641958594322205 0
    endloop
  endfacet
  facet normal -0.652725721776262 -0.09838255887429205 -0.7511790760138385
    outer loop
      vertex 3.2355417534708977 3.7641958594322205 0
      vertex 0.28649473935365677 3.478100873529911 2.6
      vertex 3.2000000029802322 4 0
    endloop
  endfacet
  facet normal -0.593596208234837 -0.28951622240197766 -0.7508820803130895
    outer loop
      vertex 3.33900897949934 3.549343951046467 0
      vertex 0.6889465302228928 2.239481642842293 2.6
      vertex 0.5742045342922211 2.4747375920414925 2.6
    endloop
  endfacet
  facet normal -0.6129860525499159 -0.2476624456112128 -0.7502742248092661
    outer loop
      vertex 3.2355417534708977 3.7641958594322205 0
      vertex 0.5742045342922211 2.4747375920414925 2.6
      vertex 0.4761526733636856 2.7174244597554207 2.6
    endloop
  endfacet
  facet normal -0.6291028982933601 -0.20440792258277643 -0.7499646288621136
    outer loop
      vertex 3.2355417534708977 3.7641958594322205 0
      vertex 0.4761526733636856 2.7174244597554207 2.6
      vertex 0.39526864141225815 2.9663599133491516 2.6
    endloop
  endfacet
  facet normal -0.6416928406221822 -0.1599919880932484 -0.7500885694637698
    outer loop
      vertex 3.2355417534708977 3.7641958594322205 0
      vertex 0.39526864141225815 2.9663599133491516 2.6
      vertex 0.33194649964571 3.220331162214279 2.6
    endloop
  endfacet
  facet normal -0.6506685687698543 -0.11473043774754481 -0.7506446164925489
    outer loop
      vertex 3.2355417534708977 3.7641958594322205 0
      vertex 0.33194649964571 3.220331162214279 2.6
      vertex 0.28649473935365677 3.478100873529911 2.6
    endloop
  endfacet
  facet normal -0.6573157055259183 -0.06908665162944173 -0.7504419350193569
    outer loop
      vertex 3.2000000029802322 4 0
      vertex 0.28649473935365677 3.478100873529911 2.6
      vertex 0.25913481414318085 3.7384132221341133 2.6
    endloop
  endfacet
  facet normal -0.6610248009930202 -0.02308350120127349 -0.7500089095766989
    outer loop
      vertex 3.2000000029802322 4 0
      vertex 0.25913481414318085 3.7384132221341133 2.6
      vertex 0.25 4 2.6
    endloop
  endfacet
  facet normal -0.9510565163084571 -0.3090169943340034 0
    outer loop
      vertex 0.4761526733636856 2.7174244597554207 2.6
      vertex 0.39526864141225815 2.9663599133491516 4
      vertex 0.39526864141225815 2.9663599133491516 2.6
    endloop
  endfacet
  facet normal -0.9271838523025517 -0.37460659902009175 0
    outer loop
      vertex 0.5742045342922211 2.4747375920414925 2.6
      vertex 0.4761526733636856 2.7174244597554207 4
      vertex 0.4761526733636856 2.7174244597554207 2.6
    endloop
  endfacet
  facet normal -0.9510565163084571 -0.3090169943340034 0
    outer loop
      vertex 0.4761526733636856 2.7174244597554207 2.6
      vertex 0.4761526733636856 2.7174244597554207 4
      vertex 0.39526864141225815 2.9663599133491516 4
    endloop
  endfacet
  facet normal -0.9702957285113611 -0.24192188663410924 0
    outer loop
      vertex 0.39526864141225815 2.9663599133491516 2.6
      vertex 0.33194649964571 3.220331162214279 4
      vertex 0.33194649964571 3.220331162214279 2.6
    endloop
  endfacet
  facet normal -0.9702957285113611 -0.24192188663410924 0
    outer loop
      vertex 0.39526864141225815 2.9663599133491516 2.6
      vertex 0.39526864141225815 2.9663599133491516 4
      vertex 0.33194649964571 3.220331162214279 4
    endloop
  endfacet
  facet normal -0.9848077494987413 -0.1736481975927896 0
    outer loop
      vertex 0.33194649964571 3.220331162214279 2.6
      vertex 0.28649473935365677 3.478100873529911 4
      vertex 0.28649473935365677 3.478100873529911 2.6
    endloop
  endfacet
  facet normal -0.9848077494987413 -0.1736481975927896 0
    outer loop
      vertex 0.33194649964571 3.220331162214279 2.6
      vertex 0.33194649964571 3.220331162214279 4
      vertex 0.28649473935365677 3.478100873529911 4
    endloop
  endfacet
  facet normal -0.9945218974016594 -0.10452844392127603 0
    outer loop
      vertex 0.28649473935365677 3.478100873529911 2.6
      vertex 0.28649473935365677 3.478100873529911 4
      vertex 0.25913481414318085 3.7384132221341133 4
    endloop
  endfacet
  facet normal -0.9945218974016594 -0.10452844392127603 0
    outer loop
      vertex 0.28649473935365677 3.478100873529911 2.6
      vertex 0.25913481414318085 3.7384132221341133 4
      vertex 0.25913481414318085 3.7384132221341133 2.6
    endloop
  endfacet
  facet normal -0.9993908266764729 -0.03489950651393371 0
    outer loop
      vertex 0.25913481414318085 3.7384132221341133 2.6
      vertex 0.25 4 4
      vertex 0.25 4 2.6
    endloop
  endfacet
  facet normal -0.9993908266764729 -0.03489950651393371 0
    outer loop
      vertex 0.25913481414318085 3.7384132221341133 2.6
      vertex 0.25913481414318085 3.7384132221341133 4
      vertex 0.25 4 4
    endloop
  endfacet
  facet normal 0 -0.6612009842860757 -0.7502088098517137
    outer loop
      vertex 4 3.2000000029802322 0
      vertex 38 3.2000000029802322 0
      vertex 4 0.25 2.6
    endloop
  endfacet
  facet normal 0 -1 0
    outer loop
      vertex 4 0.25 2.6
      vertex 38 0.25 2.6
      vertex 4 0.25 4
    endloop
  endfacet
  facet normal 0 -0.6612009842860757 -0.7502088098517137
    outer loop
      vertex 4 0.25 2.6
      vertex 38 3.2000000029802322 0
      vertex 38 0.25 2.6
    endloop
  endfacet
  facet normal 0 -1 0
    outer loop
      vertex 38 0.25 2.6
      vertex 38 0.25 4
      vertex 4 0.25 4
    endloop
  endfacet
  facet normal -0.6612009842860757 2.0261951996587174e-18 -0.7502088098517137
    outer loop
      vertex 3.2000000029802322 4 0
      vertex 0.25 4 2.6
      vertex 0.25 38 2.6
    endloop
  endfacet
  facet normal -1 0 0
    outer loop
      vertex 0.25 4 2.6
      vertex 0.25 4 4
      vertex 0.25 38 4
    endloop
  endfacet
  facet normal 0 0 -1
    outer loop
      vertex 3.7077271789312363 3.255300998687744 0
      vertex 38.292272821068764 38.744699001312256 0
      vertex 3.9402159228920937 3.2022369652986526 0
    endloop
  endfacet
  facet normal 0 0 -1
    outer loop
      vertex 3.9402159228920937 3.2022369652986526 0
      vertex 38.292272821068764 38.744699001312256 0
      vertex 4 3.2000000029802322 0
    endloop
  endfacet
  facet normal 0 0 -1
    outer loop
      vertex 3.501208156347275 3.3745348155498505 0
      vertex 38.292272821068764 38.744699001312256 0
      vertex 3.7077271789312363 3.255300998687744 0
    endloop
  endfacet
  facet normal 0 0 -1
    outer loop
      vertex 3.501208156347275 3.3745348155498505 0
      vertex 3.33900897949934 3.549343951046467 0
      vertex 38.292272821068764 38.744699001312256 0
    endloop
  endfacet
  facet normal 0 0 -1
    outer loop
      vertex 3.33900897949934 3.549343951046467 0
      vertex 3.2355417534708977 3.7641958594322205 0
      vertex 38.292272821068764 38.744699001312256 0
    endloop
  endfacet
  facet normal 0 0 -1
    outer loop
      vertex 3.2355417534708977 3.7641958594322205 0
      vertex 3.2000000029802322 4 0
      vertex 38.292272821068764 38.744699001312256 0
    endloop
  endfacet
  facet normal 0 0 1
    outer loop
      vertex 6.631771765649319 5.545899599790573 7.01
      vertex 6.876130983233452 5.505123257637024 7.01
      vertex 6.07868093252182 36.183710761368275 7.01
    endloop
  endfacet
  facet normal 0 0 1
    outer loop
      vertex 6.876130983233452 5.505123257637024 7.01
      vertex 7 5.5 7.01
      vertex 6.07868093252182 36.183710761368275 7.01
    endloop
  endfacet
  facet normal 0 0 1
    outer loop
      vertex 5.68078937381506 6.286078907549381 7.01
      vertex 5.816289238631725 6.07868093252182 7.01
      vertex 5.7442502826452255 35.82042223960161 7.01
    endloop
  endfacet
  facet normal 0 0 1
    outer loop
      vertex 5.816289238631725 6.07868093252182 7.01
      vertex 5.984077639877796 5.896414130926132 7.01
      vertex 5.896414130926132 36.015922360122204 7.01
    endloop
  endfacet
  facet normal 0 0 1
    outer loop
      vertex 5.581274136900902 6.5129507929086685 7.01
      vertex 5.68078937381506 6.286078907549381 7.01
      vertex 5.6263400092720985 35.60254313796759 7.01
    endloop
  endfacet
  facet normal 0 0 1
    outer loop
      vertex 5.5204580426216125 6.753108114004135 7.01
      vertex 5.581274136900902 6.5129507929086685 7.01
      vertex 5.545899599790573 35.36822823435068 7.01
    endloop
  endfacet
  facet normal 0 0 1
    outer loop
      vertex 5.5 7 7.01
      vertex 5.5204580426216125 6.753108114004135 7.01
      vertex 5.505123257637024 35.12386901676655 7.01
    endloop
  endfacet
  facet normal 0 0 1
    outer loop
      vertex 6.3974568620324135 5.6263400092720985 7.01
      vertex 6.631771765649319 5.545899599790573 7.01
      vertex 6.07868093252182 36.183710761368275 7.01
    endloop
  endfacet
  facet normal 0 0 1
    outer loop
      vertex 6.179577760398388 5.7442502826452255 7.01
      vertex 6.3974568620324135 5.6263400092720985 7.01
      vertex 6.07868093252182 36.183710761368275 7.01
    endloop
  endfacet
  facet normal 0 0 1
    outer loop
      vertex 5.984077639877796 5.896414130926132 7.01
      vertex 6.179577760398388 5.7442502826452255 7.01
      vertex 6.07868093252182 36.183710761368275 7.01
    endloop
  endfacet
  facet normal 0 0 -1
    outer loop
      vertex 4 3.2000000029802322 0
      vertex 38.292272821068764 38.744699001312256 0
      vertex 38 3.2000000029802322 0
    endloop
  endfacet
  facet normal 0 0 1
    outer loop
      vertex 41.75 5.5 7.01
      vertex 6.07868093252182 36.183710761368275 7.01
      vertex 7 5.5 7.01
    endloop
  endfacet
  facet normal 0.02308350120127333 -0.6610248009930202 -0.7500089095766989
    outer loop
      vertex 38 3.2000000029802322 0
      vertex 38.26158677786589 0.25913481414318085 2.6
      vertex 38 0.25 2.6
    endloop
  endfacet
  facet normal 0.0690866516294414 -0.6573157055259183 -0.7504419350193569
    outer loop
      vertex 38 3.2000000029802322 0
      vertex 38.52189912647009 0.28649473935365677 2.6
      vertex 38.26158677786589 0.25913481414318085 2.6
    endloop
  endfacet
  facet normal 0.11473043774754482 -0.6506685687698543 -0.7506446164925489
    outer loop
      vertex 38.23580414056778 3.2355417534708977 0
      vertex 38.77966883778572 0.33194649964571 2.6
      vertex 38.52189912647009 0.28649473935365677 2.6
    endloop
  endfacet
  facet normal 0.09838255887429205 -0.652725721776262 -0.7511790760138385
    outer loop
      vertex 38 3.2000000029802322 0
      vertex 38.23580414056778 3.2355417534708977 0
      vertex 38.52189912647009 0.28649473935365677 2.6
    endloop
  endfacet
  facet normal 0.286487497430482 -0.5948974174167716 -0.7510139656270547
    outer loop
      vertex 38.23580414056778 3.2355417534708977 0
      vertex 38.45065604895353 3.33900897949934 0
      vertex 39.52526240795851 0.5742045342922211 2.6
    endloop
  endfacet
  facet normal 0.15999198809324827 -0.6416928406221822 -0.7500885694637698
    outer loop
      vertex 38.23580414056778 3.2355417534708977 0
      vertex 39.03364008665085 0.39526864141225815 2.6
      vertex 38.77966883778572 0.33194649964571 2.6
    endloop
  endfacet
  facet normal 0.20440792258277624 -0.6291028982933601 -0.7499646288621137
    outer loop
      vertex 38.23580414056778 3.2355417534708977 0
      vertex 39.28257554024458 0.4761526733636856 2.6
      vertex 39.03364008665085 0.39526864141225815 2.6
    endloop
  endfacet
  facet normal 0.2476624456112128 -0.612986052549916 -0.7502742248092659
    outer loop
      vertex 38.23580414056778 3.2355417534708977 0
      vertex 39.52526240795851 0.5742045342922211 2.6
      vertex 39.28257554024458 0.4761526733636856 2.6
    endloop
  endfacet
  facet normal 0.28951622240197755 -0.5935962082348373 -0.7508820803130892
    outer loop
      vertex 38.45065604895353 3.33900897949934 0
      vertex 39.76051835715771 0.6889465302228928 2.6
      vertex 39.52526240795851 0.5742045342922211 2.6
    endloop
  endfacet
  facet normal 0.03489950651393371 -0.9993908266764729 0
    outer loop
      vertex 38 0.25 2.6
      vertex 38.26158677786589 0.25913481414318085 2.6
      vertex 38 0.25 4
    endloop
  endfacet
  facet normal 0.10452844392127603 -0.9945218974016594 0
    outer loop
      vertex 38.26158677786589 0.25913481414318085 2.6
      vertex 38.52189912647009 0.28649473935365677 2.6
      vertex 38.26158677786589 0.25913481414318085 4
    endloop
  endfacet
  facet normal 0.03489950651393371 -0.9993908266764729 0
    outer loop
      vertex 38.26158677786589 0.25913481414318085 2.6
      vertex 38.26158677786589 0.25913481414318085 4
      vertex 38 0.25 4
    endloop
  endfacet
  facet normal 0.1736481975927896 -0.9848077494987413 0
    outer loop
      vertex 38.52189912647009 0.28649473935365677 2.6
      vertex 38.77966883778572 0.33194649964571 2.6
      vertex 38.52189912647009 0.28649473935365677 4
    endloop
  endfacet
  facet normal 0.10452844392127603 -0.9945218974016594 0
    outer loop
      vertex 38.52189912647009 0.28649473935365677 2.6
      vertex 38.52189912647009 0.28649473935365677 4
      vertex 38.26158677786589 0.25913481414318085 4
    endloop
  endfacet
  facet normal 0.1736481975927896 -0.9848077494987413 0
    outer loop
      vertex 38.77966883778572 0.33194649964571 2.6
      vertex 38.77966883778572 0.33194649964571 4
      vertex 38.52189912647009 0.28649473935365677 4
    endloop
  endfacet
  facet normal 0.24192188663410924 -0.9702957285113611 0
    outer loop
      vertex 38.77966883778572 0.33194649964571 2.6
      vertex 39.03364008665085 0.39526864141225815 2.6
      vertex 38.77966883778572 0.33194649964571 4
    endloop
  endfacet
  facet normal 0.3090169943340034 -0.9510565163084571 0
    outer loop
      vertex 39.03364008665085 0.39526864141225815 2.6
      vertex 39.28257554024458 0.4761526733636856 2.6
      vertex 39.03364008665085 0.39526864141225815 4
    endloop
  endfacet
  facet normal 0.37460659902009175 -0.9271838523025517 0
    outer loop
      vertex 39.28257554024458 0.4761526733636856 2.6
      vertex 39.52526240795851 0.5742045342922211 2.6
      vertex 39.28257554024458 0.4761526733636856 4
    endloop
  endfacet
  facet normal 0.24192188663410924 -0.9702957285113611 0
    outer loop
      vertex 39.03364008665085 0.39526864141225815 2.6
      vertex 39.03364008665085 0.39526864141225815 4
      vertex 38.77966883778572 0.33194649964571 4
    endloop
  endfacet
  facet normal 0.3090169943340034 -0.9510565163084571 0
    outer loop
      vertex 39.28257554024458 0.4761526733636856 2.6
      vertex 39.28257554024458 0.4761526733636856 4
      vertex 39.03364008665085 0.39526864141225815 4
    endloop
  endfacet
  facet normal 0.44902889992630385 -0.4839380527972963 -0.7511171733396427
    outer loop
      vertex 38.45065604895353 3.33900897949934 0
      vertex 38.62546518445015 3.501208156347275 0
      vertex 40.60496889054775 1.3024757504463196 2.6
    endloop
  endfacet
  facet normal 0.3306034670411384 -0.5726220421271677 -0.7502035353492352
    outer loop
      vertex 38.45065604895353 3.33900897949934 0
      vertex 39.98719724267721 0.8198196366429329 2.6
      vertex 39.76051835715771 0.6889465302228928 2.6
    endloop
  endfacet
  facet normal 0.36989938838850717 -0.5483983808383065 -0.7499557709383481
    outer loop
      vertex 38.45065604895353 3.33900897949934 0
      vertex 40.20419469475746 0.9661862701177597 2.6
      vertex 39.98719724267721 0.8198196366429329 2.6
    endloop
  endfacet
  facet normal 0.4071228822062101 -0.5210935336051186 -0.7501416453037648
    outer loop
      vertex 38.45065604895353 3.33900897949934 0
      vertex 40.4104535356164 1.1273333355784416 2.6
      vertex 40.20419469475746 0.9661862701177597 2.6
    endloop
  endfacet
  facet normal 0.44201175002614423 -0.49090377396602536 -0.7507590142946928
    outer loop
      vertex 38.45065604895353 3.33900897949934 0
      vertex 40.60496889054775 1.3024757504463196 2.6
      vertex 40.4104535356164 1.1273333355784416 2.6
    endloop
  endfacet
  facet normal 0.47550990497178275 -0.45919457599114016 -0.7503536977013194
    outer loop
      vertex 38.62546518445015 3.501208156347275 0
      vertex 40.78679309785366 1.4907602295279503 2.6
      vertex 40.60496889054775 1.3024757504463196 2.6
    endloop
  endfacet
  facet normal 0.5067061024661204 -0.42517691631556814 -0.7499823434961506
    outer loop
      vertex 38.62546518445015 3.501208156347275 0
      vertex 40.95504032820463 1.691269464790821 2.6
      vertex 40.78679309785366 1.4907602295279503 2.6
    endloop
  endfacet
  facet normal 0.5350737850551668 -0.3887538560978602 -0.7500443213009357
    outer loop
      vertex 38.62546518445015 3.501208156347275 0
      vertex 41.108890898525715 1.9030266106128693 2.6
      vertex 40.95504032820463 1.691269464790821 2.6
    endloop
  endfacet
  facet normal 0.5604124464310254 -0.3501845597152763 -0.7505389157280328
    outer loop
      vertex 38.62546518445015 3.501208156347275 0
      vertex 41.2475952655077 2.125 2.6
      vertex 41.108890898525715 1.9030266106128693 2.6
    endloop
  endfacet
  facet normal 0.438371155591943 -0.8987940420057225 0
    outer loop
      vertex 39.52526240795851 0.5742045342922211 2.6
      vertex 39.76051835715771 0.6889465302228928 2.6
      vertex 39.52526240795851 0.5742045342922211 4
    endloop
  endfacet
  facet normal 0.37460659902009175 -0.9271838523025517 0
    outer loop
      vertex 39.52526240795851 0.5742045342922211 2.6
      vertex 39.52526240795851 0.5742045342922211 4
      vertex 39.28257554024458 0.4761526733636856 4
    endloop
  endfacet
  facet normal 0.438371155591943 -0.8987940420057225 0
    outer loop
      vertex 39.76051835715771 0.6889465302228928 2.6
      vertex 39.76051835715771 0.6889465302228928 4
      vertex 39.52526240795851 0.5742045342922211 4
    endloop
  endfacet
  facet normal 0.4999999737696784 -0.8660254189285214 0
    outer loop
      vertex 39.76051835715771 0.6889465302228928 2.6
      vertex 39.98719724267721 0.8198196366429329 2.6
      vertex 39.76051835715771 0.6889465302228928 4
    endloop
  endfacet
  facet normal 0.559192913747207 -0.8290375656234816 0
    outer loop
      vertex 39.98719724267721 0.8198196366429329 2.6
      vertex 40.20419469475746 0.9661862701177597 2.6
      vertex 39.98719724267721 0.8198196366429329 4
    endloop
  endfacet
  facet normal 0.4999999737696784 -0.8660254189285214 0
    outer loop
      vertex 39.98719724267721 0.8198196366429329 2.6
      vertex 39.98719724267721 0.8198196366429329 4
      vertex 39.76051835715771 0.6889465302228928 4
    endloop
  endfacet
  facet normal 0.559192913747207 -0.8290375656234816 0
    outer loop
      vertex 40.20419469475746 0.9661862701177597 2.6
      vertex 40.20419469475746 0.9661862701177597 4
      vertex 39.98719724267721 0.8198196366429329 4
    endloop
  endfacet
  facet normal 0.615661470005977 -0.7880107577629124 0
    outer loop
      vertex 40.20419469475746 0.9661862701177597 2.6
      vertex 40.4104535356164 1.1273333355784416 2.6
      vertex 40.20419469475746 0.9661862701177597 4
    endloop
  endfacet
  facet normal 0.615661470005977 -0.7880107577629124 0
    outer loop
      vertex 40.4104535356164 1.1273333355784416 2.6
      vertex 40.4104535356164 1.1273333355784416 4
      vertex 40.20419469475746 0.9661862701177597 4
    endloop
  endfacet
  facet normal 0.6691306118650311 -0.743144820519614 0
    outer loop
      vertex 40.4104535356164 1.1273333355784416 2.6
      vertex 40.60496889054775 1.3024757504463196 2.6
      vertex 40.4104535356164 1.1273333355784416 4
    endloop
  endfacet
  facet normal 0.6691306118650311 -0.743144820519614 0
    outer loop
      vertex 40.60496889054775 1.3024757504463196 2.6
      vertex 40.60496889054775 1.3024757504463196 4
      vertex 40.4104535356164 1.1273333355784416 4
    endloop
  endfacet
  facet normal 0.7193398015101028 -0.6946583692459235 0
    outer loop
      vertex 40.60496889054775 1.3024757504463196 2.6
      vertex 40.78679309785366 1.4907602295279503 2.6
      vertex 40.60496889054775 1.3024757504463196 4
    endloop
  endfacet
  facet normal 0.7660444337236486 -0.6427876208834568 0
    outer loop
      vertex 40.78679309785366 1.4907602295279503 2.6
      vertex 40.95504032820463 1.691269464790821 2.6
      vertex 40.78679309785366 1.4907602295279503 4
    endloop
  endfacet
  facet normal 0.7193398015101028 -0.6946583692459235 0
    outer loop
      vertex 40.78679309785366 1.4907602295279503 2.6
      vertex 40.78679309785366 1.4907602295279503 4
      vertex 40.60496889054775 1.3024757504463196 4
    endloop
  endfacet
  facet normal 0.7660444337236486 -0.6427876208834568 0
    outer loop
      vertex 40.95504032820463 1.691269464790821 2.6
      vertex 40.95504032820463 1.691269464790821 4
      vertex 40.78679309785366 1.4907602295279503 4
    endloop
  endfacet
  facet normal 0.8090169975136928 -0.5877852479723605 0
    outer loop
      vertex 40.95504032820463 1.691269464790821 2.6
      vertex 41.108890898525715 1.9030266106128693 2.6
      vertex 40.95504032820463 1.691269464790821 4
    endloop
  endfacet
  facet normal 0.8090169975136928 -0.5877852479723605 0
    outer loop
      vertex 41.108890898525715 1.9030266106128693 2.6
      vertex 41.108890898525715 1.9030266106128693 4
      vertex 40.95504032820463 1.691269464790821 4
    endloop
  endfacet
  facet normal 0.8480480978483979 -0.5299192615254839 0
    outer loop
      vertex 41.108890898525715 1.9030266106128693 2.6
      vertex 41.2475952655077 2.125 2.6
      vertex 41.108890898525715 1.9030266106128693 4
    endloop
  endfacet
  facet normal 0.882947587642265 -0.46947157259700467 0
    outer loop
      vertex 41.2475952655077 2.125 2.6
      vertex 41.3704776763916 2.356108196079731 2.6
      vertex 41.2475952655077 2.125 4
    endloop
  endfacet
  facet normal 0.8480480978483979 -0.5299192615254839 0
    outer loop
      vertex 41.2475952655077 2.125 2.6
      vertex 41.2475952655077 2.125 4
      vertex 41.108890898525715 1.9030266106128693 4
    endloop
  endfacet
  facet normal 0.882947587642265 -0.46947157259700467 0
    outer loop
      vertex 41.3704776763916 2.356108196079731 2.6
      vertex 41.3704776763916 2.356108196079731 4
      vertex 41.2475952655077 2.125 4
    endloop
  endfacet
  facet normal 0.913545463611597 -0.40673662966921503 0
    outer loop
      vertex 41.3704776763916 2.356108196079731 2.6
      vertex 41.47693945467472 2.5952252745628357 2.6
      vertex 41.3704776763916 2.356108196079731 4
    endloop
  endfacet
  facet normal 0.913545463611597 -0.40673662966921503 0
    outer loop
      vertex 41.47693945467472 2.5952252745628357 2.6
      vertex 41.47693945467472 2.5952252745628357 4
      vertex 41.3704776763916 2.356108196079731 4
    endloop
  endfacet
  facet normal 0.5716417116387702 -0.3300375060053738 -0.7511997059001355
    outer loop
      vertex 38.62546518445015 3.501208156347275 0
      vertex 38.744699001312256 3.7077271789312363 0
      vertex 41.2475952655077 2.125 2.6
    endloop
  endfacet
  facet normal 0.6436171015062688 -0.14690138878237063 -0.7511171736969406
    outer loop
      vertex 38.744699001312256 3.7077271789312363 0
      vertex 38.79776303470135 3.9402159228920937 0
      vertex 41.6386089771986 3.0927928909659386 2.6
    endloop
  endfacet
  facet normal 0.6606695619198683 -0.024720510651599845 -0.7502697023775742
    outer loop
      vertex 38.79776303470135 3.9402159228920937 0
      vertex 38.79999999701977 4 0
      vertex 41.74771559983492 3.8691268861293793 2.6
    endloop
  endfacet
  facet normal 0.5834749456181297 -0.3102391400397356 -0.750538915595538
    outer loop
      vertex 38.744699001312256 3.7077271789312363 0
      vertex 41.3704776763916 2.356108196079731 2.6
      vertex 41.2475952655077 2.125 2.6
    endloop
  endfacet
  facet normal 0.6042076135919919 -0.269010550828339 -0.7500443208374447
    outer loop
      vertex 38.744699001312256 3.7077271789312363 0
      vertex 41.47693945467472 2.5952252745628357 2.6
      vertex 41.3704776763916 2.356108196079731 2.6
    endloop
  endfacet
  facet normal 0.621567059245122 -0.22623190764043685 -0.7499823430099802
    outer loop
      vertex 38.744699001312256 3.7077271789312363 0
      vertex 41.56646193563938 2.8411862701177597 2.6
      vertex 41.47693945467472 2.5952252745628357 2.6
    endloop
  endfacet
  facet normal 0.6354291183366749 -0.1822063777734888 -0.7503536975777096
    outer loop
      vertex 38.744699001312256 3.7077271789312363 0
      vertex 41.6386089771986 3.0927928909659386 2.6
      vertex 41.56646193563938 2.8411862701177597 2.6
    endloop
  endfacet
  facet normal 0.6461410148159342 -0.1373415099737018 -0.7507590150046672
    outer loop
      vertex 38.79776303470135 3.9402159228920937 0
      vertex 41.69302907586098 3.3488193303346634 2.6
      vertex 41.6386089771986 3.0927928909659386 2.6
    endloop
  endfacet
  facet normal 0.6548416775346021 -0.09203199542746929 -0.7501416460784631
    outer loop
      vertex 38.79776303470135 3.9402159228920937 0
      vertex 41.72945711016655 3.6080182641744614 2.6
      vertex 41.69302907586098 3.3488193303346634 2.6
    endloop
  endfacet
  facet normal 0.6598766241261053 -0.04614305890705173 -0.7499557713936437
    outer loop
      vertex 38.79776303470135 3.9402159228920937 0
      vertex 41.74771559983492 3.8691268861293793 2.6
      vertex 41.72945711016655 3.6080182641744614 2.6
    endloop
  endfacet
  facet normal 0.6611569520653913 -0.011540544927629846 -0.7501588502166558
    outer loop
      vertex 38.79999999701977 4 0
      vertex 41.75 4 2.6
      vertex 41.74771559983492 3.8691268861293793 2.6
    endloop
  endfacet
  facet normal 0.939692621041079 -0.34202014262459324 0
    outer loop
      vertex 41.47693945467472 2.5952252745628357 2.6
      vertex 41.56646193563938 2.8411862701177597 2.6
      vertex 41.47693945467472 2.5952252745628357 4
    endloop
  endfacet
  facet normal 0.9612616918845166 -0.27563736995428795 0
    outer loop
      vertex 41.56646193563938 2.8411862701177597 2.6
      vertex 41.6386089771986 3.0927928909659386 2.6
      vertex 41.56646193563938 2.8411862701177597 4
    endloop
  endfacet
  facet normal 0.939692621041079 -0.34202014262459324 0
    outer loop
      vertex 41.56646193563938 2.8411862701177597 2.6
      vertex 41.56646193563938 2.8411862701177597 4
      vertex 41.47693945467472 2.5952252745628357 4
    endloop
  endfacet
  facet normal 0.9781476015002516 -0.20791168721191458 0
    outer loop
      vertex 41.6386089771986 3.0927928909659386 2.6
      vertex 41.69302907586098 3.3488193303346634 2.6
      vertex 41.6386089771986 3.0927928909659386 4
    endloop
  endfacet
  facet normal 0.9612616918845166 -0.27563736995428795 0
    outer loop
      vertex 41.6386089771986 3.0927928909659386 2.6
      vertex 41.6386089771986 3.0927928909659386 4
      vertex 41.56646193563938 2.8411862701177597 4
    endloop
  endfacet
  facet normal 0.9781476015002516 -0.20791168721191458 0
    outer loop
      vertex 41.69302907586098 3.3488193303346634 2.6
      vertex 41.69302907586098 3.3488193303346634 4
      vertex 41.6386089771986 3.0927928909659386 4
    endloop
  endfacet
  facet normal 0.9902680688522706 -0.13917310017239254 0
    outer loop
      vertex 41.69302907586098 3.3488193303346634 2.6
      vertex 41.72945711016655 3.6080182641744614 2.6
      vertex 41.69302907586098 3.3488193303346634 4
    endloop
  endfacet
  facet normal 0.9902680688522706 -0.13917310017239254 0
    outer loop
      vertex 41.72945711016655 3.6080182641744614 2.6
      vertex 41.72945711016655 3.6080182641744614 4
      vertex 41.69302907586098 3.3488193303346634 4
    endloop
  endfacet
  facet normal 0.9975640512796179 -0.06975645916039604 0
    outer loop
      vertex 41.72945711016655 3.6080182641744614 2.6
      vertex 41.74771559983492 3.8691268861293793 2.6
      vertex 41.72945711016655 3.6080182641744614 4
    endloop
  endfacet
  facet normal 0.9998476949610728 -0.017452417627068444 0
    outer loop
      vertex 41.74771559983492 3.8691268861293793 2.6
      vertex 41.75 4 2.6
      vertex 41.74771559983492 3.8691268861293793 4
    endloop
  endfacet
  facet normal 0.9975640512796179 -0.06975645916039604 0
    outer loop
      vertex 41.74771559983492 3.8691268861293793 2.6
      vertex 41.74771559983492 3.8691268861293793 4
      vertex 41.72945711016655 3.6080182641744614 4
    endloop
  endfacet
  facet normal 0.9998476949610728 -0.017452417627068444 0
    outer loop
      vertex 41.75 4 2.6
      vertex 41.75 4 4
      vertex 41.74771559983492 3.8691268861293793 4
    endloop
  endfacet
  facet normal 0 0 -1
    outer loop
      vertex 38 3.2000000029802322 0
      vertex 38.292272821068764 38.744699001312256 0
      vertex 38.23580414056778 3.2355417534708977 0
    endloop
  endfacet
  facet normal 0 0 -1
    outer loop
      vertex 38.23580414056778 3.2355417534708977 0
      vertex 38.292272821068764 38.744699001312256 0
      vertex 38.45065604895353 3.33900897949934 0
    endloop
  endfacet
  facet normal 0 0 -1
    outer loop
      vertex 38.45065604895353 3.33900897949934 0
      vertex 38.292272821068764 38.744699001312256 0
      vertex 38.62546518445015 3.501208156347275 0
    endloop
  endfacet
  facet normal 0 0 -1
    outer loop
      vertex 38.62546518445015 3.501208156347275 0
      vertex 38.292272821068764 38.744699001312256 0
      vertex 38.744699001312256 3.7077271789312363 0
    endloop
  endfacet
  facet normal 0 0 -1
    outer loop
      vertex 38.744699001312256 3.7077271789312363 0
      vertex 38.292272821068764 38.744699001312256 0
      vertex 38.79776303470135 3.9402159228920937 0
    endloop
  endfacet
  facet normal 0 0 -1
    outer loop
      vertex 38.79776303470135 3.9402159228920937 0
      vertex 38.292272821068764 38.744699001312256 0
      vertex 38.79999999701977 4 0
    endloop
  endfacet
  facet normal 0.6612009842860757 0 -0.7502088098517137
    outer loop
      vertex 38.79999999701977 4 0
      vertex 38.79999999701977 38 0
      vertex 41.75 4 2.6
    endloop
  endfacet
  facet normal 1 0 0
    outer loop
      vertex 41.75 4 2.6
      vertex 41.75 38 2.6
      vertex 41.75 4 4
    endloop
  endfacet
  facet normal 1 0 0
    outer loop
      vertex 41.75 5.5 7.01
      vertex 41.75 5.5 7
      vertex 41.75 36.5 7
    endloop
  endfacet
  facet normal 0 0 1
    outer loop
      vertex 5.5 7 7.01
      vertex 5.505123257637024 35.12386901676655 7.01
      vertex 5.5 35 7.01
    endloop
  endfacet
  facet normal 0 0 1
    outer loop
      vertex 5.5204580426216125 6.753108114004135 7.01
      vertex 5.545899599790573 35.36822823435068 7.01
      vertex 5.505123257637024 35.12386901676655 7.01
    endloop
  endfacet
  facet normal 0 0 1
    outer loop
      vertex 5.581274136900902 6.5129507929086685 7.01
      vertex 5.6263400092720985 35.60254313796759 7.01
      vertex 5.545899599790573 35.36822823435068 7.01
    endloop
  endfacet
  facet normal 0 0 1
    outer loop
      vertex 5.68078937381506 6.286078907549381 7.01
      vertex 5.7442502826452255 35.82042223960161 7.01
      vertex 5.6263400092720985 35.60254313796759 7.01
    endloop
  endfacet
  facet normal 0 0 1
    outer loop
      vertex 5.816289238631725 6.07868093252182 7.01
      vertex 5.896414130926132 36.015922360122204 7.01
      vertex 5.7442502826452255 35.82042223960161 7.01
    endloop
  endfacet
  facet normal 0 0 1
    outer loop
      vertex 5.984077639877796 5.896414130926132 7.01
      vertex 6.07868093252182 36.183710761368275 7.01
      vertex 5.896414130926132 36.015922360122204 7.01
    endloop
  endfacet
  facet normal -0.6612009842860757 0 -0.7502088098517137
    outer loop
      vertex 3.2000000029802322 4 0
      vertex 0.25 38 2.6
      vertex 3.2000000029802322 38 0
    endloop
  endfacet
  facet normal -1 0 0
    outer loop
      vertex 0.25 4 2.6
      vertex 0.25 38 4
      vertex 0.25 38 2.6
    endloop
  endfacet
  facet normal 0 0 -1
    outer loop
      vertex 3.2000000029802322 4 0
      vertex 3.2000000029802322 38 0
      vertex 38.292272821068764 38.744699001312256 0
    endloop
  endfacet
  facet normal 0 0 1
    outer loop
      vertex 41.75 5.5 7.01
      vertex 6.286078907549381 36.31921062618494 7.01
      vertex 6.07868093252182 36.183710761368275 7.01
    endloop
  endfacet
  facet normal 0 0 1
    outer loop
      vertex 41.75 5.5 7.01
      vertex 6.5129507929086685 36.4187258630991 7.01
      vertex 6.286078907549381 36.31921062618494 7.01
    endloop
  endfacet
  facet normal 0 0 1
    outer loop
      vertex 41.75 5.5 7.01
      vertex 6.753108114004135 36.47954195737839 7.01
      vertex 6.5129507929086685 36.4187258630991 7.01
    endloop
  endfacet
  facet normal 0 0 1
    outer loop
      vertex 41.75 5.5 7.01
      vertex 7 36.5 7.01
      vertex 6.753108114004135 36.47954195737839 7.01
    endloop
  endfacet
  facet normal 0 0 1
    outer loop
      vertex 41.75 5.5 7.01
      vertex 41.75 36.5 7.01
      vertex 7 36.5 7.01
    endloop
  endfacet
  facet normal -0.6611569520653913 0.011540544927629846 -0.7501588502166558
    outer loop
      vertex 3.2000000029802322 38 0
      vertex 0.25 38 2.6
      vertex 0.252284400165081 38.13087311387062 2.6
    endloop
  endfacet
  facet normal -0.6606695619198683 0.024720510651599845 -0.7502697023775742
    outer loop
      vertex 3.2000000029802322 38 0
      vertex 0.252284400165081 38.13087311387062 2.6
      vertex 3.2022369652986526 38.059784077107906 0
    endloop
  endfacet
  facet normal -0.6436171015062688 0.14690138878237063 -0.7511171736969406
    outer loop
      vertex 3.2022369652986526 38.059784077107906 0
      vertex 0.36139102280139923 38.90720710903406 2.6
      vertex 3.255300998687744 38.292272821068764 0
    endloop
  endfacet
  facet normal -0.5716417116387702 0.3300375060053738 -0.7511997059001355
    outer loop
      vertex 3.255300998687744 38.292272821068764 0
      vertex 0.7524047344923019 39.875 2.6
      vertex 3.3745348155498505 38.498791843652725 0
    endloop
  endfacet
  facet normal -0.44902889992630385 0.4839380527972963 -0.7511171733396427
    outer loop
      vertex 3.3745348155498505 38.498791843652725 0
      vertex 1.3950311094522476 40.69752424955368 2.6
      vertex 3.549343951046467 38.66099102050066 0
    endloop
  endfacet
  facet normal -0.6598766241261053 0.04614305890705173 -0.7499557713936437
    outer loop
      vertex 3.2022369652986526 38.059784077107906 0
      vertex 0.252284400165081 38.13087311387062 2.6
      vertex 0.2705428898334503 38.39198173582554 2.6
    endloop
  endfacet
  facet normal -0.6548416775346021 0.09203199542746929 -0.7501416460784631
    outer loop
      vertex 3.2022369652986526 38.059784077107906 0
      vertex 0.2705428898334503 38.39198173582554 2.6
      vertex 0.3069709241390228 38.65118066966534 2.6
    endloop
  endfacet
  facet normal -0.6461410148159342 0.1373415099737018 -0.7507590150046672
    outer loop
      vertex 3.2022369652986526 38.059784077107906 0
      vertex 0.3069709241390228 38.65118066966534 2.6
      vertex 0.36139102280139923 38.90720710903406 2.6
    endloop
  endfacet
  facet normal -0.6354291183366749 0.1822063777734888 -0.7503536975777096
    outer loop
      vertex 3.255300998687744 38.292272821068764 0
      vertex 0.36139102280139923 38.90720710903406 2.6
      vertex 0.4335380643606186 39.15881372988224 2.6
    endloop
  endfacet
  facet normal -0.621567059245122 0.22623190764043685 -0.7499823430099802
    outer loop
      vertex 3.255300998687744 38.292272821068764 0
      vertex 0.4335380643606186 39.15881372988224 2.6
      vertex 0.5230605453252792 39.404774725437164 2.6
    endloop
  endfacet
  facet normal -0.6042076135919919 0.269010550828339 -0.7500443208374447
    outer loop
      vertex 3.255300998687744 38.292272821068764 0
      vertex 0.5230605453252792 39.404774725437164 2.6
      vertex 0.6295223236083984 39.64389180392027 2.6
    endloop
  endfacet
  facet normal -0.5834749456181297 0.3102391400397356 -0.750538915595538
    outer loop
      vertex 3.255300998687744 38.292272821068764 0
      vertex 0.6295223236083984 39.64389180392027 2.6
      vertex 0.7524047344923019 39.875 2.6
    endloop
  endfacet
  facet normal -0.9998476949610728 0.017452417627068444 0
    outer loop
      vertex 0.25 38 2.6
      vertex 0.25 38 4
      vertex 0.252284400165081 38.13087311387062 4
    endloop
  endfacet
  facet normal -0.9998476949610728 0.017452417627068444 0
    outer loop
      vertex 0.25 38 2.6
      vertex 0.252284400165081 38.13087311387062 4
      vertex 0.252284400165081 38.13087311387062 2.6
    endloop
  endfacet
  facet normal -0.9975640512796179 0.06975645916039604 0
    outer loop
      vertex 0.252284400165081 38.13087311387062 2.6
      vertex 0.2705428898334503 38.39198173582554 4
      vertex 0.2705428898334503 38.39198173582554 2.6
    endloop
  endfacet
  facet normal -0.9975640512796179 0.06975645916039604 0
    outer loop
      vertex 0.252284400165081 38.13087311387062 2.6
      vertex 0.252284400165081 38.13087311387062 4
      vertex 0.2705428898334503 38.39198173582554 4
    endloop
  endfacet
  facet normal -0.9902680688522706 0.13917310017239254 0
    outer loop
      vertex 0.2705428898334503 38.39198173582554 2.6
      vertex 0.3069709241390228 38.65118066966534 4
      vertex 0.3069709241390228 38.65118066966534 2.6
    endloop
  endfacet
  facet normal -0.9902680688522706 0.13917310017239254 0
    outer loop
      vertex 0.2705428898334503 38.39198173582554 2.6
      vertex 0.2705428898334503 38.39198173582554 4
      vertex 0.3069709241390228 38.65118066966534 4
    endloop
  endfacet
  facet normal -0.9781476015002516 0.20791168721191458 0
    outer loop
      vertex 0.3069709241390228 38.65118066966534 2.6
      vertex 0.36139102280139923 38.90720710903406 4
      vertex 0.36139102280139923 38.90720710903406 2.6
    endloop
  endfacet
  facet normal -0.9781476015002516 0.20791168721191458 0
    outer loop
      vertex 0.3069709241390228 38.65118066966534 2.6
      vertex 0.3069709241390228 38.65118066966534 4
      vertex 0.36139102280139923 38.90720710903406 4
    endloop
  endfacet
  facet normal -0.9612616918845166 0.27563736995428795 0
    outer loop
      vertex 0.36139102280139923 38.90720710903406 2.6
      vertex 0.36139102280139923 38.90720710903406 4
      vertex 0.4335380643606186 39.15881372988224 4
    endloop
  endfacet
  facet normal -0.9612616918845166 0.27563736995428795 0
    outer loop
      vertex 0.36139102280139923 38.90720710903406 2.6
      vertex 0.4335380643606186 39.15881372988224 4
      vertex 0.4335380643606186 39.15881372988224 2.6
    endloop
  endfacet
  facet normal -0.939692621041079 0.34202014262459324 0
    outer loop
      vertex 0.4335380643606186 39.15881372988224 2.6
      vertex 0.5230605453252792 39.404774725437164 4
      vertex 0.5230605453252792 39.404774725437164 2.6
    endloop
  endfacet
  facet normal -0.939692621041079 0.34202014262459324 0
    outer loop
      vertex 0.4335380643606186 39.15881372988224 2.6
      vertex 0.4335380643606186 39.15881372988224 4
      vertex 0.5230605453252792 39.404774725437164 4
    endloop
  endfacet
  facet normal -0.286487497430482 0.5948974174167716 -0.7510139656270547
    outer loop
      vertex 3.549343951046467 38.66099102050066 0
      vertex 2.4747375920414925 41.42579546570778 2.6
      vertex 3.7641958594322205 38.7644582465291 0
    endloop
  endfacet
  facet normal -0.09838255887429205 0.652725721776262 -0.7511790760138385
    outer loop
      vertex 3.7641958594322205 38.7644582465291 0
      vertex 3.478100873529911 41.71350526064634 2.6
      vertex 4 38.79999999701977 0
    endloop
  endfacet
  facet normal -0.5604124464310254 0.3501845597152763 -0.7505389157280328
    outer loop
      vertex 3.3745348155498505 38.498791843652725 0
      vertex 0.7524047344923019 39.875 2.6
      vertex 0.8911091014742851 40.09697338938713 2.6
    endloop
  endfacet
  facet normal -0.5350737850551668 0.3887538560978602 -0.7500443213009357
    outer loop
      vertex 3.3745348155498505 38.498791843652725 0
      vertex 0.8911091014742851 40.09697338938713 2.6
      vertex 1.0449596717953682 40.30873053520918 2.6
    endloop
  endfacet
  facet normal -0.5067061024661204 0.42517691631556814 -0.7499823434961506
    outer loop
      vertex 3.3745348155498505 38.498791843652725 0
      vertex 1.0449596717953682 40.30873053520918 2.6
      vertex 1.2132069021463394 40.50923977047205 2.6
    endloop
  endfacet
  facet normal -0.47550990497178275 0.45919457599114016 -0.7503536977013194
    outer loop
      vertex 3.3745348155498505 38.498791843652725 0
      vertex 1.2132069021463394 40.50923977047205 2.6
      vertex 1.3950311094522476 40.69752424955368 2.6
    endloop
  endfacet
  facet normal -0.44201175002614423 0.49090377396602536 -0.7507590142946928
    outer loop
      vertex 3.549343951046467 38.66099102050066 0
      vertex 1.3950311094522476 40.69752424955368 2.6
      vertex 1.5895464643836021 40.87266666442156 2.6
    endloop
  endfacet
  facet normal -0.4071228822062101 0.5210935336051186 -0.7501416453037648
    outer loop
      vertex 3.549343951046467 38.66099102050066 0
      vertex 1.5895464643836021 40.87266666442156 2.6
      vertex 1.7958053052425385 41.03381372988224 2.6
    endloop
  endfacet
  facet normal -0.36989938838850717 0.5483983808383065 -0.7499557709383481
    outer loop
      vertex 3.549343951046467 38.66099102050066 0
      vertex 1.7958053052425385 41.03381372988224 2.6
      vertex 2.0128027573227882 41.18018036335707 2.6
    endloop
  endfacet
  facet normal -0.3306034670411384 0.5726220421271677 -0.7502035353492352
    outer loop
      vertex 3.549343951046467 38.66099102050066 0
      vertex 2.0128027573227882 41.18018036335707 2.6
      vertex 2.239481642842293 41.31105346977711 2.6
    endloop
  endfacet
  facet normal -0.28951622240197755 0.5935962082348373 -0.7508820803130892
    outer loop
      vertex 3.549343951046467 38.66099102050066 0
      vertex 2.239481642842293 41.31105346977711 2.6
      vertex 2.4747375920414925 41.42579546570778 2.6
    endloop
  endfacet
  facet normal -0.2476624456112128 0.612986052549916 -0.7502742248092659
    outer loop
      vertex 3.7641958594322205 38.7644582465291 0
      vertex 2.4747375920414925 41.42579546570778 2.6
      vertex 2.7174244597554207 41.523847326636314 2.6
    endloop
  endfacet
  facet normal -0.20440792258277624 0.6291028982933601 -0.7499646288621137
    outer loop
      vertex 3.7641958594322205 38.7644582465291 0
      vertex 2.7174244597554207 41.523847326636314 2.6
      vertex 2.9663599133491516 41.60473135858774 2.6
    endloop
  endfacet
  facet normal -0.15999198809324827 0.6416928406221822 -0.7500885694637698
    outer loop
      vertex 3.7641958594322205 38.7644582465291 0
      vertex 2.9663599133491516 41.60473135858774 2.6
      vertex 3.220331162214279 41.66805350035429 2.6
    endloop
  endfacet
  facet normal -0.11473043774754482 0.6506685687698543 -0.7506446164925489
    outer loop
      vertex 3.7641958594322205 38.7644582465291 0
      vertex 3.220331162214279 41.66805350035429 2.6
      vertex 3.478100873529911 41.71350526064634 2.6
    endloop
  endfacet
  facet normal -0.0690866516294414 0.6573157055259183 -0.7504419350193569
    outer loop
      vertex 4 38.79999999701977 0
      vertex 3.478100873529911 41.71350526064634 2.6
      vertex 3.7384132221341133 41.74086518585682 2.6
    endloop
  endfacet
  facet normal -0.02308350120127333 0.6610248009930202 -0.7500089095766989
    outer loop
      vertex 4 38.79999999701977 0
      vertex 3.7384132221341133 41.74086518585682 2.6
      vertex 4 41.75 2.6
    endloop
  endfacet
  facet normal -0.913545463611597 0.40673662966921503 0
    outer loop
      vertex 0.5230605453252792 39.404774725437164 2.6
      vertex 0.6295223236083984 39.64389180392027 4
      vertex 0.6295223236083984 39.64389180392027 2.6
    endloop
  endfacet
  facet normal -0.913545463611597 0.40673662966921503 0
    outer loop
      vertex 0.5230605453252792 39.404774725437164 2.6
      vertex 0.5230605453252792 39.404774725437164 4
      vertex 0.6295223236083984 39.64389180392027 4
    endloop
  endfacet
  facet normal -0.882947587642265 0.46947157259700467 0
    outer loop
      vertex 0.6295223236083984 39.64389180392027 2.6
      vertex 0.7524047344923019 39.875 4
      vertex 0.7524047344923019 39.875 2.6
    endloop
  endfacet
  facet normal -0.8480480978483979 0.5299192615254839 0
    outer loop
      vertex 0.7524047344923019 39.875 2.6
      vertex 0.8911091014742851 40.09697338938713 4
      vertex 0.8911091014742851 40.09697338938713 2.6
    endloop
  endfacet
  facet normal -0.882947587642265 0.46947157259700467 0
    outer loop
      vertex 0.6295223236083984 39.64389180392027 2.6
      vertex 0.6295223236083984 39.64389180392027 4
      vertex 0.7524047344923019 39.875 4
    endloop
  endfacet
  facet normal -0.8480480978483979 0.5299192615254839 0
    outer loop
      vertex 0.7524047344923019 39.875 2.6
      vertex 0.7524047344923019 39.875 4
      vertex 0.8911091014742851 40.09697338938713 4
    endloop
  endfacet
  facet normal -0.8090169975136928 0.5877852479723605 0
    outer loop
      vertex 0.8911091014742851 40.09697338938713 2.6
      vertex 0.8911091014742851 40.09697338938713 4
      vertex 1.0449596717953682 40.30873053520918 4
    endloop
  endfacet
  facet normal -0.8090169975136928 0.5877852479723605 0
    outer loop
      vertex 0.8911091014742851 40.09697338938713 2.6
      vertex 1.0449596717953682 40.30873053520918 4
      vertex 1.0449596717953682 40.30873053520918 2.6
    endloop
  endfacet
  facet normal -0.7660444337236486 0.6427876208834568 0
    outer loop
      vertex 1.0449596717953682 40.30873053520918 2.6
      vertex 1.2132069021463394 40.50923977047205 4
      vertex 1.2132069021463394 40.50923977047205 2.6
    endloop
  endfacet
  facet normal -0.7193398015101028 0.6946583692459235 0
    outer loop
      vertex 1.2132069021463394 40.50923977047205 2.6
      vertex 1.3950311094522476 40.69752424955368 4
      vertex 1.3950311094522476 40.69752424955368 2.6
    endloop
  endfacet
  facet normal -0.7660444337236486 0.6427876208834568 0
    outer loop
      vertex 1.0449596717953682 40.30873053520918 2.6
      vertex 1.0449596717953682 40.30873053520918 4
      vertex 1.2132069021463394 40.50923977047205 4
    endloop
  endfacet
  facet normal -0.7193398015101028 0.6946583692459235 0
    outer loop
      vertex 1.2132069021463394 40.50923977047205 2.6
      vertex 1.2132069021463394 40.50923977047205 4
      vertex 1.3950311094522476 40.69752424955368 4
    endloop
  endfacet
  facet normal -0.6691306118650311 0.743144820519614 0
    outer loop
      vertex 1.3950311094522476 40.69752424955368 2.6
      vertex 1.5895464643836021 40.87266666442156 4
      vertex 1.5895464643836021 40.87266666442156 2.6
    endloop
  endfacet
  facet normal -0.615661470005977 0.7880107577629124 0
    outer loop
      vertex 1.5895464643836021 40.87266666442156 2.6
      vertex 1.7958053052425385 41.03381372988224 4
      vertex 1.7958053052425385 41.03381372988224 2.6
    endloop
  endfacet
  facet normal -0.6691306118650311 0.743144820519614 0
    outer loop
      vertex 1.3950311094522476 40.69752424955368 2.6
      vertex 1.3950311094522476 40.69752424955368 4
      vertex 1.5895464643836021 40.87266666442156 4
    endloop
  endfacet
  facet normal -0.615661470005977 0.7880107577629124 0
    outer loop
      vertex 1.5895464643836021 40.87266666442156 2.6
      vertex 1.5895464643836021 40.87266666442156 4
      vertex 1.7958053052425385 41.03381372988224 4
    endloop
  endfacet
  facet normal -0.559192913747207 0.8290375656234816 0
    outer loop
      vertex 1.7958053052425385 41.03381372988224 2.6
      vertex 2.0128027573227882 41.18018036335707 4
      vertex 2.0128027573227882 41.18018036335707 2.6
    endloop
  endfacet
  facet normal -0.559192913747207 0.8290375656234816 0
    outer loop
      vertex 1.7958053052425385 41.03381372988224 2.6
      vertex 1.7958053052425385 41.03381372988224 4
      vertex 2.0128027573227882 41.18018036335707 4
    endloop
  endfacet
  facet normal -0.4999999737696784 0.8660254189285214 0
    outer loop
      vertex 2.0128027573227882 41.18018036335707 2.6
      vertex 2.239481642842293 41.31105346977711 4
      vertex 2.239481642842293 41.31105346977711 2.6
    endloop
  endfacet
  facet normal -0.4999999737696784 0.8660254189285214 0
    outer loop
      vertex 2.0128027573227882 41.18018036335707 2.6
      vertex 2.0128027573227882 41.18018036335707 4
      vertex 2.239481642842293 41.31105346977711 4
    endloop
  endfacet
  facet normal -0.438371155591943 0.8987940420057225 0
    outer loop
      vertex 2.239481642842293 41.31105346977711 2.6
      vertex 2.4747375920414925 41.42579546570778 4
      vertex 2.4747375920414925 41.42579546570778 2.6
    endloop
  endfacet
  facet normal -0.37460659902009175 0.9271838523025517 0
    outer loop
      vertex 2.4747375920414925 41.42579546570778 2.6
      vertex 2.7174244597554207 41.523847326636314 4
      vertex 2.7174244597554207 41.523847326636314 2.6
    endloop
  endfacet
  facet normal -0.3090169943340034 0.9510565163084571 0
    outer loop
      vertex 2.7174244597554207 41.523847326636314 2.6
      vertex 2.9663599133491516 41.60473135858774 4
      vertex 2.9663599133491516 41.60473135858774 2.6
    endloop
  endfacet
  facet normal -0.438371155591943 0.8987940420057225 0
    outer loop
      vertex 2.239481642842293 41.31105346977711 2.6
      vertex 2.239481642842293 41.31105346977711 4
      vertex 2.4747375920414925 41.42579546570778 4
    endloop
  endfacet
  facet normal -0.37460659902009175 0.9271838523025517 0
    outer loop
      vertex 2.4747375920414925 41.42579546570778 2.6
      vertex 2.4747375920414925 41.42579546570778 4
      vertex 2.7174244597554207 41.523847326636314 4
    endloop
  endfacet
  facet normal -0.3090169943340034 0.9510565163084571 0
    outer loop
      vertex 2.7174244597554207 41.523847326636314 2.6
      vertex 2.7174244597554207 41.523847326636314 4
      vertex 2.9663599133491516 41.60473135858774 4
    endloop
  endfacet
  facet normal -0.24192188663410924 0.9702957285113611 0
    outer loop
      vertex 2.9663599133491516 41.60473135858774 2.6
      vertex 3.220331162214279 41.66805350035429 4
      vertex 3.220331162214279 41.66805350035429 2.6
    endloop
  endfacet
  facet normal -0.24192188663410924 0.9702957285113611 0
    outer loop
      vertex 2.9663599133491516 41.60473135858774 2.6
      vertex 2.9663599133491516 41.60473135858774 4
      vertex 3.220331162214279 41.66805350035429 4
    endloop
  endfacet
  facet normal -0.1736481975927896 0.9848077494987413 0
    outer loop
      vertex 3.220331162214279 41.66805350035429 2.6
      vertex 3.478100873529911 41.71350526064634 4
      vertex 3.478100873529911 41.71350526064634 2.6
    endloop
  endfacet
  facet normal -0.10452844392127603 0.9945218974016594 0
    outer loop
      vertex 3.478100873529911 41.71350526064634 2.6
      vertex 3.7384132221341133 41.74086518585682 4
      vertex 3.7384132221341133 41.74086518585682 2.6
    endloop
  endfacet
  facet normal -0.03489950651393371 0.9993908266764729 0
    outer loop
      vertex 3.7384132221341133 41.74086518585682 2.6
      vertex 4 41.75 4
      vertex 4 41.75 2.6
    endloop
  endfacet
  facet normal -0.1736481975927896 0.9848077494987413 0
    outer loop
      vertex 3.220331162214279 41.66805350035429 2.6
      vertex 3.220331162214279 41.66805350035429 4
      vertex 3.478100873529911 41.71350526064634 4
    endloop
  endfacet
  facet normal -0.10452844392127603 0.9945218974016594 0
    outer loop
      vertex 3.478100873529911 41.71350526064634 2.6
      vertex 3.478100873529911 41.71350526064634 4
      vertex 3.7384132221341133 41.74086518585682 4
    endloop
  endfacet
  facet normal -0.03489950651393371 0.9993908266764729 0
    outer loop
      vertex 3.7384132221341133 41.74086518585682 2.6
      vertex 3.7384132221341133 41.74086518585682 4
      vertex 4 41.75 4
    endloop
  endfacet
  facet normal 0 0 -1
    outer loop
      vertex 3.2000000029802322 38 0
      vertex 3.2022369652986526 38.059784077107906 0
      vertex 38.292272821068764 38.744699001312256 0
    endloop
  endfacet
  facet normal 0 0 -1
    outer loop
      vertex 3.2022369652986526 38.059784077107906 0
      vertex 3.255300998687744 38.292272821068764 0
      vertex 38.292272821068764 38.744699001312256 0
    endloop
  endfacet
  facet normal 0 0 -1
    outer loop
      vertex 3.255300998687744 38.292272821068764 0
      vertex 3.3745348155498505 38.498791843652725 0
      vertex 38.292272821068764 38.744699001312256 0
    endloop
  endfacet
  facet normal 0 0 -1
    outer loop
      vertex 3.3745348155498505 38.498791843652725 0
      vertex 3.549343951046467 38.66099102050066 0
      vertex 38.292272821068764 38.744699001312256 0
    endloop
  endfacet
  facet normal 0 0 -1
    outer loop
      vertex 3.549343951046467 38.66099102050066 0
      vertex 3.7641958594322205 38.7644582465291 0
      vertex 38.292272821068764 38.744699001312256 0
    endloop
  endfacet
  facet normal 0 0 -1
    outer loop
      vertex 3.7641958594322205 38.7644582465291 0
      vertex 4 38.79999999701977 0
      vertex 38.292272821068764 38.744699001312256 0
    endloop
  endfacet
  facet normal -2.0261951996587174e-18 0.6612009842860757 -0.7502088098517137
    outer loop
      vertex 4 38.79999999701977 0
      vertex 4 41.75 2.6
      vertex 38 41.75 2.6
    endloop
  endfacet
  facet normal 0 1 0
    outer loop
      vertex 4 41.75 2.6
      vertex 4 41.75 4
      vertex 38 41.75 4
    endloop
  endfacet
  facet normal 0 0 -1
    outer loop
      vertex 4 38.79999999701977 0
      vertex 38 38.79999999701977 0
      vertex 38.292272821068764 38.744699001312256 0
    endloop
  endfacet
  facet normal 0 0.6612009842860757 -0.7502088098517137
    outer loop
      vertex 4 38.79999999701977 0
      vertex 38 41.75 2.6
      vertex 38 38.79999999701977 0
    endloop
  endfacet
  facet normal 0 1 0
    outer loop
      vertex 4 41.75 2.6
      vertex 38 41.75 4
      vertex 38 41.75 2.6
    endloop
  endfacet
  facet normal 1 0 0
    outer loop
      vertex 41.75 5.5 7.01
      vertex 41.75 36.5 7
      vertex 41.75 36.5 7.01
    endloop
  endfacet
  facet normal 0 0 -1
    outer loop
      vertex 38.79999999701977 4 0
      vertex 38.292272821068764 38.744699001312256 0
      vertex 38.79999999701977 38 0
    endloop
  endfacet
  facet normal 0.6612009842860757 0 -0.7502088098517137
    outer loop
      vertex 41.75 4 2.6
      vertex 38.79999999701977 38 0
      vertex 41.75 38 2.6
    endloop
  endfacet
  facet normal 1 0 0
    outer loop
      vertex 41.75 38 2.6
      vertex 41.75 38 4
      vertex 41.75 4 4
    endloop
  endfacet
  facet normal 0 0 -1
    outer loop
      vertex 38.79999999701977 38 0
      vertex 38.292272821068764 38.744699001312256 0
      vertex 38.7644582465291 38.23580414056778 0
    endloop
  endfacet
  facet normal 0 0 -1
    outer loop
      vertex 38.7644582465291 38.23580414056778 0
      vertex 38.292272821068764 38.744699001312256 0
      vertex 38.66099102050066 38.45065604895353 0
    endloop
  endfacet
  facet normal 0 0 -1
    outer loop
      vertex 38.66099102050066 38.45065604895353 0
      vertex 38.292272821068764 38.744699001312256 0
      vertex 38.498791843652725 38.62546518445015 0
    endloop
  endfacet
  facet normal 0 0 -1
    outer loop
      vertex 38 38.79999999701977 0
      vertex 38.059784077107906 38.79776303470135 0
      vertex 38.292272821068764 38.744699001312256 0
    endloop
  endfacet
  facet normal 0.4839380527972963 0.44902889992630385 -0.7511171733396427
    outer loop
      vertex 38.66099102050066 38.45065604895353 0
      vertex 38.498791843652725 38.62546518445015 0
      vertex 40.69752424955368 40.60496889054775 2.6
    endloop
  endfacet
  facet normal 0.024720510651599845 0.6606695619198683 -0.7502697023775742
    outer loop
      vertex 38 38.79999999701977 0
      vertex 38.13087311387062 41.74771559983492 2.6
      vertex 38.059784077107906 38.79776303470135 0
    endloop
  endfacet
  facet normal 0.3300375060053738 0.5716417116387702 -0.7511997059001355
    outer loop
      vertex 38.292272821068764 38.744699001312256 0
      vertex 39.875 41.2475952655077 2.6
      vertex 38.498791843652725 38.62546518445015 0
    endloop
  endfacet
  facet normal 0.14690138878237063 0.6436171015062688 -0.7511171736969406
    outer loop
      vertex 38.059784077107906 38.79776303470135 0
      vertex 38.90720710903406 41.6386089771986 2.6
      vertex 38.292272821068764 38.744699001312256 0
    endloop
  endfacet
  facet normal 0.18220637777348891 0.6354291183366749 -0.7503536975777095
    outer loop
      vertex 38.292272821068764 38.744699001312256 0
      vertex 38.90720710903406 41.6386089771986 2.6
      vertex 39.15881372988224 41.56646193563938 2.6
    endloop
  endfacet
  facet normal 0.3102391400397355 0.5834749456181296 -0.7505389155955379
    outer loop
      vertex 38.292272821068764 38.744699001312256 0
      vertex 39.64389180392027 41.3704776763916 2.6
      vertex 39.875 41.2475952655077 2.6
    endloop
  endfacet
  facet normal 0.2262319076404371 0.621567059245122 -0.7499823430099802
    outer loop
      vertex 38.292272821068764 38.744699001312256 0
      vertex 39.15881372988224 41.56646193563938 2.6
      vertex 39.404774725437164 41.47693945467472 2.6
    endloop
  endfacet
  facet normal 0.26901055082833886 0.6042076135919919 -0.7500443208374448
    outer loop
      vertex 38.292272821068764 38.744699001312256 0
      vertex 39.404774725437164 41.47693945467472 2.6
      vertex 39.64389180392027 41.3704776763916 2.6
    endloop
  endfacet
  facet normal 0.011540544927629483 0.6611569520653913 -0.7501588502166558
    outer loop
      vertex 38 38.79999999701977 0
      vertex 38 41.75 2.6
      vertex 38.13087311387062 41.74771559983492 2.6
    endloop
  endfacet
  facet normal 0.04614305890705155 0.6598766241261054 -0.7499557713936436
    outer loop
      vertex 38.059784077107906 38.79776303470135 0
      vertex 38.13087311387062 41.74771559983492 2.6
      vertex 38.39198173582554 41.72945711016655 2.6
    endloop
  endfacet
  facet normal 0.09203199542746929 0.6548416775346022 -0.7501416460784632
    outer loop
      vertex 38.059784077107906 38.79776303470135 0
      vertex 38.39198173582554 41.72945711016655 2.6
      vertex 38.65118066966534 41.69302907586098 2.6
    endloop
  endfacet
  facet normal 0.13734150997370176 0.6461410148159339 -0.7507590150046674
    outer loop
      vertex 38.059784077107906 38.79776303470135 0
      vertex 38.65118066966534 41.69302907586098 2.6
      vertex 38.90720710903406 41.6386089771986 2.6
    endloop
  endfacet
  facet normal 0.017452417627068444 0.9998476949610728 0
    outer loop
      vertex 38 41.75 2.6
      vertex 38.13087311387062 41.74771559983492 4
      vertex 38.13087311387062 41.74771559983492 2.6
    endloop
  endfacet
  facet normal 0.06975645916039604 0.9975640512796179 0
    outer loop
      vertex 38.13087311387062 41.74771559983492 2.6
      vertex 38.13087311387062 41.74771559983492 4
      vertex 38.39198173582554 41.72945711016655 2.6
    endloop
  endfacet
  facet normal 0.017452417627068444 0.9998476949610728 0
    outer loop
      vertex 38 41.75 2.6
      vertex 38 41.75 4
      vertex 38.13087311387062 41.74771559983492 4
    endloop
  endfacet
  facet normal 0.06975645916039604 0.9975640512796179 0
    outer loop
      vertex 38.39198173582554 41.72945711016655 2.6
      vertex 38.13087311387062 41.74771559983492 4
      vertex 38.39198173582554 41.72945711016655 4
    endloop
  endfacet
  facet normal 0.20791168721191458 0.9781476015002516 0
    outer loop
      vertex 38.65118066966534 41.69302907586098 2.6
      vertex 38.90720710903406 41.6386089771986 4
      vertex 38.90720710903406 41.6386089771986 2.6
    endloop
  endfacet
  facet normal 0.34202014262459324 0.939692621041079 0
    outer loop
      vertex 39.15881372988224 41.56646193563938 2.6
      vertex 39.404774725437164 41.47693945467472 4
      vertex 39.404774725437164 41.47693945467472 2.6
    endloop
  endfacet
  facet normal 0.27563736995428795 0.9612616918845166 0
    outer loop
      vertex 38.90720710903406 41.6386089771986 2.6
      vertex 39.15881372988224 41.56646193563938 4
      vertex 39.15881372988224 41.56646193563938 2.6
    endloop
  endfacet
  facet normal 0.27563736995428795 0.9612616918845166 0
    outer loop
      vertex 38.90720710903406 41.6386089771986 2.6
      vertex 38.90720710903406 41.6386089771986 4
      vertex 39.15881372988224 41.56646193563938 4
    endloop
  endfacet
  facet normal 0.34202014262459324 0.939692621041079 0
    outer loop
      vertex 39.15881372988224 41.56646193563938 2.6
      vertex 39.15881372988224 41.56646193563938 4
      vertex 39.404774725437164 41.47693945467472 4
    endloop
  endfacet
  facet normal 0.13917310017239254 0.9902680688522706 0
    outer loop
      vertex 38.39198173582554 41.72945711016655 2.6
      vertex 38.65118066966534 41.69302907586098 4
      vertex 38.65118066966534 41.69302907586098 2.6
    endloop
  endfacet
  facet normal 0.13917310017239254 0.9902680688522706 0
    outer loop
      vertex 38.39198173582554 41.72945711016655 2.6
      vertex 38.39198173582554 41.72945711016655 4
      vertex 38.65118066966534 41.69302907586098 4
    endloop
  endfacet
  facet normal 0.20791168721191458 0.9781476015002516 0
    outer loop
      vertex 38.65118066966534 41.69302907586098 2.6
      vertex 38.65118066966534 41.69302907586098 4
      vertex 38.90720710903406 41.6386089771986 4
    endloop
  endfacet
  facet normal 0.652725721776262 0.09838255887429205 -0.7511790760138385
    outer loop
      vertex 38.79999999701977 38 0
      vertex 38.7644582465291 38.23580414056778 0
      vertex 41.71350526064634 38.52189912647009 2.6
    endloop
  endfacet
  facet normal 0.5948974174167716 0.286487497430482 -0.7510139656270547
    outer loop
      vertex 38.7644582465291 38.23580414056778 0
      vertex 38.66099102050066 38.45065604895353 0
      vertex 41.42579546570778 39.52526240795851 2.6
    endloop
  endfacet
  facet normal 0.6610248009930202 0.02308350120127349 -0.7500089095766989
    outer loop
      vertex 38.79999999701977 38 0
      vertex 41.74086518585682 38.26158677786589 2.6
      vertex 41.75 38 2.6
    endloop
  endfacet
  facet normal 0.6573157055259183 0.06908665162944173 -0.7504419350193569
    outer loop
      vertex 38.79999999701977 38 0
      vertex 41.71350526064634 38.52189912647009 2.6
      vertex 41.74086518585682 38.26158677786589 2.6
    endloop
  endfacet
  facet normal 0.6506685687698543 0.11473043774754481 -0.7506446164925489
    outer loop
      vertex 38.7644582465291 38.23580414056778 0
      vertex 41.66805350035429 38.77966883778572 2.6
      vertex 41.71350526064634 38.52189912647009 2.6
    endloop
  endfacet
  facet normal 0.6416928406221822 0.1599919880932484 -0.7500885694637698
    outer loop
      vertex 38.7644582465291 38.23580414056778 0
      vertex 41.60473135858774 39.03364008665085 2.6
      vertex 41.66805350035429 38.77966883778572 2.6
    endloop
  endfacet
  facet normal 0.6291028982933601 0.20440792258277643 -0.7499646288621136
    outer loop
      vertex 38.7644582465291 38.23580414056778 0
      vertex 41.523847326636314 39.28257554024458 2.6
      vertex 41.60473135858774 39.03364008665085 2.6
    endloop
  endfacet
  facet normal 0.6129860525499159 0.2476624456112128 -0.7502742248092661
    outer loop
      vertex 38.7644582465291 38.23580414056778 0
      vertex 41.42579546570778 39.52526240795851 2.6
      vertex 41.523847326636314 39.28257554024458 2.6
    endloop
  endfacet
  facet normal 0.593596208234837 0.28951622240197766 -0.7508820803130895
    outer loop
      vertex 38.66099102050066 38.45065604895353 0
      vertex 41.31105346977711 39.76051835715771 2.6
      vertex 41.42579546570778 39.52526240795851 2.6
    endloop
  endfacet
  facet normal 0.9993908266764729 0.03489950651393371 0
    outer loop
      vertex 41.75 38 2.6
      vertex 41.74086518585682 38.26158677786589 2.6
      vertex 41.75 38 4
    endloop
  endfacet
  facet normal 0.9945218974016594 0.10452844392127603 0
    outer loop
      vertex 41.74086518585682 38.26158677786589 2.6
      vertex 41.71350526064634 38.52189912647009 2.6
      vertex 41.74086518585682 38.26158677786589 4
    endloop
  endfacet
  facet normal 0.9993908266764729 0.03489950651393371 0
    outer loop
      vertex 41.74086518585682 38.26158677786589 2.6
      vertex 41.74086518585682 38.26158677786589 4
      vertex 41.75 38 4
    endloop
  endfacet
  facet normal 0.9848077494987413 0.1736481975927896 0
    outer loop
      vertex 41.71350526064634 38.52189912647009 2.6
      vertex 41.66805350035429 38.77966883778572 2.6
      vertex 41.71350526064634 38.52189912647009 4
    endloop
  endfacet
  facet normal 0.9945218974016594 0.10452844392127603 0
    outer loop
      vertex 41.71350526064634 38.52189912647009 2.6
      vertex 41.71350526064634 38.52189912647009 4
      vertex 41.74086518585682 38.26158677786589 4
    endloop
  endfacet
  facet normal 0.9848077494987413 0.1736481975927896 0
    outer loop
      vertex 41.66805350035429 38.77966883778572 2.6
      vertex 41.66805350035429 38.77966883778572 4
      vertex 41.71350526064634 38.52189912647009 4
    endloop
  endfacet
  facet normal 0.9702957285113611 0.24192188663410924 0
    outer loop
      vertex 41.66805350035429 38.77966883778572 2.6
      vertex 41.60473135858774 39.03364008665085 2.6
      vertex 41.66805350035429 38.77966883778572 4
    endloop
  endfacet
  facet normal 0.9702957285113611 0.24192188663410924 0
    outer loop
      vertex 41.60473135858774 39.03364008665085 2.6
      vertex 41.60473135858774 39.03364008665085 4
      vertex 41.66805350035429 38.77966883778572 4
    endloop
  endfacet
  facet normal 0.9510565163084571 0.3090169943340034 0
    outer loop
      vertex 41.60473135858774 39.03364008665085 2.6
      vertex 41.523847326636314 39.28257554024458 2.6
      vertex 41.60473135858774 39.03364008665085 4
    endloop
  endfacet
  facet normal 0.9271838523025517 0.37460659902009175 0
    outer loop
      vertex 41.42579546570778 39.52526240795851 2.6
      vertex 41.523847326636314 39.28257554024458 4
      vertex 41.523847326636314 39.28257554024458 2.6
    endloop
  endfacet
  facet normal 0.9510565163084571 0.3090169943340034 0
    outer loop
      vertex 41.523847326636314 39.28257554024458 2.6
      vertex 41.523847326636314 39.28257554024458 4
      vertex 41.60473135858774 39.03364008665085 4
    endloop
  endfacet
  facet normal 0.5483983808383063 0.3698993883885071 -0.7499557709383482
    outer loop
      vertex 38.66099102050066 38.45065604895353 0
      vertex 41.03381372988224 40.20419469475746 2.6
      vertex 41.18018036335707 39.98719724267721 2.6
    endloop
  endfacet
  facet normal 0.5210935336051183 0.40712288220621007 -0.750141645303765
    outer loop
      vertex 38.66099102050066 38.45065604895353 0
      vertex 40.87266666442156 40.4104535356164 2.6
      vertex 41.03381372988224 40.20419469475746 2.6
    endloop
  endfacet
  facet normal 0.4909037739660256 0.4420117500261441 -0.7507590142946927
    outer loop
      vertex 38.66099102050066 38.45065604895353 0
      vertex 40.69752424955368 40.60496889054775 2.6
      vertex 40.87266666442156 40.4104535356164 2.6
    endloop
  endfacet
  facet normal 0.45919457599114055 0.47550990497178247 -0.7503536977013195
    outer loop
      vertex 38.498791843652725 38.62546518445015 0
      vertex 40.50923977047205 40.78679309785366 2.6
      vertex 40.69752424955368 40.60496889054775 2.6
    endloop
  endfacet
  facet normal 0.5726220421271676 0.33060346704113863 -0.7502035353492351
    outer loop
      vertex 38.66099102050066 38.45065604895353 0
      vertex 41.18018036335707 39.98719724267721 2.6
      vertex 41.31105346977711 39.76051835715771 2.6
    endloop
  endfacet
  facet normal 0.42517691631556775 0.5067061024661205 -0.7499823434961506
    outer loop
      vertex 38.498791843652725 38.62546518445015 0
      vertex 40.30873053520918 40.95504032820463 2.6
      vertex 40.50923977047205 40.78679309785366 2.6
    endloop
  endfacet
  facet normal 0.35018455971527596 0.5604124464310255 -0.7505389157280329
    outer loop
      vertex 38.498791843652725 38.62546518445015 0
      vertex 39.875 41.2475952655077 2.6
      vertex 40.09697338938713 41.108890898525715 2.6
    endloop
  endfacet
  facet normal 0.3887538560978599 0.5350737850551673 -0.7500443213009356
    outer loop
      vertex 38.498791843652725 38.62546518445015 0
      vertex 40.09697338938713 41.108890898525715 2.6
      vertex 40.30873053520918 40.95504032820463 2.6
    endloop
  endfacet
  facet normal 0.8660254189285214 0.4999999737696784 0
    outer loop
      vertex 41.31105346977711 39.76051835715771 2.6
      vertex 41.18018036335707 39.98719724267721 2.6
      vertex 41.31105346977711 39.76051835715771 4
    endloop
  endfacet
  facet normal 0.8660254189285214 0.4999999737696784 0
    outer loop
      vertex 41.18018036335707 39.98719724267721 2.6
      vertex 41.18018036335707 39.98719724267721 4
      vertex 41.31105346977711 39.76051835715771 4
    endloop
  endfacet
  facet normal 0.8290375656234816 0.559192913747207 0
    outer loop
      vertex 41.18018036335707 39.98719724267721 2.6
      vertex 41.03381372988224 40.20419469475746 2.6
      vertex 41.18018036335707 39.98719724267721 4
    endloop
  endfacet
  facet normal 0.7880107577629124 0.615661470005977 0
    outer loop
      vertex 40.87266666442156 40.4104535356164 2.6
      vertex 41.03381372988224 40.20419469475746 4
      vertex 41.03381372988224 40.20419469475746 2.6
    endloop
  endfacet
  facet normal 0.8290375656234816 0.559192913747207 0
    outer loop
      vertex 41.03381372988224 40.20419469475746 2.6
      vertex 41.03381372988224 40.20419469475746 4
      vertex 41.18018036335707 39.98719724267721 4
    endloop
  endfacet
  facet normal 0.7880107577629124 0.615661470005977 0
    outer loop
      vertex 40.87266666442156 40.4104535356164 2.6
      vertex 40.87266666442156 40.4104535356164 4
      vertex 41.03381372988224 40.20419469475746 4
    endloop
  endfacet
  facet normal 0.743144820519614 0.6691306118650311 0
    outer loop
      vertex 40.87266666442156 40.4104535356164 2.6
      vertex 40.69752424955368 40.60496889054775 2.6
      vertex 40.87266666442156 40.4104535356164 4
    endloop
  endfacet
  facet normal 0.6946583692459235 0.7193398015101028 0
    outer loop
      vertex 40.69752424955368 40.60496889054775 2.6
      vertex 40.50923977047205 40.78679309785366 2.6
      vertex 40.69752424955368 40.60496889054775 4
    endloop
  endfacet
  facet normal 0.743144820519614 0.6691306118650311 0
    outer loop
      vertex 40.69752424955368 40.60496889054775 2.6
      vertex 40.69752424955368 40.60496889054775 4
      vertex 40.87266666442156 40.4104535356164 4
    endloop
  endfacet
  facet normal 0.8987940420057225 0.438371155591943 0
    outer loop
      vertex 41.42579546570778 39.52526240795851 2.6
      vertex 41.31105346977711 39.76051835715771 2.6
      vertex 41.42579546570778 39.52526240795851 4
    endloop
  endfacet
  facet normal 0.9271838523025517 0.37460659902009175 0
    outer loop
      vertex 41.42579546570778 39.52526240795851 2.6
      vertex 41.42579546570778 39.52526240795851 4
      vertex 41.523847326636314 39.28257554024458 4
    endloop
  endfacet
  facet normal 0.8987940420057225 0.438371155591943 0
    outer loop
      vertex 41.31105346977711 39.76051835715771 2.6
      vertex 41.31105346977711 39.76051835715771 4
      vertex 41.42579546570778 39.52526240795851 4
    endloop
  endfacet
  facet normal 0.5877852479723605 0.8090169975136928 0
    outer loop
      vertex 40.30873053520918 40.95504032820463 2.6
      vertex 40.09697338938713 41.108890898525715 2.6
      vertex 40.30873053520918 40.95504032820463 4
    endloop
  endfacet
  facet normal 0.46947157259700467 0.882947587642265 0
    outer loop
      vertex 39.875 41.2475952655077 2.6
      vertex 39.64389180392027 41.3704776763916 2.6
      vertex 39.875 41.2475952655077 4
    endloop
  endfacet
  facet normal 0.5299192615254839 0.8480480978483979 0
    outer loop
      vertex 39.875 41.2475952655077 2.6
      vertex 40.09697338938713 41.108890898525715 4
      vertex 40.09697338938713 41.108890898525715 2.6
    endloop
  endfacet
  facet normal 0.46947157259700467 0.882947587642265 0
    outer loop
      vertex 39.64389180392027 41.3704776763916 2.6
      vertex 39.64389180392027 41.3704776763916 4
      vertex 39.875 41.2475952655077 4
    endloop
  endfacet
  facet normal 0.5877852479723605 0.8090169975136928 0
    outer loop
      vertex 40.09697338938713 41.108890898525715 2.6
      vertex 40.09697338938713 41.108890898525715 4
      vertex 40.30873053520918 40.95504032820463 4
    endloop
  endfacet
  facet normal 0.5299192615254839 0.8480480978483979 0
    outer loop
      vertex 39.875 41.2475952655077 2.6
      vertex 39.875 41.2475952655077 4
      vertex 40.09697338938713 41.108890898525715 4
    endloop
  endfacet
  facet normal 0.6427876208834568 0.7660444337236486 0
    outer loop
      vertex 40.30873053520918 40.95504032820463 2.6
      vertex 40.50923977047205 40.78679309785366 4
      vertex 40.50923977047205 40.78679309785366 2.6
    endloop
  endfacet
  facet normal 0.6946583692459235 0.7193398015101028 0
    outer loop
      vertex 40.50923977047205 40.78679309785366 2.6
      vertex 40.50923977047205 40.78679309785366 4
      vertex 40.69752424955368 40.60496889054775 4
    endloop
  endfacet
  facet normal 0.6427876208834568 0.7660444337236486 0
    outer loop
      vertex 40.30873053520918 40.95504032820463 2.6
      vertex 40.30873053520918 40.95504032820463 4
      vertex 40.50923977047205 40.78679309785366 4
    endloop
  endfacet
  facet normal 0.40673662966921503 0.913545463611597 0
    outer loop
      vertex 39.404774725437164 41.47693945467472 2.6
      vertex 39.64389180392027 41.3704776763916 4
      vertex 39.64389180392027 41.3704776763916 2.6
    endloop
  endfacet
  facet normal 0.40673662966921503 0.913545463611597 0
    outer loop
      vertex 39.404774725437164 41.47693945467472 2.6
      vertex 39.404774725437164 41.47693945467472 4
      vertex 39.64389180392027 41.3704776763916 4
    endloop
  endfacet
  facet normal -0.13734150997370176 -0.6461410148159339 -0.7507590150046674
    outer loop
      vertex 45.940215922892094 3.2022369652986526 0
      vertex 45.34881933033466 0.3069709241390228 2.6
      vertex 45.09279289096594 0.36139102280139923 2.6
    endloop
  endfacet
  facet normal -0.09203199542746929 -0.6548416775346022 -0.7501416460784632
    outer loop
      vertex 45.940215922892094 3.2022369652986526 0
      vertex 45.60801826417446 0.2705428898334503 2.6
      vertex 45.34881933033466 0.3069709241390228 2.6
    endloop
  endfacet
  facet normal -0.04614305890705155 -0.6598766241261054 -0.7499557713936436
    outer loop
      vertex 45.940215922892094 3.2022369652986526 0
      vertex 45.86912688612938 0.252284400165081 2.6
      vertex 45.60801826417446 0.2705428898334503 2.6
    endloop
  endfacet
  facet normal -0.011540544927629483 -0.6611569520653913 -0.7501588502166558
    outer loop
      vertex 46 3.2000000029802322 0
      vertex 46 0.25 2.6
      vertex 45.86912688612938 0.252284400165081 2.6
    endloop
  endfacet
  facet normal -0.3300375060053738 -0.5716417116387702 -0.7511997059001355
    outer loop
      vertex 45.707727178931236 3.255300998687744 0
      vertex 44.125 0.7524047344923019 2.6
      vertex 45.501208156347275 3.3745348155498505 0
    endloop
  endfacet
  facet normal -0.14690138878237063 -0.6436171015062688 -0.7511171736969406
    outer loop
      vertex 45.707727178931236 3.255300998687744 0
      vertex 45.940215922892094 3.2022369652986526 0
      vertex 45.09279289096594 0.36139102280139923 2.6
    endloop
  endfacet
  facet normal -0.024720510651599845 -0.6606695619198683 -0.7502697023775742
    outer loop
      vertex 45.940215922892094 3.2022369652986526 0
      vertex 46 3.2000000029802322 0
      vertex 45.86912688612938 0.252284400165081 2.6
    endloop
  endfacet
  facet normal -0.42517691631556775 -0.5067061024661205 -0.7499823434961506
    outer loop
      vertex 45.501208156347275 3.3745348155498505 0
      vertex 43.69126946479082 1.0449596717953682 2.6
      vertex 43.49076022952795 1.2132069021463394 2.6
    endloop
  endfacet
  facet normal -0.3102391400397355 -0.5834749456181296 -0.7505389155955379
    outer loop
      vertex 45.707727178931236 3.255300998687744 0
      vertex 44.35610819607973 0.6295223236083984 2.6
      vertex 44.125 0.7524047344923019 2.6
    endloop
  endfacet
  facet normal -0.26901055082833886 -0.6042076135919919 -0.7500443208374448
    outer loop
      vertex 45.707727178931236 3.255300998687744 0
      vertex 44.595225274562836 0.5230605453252792 2.6
      vertex 44.35610819607973 0.6295223236083984 2.6
    endloop
  endfacet
  facet normal -0.18220637777348891 -0.6354291183366749 -0.7503536975777095
    outer loop
      vertex 45.707727178931236 3.255300998687744 0
      vertex 45.09279289096594 0.36139102280139923 2.6
      vertex 44.84118627011776 0.4335380643606186 2.6
    endloop
  endfacet
  facet normal -0.2262319076404371 -0.621567059245122 -0.7499823430099802
    outer loop
      vertex 45.707727178931236 3.255300998687744 0
      vertex 44.84118627011776 0.4335380643606186 2.6
      vertex 44.595225274562836 0.5230605453252792 2.6
    endloop
  endfacet
  facet normal -0.35018455971527596 -0.5604124464310255 -0.7505389157280329
    outer loop
      vertex 45.501208156347275 3.3745348155498505 0
      vertex 44.125 0.7524047344923019 2.6
      vertex 43.90302661061287 0.8911091014742851 2.6
    endloop
  endfacet
  facet normal -0.3887538560978599 -0.5350737850551673 -0.7500443213009356
    outer loop
      vertex 45.501208156347275 3.3745348155498505 0
      vertex 43.90302661061287 0.8911091014742851 2.6
      vertex 43.69126946479082 1.0449596717953682 2.6
    endloop
  endfacet
  facet normal -0.45919457599114055 -0.47550990497178247 -0.7503536977013195
    outer loop
      vertex 45.501208156347275 3.3745348155498505 0
      vertex 43.49076022952795 1.2132069021463394 2.6
      vertex 43.30247575044632 1.3950311094522476 2.6
    endloop
  endfacet
  facet normal -0.4909037739660256 -0.4420117500261441 -0.7507590142946927
    outer loop
      vertex 45.33900897949934 3.549343951046467 0
      vertex 43.30247575044632 1.3950311094522476 2.6
      vertex 43.12733333557844 1.5895464643836021 2.6
    endloop
  endfacet
  facet normal -0.5483983808383063 -0.3698993883885071 -0.7499557709383482
    outer loop
      vertex 45.33900897949934 3.549343951046467 0
      vertex 42.96618627011776 1.7958053052425385 2.6
      vertex 42.81981963664293 2.0128027573227882 2.6
    endloop
  endfacet
  facet normal -0.5726220421271676 -0.33060346704113863 -0.7502035353492351
    outer loop
      vertex 45.33900897949934 3.549343951046467 0
      vertex 42.81981963664293 2.0128027573227882 2.6
      vertex 42.68894653022289 2.239481642842293 2.6
    endloop
  endfacet
  facet normal -0.5210935336051183 -0.40712288220621007 -0.750141645303765
    outer loop
      vertex 45.33900897949934 3.549343951046467 0
      vertex 43.12733333557844 1.5895464643836021 2.6
      vertex 42.96618627011776 1.7958053052425385 2.6
    endloop
  endfacet
  facet normal -0.743144820519614 -0.6691306118650311 0
    outer loop
      vertex 43.30247575044632 1.3950311094522476 2.6
      vertex 43.12733333557844 1.5895464643836021 4
      vertex 43.12733333557844 1.5895464643836021 2.6
    endloop
  endfacet
  facet normal -0.743144820519614 -0.6691306118650311 0
    outer loop
      vertex 43.30247575044632 1.3950311094522476 2.6
      vertex 43.30247575044632 1.3950311094522476 4
      vertex 43.12733333557844 1.5895464643836021 4
    endloop
  endfacet
  facet normal -0.7880107577629124 -0.615661470005977 0
    outer loop
      vertex 43.12733333557844 1.5895464643836021 2.6
      vertex 42.96618627011776 1.7958053052425385 4
      vertex 42.96618627011776 1.7958053052425385 2.6
    endloop
  endfacet
  facet normal -0.8290375656234816 -0.559192913747207 0
    outer loop
      vertex 42.96618627011776 1.7958053052425385 2.6
      vertex 42.81981963664293 2.0128027573227882 4
      vertex 42.81981963664293 2.0128027573227882 2.6
    endloop
  endfacet
  facet normal -0.7880107577629124 -0.615661470005977 0
    outer loop
      vertex 43.12733333557844 1.5895464643836021 2.6
      vertex 43.12733333557844 1.5895464643836021 4
      vertex 42.96618627011776 1.7958053052425385 4
    endloop
  endfacet
  facet normal -0.8290375656234816 -0.559192913747207 0
    outer loop
      vertex 42.96618627011776 1.7958053052425385 2.6
      vertex 42.96618627011776 1.7958053052425385 4
      vertex 42.81981963664293 2.0128027573227882 4
    endloop
  endfacet
  facet normal -0.8660254189285214 -0.4999999737696784 0
    outer loop
      vertex 42.81981963664293 2.0128027573227882 2.6
      vertex 42.68894653022289 2.239481642842293 4
      vertex 42.68894653022289 2.239481642842293 2.6
    endloop
  endfacet
  facet normal -0.8660254189285214 -0.4999999737696784 0
    outer loop
      vertex 42.81981963664293 2.0128027573227882 2.6
      vertex 42.81981963664293 2.0128027573227882 4
      vertex 42.68894653022289 2.239481642842293 4
    endloop
  endfacet
  facet normal -0.8987940420057225 -0.438371155591943 0
    outer loop
      vertex 42.68894653022289 2.239481642842293 2.6
      vertex 42.57420453429222 2.4747375920414925 4
      vertex 42.57420453429222 2.4747375920414925 2.6
    endloop
  endfacet
  facet normal -0.8987940420057225 -0.438371155591943 0
    outer loop
      vertex 42.68894653022289 2.239481642842293 2.6
      vertex 42.68894653022289 2.239481642842293 4
      vertex 42.57420453429222 2.4747375920414925 4
    endloop
  endfacet
  facet normal -0.9271838523025517 -0.37460659902009175 0
    outer loop
      vertex 42.57420453429222 2.4747375920414925 2.6
      vertex 42.57420453429222 2.4747375920414925 4
      vertex 42.476152673363686 2.7174244597554207 4
    endloop
  endfacet
  facet normal -0.20791168721191458 -0.9781476015002516 0
    outer loop
      vertex 45.34881933033466 0.3069709241390228 2.6
      vertex 45.34881933033466 0.3069709241390228 4
      vertex 45.09279289096594 0.36139102280139923 4
    endloop
  endfacet
  facet normal -0.40673662966921503 -0.913545463611597 0
    outer loop
      vertex 44.35610819607973 0.6295223236083984 2.6
      vertex 44.595225274562836 0.5230605453252792 2.6
      vertex 44.35610819607973 0.6295223236083984 4
    endloop
  endfacet
  facet normal -0.34202014262459324 -0.939692621041079 0
    outer loop
      vertex 44.595225274562836 0.5230605453252792 2.6
      vertex 44.84118627011776 0.4335380643606186 2.6
      vertex 44.595225274562836 0.5230605453252792 4
    endloop
  endfacet
  facet normal -0.27563736995428795 -0.9612616918845166 0
    outer loop
      vertex 44.84118627011776 0.4335380643606186 2.6
      vertex 45.09279289096594 0.36139102280139923 2.6
      vertex 44.84118627011776 0.4335380643606186 4
    endloop
  endfacet
  facet normal -0.20791168721191458 -0.9781476015002516 0
    outer loop
      vertex 45.09279289096594 0.36139102280139923 2.6
      vertex 45.34881933033466 0.3069709241390228 2.6
      vertex 45.09279289096594 0.36139102280139923 4
    endloop
  endfacet
  facet normal -0.34202014262459324 -0.939692621041079 0
    outer loop
      vertex 44.84118627011776 0.4335380643606186 2.6
      vertex 44.84118627011776 0.4335380643606186 4
      vertex 44.595225274562836 0.5230605453252792 4
    endloop
  endfacet
  facet normal -0.40673662966921503 -0.913545463611597 0
    outer loop
      vertex 44.595225274562836 0.5230605453252792 2.6
      vertex 44.595225274562836 0.5230605453252792 4
      vertex 44.35610819607973 0.6295223236083984 4
    endloop
  endfacet
  facet normal -0.27563736995428795 -0.9612616918845166 0
    outer loop
      vertex 45.09279289096594 0.36139102280139923 2.6
      vertex 45.09279289096594 0.36139102280139923 4
      vertex 44.84118627011776 0.4335380643606186 4
    endloop
  endfacet
  facet normal -0.46947157259700467 -0.882947587642265 0
    outer loop
      vertex 44.35610819607973 0.6295223236083984 2.6
      vertex 44.125 0.7524047344923019 4
      vertex 44.125 0.7524047344923019 2.6
    endloop
  endfacet
  facet normal -0.5299192615254839 -0.8480480978483979 0
    outer loop
      vertex 44.125 0.7524047344923019 2.6
      vertex 43.90302661061287 0.8911091014742851 4
      vertex 43.90302661061287 0.8911091014742851 2.6
    endloop
  endfacet
  facet normal -0.46947157259700467 -0.882947587642265 0
    outer loop
      vertex 44.35610819607973 0.6295223236083984 2.6
      vertex 44.35610819607973 0.6295223236083984 4
      vertex 44.125 0.7524047344923019 4
    endloop
  endfacet
  facet normal -0.5299192615254839 -0.8480480978483979 0
    outer loop
      vertex 44.125 0.7524047344923019 2.6
      vertex 44.125 0.7524047344923019 4
      vertex 43.90302661061287 0.8911091014742851 4
    endloop
  endfacet
  facet normal -0.5877852479723605 -0.8090169975136928 0
    outer loop
      vertex 43.90302661061287 0.8911091014742851 2.6
      vertex 43.90302661061287 0.8911091014742851 4
      vertex 43.69126946479082 1.0449596717953682 4
    endloop
  endfacet
  facet normal -0.5877852479723605 -0.8090169975136928 0
    outer loop
      vertex 43.90302661061287 0.8911091014742851 2.6
      vertex 43.69126946479082 1.0449596717953682 4
      vertex 43.69126946479082 1.0449596717953682 2.6
    endloop
  endfacet
  facet normal -0.6427876208834568 -0.7660444337236486 0
    outer loop
      vertex 43.69126946479082 1.0449596717953682 2.6
      vertex 43.49076022952795 1.2132069021463394 4
      vertex 43.49076022952795 1.2132069021463394 2.6
    endloop
  endfacet
  facet normal -0.6427876208834568 -0.7660444337236486 0
    outer loop
      vertex 43.69126946479082 1.0449596717953682 2.6
      vertex 43.69126946479082 1.0449596717953682 4
      vertex 43.49076022952795 1.2132069021463394 4
    endloop
  endfacet
  facet normal -0.6946583692459235 -0.7193398015101028 0
    outer loop
      vertex 43.49076022952795 1.2132069021463394 2.6
      vertex 43.49076022952795 1.2132069021463394 4
      vertex 43.30247575044632 1.3950311094522476 4
    endloop
  endfacet
  facet normal -0.13917310017239254 -0.9902680688522706 0
    outer loop
      vertex 45.34881933033466 0.3069709241390228 2.6
      vertex 45.60801826417446 0.2705428898334503 2.6
      vertex 45.34881933033466 0.3069709241390228 4
    endloop
  endfacet
  facet normal -0.06975645916039604 -0.9975640512796179 0
    outer loop
      vertex 45.60801826417446 0.2705428898334503 2.6
      vertex 45.86912688612938 0.252284400165081 2.6
      vertex 45.60801826417446 0.2705428898334503 4
    endloop
  endfacet
  facet normal -0.017452417627068444 -0.9998476949610728 0
    outer loop
      vertex 45.86912688612938 0.252284400165081 2.6
      vertex 46 0.25 2.6
      vertex 45.86912688612938 0.252284400165081 4
    endloop
  endfacet
  facet normal -0.13917310017239254 -0.9902680688522706 0
    outer loop
      vertex 45.60801826417446 0.2705428898334503 2.6
      vertex 45.60801826417446 0.2705428898334503 4
      vertex 45.34881933033466 0.3069709241390228 4
    endloop
  endfacet
  facet normal -0.06975645916039604 -0.9975640512796179 0
    outer loop
      vertex 45.86912688612938 0.252284400165081 2.6
      vertex 45.86912688612938 0.252284400165081 4
      vertex 45.60801826417446 0.2705428898334503 4
    endloop
  endfacet
  facet normal -0.017452417627068444 -0.9998476949610728 0
    outer loop
      vertex 46 0.25 2.6
      vertex 46 0.25 4
      vertex 45.86912688612938 0.252284400165081 4
    endloop
  endfacet
  facet normal -0.6946583692459235 -0.7193398015101028 0
    outer loop
      vertex 43.30247575044632 1.3950311094522476 2.6
      vertex 43.49076022952795 1.2132069021463394 2.6
      vertex 43.30247575044632 1.3950311094522476 4
    endloop
  endfacet
  facet normal -0.6506685687698543 -0.11473043774754481 -0.7506446164925489
    outer loop
      vertex 45.2355417534709 3.7641958594322205 0
      vertex 42.33194649964571 3.220331162214279 2.6
      vertex 42.28649473935366 3.478100873529911 2.6
    endloop
  endfacet
  facet normal -0.6573157055259183 -0.06908665162944173 -0.7504419350193569
    outer loop
      vertex 45.20000000298023 4 0
      vertex 42.28649473935366 3.478100873529911 2.6
      vertex 42.25913481414318 3.7384132221341133 2.6
    endloop
  endfacet
  facet normal -0.6610248009930202 -0.02308350120127349 -0.7500089095766989
    outer loop
      vertex 45.20000000298023 4 0
      vertex 42.25913481414318 3.7384132221341133 2.6
      vertex 42.25 4 2.6
    endloop
  endfacet
  facet normal -0.4839380527972963 -0.44902889992630385 -0.7511171733396427
    outer loop
      vertex 45.33900897949934 3.549343951046467 0
      vertex 45.501208156347275 3.3745348155498505 0
      vertex 43.30247575044632 1.3950311094522476 2.6
    endloop
  endfacet
  facet normal -0.5948974174167716 -0.286487497430482 -0.7510139656270547
    outer loop
      vertex 45.33900897949934 3.549343951046467 0
      vertex 42.57420453429222 2.4747375920414925 2.6
      vertex 45.2355417534709 3.7641958594322205 0
    endloop
  endfacet
  facet normal -0.652725721776262 -0.09838255887429205 -0.7511790760138385
    outer loop
      vertex 45.2355417534709 3.7641958594322205 0
      vertex 42.28649473935366 3.478100873529911 2.6
      vertex 45.20000000298023 4 0
    endloop
  endfacet
  facet normal -0.593596208234837 -0.28951622240197766 -0.7508820803130895
    outer loop
      vertex 45.33900897949934 3.549343951046467 0
      vertex 42.68894653022289 2.239481642842293 2.6
      vertex 42.57420453429222 2.4747375920414925 2.6
    endloop
  endfacet
  facet normal -0.6129860525499159 -0.2476624456112128 -0.7502742248092661
    outer loop
      vertex 45.2355417534709 3.7641958594322205 0
      vertex 42.57420453429222 2.4747375920414925 2.6
      vertex 42.476152673363686 2.7174244597554207 2.6
    endloop
  endfacet
  facet normal -0.6291028982933601 -0.20440792258277643 -0.7499646288621136
    outer loop
      vertex 45.2355417534709 3.7641958594322205 0
      vertex 42.476152673363686 2.7174244597554207 2.6
      vertex 42.39526864141226 2.9663599133491516 2.6
    endloop
  endfacet
  facet normal -0.6416928406221822 -0.1599919880932484 -0.7500885694637698
    outer loop
      vertex 45.2355417534709 3.7641958594322205 0
      vertex 42.39526864141226 2.9663599133491516 2.6
      vertex 42.33194649964571 3.220331162214279 2.6
    endloop
  endfacet
  facet normal -0.9271838523025517 -0.37460659902009175 0
    outer loop
      vertex 42.57420453429222 2.4747375920414925 2.6
      vertex 42.476152673363686 2.7174244597554207 4
      vertex 42.476152673363686 2.7174244597554207 2.6
    endloop
  endfacet
  facet normal -0.9510565163084571 -0.3090169943340034 0
    outer loop
      vertex 42.476152673363686 2.7174244597554207 2.6
      vertex 42.39526864141226 2.9663599133491516 4
      vertex 42.39526864141226 2.9663599133491516 2.6
    endloop
  endfacet
  facet normal -0.9510565163084571 -0.3090169943340034 0
    outer loop
      vertex 42.476152673363686 2.7174244597554207 2.6
      vertex 42.476152673363686 2.7174244597554207 4
      vertex 42.39526864141226 2.9663599133491516 4
    endloop
  endfacet
  facet normal -0.9702957285113611 -0.24192188663410924 0
    outer loop
      vertex 42.39526864141226 2.9663599133491516 2.6
      vertex 42.33194649964571 3.220331162214279 4
      vertex 42.33194649964571 3.220331162214279 2.6
    endloop
  endfacet
  facet normal -0.9702957285113611 -0.24192188663410924 0
    outer loop
      vertex 42.39526864141226 2.9663599133491516 2.6
      vertex 42.39526864141226 2.9663599133491516 4
      vertex 42.33194649964571 3.220331162214279 4
    endloop
  endfacet
  facet normal -0.9848077494987413 -0.1736481975927896 0
    outer loop
      vertex 42.33194649964571 3.220331162214279 2.6
      vertex 42.28649473935366 3.478100873529911 4
      vertex 42.28649473935366 3.478100873529911 2.6
    endloop
  endfacet
  facet normal -0.9848077494987413 -0.1736481975927896 0
    outer loop
      vertex 42.33194649964571 3.220331162214279 2.6
      vertex 42.33194649964571 3.220331162214279 4
      vertex 42.28649473935366 3.478100873529911 4
    endloop
  endfacet
  facet normal -0.9945218974016594 -0.10452844392127603 0
    outer loop
      vertex 42.28649473935366 3.478100873529911 2.6
      vertex 42.28649473935366 3.478100873529911 4
      vertex 42.25913481414318 3.7384132221341133 4
    endloop
  endfacet
  facet normal -0.9945218974016594 -0.10452844392127603 0
    outer loop
      vertex 42.28649473935366 3.478100873529911 2.6
      vertex 42.25913481414318 3.7384132221341133 4
      vertex 42.25913481414318 3.7384132221341133 2.6
    endloop
  endfacet
  facet normal -0.9993908266764729 -0.03489950651393371 0
    outer loop
      vertex 42.25913481414318 3.7384132221341133 2.6
      vertex 42.25 4 4
      vertex 42.25 4 2.6
    endloop
  endfacet
  facet normal -0.9993908266764729 -0.03489950651393371 0
    outer loop
      vertex 42.25913481414318 3.7384132221341133 2.6
      vertex 42.25913481414318 3.7384132221341133 4
      vertex 42.25 4 4
    endloop
  endfacet
  facet normal 0 -0.6612009842860757 -0.7502088098517137
    outer loop
      vertex 46 3.2000000029802322 0
      vertex 80 3.2000000029802322 0
      vertex 46 0.25 2.6
    endloop
  endfacet
  facet normal 0 -1 0
    outer loop
      vertex 46 0.25 2.6
      vertex 80 0.25 2.6
      vertex 46 0.25 4
    endloop
  endfacet
  facet normal -0.6612009842860757 2.0261951996587174e-18 -0.7502088098517137
    outer loop
      vertex 45.20000000298023 4 0
      vertex 42.25 4 2.6
      vertex 42.25 38 2.6
    endloop
  endfacet
  facet normal -1 0 0
    outer loop
      vertex 42.25 4 2.6
      vertex 42.25 4 4
      vertex 42.25 38 4
    endloop
  endfacet
  facet normal -1 0 0
    outer loop
      vertex 42.25 5.5 7.01
      vertex 42.25 36.5 7.01
      vertex 42.25 5.5 7
    endloop
  endfacet
  facet normal 0 0 -1
    outer loop
      vertex 45.33900897949934 3.549343951046467 0
      vertex 80.29227282106876 38.744699001312256 0
      vertex 45.501208156347275 3.3745348155498505 0
    endloop
  endfacet
  facet normal 0 0 -1
    outer loop
      vertex 45.33900897949934 3.549343951046467 0
      vertex 45.2355417534709 3.7641958594322205 0
      vertex 80.29227282106876 38.744699001312256 0
    endloop
  endfacet
  facet normal 0 0 -1
    outer loop
      vertex 45.2355417534709 3.7641958594322205 0
      vertex 45.20000000298023 4 0
      vertex 80.29227282106876 38.744699001312256 0
    endloop
  endfacet
  facet normal 0 0 -1
    outer loop
      vertex 45.707727178931236 3.255300998687744 0
      vertex 80.29227282106876 38.744699001312256 0
      vertex 45.940215922892094 3.2022369652986526 0
    endloop
  endfacet
  facet normal 0 0 -1
    outer loop
      vertex 45.940215922892094 3.2022369652986526 0
      vertex 80.29227282106876 38.744699001312256 0
      vertex 46 3.2000000029802322 0
    endloop
  endfacet
  facet normal 0 0 -1
    outer loop
      vertex 45.707727178931236 3.255300998687744 0
      vertex 45.501208156347275 3.3745348155498505 0
      vertex 80.29227282106876 38.744699001312256 0
    endloop
  endfacet
  facet normal 0 0 1
    outer loop
      vertex 42.25 5.5 7.01
      vertex 83.75 5.5 7.01
      vertex 42.25 36.5 7.01
    endloop
  endfacet
  facet normal -1 0 0
    outer loop
      vertex 42.25 36.5 7.01
      vertex 42.25 36.5 7
      vertex 42.25 5.5 7
    endloop
  endfacet
  facet normal -0.6612009842860757 0 -0.7502088098517137
    outer loop
      vertex 45.20000000298023 4 0
      vertex 42.25 38 2.6
      vertex 45.20000000298023 38 0
    endloop
  endfacet
  facet normal -1 0 0
    outer loop
      vertex 42.25 4 2.6
      vertex 42.25 38 4
      vertex 42.25 38 2.6
    endloop
  endfacet
  facet normal 0 0 -1
    outer loop
      vertex 45.20000000298023 4 0
      vertex 45.20000000298023 38 0
      vertex 80.29227282106876 38.744699001312256 0
    endloop
  endfacet
  facet normal -0.6611569520653913 0.011540544927629846 -0.7501588502166558
    outer loop
      vertex 45.20000000298023 38 0
      vertex 42.25 38 2.6
      vertex 42.25228440016508 38.13087311387062 2.6
    endloop
  endfacet
  facet normal -0.6598766241261053 0.04614305890705173 -0.7499557713936437
    outer loop
      vertex 45.20223696529865 38.059784077107906 0
      vertex 42.25228440016508 38.13087311387062 2.6
      vertex 42.27054288983345 38.39198173582554 2.6
    endloop
  endfacet
  facet normal -0.6548416775346021 0.09203199542746929 -0.7501416460784631
    outer loop
      vertex 45.20223696529865 38.059784077107906 0
      vertex 42.27054288983345 38.39198173582554 2.6
      vertex 42.30697092413902 38.65118066966534 2.6
    endloop
  endfacet
  facet normal -0.6461410148159342 0.1373415099737018 -0.7507590150046672
    outer loop
      vertex 45.20223696529865 38.059784077107906 0
      vertex 42.30697092413902 38.65118066966534 2.6
      vertex 42.3613910228014 38.90720710903406 2.6
    endloop
  endfacet
  facet normal -0.6606695619198683 0.024720510651599845 -0.7502697023775742
    outer loop
      vertex 45.20000000298023 38 0
      vertex 42.25228440016508 38.13087311387062 2.6
      vertex 45.20223696529865 38.059784077107906 0
    endloop
  endfacet
  facet normal -0.6436171015062688 0.14690138878237063 -0.7511171736969406
    outer loop
      vertex 45.20223696529865 38.059784077107906 0
      vertex 42.3613910228014 38.90720710903406 2.6
      vertex 45.255300998687744 38.292272821068764 0
    endloop
  endfacet
  facet normal -0.5716417116387702 0.3300375060053738 -0.7511997059001355
    outer loop
      vertex 45.255300998687744 38.292272821068764 0
      vertex 42.7524047344923 39.875 2.6
      vertex 45.37453481554985 38.498791843652725 0
    endloop
  endfacet
  facet normal -0.44902889992630385 0.4839380527972963 -0.7511171733396427
    outer loop
      vertex 45.37453481554985 38.498791843652725 0
      vertex 43.39503110945225 40.69752424955368 2.6
      vertex 45.54934395104647 38.66099102050066 0
    endloop
  endfacet
  facet normal -0.6354291183366749 0.1822063777734888 -0.7503536975777096
    outer loop
      vertex 45.255300998687744 38.292272821068764 0
      vertex 42.3613910228014 38.90720710903406 2.6
      vertex 42.43353806436062 39.15881372988224 2.6
    endloop
  endfacet
  facet normal -0.621567059245122 0.22623190764043685 -0.7499823430099802
    outer loop
      vertex 45.255300998687744 38.292272821068764 0
      vertex 42.43353806436062 39.15881372988224 2.6
      vertex 42.52306054532528 39.404774725437164 2.6
    endloop
  endfacet
  facet normal -0.6042076135919919 0.269010550828339 -0.7500443208374447
    outer loop
      vertex 45.255300998687744 38.292272821068764 0
      vertex 42.52306054532528 39.404774725437164 2.6
      vertex 42.6295223236084 39.64389180392027 2.6
    endloop
  endfacet
  facet normal -0.5834749456181297 0.3102391400397356 -0.750538915595538
    outer loop
      vertex 45.255300998687744 38.292272821068764 0
      vertex 42.6295223236084 39.64389180392027 2.6
      vertex 42.7524047344923 39.875 2.6
    endloop
  endfacet
  facet normal -0.9998476949610728 0.017452417627068444 0
    outer loop
      vertex 42.25 38 2.6
      vertex 42.25 38 4
      vertex 42.25228440016508 38.13087311387062 4
    endloop
  endfacet
  facet normal -0.9998476949610728 0.017452417627068444 0
    outer loop
      vertex 42.25 38 2.6
      vertex 42.25228440016508 38.13087311387062 4
      vertex 42.25228440016508 38.13087311387062 2.6
    endloop
  endfacet
  facet normal -0.9975640512796179 0.06975645916039604 0
    outer loop
      vertex 42.25228440016508 38.13087311387062 2.6
      vertex 42.27054288983345 38.39198173582554 4
      vertex 42.27054288983345 38.39198173582554 2.6
    endloop
  endfacet
  facet normal -0.9975640512796179 0.06975645916039604 0
    outer loop
      vertex 42.25228440016508 38.13087311387062 2.6
      vertex 42.25228440016508 38.13087311387062 4
      vertex 42.27054288983345 38.39198173582554 4
    endloop
  endfacet
  facet normal -0.9902680688522706 0.13917310017239254 0
    outer loop
      vertex 42.27054288983345 38.39198173582554 2.6
      vertex 42.30697092413902 38.65118066966534 4
      vertex 42.30697092413902 38.65118066966534 2.6
    endloop
  endfacet
  facet normal -0.9902680688522706 0.13917310017239254 0
    outer loop
      vertex 42.27054288983345 38.39198173582554 2.6
      vertex 42.27054288983345 38.39198173582554 4
      vertex 42.30697092413902 38.65118066966534 4
    endloop
  endfacet
  facet normal -0.9781476015002516 0.20791168721191458 0
    outer loop
      vertex 42.30697092413902 38.65118066966534 2.6
      vertex 42.30697092413902 38.65118066966534 4
      vertex 42.3613910228014 38.90720710903406 4
    endloop
  endfacet
  facet normal -0.9781476015002516 0.20791168721191458 0
    outer loop
      vertex 42.30697092413902 38.65118066966534 2.6
      vertex 42.3613910228014 38.90720710903406 4
      vertex 42.3613910228014 38.90720710903406 2.6
    endloop
  endfacet
  facet normal -0.9612616918845166 0.27563736995428795 0
    outer loop
      vertex 42.3613910228014 38.90720710903406 2.6
      vertex 42.3613910228014 38.90720710903406 4
      vertex 42.43353806436062 39.15881372988224 4
    endloop
  endfacet
  facet normal -0.9612616918845166 0.27563736995428795 0
    outer loop
      vertex 42.3613910228014 38.90720710903406 2.6
      vertex 42.43353806436062 39.15881372988224 4
      vertex 42.43353806436062 39.15881372988224 2.6
    endloop
  endfacet
  facet normal -0.939692621041079 0.34202014262459324 0
    outer loop
      vertex 42.43353806436062 39.15881372988224 2.6
      vertex 42.52306054532528 39.404774725437164 4
      vertex 42.52306054532528 39.404774725437164 2.6
    endloop
  endfacet
  facet normal -0.939692621041079 0.34202014262459324 0
    outer loop
      vertex 42.43353806436062 39.15881372988224 2.6
      vertex 42.43353806436062 39.15881372988224 4
      vertex 42.52306054532528 39.404774725437164 4
    endloop
  endfacet
  facet normal -0.286487497430482 0.5948974174167716 -0.7510139656270547
    outer loop
      vertex 45.54934395104647 38.66099102050066 0
      vertex 44.47473759204149 41.42579546570778 2.6
      vertex 45.76419585943222 38.7644582465291 0
    endloop
  endfacet
  facet normal -0.09838255887429205 0.652725721776262 -0.7511790760138385
    outer loop
      vertex 45.76419585943222 38.7644582465291 0
      vertex 45.47810087352991 41.71350526064634 2.6
      vertex 46 38.79999999701977 0
    endloop
  endfacet
  facet normal -0.5604124464310254 0.3501845597152763 -0.7505389157280328
    outer loop
      vertex 45.37453481554985 38.498791843652725 0
      vertex 42.7524047344923 39.875 2.6
      vertex 42.891109101474285 40.09697338938713 2.6
    endloop
  endfacet
  facet normal -0.5350737850551668 0.3887538560978602 -0.7500443213009357
    outer loop
      vertex 45.37453481554985 38.498791843652725 0
      vertex 42.891109101474285 40.09697338938713 2.6
      vertex 43.04495967179537 40.30873053520918 2.6
    endloop
  endfacet
  facet normal -0.5067061024661204 0.42517691631556814 -0.7499823434961506
    outer loop
      vertex 45.37453481554985 38.498791843652725 0
      vertex 43.04495967179537 40.30873053520918 2.6
      vertex 43.21320690214634 40.50923977047205 2.6
    endloop
  endfacet
  facet normal -0.47550990497178275 0.45919457599114016 -0.7503536977013194
    outer loop
      vertex 45.37453481554985 38.498791843652725 0
      vertex 43.21320690214634 40.50923977047205 2.6
      vertex 43.39503110945225 40.69752424955368 2.6
    endloop
  endfacet
  facet normal -0.44201175002614423 0.49090377396602536 -0.7507590142946928
    outer loop
      vertex 45.54934395104647 38.66099102050066 0
      vertex 43.39503110945225 40.69752424955368 2.6
      vertex 43.5895464643836 40.87266666442156 2.6
    endloop
  endfacet
  facet normal -0.4071228822062101 0.5210935336051186 -0.7501416453037648
    outer loop
      vertex 45.54934395104647 38.66099102050066 0
      vertex 43.5895464643836 40.87266666442156 2.6
      vertex 43.79580530524254 41.03381372988224 2.6
    endloop
  endfacet
  facet normal -0.36989938838850717 0.5483983808383065 -0.7499557709383481
    outer loop
      vertex 45.54934395104647 38.66099102050066 0
      vertex 43.79580530524254 41.03381372988224 2.6
      vertex 44.01280275732279 41.18018036335707 2.6
    endloop
  endfacet
  facet normal -0.3306034670411384 0.5726220421271677 -0.7502035353492352
    outer loop
      vertex 45.54934395104647 38.66099102050066 0
      vertex 44.01280275732279 41.18018036335707 2.6
      vertex 44.23948164284229 41.31105346977711 2.6
    endloop
  endfacet
  facet normal -0.28951622240197755 0.5935962082348373 -0.7508820803130892
    outer loop
      vertex 45.54934395104647 38.66099102050066 0
      vertex 44.23948164284229 41.31105346977711 2.6
      vertex 44.47473759204149 41.42579546570778 2.6
    endloop
  endfacet
  facet normal -0.2476624456112128 0.612986052549916 -0.7502742248092659
    outer loop
      vertex 45.76419585943222 38.7644582465291 0
      vertex 44.47473759204149 41.42579546570778 2.6
      vertex 44.71742445975542 41.523847326636314 2.6
    endloop
  endfacet
  facet normal -0.20440792258277624 0.6291028982933601 -0.7499646288621137
    outer loop
      vertex 45.76419585943222 38.7644582465291 0
      vertex 44.71742445975542 41.523847326636314 2.6
      vertex 44.96635991334915 41.60473135858774 2.6
    endloop
  endfacet
  facet normal -0.15999198809324827 0.6416928406221822 -0.7500885694637698
    outer loop
      vertex 45.76419585943222 38.7644582465291 0
      vertex 44.96635991334915 41.60473135858774 2.6
      vertex 45.22033116221428 41.66805350035429 2.6
    endloop
  endfacet
  facet normal -0.11473043774754482 0.6506685687698543 -0.7506446164925489
    outer loop
      vertex 45.76419585943222 38.7644582465291 0
      vertex 45.22033116221428 41.66805350035429 2.6
      vertex 45.47810087352991 41.71350526064634 2.6
    endloop
  endfacet
  facet normal -0.0690866516294414 0.6573157055259183 -0.7504419350193569
    outer loop
      vertex 46 38.79999999701977 0
      vertex 45.47810087352991 41.71350526064634 2.6
      vertex 45.73841322213411 41.74086518585682 2.6
    endloop
  endfacet
  facet normal -0.02308350120127333 0.6610248009930202 -0.7500089095766989
    outer loop
      vertex 46 38.79999999701977 0
      vertex 45.73841322213411 41.74086518585682 2.6
      vertex 46 41.75 2.6
    endloop
  endfacet
  facet normal -0.913545463611597 0.40673662966921503 0
    outer loop
      vertex 42.52306054532528 39.404774725437164 2.6
      vertex 42.6295223236084 39.64389180392027 4
      vertex 42.6295223236084 39.64389180392027 2.6
    endloop
  endfacet
  facet normal -0.913545463611597 0.40673662966921503 0
    outer loop
      vertex 42.52306054532528 39.404774725437164 2.6
      vertex 42.52306054532528 39.404774725437164 4
      vertex 42.6295223236084 39.64389180392027 4
    endloop
  endfacet
  facet normal -0.882947587642265 0.46947157259700467 0
    outer loop
      vertex 42.6295223236084 39.64389180392027 2.6
      vertex 42.7524047344923 39.875 4
      vertex 42.7524047344923 39.875 2.6
    endloop
  endfacet
  facet normal -0.8480480978483979 0.5299192615254839 0
    outer loop
      vertex 42.7524047344923 39.875 2.6
      vertex 42.891109101474285 40.09697338938713 4
      vertex 42.891109101474285 40.09697338938713 2.6
    endloop
  endfacet
  facet normal -0.882947587642265 0.46947157259700467 0
    outer loop
      vertex 42.6295223236084 39.64389180392027 2.6
      vertex 42.6295223236084 39.64389180392027 4
      vertex 42.7524047344923 39.875 4
    endloop
  endfacet
  facet normal -0.8480480978483979 0.5299192615254839 0
    outer loop
      vertex 42.7524047344923 39.875 2.6
      vertex 42.7524047344923 39.875 4
      vertex 42.891109101474285 40.09697338938713 4
    endloop
  endfacet
  facet normal -0.8090169975136928 0.5877852479723605 0
    outer loop
      vertex 42.891109101474285 40.09697338938713 2.6
      vertex 43.04495967179537 40.30873053520918 4
      vertex 43.04495967179537 40.30873053520918 2.6
    endloop
  endfacet
  facet normal -0.8090169975136928 0.5877852479723605 0
    outer loop
      vertex 42.891109101474285 40.09697338938713 2.6
      vertex 42.891109101474285 40.09697338938713 4
      vertex 43.04495967179537 40.30873053520918 4
    endloop
  endfacet
  facet normal -0.7660444337236486 0.6427876208834568 0
    outer loop
      vertex 43.04495967179537 40.30873053520918 2.6
      vertex 43.21320690214634 40.50923977047205 4
      vertex 43.21320690214634 40.50923977047205 2.6
    endloop
  endfacet
  facet normal -0.7660444337236486 0.6427876208834568 0
    outer loop
      vertex 43.04495967179537 40.30873053520918 2.6
      vertex 43.04495967179537 40.30873053520918 4
      vertex 43.21320690214634 40.50923977047205 4
    endloop
  endfacet
  facet normal -0.7193398015101028 0.6946583692459235 0
    outer loop
      vertex 43.21320690214634 40.50923977047205 2.6
      vertex 43.21320690214634 40.50923977047205 4
      vertex 43.39503110945225 40.69752424955368 4
    endloop
  endfacet
  facet normal -0.7193398015101028 0.6946583692459235 0
    outer loop
      vertex 43.21320690214634 40.50923977047205 2.6
      vertex 43.39503110945225 40.69752424955368 4
      vertex 43.39503110945225 40.69752424955368 2.6
    endloop
  endfacet
  facet normal -0.6691306118650311 0.743144820519614 0
    outer loop
      vertex 43.39503110945225 40.69752424955368 2.6
      vertex 43.5895464643836 40.87266666442156 4
      vertex 43.5895464643836 40.87266666442156 2.6
    endloop
  endfacet
  facet normal -0.615661470005977 0.7880107577629124 0
    outer loop
      vertex 43.5895464643836 40.87266666442156 2.6
      vertex 43.79580530524254 41.03381372988224 4
      vertex 43.79580530524254 41.03381372988224 2.6
    endloop
  endfacet
  facet normal -0.6691306118650311 0.743144820519614 0
    outer loop
      vertex 43.39503110945225 40.69752424955368 2.6
      vertex 43.39503110945225 40.69752424955368 4
      vertex 43.5895464643836 40.87266666442156 4
    endloop
  endfacet
  facet normal -0.615661470005977 0.7880107577629124 0
    outer loop
      vertex 43.5895464643836 40.87266666442156 2.6
      vertex 43.5895464643836 40.87266666442156 4
      vertex 43.79580530524254 41.03381372988224 4
    endloop
  endfacet
  facet normal -0.559192913747207 0.8290375656234816 0
    outer loop
      vertex 43.79580530524254 41.03381372988224 2.6
      vertex 44.01280275732279 41.18018036335707 4
      vertex 44.01280275732279 41.18018036335707 2.6
    endloop
  endfacet
  facet normal -0.4999999737696784 0.8660254189285214 0
    outer loop
      vertex 44.01280275732279 41.18018036335707 2.6
      vertex 44.23948164284229 41.31105346977711 4
      vertex 44.23948164284229 41.31105346977711 2.6
    endloop
  endfacet
  facet normal -0.559192913747207 0.8290375656234816 0
    outer loop
      vertex 43.79580530524254 41.03381372988224 2.6
      vertex 43.79580530524254 41.03381372988224 4
      vertex 44.01280275732279 41.18018036335707 4
    endloop
  endfacet
  facet normal -0.4999999737696784 0.8660254189285214 0
    outer loop
      vertex 44.01280275732279 41.18018036335707 2.6
      vertex 44.01280275732279 41.18018036335707 4
      vertex 44.23948164284229 41.31105346977711 4
    endloop
  endfacet
  facet normal -0.438371155591943 0.8987940420057225 0
    outer loop
      vertex 44.23948164284229 41.31105346977711 2.6
      vertex 44.47473759204149 41.42579546570778 4
      vertex 44.47473759204149 41.42579546570778 2.6
    endloop
  endfacet
  facet normal -0.37460659902009175 0.9271838523025517 0
    outer loop
      vertex 44.47473759204149 41.42579546570778 2.6
      vertex 44.71742445975542 41.523847326636314 4
      vertex 44.71742445975542 41.523847326636314 2.6
    endloop
  endfacet
  facet normal -0.3090169943340034 0.9510565163084571 0
    outer loop
      vertex 44.71742445975542 41.523847326636314 2.6
      vertex 44.96635991334915 41.60473135858774 4
      vertex 44.96635991334915 41.60473135858774 2.6
    endloop
  endfacet
  facet normal -0.24192188663410924 0.9702957285113611 0
    outer loop
      vertex 44.96635991334915 41.60473135858774 2.6
      vertex 45.22033116221428 41.66805350035429 4
      vertex 45.22033116221428 41.66805350035429 2.6
    endloop
  endfacet
  facet normal -0.438371155591943 0.8987940420057225 0
    outer loop
      vertex 44.23948164284229 41.31105346977711 2.6
      vertex 44.23948164284229 41.31105346977711 4
      vertex 44.47473759204149 41.42579546570778 4
    endloop
  endfacet
  facet normal -0.37460659902009175 0.9271838523025517 0
    outer loop
      vertex 44.47473759204149 41.42579546570778 2.6
      vertex 44.47473759204149 41.42579546570778 4
      vertex 44.71742445975542 41.523847326636314 4
    endloop
  endfacet
  facet normal -0.3090169943340034 0.9510565163084571 0
    outer loop
      vertex 44.71742445975542 41.523847326636314 2.6
      vertex 44.71742445975542 41.523847326636314 4
      vertex 44.96635991334915 41.60473135858774 4
    endloop
  endfacet
  facet normal -0.24192188663410924 0.9702957285113611 0
    outer loop
      vertex 44.96635991334915 41.60473135858774 2.6
      vertex 44.96635991334915 41.60473135858774 4
      vertex 45.22033116221428 41.66805350035429 4
    endloop
  endfacet
  facet normal -0.1736481975927896 0.9848077494987413 0
    outer loop
      vertex 45.22033116221428 41.66805350035429 2.6
      vertex 45.47810087352991 41.71350526064634 4
      vertex 45.47810087352991 41.71350526064634 2.6
    endloop
  endfacet
  facet normal -0.10452844392127603 0.9945218974016594 0
    outer loop
      vertex 45.47810087352991 41.71350526064634 2.6
      vertex 45.73841322213411 41.74086518585682 4
      vertex 45.73841322213411 41.74086518585682 2.6
    endloop
  endfacet
  facet normal -0.03489950651393371 0.9993908266764729 0
    outer loop
      vertex 45.73841322213411 41.74086518585682 2.6
      vertex 46 41.75 4
      vertex 46 41.75 2.6
    endloop
  endfacet
  facet normal -0.1736481975927896 0.9848077494987413 0
    outer loop
      vertex 45.22033116221428 41.66805350035429 2.6
      vertex 45.22033116221428 41.66805350035429 4
      vertex 45.47810087352991 41.71350526064634 4
    endloop
  endfacet
  facet normal -0.10452844392127603 0.9945218974016594 0
    outer loop
      vertex 45.47810087352991 41.71350526064634 2.6
      vertex 45.47810087352991 41.71350526064634 4
      vertex 45.73841322213411 41.74086518585682 4
    endloop
  endfacet
  facet normal -0.03489950651393371 0.9993908266764729 0
    outer loop
      vertex 45.73841322213411 41.74086518585682 2.6
      vertex 45.73841322213411 41.74086518585682 4
      vertex 46 41.75 4
    endloop
  endfacet
  facet normal 0 0 -1
    outer loop
      vertex 45.20000000298023 38 0
      vertex 45.20223696529865 38.059784077107906 0
      vertex 80.29227282106876 38.744699001312256 0
    endloop
  endfacet
  facet normal 0 0 -1
    outer loop
      vertex 45.20223696529865 38.059784077107906 0
      vertex 45.255300998687744 38.292272821068764 0
      vertex 80.29227282106876 38.744699001312256 0
    endloop
  endfacet
  facet normal 0 0 -1
    outer loop
      vertex 45.255300998687744 38.292272821068764 0
      vertex 45.37453481554985 38.498791843652725 0
      vertex 80.29227282106876 38.744699001312256 0
    endloop
  endfacet
  facet normal 0 0 -1
    outer loop
      vertex 45.37453481554985 38.498791843652725 0
      vertex 45.54934395104647 38.66099102050066 0
      vertex 80.29227282106876 38.744699001312256 0
    endloop
  endfacet
  facet normal 0 0 -1
    outer loop
      vertex 45.54934395104647 38.66099102050066 0
      vertex 45.76419585943222 38.7644582465291 0
      vertex 80.29227282106876 38.744699001312256 0
    endloop
  endfacet
  facet normal 0 0 -1
    outer loop
      vertex 45.76419585943222 38.7644582465291 0
      vertex 46 38.79999999701977 0
      vertex 80.29227282106876 38.744699001312256 0
    endloop
  endfacet
  facet normal -2.0261951996587174e-18 0.6612009842860757 -0.7502088098517137
    outer loop
      vertex 46 38.79999999701977 0
      vertex 46 41.75 2.6
      vertex 80 41.75 2.6
    endloop
  endfacet
  facet normal 0 1 0
    outer loop
      vertex 46 41.75 2.6
      vertex 46 41.75 4
      vertex 80 41.75 4
    endloop
  endfacet
  facet normal 0 -0.6612009842860757 -0.7502088098517137
    outer loop
      vertex 46 0.25 2.6
      vertex 80 3.2000000029802322 0
      vertex 80 0.25 2.6
    endloop
  endfacet
  facet normal 0 -1 0
    outer loop
      vertex 80 0.25 2.6
      vertex 80 0.25 4
      vertex 46 0.25 4
    endloop
  endfacet
  facet normal 0.02308350120127333 -0.6610248009930202 -0.7500089095766989
    outer loop
      vertex 80 3.2000000029802322 0
      vertex 80.26158677786589 0.25913481414318085 2.6
      vertex 80 0.25 2.6
    endloop
  endfacet
  facet normal 0.0690866516294414 -0.6573157055259183 -0.7504419350193569
    outer loop
      vertex 80 3.2000000029802322 0
      vertex 80.52189912647009 0.28649473935365677 2.6
      vertex 80.26158677786589 0.25913481414318085 2.6
    endloop
  endfacet
  facet normal 0.11473043774754482 -0.6506685687698543 -0.7506446164925489
    outer loop
      vertex 80.23580414056778 3.2355417534708977 0
      vertex 80.77966883778572 0.33194649964571 2.6
      vertex 80.52189912647009 0.28649473935365677 2.6
    endloop
  endfacet
  facet normal 0.09838255887429205 -0.652725721776262 -0.7511790760138385
    outer loop
      vertex 80 3.2000000029802322 0
      vertex 80.23580414056778 3.2355417534708977 0
      vertex 80.52189912647009 0.28649473935365677 2.6
    endloop
  endfacet
  facet normal 0.286487497430482 -0.5948974174167716 -0.7510139656270547
    outer loop
      vertex 80.23580414056778 3.2355417534708977 0
      vertex 80.45065604895353 3.33900897949934 0
      vertex 81.52526240795851 0.5742045342922211 2.6
    endloop
  endfacet
  facet normal 0.15999198809324827 -0.6416928406221822 -0.7500885694637698
    outer loop
      vertex 80.23580414056778 3.2355417534708977 0
      vertex 81.03364008665085 0.39526864141225815 2.6
      vertex 80.77966883778572 0.33194649964571 2.6
    endloop
  endfacet
  facet normal 0.20440792258277624 -0.6291028982933601 -0.7499646288621137
    outer loop
      vertex 80.23580414056778 3.2355417534708977 0
      vertex 81.28257554024458 0.4761526733636856 2.6
      vertex 81.03364008665085 0.39526864141225815 2.6
    endloop
  endfacet
  facet normal 0.2476624456112128 -0.612986052549916 -0.7502742248092659
    outer loop
      vertex 80.23580414056778 3.2355417534708977 0
      vertex 81.52526240795851 0.5742045342922211 2.6
      vertex 81.28257554024458 0.4761526733636856 2.6
    endloop
  endfacet
  facet normal 0.28951622240197755 -0.5935962082348373 -0.7508820803130892
    outer loop
      vertex 80.45065604895353 3.33900897949934 0
      vertex 81.76051835715771 0.6889465302228928 2.6
      vertex 81.52526240795851 0.5742045342922211 2.6
    endloop
  endfacet
  facet normal 0.3306034670411384 -0.5726220421271677 -0.7502035353492352
    outer loop
      vertex 80.45065604895353 3.33900897949934 0
      vertex 81.98719724267721 0.8198196366429329 2.6
      vertex 81.76051835715771 0.6889465302228928 2.6
    endloop
  endfacet
  facet normal 0.36989938838850717 -0.5483983808383065 -0.7499557709383481
    outer loop
      vertex 80.45065604895353 3.33900897949934 0
      vertex 82.20419469475746 0.9661862701177597 2.6
      vertex 81.98719724267721 0.8198196366429329 2.6
    endloop
  endfacet
  facet normal 0.4071228822062101 -0.5210935336051186 -0.7501416453037648
    outer loop
      vertex 80.45065604895353 3.33900897949934 0
      vertex 82.4104535356164 1.1273333355784416 2.6
      vertex 82.20419469475746 0.9661862701177597 2.6
    endloop
  endfacet
  facet normal 0.44201175002614423 -0.49090377396602536 -0.7507590142946928
    outer loop
      vertex 80.45065604895353 3.33900897949934 0
      vertex 82.60496889054775 1.3024757504463196 2.6
      vertex 82.4104535356164 1.1273333355784416 2.6
    endloop
  endfacet
  facet normal 0.47550990497178275 -0.45919457599114016 -0.7503536977013194
    outer loop
      vertex 80.62546518445015 3.501208156347275 0
      vertex 82.78679309785366 1.4907602295279503 2.6
      vertex 82.60496889054775 1.3024757504463196 2.6
    endloop
  endfacet
  facet normal 0.5067061024661204 -0.42517691631556814 -0.7499823434961506
    outer loop
      vertex 80.62546518445015 3.501208156347275 0
      vertex 82.95504032820463 1.691269464790821 2.6
      vertex 82.78679309785366 1.4907602295279503 2.6
    endloop
  endfacet
  facet normal 0.5350737850551668 -0.3887538560978602 -0.7500443213009357
    outer loop
      vertex 80.62546518445015 3.501208156347275 0
      vertex 83.10889089852571 1.9030266106128693 2.6
      vertex 82.95504032820463 1.691269464790821 2.6
    endloop
  endfacet
  facet normal 0.5604124464310254 -0.3501845597152763 -0.7505389157280328
    outer loop
      vertex 80.62546518445015 3.501208156347275 0
      vertex 83.2475952655077 2.125 2.6
      vertex 83.10889089852571 1.9030266106128693 2.6
    endloop
  endfacet
  facet normal 0.03489950651393371 -0.9993908266764729 0
    outer loop
      vertex 80 0.25 2.6
      vertex 80.26158677786589 0.25913481414318085 2.6
      vertex 80 0.25 4
    endloop
  endfacet
  facet normal 0.10452844392127603 -0.9945218974016594 0
    outer loop
      vertex 80.26158677786589 0.25913481414318085 2.6
      vertex 80.52189912647009 0.28649473935365677 2.6
      vertex 80.26158677786589 0.25913481414318085 4
    endloop
  endfacet
  facet normal 0.1736481975927896 -0.9848077494987413 0
    outer loop
      vertex 80.52189912647009 0.28649473935365677 2.6
      vertex 80.77966883778572 0.33194649964571 2.6
      vertex 80.52189912647009 0.28649473935365677 4
    endloop
  endfacet
  facet normal 0.03489950651393371 -0.9993908266764729 0
    outer loop
      vertex 80.26158677786589 0.25913481414318085 2.6
      vertex 80.26158677786589 0.25913481414318085 4
      vertex 80 0.25 4
    endloop
  endfacet
  facet normal 0.10452844392127603 -0.9945218974016594 0
    outer loop
      vertex 80.52189912647009 0.28649473935365677 2.6
      vertex 80.52189912647009 0.28649473935365677 4
      vertex 80.26158677786589 0.25913481414318085 4
    endloop
  endfacet
  facet normal 0.1736481975927896 -0.9848077494987413 0
    outer loop
      vertex 80.77966883778572 0.33194649964571 2.6
      vertex 80.77966883778572 0.33194649964571 4
      vertex 80.52189912647009 0.28649473935365677 4
    endloop
  endfacet
  facet normal 0.24192188663410924 -0.9702957285113611 0
    outer loop
      vertex 80.77966883778572 0.33194649964571 2.6
      vertex 81.03364008665085 0.39526864141225815 2.6
      vertex 80.77966883778572 0.33194649964571 4
    endloop
  endfacet
  facet normal 0.3090169943340034 -0.9510565163084571 0
    outer loop
      vertex 81.03364008665085 0.39526864141225815 2.6
      vertex 81.28257554024458 0.4761526733636856 2.6
      vertex 81.03364008665085 0.39526864141225815 4
    endloop
  endfacet
  facet normal 0.37460659902009175 -0.9271838523025517 0
    outer loop
      vertex 81.28257554024458 0.4761526733636856 2.6
      vertex 81.52526240795851 0.5742045342922211 2.6
      vertex 81.28257554024458 0.4761526733636856 4
    endloop
  endfacet
  facet normal 0.438371155591943 -0.8987940420057225 0
    outer loop
      vertex 81.52526240795851 0.5742045342922211 2.6
      vertex 81.76051835715771 0.6889465302228928 2.6
      vertex 81.52526240795851 0.5742045342922211 4
    endloop
  endfacet
  facet normal 0.24192188663410924 -0.9702957285113611 0
    outer loop
      vertex 81.03364008665085 0.39526864141225815 2.6
      vertex 81.03364008665085 0.39526864141225815 4
      vertex 80.77966883778572 0.33194649964571 4
    endloop
  endfacet
  facet normal 0.3090169943340034 -0.9510565163084571 0
    outer loop
      vertex 81.28257554024458 0.4761526733636856 2.6
      vertex 81.28257554024458 0.4761526733636856 4
      vertex 81.03364008665085 0.39526864141225815 4
    endloop
  endfacet
  facet normal 0.37460659902009175 -0.9271838523025517 0
    outer loop
      vertex 81.52526240795851 0.5742045342922211 2.6
      vertex 81.52526240795851 0.5742045342922211 4
      vertex 81.28257554024458 0.4761526733636856 4
    endloop
  endfacet
  facet normal 0.438371155591943 -0.8987940420057225 0
    outer loop
      vertex 81.76051835715771 0.6889465302228928 2.6
      vertex 81.76051835715771 0.6889465302228928 4
      vertex 81.52526240795851 0.5742045342922211 4
    endloop
  endfacet
  facet normal 0.4999999737696784 -0.8660254189285214 0
    outer loop
      vertex 81.76051835715771 0.6889465302228928 2.6
      vertex 81.98719724267721 0.8198196366429329 2.6
      vertex 81.76051835715771 0.6889465302228928 4
    endloop
  endfacet
  facet normal 0.559192913747207 -0.8290375656234816 0
    outer loop
      vertex 81.98719724267721 0.8198196366429329 2.6
      vertex 82.20419469475746 0.9661862701177597 2.6
      vertex 81.98719724267721 0.8198196366429329 4
    endloop
  endfacet
  facet normal 0.4999999737696784 -0.8660254189285214 0
    outer loop
      vertex 81.98719724267721 0.8198196366429329 2.6
      vertex 81.98719724267721 0.8198196366429329 4
      vertex 81.76051835715771 0.6889465302228928 4
    endloop
  endfacet
  facet normal 0.559192913747207 -0.8290375656234816 0
    outer loop
      vertex 82.20419469475746 0.9661862701177597 2.6
      vertex 82.20419469475746 0.9661862701177597 4
      vertex 81.98719724267721 0.8198196366429329 4
    endloop
  endfacet
  facet normal 0.615661470005977 -0.7880107577629124 0
    outer loop
      vertex 82.20419469475746 0.9661862701177597 2.6
      vertex 82.4104535356164 1.1273333355784416 2.6
      vertex 82.20419469475746 0.9661862701177597 4
    endloop
  endfacet
  facet normal 0.6691306118650311 -0.743144820519614 0
    outer loop
      vertex 82.4104535356164 1.1273333355784416 2.6
      vertex 82.60496889054775 1.3024757504463196 2.6
      vertex 82.4104535356164 1.1273333355784416 4
    endloop
  endfacet
  facet normal 0.615661470005977 -0.7880107577629124 0
    outer loop
      vertex 82.4104535356164 1.1273333355784416 2.6
      vertex 82.4104535356164 1.1273333355784416 4
      vertex 82.20419469475746 0.9661862701177597 4
    endloop
  endfacet
  facet normal 0.6691306118650311 -0.743144820519614 0
    outer loop
      vertex 82.60496889054775 1.3024757504463196 2.6
      vertex 82.60496889054775 1.3024757504463196 4
      vertex 82.4104535356164 1.1273333355784416 4
    endloop
  endfacet
  facet normal 0.7193398015101028 -0.6946583692459235 0
    outer loop
      vertex 82.60496889054775 1.3024757504463196 2.6
      vertex 82.78679309785366 1.4907602295279503 2.6
      vertex 82.60496889054775 1.3024757504463196 4
    endloop
  endfacet
  facet normal 0.7660444337236486 -0.6427876208834568 0
    outer loop
      vertex 82.78679309785366 1.4907602295279503 2.6
      vertex 82.95504032820463 1.691269464790821 2.6
      vertex 82.78679309785366 1.4907602295279503 4
    endloop
  endfacet
  facet normal 0.7193398015101028 -0.6946583692459235 0
    outer loop
      vertex 82.78679309785366 1.4907602295279503 2.6
      vertex 82.78679309785366 1.4907602295279503 4
      vertex 82.60496889054775 1.3024757504463196 4
    endloop
  endfacet
  facet normal 0.7660444337236486 -0.6427876208834568 0
    outer loop
      vertex 82.95504032820463 1.691269464790821 2.6
      vertex 82.95504032820463 1.691269464790821 4
      vertex 82.78679309785366 1.4907602295279503 4
    endloop
  endfacet
  facet normal 0.8090169975136928 -0.5877852479723605 0
    outer loop
      vertex 82.95504032820463 1.691269464790821 2.6
      vertex 83.10889089852571 1.9030266106128693 2.6
      vertex 82.95504032820463 1.691269464790821 4
    endloop
  endfacet
  facet normal 0.8090169975136928 -0.5877852479723605 0
    outer loop
      vertex 83.10889089852571 1.9030266106128693 2.6
      vertex 83.10889089852571 1.9030266106128693 4
      vertex 82.95504032820463 1.691269464790821 4
    endloop
  endfacet
  facet normal 0.8480480978483979 -0.5299192615254839 0
    outer loop
      vertex 83.10889089852571 1.9030266106128693 2.6
      vertex 83.2475952655077 2.125 2.6
      vertex 83.10889089852571 1.9030266106128693 4
    endloop
  endfacet
  facet normal 0.882947587642265 -0.46947157259700467 0
    outer loop
      vertex 83.2475952655077 2.125 2.6
      vertex 83.3704776763916 2.356108196079731 2.6
      vertex 83.2475952655077 2.125 4
    endloop
  endfacet
  facet normal 0.8480480978483979 -0.5299192615254839 0
    outer loop
      vertex 83.2475952655077 2.125 2.6
      vertex 83.2475952655077 2.125 4
      vertex 83.10889089852571 1.9030266106128693 4
    endloop
  endfacet
  facet normal 0.882947587642265 -0.46947157259700467 0
    outer loop
      vertex 83.3704776763916 2.356108196079731 2.6
      vertex 83.3704776763916 2.356108196079731 4
      vertex 83.2475952655077 2.125 4
    endloop
  endfacet
  facet normal 0.913545463611597 -0.40673662966921503 0
    outer loop
      vertex 83.3704776763916 2.356108196079731 2.6
      vertex 83.47693945467472 2.5952252745628357 2.6
      vertex 83.3704776763916 2.356108196079731 4
    endloop
  endfacet
  facet normal 0.913545463611597 -0.40673662966921503 0
    outer loop
      vertex 83.47693945467472 2.5952252745628357 2.6
      vertex 83.47693945467472 2.5952252745628357 4
      vertex 83.3704776763916 2.356108196079731 4
    endloop
  endfacet
  facet normal 0.44902889992630385 -0.4839380527972963 -0.7511171733396427
    outer loop
      vertex 80.45065604895353 3.33900897949934 0
      vertex 80.62546518445015 3.501208156347275 0
      vertex 82.60496889054775 1.3024757504463196 2.6
    endloop
  endfacet
  facet normal 0.5716417116387702 -0.3300375060053738 -0.7511997059001355
    outer loop
      vertex 80.62546518445015 3.501208156347275 0
      vertex 80.74469900131226 3.7077271789312363 0
      vertex 83.2475952655077 2.125 2.6
    endloop
  endfacet
  facet normal 0.6436171015062688 -0.14690138878237063 -0.7511171736969406
    outer loop
      vertex 80.74469900131226 3.7077271789312363 0
      vertex 80.79776303470135 3.9402159228920937 0
      vertex 83.6386089771986 3.0927928909659386 2.6
    endloop
  endfacet
  facet normal 0.6606695619198683 -0.024720510651599845 -0.7502697023775742
    outer loop
      vertex 80.79776303470135 3.9402159228920937 0
      vertex 80.79999999701977 4 0
      vertex 83.74771559983492 3.8691268861293793 2.6
    endloop
  endfacet
  facet normal 0.5834749456181297 -0.3102391400397356 -0.750538915595538
    outer loop
      vertex 80.74469900131226 3.7077271789312363 0
      vertex 83.3704776763916 2.356108196079731 2.6
      vertex 83.2475952655077 2.125 2.6
    endloop
  endfacet
  facet normal 0.6042076135919919 -0.269010550828339 -0.7500443208374447
    outer loop
      vertex 80.74469900131226 3.7077271789312363 0
      vertex 83.47693945467472 2.5952252745628357 2.6
      vertex 83.3704776763916 2.356108196079731 2.6
    endloop
  endfacet
  facet normal 0.621567059245122 -0.22623190764043685 -0.7499823430099802
    outer loop
      vertex 80.74469900131226 3.7077271789312363 0
      vertex 83.56646193563938 2.8411862701177597 2.6
      vertex 83.47693945467472 2.5952252745628357 2.6
    endloop
  endfacet
  facet normal 0.6354291183366749 -0.1822063777734888 -0.7503536975777096
    outer loop
      vertex 80.74469900131226 3.7077271789312363 0
      vertex 83.6386089771986 3.0927928909659386 2.6
      vertex 83.56646193563938 2.8411862701177597 2.6
    endloop
  endfacet
  facet normal 0.6461410148159342 -0.1373415099737018 -0.7507590150046672
    outer loop
      vertex 80.79776303470135 3.9402159228920937 0
      vertex 83.69302907586098 3.3488193303346634 2.6
      vertex 83.6386089771986 3.0927928909659386 2.6
    endloop
  endfacet
  facet normal 0.6548416775346021 -0.09203199542746929 -0.7501416460784631
    outer loop
      vertex 80.79776303470135 3.9402159228920937 0
      vertex 83.72945711016655 3.6080182641744614 2.6
      vertex 83.69302907586098 3.3488193303346634 2.6
    endloop
  endfacet
  facet normal 0.6598766241261053 -0.04614305890705173 -0.7499557713936437
    outer loop
      vertex 80.79776303470135 3.9402159228920937 0
      vertex 83.74771559983492 3.8691268861293793 2.6
      vertex 83.72945711016655 3.6080182641744614 2.6
    endloop
  endfacet
  facet normal 0.6611569520653913 -0.011540544927629846 -0.7501588502166558
    outer loop
      vertex 80.79999999701977 4 0
      vertex 83.75 4 2.6
      vertex 83.74771559983492 3.8691268861293793 2.6
    endloop
  endfacet
  facet normal 0.939692621041079 -0.34202014262459324 0
    outer loop
      vertex 83.47693945467472 2.5952252745628357 2.6
      vertex 83.56646193563938 2.8411862701177597 2.6
      vertex 83.47693945467472 2.5952252745628357 4
    endloop
  endfacet
  facet normal 0.9612616918845166 -0.27563736995428795 0
    outer loop
      vertex 83.56646193563938 2.8411862701177597 2.6
      vertex 83.6386089771986 3.0927928909659386 2.6
      vertex 83.56646193563938 2.8411862701177597 4
    endloop
  endfacet
  facet normal 0.939692621041079 -0.34202014262459324 0
    outer loop
      vertex 83.56646193563938 2.8411862701177597 2.6
      vertex 83.56646193563938 2.8411862701177597 4
      vertex 83.47693945467472 2.5952252745628357 4
    endloop
  endfacet
  facet normal 0.9781476015002516 -0.20791168721191458 0
    outer loop
      vertex 83.6386089771986 3.0927928909659386 2.6
      vertex 83.69302907586098 3.3488193303346634 2.6
      vertex 83.6386089771986 3.0927928909659386 4
    endloop
  endfacet
  facet normal 0.9612616918845166 -0.27563736995428795 0
    outer loop
      vertex 83.6386089771986 3.0927928909659386 2.6
      vertex 83.6386089771986 3.0927928909659386 4
      vertex 83.56646193563938 2.8411862701177597 4
    endloop
  endfacet
  facet normal 0.9781476015002516 -0.20791168721191458 0
    outer loop
      vertex 83.69302907586098 3.3488193303346634 2.6
      vertex 83.69302907586098 3.3488193303346634 4
      vertex 83.6386089771986 3.0927928909659386 4
    endloop
  endfacet
  facet normal 0.9902680688522706 -0.13917310017239254 0
    outer loop
      vertex 83.69302907586098 3.3488193303346634 2.6
      vertex 83.72945711016655 3.6080182641744614 2.6
      vertex 83.69302907586098 3.3488193303346634 4
    endloop
  endfacet
  facet normal 0.9902680688522706 -0.13917310017239254 0
    outer loop
      vertex 83.72945711016655 3.6080182641744614 2.6
      vertex 83.72945711016655 3.6080182641744614 4
      vertex 83.69302907586098 3.3488193303346634 4
    endloop
  endfacet
  facet normal 0.9975640512796179 -0.06975645916039604 0
    outer loop
      vertex 83.72945711016655 3.6080182641744614 2.6
      vertex 83.74771559983492 3.8691268861293793 2.6
      vertex 83.72945711016655 3.6080182641744614 4
    endloop
  endfacet
  facet normal 0.9998476949610728 -0.017452417627068444 0
    outer loop
      vertex 83.74771559983492 3.8691268861293793 2.6
      vertex 83.75 4 2.6
      vertex 83.74771559983492 3.8691268861293793 4
    endloop
  endfacet
  facet normal 0.9975640512796179 -0.06975645916039604 0
    outer loop
      vertex 83.74771559983492 3.8691268861293793 2.6
      vertex 83.74771559983492 3.8691268861293793 4
      vertex 83.72945711016655 3.6080182641744614 4
    endloop
  endfacet
  facet normal 0.9998476949610728 -0.017452417627068444 0
    outer loop
      vertex 83.75 4 2.6
      vertex 83.75 4 4
      vertex 83.74771559983492 3.8691268861293793 4
    endloop
  endfacet
  facet normal 0 0 -1
    outer loop
      vertex 46 3.2000000029802322 0
      vertex 80.29227282106876 38.744699001312256 0
      vertex 80 3.2000000029802322 0
    endloop
  endfacet
  facet normal 0 0 -1
    outer loop
      vertex 80 3.2000000029802322 0
      vertex 80.29227282106876 38.744699001312256 0
      vertex 80.23580414056778 3.2355417534708977 0
    endloop
  endfacet
  facet normal 0 0 -1
    outer loop
      vertex 80.23580414056778 3.2355417534708977 0
      vertex 80.29227282106876 38.744699001312256 0
      vertex 80.45065604895353 3.33900897949934 0
    endloop
  endfacet
  facet normal 0 0 -1
    outer loop
      vertex 80.45065604895353 3.33900897949934 0
      vertex 80.29227282106876 38.744699001312256 0
      vertex 80.62546518445015 3.501208156347275 0
    endloop
  endfacet
  facet normal 0 0 -1
    outer loop
      vertex 80.62546518445015 3.501208156347275 0
      vertex 80.29227282106876 38.744699001312256 0
      vertex 80.74469900131226 3.7077271789312363 0
    endloop
  endfacet
  facet normal 0 0 -1
    outer loop
      vertex 80.74469900131226 3.7077271789312363 0
      vertex 80.29227282106876 38.744699001312256 0
      vertex 80.79776303470135 3.9402159228920937 0
    endloop
  endfacet
  facet normal 0 0 -1
    outer loop
      vertex 80.79776303470135 3.9402159228920937 0
      vertex 80.29227282106876 38.744699001312256 0
      vertex 80.79999999701977 4 0
    endloop
  endfacet
  facet normal 0.6612009842860757 0 -0.7502088098517137
    outer loop
      vertex 80.79999999701977 4 0
      vertex 80.79999999701977 38 0
      vertex 83.75 4 2.6
    endloop
  endfacet
  facet normal 1 0 0
    outer loop
      vertex 83.75 4 2.6
      vertex 83.75 38 2.6
      vertex 83.75 4 4
    endloop
  endfacet
  facet normal 1 0 0
    outer loop
      vertex 83.75 5.5 7.01
      vertex 83.75 5.5 7
      vertex 83.75 36.5 7
    endloop
  endfacet
  facet normal 0 0 1
    outer loop
      vertex 83.75 5.5 7.01
      vertex 83.75 36.5 7.01
      vertex 42.25 36.5 7.01
    endloop
  endfacet
  facet normal 1 0 0
    outer loop
      vertex 83.75 5.5 7.01
      vertex 83.75 36.5 7
      vertex 83.75 36.5 7.01
    endloop
  endfacet
  facet normal 0 0 -1
    outer loop
      vertex 80.79999999701977 4 0
      vertex 80.29227282106876 38.744699001312256 0
      vertex 80.79999999701977 38 0
    endloop
  endfacet
  facet normal 0.6612009842860757 0 -0.7502088098517137
    outer loop
      vertex 83.75 4 2.6
      vertex 80.79999999701977 38 0
      vertex 83.75 38 2.6
    endloop
  endfacet
  facet normal 1 0 0
    outer loop
      vertex 83.75 38 2.6
      vertex 83.75 38 4
      vertex 83.75 4 4
    endloop
  endfacet
  facet normal 0 0 -1
    outer loop
      vertex 46 38.79999999701977 0
      vertex 80 38.79999999701977 0
      vertex 80.29227282106876 38.744699001312256 0
    endloop
  endfacet
  facet normal 0 0.6612009842860757 -0.7502088098517137
    outer loop
      vertex 46 38.79999999701977 0
      vertex 80 41.75 2.6
      vertex 80 38.79999999701977 0
    endloop
  endfacet
  facet normal 0 1 0
    outer loop
      vertex 46 41.75 2.6
      vertex 80 41.75 4
      vertex 80 41.75 2.6
    endloop
  endfacet
  facet normal 0 0 -1
    outer loop
      vertex 80.29227282106876 38.744699001312256 0
      vertex 80.7644582465291 38.23580414056778 0
      vertex 80.79999999701977 38 0
    endloop
  endfacet
  facet normal 0 0 -1
    outer loop
      vertex 80.29227282106876 38.744699001312256 0
      vertex 80.66099102050066 38.45065604895353 0
      vertex 80.7644582465291 38.23580414056778 0
    endloop
  endfacet
  facet normal 0 0 -1
    outer loop
      vertex 80.49879184365273 38.62546518445015 0
      vertex 80.66099102050066 38.45065604895353 0
      vertex 80.29227282106876 38.744699001312256 0
    endloop
  endfacet
  facet normal 0 0 -1
    outer loop
      vertex 80 38.79999999701977 0
      vertex 80.0597840771079 38.79776303470135 0
      vertex 80.29227282106876 38.744699001312256 0
    endloop
  endfacet
  facet normal 0.652725721776262 0.09838255887429205 -0.7511790760138385
    outer loop
      vertex 80.79999999701977 38 0
      vertex 80.7644582465291 38.23580414056778 0
      vertex 83.71350526064634 38.52189912647009 2.6
    endloop
  endfacet
  facet normal 0.5948974174167716 0.286487497430482 -0.7510139656270547
    outer loop
      vertex 80.7644582465291 38.23580414056778 0
      vertex 80.66099102050066 38.45065604895353 0
      vertex 83.42579546570778 39.52526240795851 2.6
    endloop
  endfacet
  facet normal 0.4839380527972963 0.44902889992630385 -0.7511171733396427
    outer loop
      vertex 80.49879184365273 38.62546518445015 0
      vertex 82.69752424955368 40.60496889054775 2.6
      vertex 80.66099102050066 38.45065604895353 0
    endloop
  endfacet
  facet normal 0.6416928406221822 0.1599919880932484 -0.7500885694637698
    outer loop
      vertex 80.7644582465291 38.23580414056778 0
      vertex 83.60473135858774 39.03364008665085 2.6
      vertex 83.66805350035429 38.77966883778572 2.6
    endloop
  endfacet
  facet normal 0.6291028982933601 0.20440792258277643 -0.7499646288621136
    outer loop
      vertex 80.7644582465291 38.23580414056778 0
      vertex 83.52384732663631 39.28257554024458 2.6
      vertex 83.60473135858774 39.03364008665085 2.6
    endloop
  endfacet
  facet normal 0.6129860525499159 0.2476624456112128 -0.7502742248092661
    outer loop
      vertex 80.7644582465291 38.23580414056778 0
      vertex 83.42579546570778 39.52526240795851 2.6
      vertex 83.52384732663631 39.28257554024458 2.6
    endloop
  endfacet
  facet normal 0.593596208234837 0.28951622240197766 -0.7508820803130895
    outer loop
      vertex 80.66099102050066 38.45065604895353 0
      vertex 83.31105346977711 39.76051835715771 2.6
      vertex 83.42579546570778 39.52526240795851 2.6
    endloop
  endfacet
  facet normal 0.6610248009930202 0.02308350120127349 -0.7500089095766989
    outer loop
      vertex 80.79999999701977 38 0
      vertex 83.74086518585682 38.26158677786589 2.6
      vertex 83.75 38 2.6
    endloop
  endfacet
  facet normal 0.6573157055259183 0.06908665162944173 -0.7504419350193569
    outer loop
      vertex 80.79999999701977 38 0
      vertex 83.71350526064634 38.52189912647009 2.6
      vertex 83.74086518585682 38.26158677786589 2.6
    endloop
  endfacet
  facet normal 0.6506685687698543 0.11473043774754481 -0.7506446164925489
    outer loop
      vertex 80.7644582465291 38.23580414056778 0
      vertex 83.66805350035429 38.77966883778572 2.6
      vertex 83.71350526064634 38.52189912647009 2.6
    endloop
  endfacet
  facet normal 0.9993908266764729 0.03489950651393371 0
    outer loop
      vertex 83.75 38 2.6
      vertex 83.74086518585682 38.26158677786589 2.6
      vertex 83.75 38 4
    endloop
  endfacet
  facet normal 0.9945218974016594 0.10452844392127603 0
    outer loop
      vertex 83.74086518585682 38.26158677786589 2.6
      vertex 83.71350526064634 38.52189912647009 2.6
      vertex 83.74086518585682 38.26158677786589 4
    endloop
  endfacet
  facet normal 0.9993908266764729 0.03489950651393371 0
    outer loop
      vertex 83.74086518585682 38.26158677786589 2.6
      vertex 83.74086518585682 38.26158677786589 4
      vertex 83.75 38 4
    endloop
  endfacet
  facet normal 0.9848077494987413 0.1736481975927896 0
    outer loop
      vertex 83.71350526064634 38.52189912647009 2.6
      vertex 83.66805350035429 38.77966883778572 2.6
      vertex 83.71350526064634 38.52189912647009 4
    endloop
  endfacet
  facet normal 0.9945218974016594 0.10452844392127603 0
    outer loop
      vertex 83.71350526064634 38.52189912647009 2.6
      vertex 83.71350526064634 38.52189912647009 4
      vertex 83.74086518585682 38.26158677786589 4
    endloop
  endfacet
  facet normal 0.9848077494987413 0.1736481975927896 0
    outer loop
      vertex 83.66805350035429 38.77966883778572 2.6
      vertex 83.66805350035429 38.77966883778572 4
      vertex 83.71350526064634 38.52189912647009 4
    endloop
  endfacet
  facet normal 0.9702957285113611 0.24192188663410924 0
    outer loop
      vertex 83.66805350035429 38.77966883778572 2.6
      vertex 83.60473135858774 39.03364008665085 2.6
      vertex 83.66805350035429 38.77966883778572 4
    endloop
  endfacet
  facet normal 0.9702957285113611 0.24192188663410924 0
    outer loop
      vertex 83.60473135858774 39.03364008665085 2.6
      vertex 83.60473135858774 39.03364008665085 4
      vertex 83.66805350035429 38.77966883778572 4
    endloop
  endfacet
  facet normal 0.9510565163084571 0.3090169943340034 0
    outer loop
      vertex 83.60473135858774 39.03364008665085 2.6
      vertex 83.52384732663631 39.28257554024458 2.6
      vertex 83.60473135858774 39.03364008665085 4
    endloop
  endfacet
  facet normal 0.9271838523025517 0.37460659902009175 0
    outer loop
      vertex 83.52384732663631 39.28257554024458 2.6
      vertex 83.42579546570778 39.52526240795851 2.6
      vertex 83.52384732663631 39.28257554024458 4
    endloop
  endfacet
  facet normal 0.9510565163084571 0.3090169943340034 0
    outer loop
      vertex 83.52384732663631 39.28257554024458 2.6
      vertex 83.52384732663631 39.28257554024458 4
      vertex 83.60473135858774 39.03364008665085 4
    endloop
  endfacet
  facet normal 0.024720510651599845 0.6606695619198683 -0.7502697023775742
    outer loop
      vertex 80 38.79999999701977 0
      vertex 80.13087311387062 41.74771559983492 2.6
      vertex 80.0597840771079 38.79776303470135 0
    endloop
  endfacet
  facet normal 0.14690138878237063 0.6436171015062688 -0.7511171736969406
    outer loop
      vertex 80.0597840771079 38.79776303470135 0
      vertex 80.90720710903406 41.6386089771986 2.6
      vertex 80.29227282106876 38.744699001312256 0
    endloop
  endfacet
  facet normal 0.3300375060053738 0.5716417116387702 -0.7511997059001355
    outer loop
      vertex 80.49879184365273 38.62546518445015 0
      vertex 80.29227282106876 38.744699001312256 0
      vertex 81.875 41.2475952655077 2.6
    endloop
  endfacet
  facet normal 0.5210935336051183 0.40712288220621007 -0.750141645303765
    outer loop
      vertex 80.66099102050066 38.45065604895353 0
      vertex 82.87266666442156 40.4104535356164 2.6
      vertex 83.03381372988224 40.20419469475746 2.6
    endloop
  endfacet
  facet normal 0.5726220421271676 0.33060346704113863 -0.7502035353492351
    outer loop
      vertex 80.66099102050066 38.45065604895353 0
      vertex 83.18018036335707 39.98719724267721 2.6
      vertex 83.31105346977711 39.76051835715771 2.6
    endloop
  endfacet
  facet normal 0.5483983808383063 0.3698993883885071 -0.7499557709383482
    outer loop
      vertex 80.66099102050066 38.45065604895353 0
      vertex 83.03381372988224 40.20419469475746 2.6
      vertex 83.18018036335707 39.98719724267721 2.6
    endloop
  endfacet
  facet normal 0.4909037739660256 0.4420117500261441 -0.7507590142946927
    outer loop
      vertex 80.66099102050066 38.45065604895353 0
      vertex 82.69752424955368 40.60496889054775 2.6
      vertex 82.87266666442156 40.4104535356164 2.6
    endloop
  endfacet
  facet normal 0.45919457599114055 0.47550990497178247 -0.7503536977013195
    outer loop
      vertex 80.49879184365273 38.62546518445015 0
      vertex 82.50923977047205 40.78679309785366 2.6
      vertex 82.69752424955368 40.60496889054775 2.6
    endloop
  endfacet
  facet normal 0.3887538560978599 0.5350737850551673 -0.7500443213009356
    outer loop
      vertex 80.49879184365273 38.62546518445015 0
      vertex 82.09697338938713 41.108890898525715 2.6
      vertex 82.30873053520918 40.95504032820463 2.6
    endloop
  endfacet
  facet normal 0.35018455971527596 0.5604124464310255 -0.7505389157280329
    outer loop
      vertex 80.49879184365273 38.62546518445015 0
      vertex 81.875 41.2475952655077 2.6
      vertex 82.09697338938713 41.108890898525715 2.6
    endloop
  endfacet
  facet normal 0.2262319076404371 0.621567059245122 -0.7499823430099802
    outer loop
      vertex 80.29227282106876 38.744699001312256 0
      vertex 81.15881372988224 41.56646193563938 2.6
      vertex 81.40477472543716 41.47693945467472 2.6
    endloop
  endfacet
  facet normal 0.18220637777348891 0.6354291183366749 -0.7503536975777095
    outer loop
      vertex 80.29227282106876 38.744699001312256 0
      vertex 80.90720710903406 41.6386089771986 2.6
      vertex 81.15881372988224 41.56646193563938 2.6
    endloop
  endfacet
  facet normal 0.26901055082833886 0.6042076135919919 -0.7500443208374448
    outer loop
      vertex 80.29227282106876 38.744699001312256 0
      vertex 81.40477472543716 41.47693945467472 2.6
      vertex 81.64389180392027 41.3704776763916 2.6
    endloop
  endfacet
  facet normal 0.3102391400397355 0.5834749456181296 -0.7505389155955379
    outer loop
      vertex 80.29227282106876 38.744699001312256 0
      vertex 81.64389180392027 41.3704776763916 2.6
      vertex 81.875 41.2475952655077 2.6
    endloop
  endfacet
  facet normal 0.42517691631556775 0.5067061024661205 -0.7499823434961506
    outer loop
      vertex 80.49879184365273 38.62546518445015 0
      vertex 82.30873053520918 40.95504032820463 2.6
      vertex 82.50923977047205 40.78679309785366 2.6
    endloop
  endfacet
  facet normal 0.011540544927629483 0.6611569520653913 -0.7501588502166558
    outer loop
      vertex 80 38.79999999701977 0
      vertex 80 41.75 2.6
      vertex 80.13087311387062 41.74771559983492 2.6
    endloop
  endfacet
  facet normal 0.04614305890705155 0.6598766241261054 -0.7499557713936436
    outer loop
      vertex 80.0597840771079 38.79776303470135 0
      vertex 80.13087311387062 41.74771559983492 2.6
      vertex 80.39198173582554 41.72945711016655 2.6
    endloop
  endfacet
  facet normal 0.09203199542746929 0.6548416775346022 -0.7501416460784632
    outer loop
      vertex 80.0597840771079 38.79776303470135 0
      vertex 80.39198173582554 41.72945711016655 2.6
      vertex 80.65118066966534 41.69302907586098 2.6
    endloop
  endfacet
  facet normal 0.13734150997370176 0.6461410148159339 -0.7507590150046674
    outer loop
      vertex 80.0597840771079 38.79776303470135 0
      vertex 80.65118066966534 41.69302907586098 2.6
      vertex 80.90720710903406 41.6386089771986 2.6
    endloop
  endfacet
  facet normal 0.6946583692459235 0.7193398015101028 0
    outer loop
      vertex 82.50923977047205 40.78679309785366 2.6
      vertex 82.69752424955368 40.60496889054775 4
      vertex 82.69752424955368 40.60496889054775 2.6
    endloop
  endfacet
  facet normal 0.017452417627068444 0.9998476949610728 0
    outer loop
      vertex 80 41.75 2.6
      vertex 80.13087311387062 41.74771559983492 4
      vertex 80.13087311387062 41.74771559983492 2.6
    endloop
  endfacet
  facet normal 0.06975645916039604 0.9975640512796179 0
    outer loop
      vertex 80.13087311387062 41.74771559983492 2.6
      vertex 80.39198173582554 41.72945711016655 4
      vertex 80.39198173582554 41.72945711016655 2.6
    endloop
  endfacet
  facet normal 0.13917310017239254 0.9902680688522706 0
    outer loop
      vertex 80.39198173582554 41.72945711016655 2.6
      vertex 80.65118066966534 41.69302907586098 4
      vertex 80.65118066966534 41.69302907586098 2.6
    endloop
  endfacet
  facet normal 0.017452417627068444 0.9998476949610728 0
    outer loop
      vertex 80 41.75 2.6
      vertex 80 41.75 4
      vertex 80.13087311387062 41.74771559983492 4
    endloop
  endfacet
  facet normal 0.06975645916039604 0.9975640512796179 0
    outer loop
      vertex 80.13087311387062 41.74771559983492 2.6
      vertex 80.13087311387062 41.74771559983492 4
      vertex 80.39198173582554 41.72945711016655 4
    endloop
  endfacet
  facet normal 0.13917310017239254 0.9902680688522706 0
    outer loop
      vertex 80.39198173582554 41.72945711016655 2.6
      vertex 80.39198173582554 41.72945711016655 4
      vertex 80.65118066966534 41.69302907586098 4
    endloop
  endfacet
  facet normal 0.6427876208834568 0.7660444337236486 0
    outer loop
      vertex 82.50923977047205 40.78679309785366 2.6
      vertex 82.30873053520918 40.95504032820463 2.6
      vertex 82.50923977047205 40.78679309785366 4
    endloop
  endfacet
  facet normal 0.5877852479723605 0.8090169975136928 0
    outer loop
      vertex 82.30873053520918 40.95504032820463 2.6
      vertex 82.09697338938713 41.108890898525715 2.6
      vertex 82.30873053520918 40.95504032820463 4
    endloop
  endfacet
  facet normal 0.6946583692459235 0.7193398015101028 0
    outer loop
      vertex 82.50923977047205 40.78679309785366 2.6
      vertex 82.50923977047205 40.78679309785366 4
      vertex 82.69752424955368 40.60496889054775 4
    endloop
  endfacet
  facet normal 0.6427876208834568 0.7660444337236486 0
    outer loop
      vertex 82.30873053520918 40.95504032820463 2.6
      vertex 82.30873053520918 40.95504032820463 4
      vertex 82.50923977047205 40.78679309785366 4
    endloop
  endfacet
  facet normal 0.5299192615254839 0.8480480978483979 0
    outer loop
      vertex 82.09697338938713 41.108890898525715 2.6
      vertex 81.875 41.2475952655077 2.6
      vertex 82.09697338938713 41.108890898525715 4
    endloop
  endfacet
  facet normal 0.46947157259700467 0.882947587642265 0
    outer loop
      vertex 81.875 41.2475952655077 2.6
      vertex 81.64389180392027 41.3704776763916 2.6
      vertex 81.875 41.2475952655077 4
    endloop
  endfacet
  facet normal 0.5877852479723605 0.8090169975136928 0
    outer loop
      vertex 82.09697338938713 41.108890898525715 2.6
      vertex 82.09697338938713 41.108890898525715 4
      vertex 82.30873053520918 40.95504032820463 4
    endloop
  endfacet
  facet normal 0.5299192615254839 0.8480480978483979 0
    outer loop
      vertex 81.875 41.2475952655077 2.6
      vertex 81.875 41.2475952655077 4
      vertex 82.09697338938713 41.108890898525715 4
    endloop
  endfacet
  facet normal 0.46947157259700467 0.882947587642265 0
    outer loop
      vertex 81.64389180392027 41.3704776763916 2.6
      vertex 81.64389180392027 41.3704776763916 4
      vertex 81.875 41.2475952655077 4
    endloop
  endfacet
  facet normal 0.20791168721191458 0.9781476015002516 0
    outer loop
      vertex 80.65118066966534 41.69302907586098 2.6
      vertex 80.90720710903406 41.6386089771986 4
      vertex 80.90720710903406 41.6386089771986 2.6
    endloop
  endfacet
  facet normal 0.27563736995428795 0.9612616918845166 0
    outer loop
      vertex 80.90720710903406 41.6386089771986 2.6
      vertex 81.15881372988224 41.56646193563938 4
      vertex 81.15881372988224 41.56646193563938 2.6
    endloop
  endfacet
  facet normal 0.34202014262459324 0.939692621041079 0
    outer loop
      vertex 81.15881372988224 41.56646193563938 2.6
      vertex 81.40477472543716 41.47693945467472 4
      vertex 81.40477472543716 41.47693945467472 2.6
    endloop
  endfacet
  facet normal 0.40673662966921503 0.913545463611597 0
    outer loop
      vertex 81.40477472543716 41.47693945467472 2.6
      vertex 81.64389180392027 41.3704776763916 4
      vertex 81.64389180392027 41.3704776763916 2.6
    endloop
  endfacet
  facet normal 0.27563736995428795 0.9612616918845166 0
    outer loop
      vertex 80.90720710903406 41.6386089771986 2.6
      vertex 80.90720710903406 41.6386089771986 4
      vertex 81.15881372988224 41.56646193563938 4
    endloop
  endfacet
  facet normal 0.40673662966921503 0.913545463611597 0
    outer loop
      vertex 81.40477472543716 41.47693945467472 2.6
      vertex 81.40477472543716 41.47693945467472 4
      vertex 81.64389180392027 41.3704776763916 4
    endloop
  endfacet
  facet normal 0.34202014262459324 0.939692621041079 0
    outer loop
      vertex 81.15881372988224 41.56646193563938 2.6
      vertex 81.15881372988224 41.56646193563938 4
      vertex 81.40477472543716 41.47693945467472 4
    endloop
  endfacet
  facet normal 0.20791168721191458 0.9781476015002516 0
    outer loop
      vertex 80.65118066966534 41.69302907586098 2.6
      vertex 80.65118066966534 41.69302907586098 4
      vertex 80.90720710903406 41.6386089771986 4
    endloop
  endfacet
  facet normal 0.8987940420057225 0.438371155591943 0
    outer loop
      vertex 83.42579546570778 39.52526240795851 2.6
      vertex 83.31105346977711 39.76051835715771 2.6
      vertex 83.42579546570778 39.52526240795851 4
    endloop
  endfacet
  facet normal 0.9271838523025517 0.37460659902009175 0
    outer loop
      vertex 83.42579546570778 39.52526240795851 2.6
      vertex 83.42579546570778 39.52526240795851 4
      vertex 83.52384732663631 39.28257554024458 4
    endloop
  endfacet
  facet normal 0.8987940420057225 0.438371155591943 0
    outer loop
      vertex 83.31105346977711 39.76051835715771 2.6
      vertex 83.31105346977711 39.76051835715771 4
      vertex 83.42579546570778 39.52526240795851 4
    endloop
  endfacet
  facet normal 0.8660254189285214 0.4999999737696784 0
    outer loop
      vertex 83.31105346977711 39.76051835715771 2.6
      vertex 83.18018036335707 39.98719724267721 2.6
      vertex 83.31105346977711 39.76051835715771 4
    endloop
  endfacet
  facet normal 0.8660254189285214 0.4999999737696784 0
    outer loop
      vertex 83.18018036335707 39.98719724267721 2.6
      vertex 83.18018036335707 39.98719724267721 4
      vertex 83.31105346977711 39.76051835715771 4
    endloop
  endfacet
  facet normal 0.8290375656234816 0.559192913747207 0
    outer loop
      vertex 83.18018036335707 39.98719724267721 2.6
      vertex 83.03381372988224 40.20419469475746 2.6
      vertex 83.18018036335707 39.98719724267721 4
    endloop
  endfacet
  facet normal 0.7880107577629124 0.615661470005977 0
    outer loop
      vertex 83.03381372988224 40.20419469475746 2.6
      vertex 82.87266666442156 40.4104535356164 2.6
      vertex 83.03381372988224 40.20419469475746 4
    endloop
  endfacet
  facet normal 0.8290375656234816 0.559192913747207 0
    outer loop
      vertex 83.03381372988224 40.20419469475746 2.6
      vertex 83.03381372988224 40.20419469475746 4
      vertex 83.18018036335707 39.98719724267721 4
    endloop
  endfacet
  facet normal 0.7880107577629124 0.615661470005977 0
    outer loop
      vertex 82.87266666442156 40.4104535356164 2.6
      vertex 82.87266666442156 40.4104535356164 4
      vertex 83.03381372988224 40.20419469475746 4
    endloop
  endfacet
  facet normal 0.743144820519614 0.6691306118650311 0
    outer loop
      vertex 82.87266666442156 40.4104535356164 2.6
      vertex 82.69752424955368 40.60496889054775 2.6
      vertex 82.87266666442156 40.4104535356164 4
    endloop
  endfacet
  facet normal 0.743144820519614 0.6691306118650311 0
    outer loop
      vertex 82.69752424955368 40.60496889054775 2.6
      vertex 82.69752424955368 40.60496889054775 4
      vertex 82.87266666442156 40.4104535356164 4
    endloop
  endfacet
  facet normal -0.3887538560978599 -0.5350737850551673 -0.7500443213009356
    outer loop
      vertex 87.50120815634727 3.3745348155498505 0
      vertex 85.90302661061287 0.8911091014742851 2.6
      vertex 85.69126946479082 1.0449596717953682 2.6
    endloop
  endfacet
  facet normal -0.35018455971527596 -0.5604124464310255 -0.7505389157280329
    outer loop
      vertex 87.50120815634727 3.3745348155498505 0
      vertex 86.125 0.7524047344923019 2.6
      vertex 85.90302661061287 0.8911091014742851 2.6
    endloop
  endfacet
  facet normal -0.42517691631556775 -0.5067061024661205 -0.7499823434961506
    outer loop
      vertex 87.50120815634727 3.3745348155498505 0
      vertex 85.69126946479082 1.0449596717953682 2.6
      vertex 85.49076022952795 1.2132069021463394 2.6
    endloop
  endfacet
  facet normal -0.5726220421271676 -0.33060346704113863 -0.7502035353492351
    outer loop
      vertex 87.33900897949934 3.549343951046467 0
      vertex 84.81981963664293 2.0128027573227882 2.6
      vertex 84.68894653022289 2.239481642842293 2.6
    endloop
  endfacet
  facet normal -0.45919457599114055 -0.47550990497178247 -0.7503536977013195
    outer loop
      vertex 87.50120815634727 3.3745348155498505 0
      vertex 85.49076022952795 1.2132069021463394 2.6
      vertex 85.30247575044632 1.3950311094522476 2.6
    endloop
  endfacet
  facet normal -0.4909037739660256 -0.4420117500261441 -0.7507590142946927
    outer loop
      vertex 87.33900897949934 3.549343951046467 0
      vertex 85.30247575044632 1.3950311094522476 2.6
      vertex 85.12733333557844 1.5895464643836021 2.6
    endloop
  endfacet
  facet normal -0.5210935336051183 -0.40712288220621007 -0.750141645303765
    outer loop
      vertex 87.33900897949934 3.549343951046467 0
      vertex 85.12733333557844 1.5895464643836021 2.6
      vertex 84.96618627011776 1.7958053052425385 2.6
    endloop
  endfacet
  facet normal -0.5483983808383063 -0.3698993883885071 -0.7499557709383482
    outer loop
      vertex 87.33900897949934 3.549343951046467 0
      vertex 84.96618627011776 1.7958053052425385 2.6
      vertex 84.81981963664293 2.0128027573227882 2.6
    endloop
  endfacet
  facet normal -0.40673662966921503 -0.913545463611597 0
    outer loop
      vertex 86.35610819607973 0.6295223236083984 2.6
      vertex 86.59522527456284 0.5230605453252792 2.6
      vertex 86.35610819607973 0.6295223236083984 4
    endloop
  endfacet
  facet normal -0.40673662966921503 -0.913545463611597 0
    outer loop
      vertex 86.59522527456284 0.5230605453252792 2.6
      vertex 86.59522527456284 0.5230605453252792 4
      vertex 86.35610819607973 0.6295223236083984 4
    endloop
  endfacet
  facet normal -0.6427876208834568 -0.7660444337236486 0
    outer loop
      vertex 85.49076022952795 1.2132069021463394 2.6
      vertex 85.69126946479082 1.0449596717953682 2.6
      vertex 85.49076022952795 1.2132069021463394 4
    endloop
  endfacet
  facet normal -0.6427876208834568 -0.7660444337236486 0
    outer loop
      vertex 85.69126946479082 1.0449596717953682 2.6
      vertex 85.69126946479082 1.0449596717953682 4
      vertex 85.49076022952795 1.2132069021463394 4
    endloop
  endfacet
  facet normal -0.6946583692459235 -0.7193398015101028 0
    outer loop
      vertex 85.49076022952795 1.2132069021463394 2.6
      vertex 85.49076022952795 1.2132069021463394 4
      vertex 85.30247575044632 1.3950311094522476 4
    endloop
  endfacet
  facet normal -0.5299192615254839 -0.8480480978483979 0
    outer loop
      vertex 85.90302661061287 0.8911091014742851 2.6
      vertex 86.125 0.7524047344923019 2.6
      vertex 85.90302661061287 0.8911091014742851 4
    endloop
  endfacet
  facet normal -0.46947157259700467 -0.882947587642265 0
    outer loop
      vertex 86.35610819607973 0.6295223236083984 2.6
      vertex 86.125 0.7524047344923019 4
      vertex 86.125 0.7524047344923019 2.6
    endloop
  endfacet
  facet normal -0.5299192615254839 -0.8480480978483979 0
    outer loop
      vertex 86.125 0.7524047344923019 2.6
      vertex 86.125 0.7524047344923019 4
      vertex 85.90302661061287 0.8911091014742851 4
    endloop
  endfacet
  facet normal -0.5877852479723605 -0.8090169975136928 0
    outer loop
      vertex 85.90302661061287 0.8911091014742851 2.6
      vertex 85.90302661061287 0.8911091014742851 4
      vertex 85.69126946479082 1.0449596717953682 4
    endloop
  endfacet
  facet normal -0.46947157259700467 -0.882947587642265 0
    outer loop
      vertex 86.35610819607973 0.6295223236083984 2.6
      vertex 86.35610819607973 0.6295223236083984 4
      vertex 86.125 0.7524047344923019 4
    endloop
  endfacet
  facet normal -0.5877852479723605 -0.8090169975136928 0
    outer loop
      vertex 85.90302661061287 0.8911091014742851 2.6
      vertex 85.69126946479082 1.0449596717953682 4
      vertex 85.69126946479082 1.0449596717953682 2.6
    endloop
  endfacet
  facet normal -0.8987940420057225 -0.438371155591943 0
    outer loop
      vertex 84.68894653022289 2.239481642842293 2.6
      vertex 84.57420453429222 2.4747375920414925 4
      vertex 84.57420453429222 2.4747375920414925 2.6
    endloop
  endfacet
  facet normal -0.8987940420057225 -0.438371155591943 0
    outer loop
      vertex 84.68894653022289 2.239481642842293 2.6
      vertex 84.68894653022289 2.239481642842293 4
      vertex 84.57420453429222 2.4747375920414925 4
    endloop
  endfacet
  facet normal -0.9271838523025517 -0.37460659902009175 0
    outer loop
      vertex 84.57420453429222 2.4747375920414925 2.6
      vertex 84.57420453429222 2.4747375920414925 4
      vertex 84.47615267336369 2.7174244597554207 4
    endloop
  endfacet
  facet normal -0.6946583692459235 -0.7193398015101028 0
    outer loop
      vertex 85.49076022952795 1.2132069021463394 2.6
      vertex 85.30247575044632 1.3950311094522476 4
      vertex 85.30247575044632 1.3950311094522476 2.6
    endloop
  endfacet
  facet normal -0.743144820519614 -0.6691306118650311 0
    outer loop
      vertex 85.30247575044632 1.3950311094522476 2.6
      vertex 85.12733333557844 1.5895464643836021 4
      vertex 85.12733333557844 1.5895464643836021 2.6
    endloop
  endfacet
  facet normal -0.743144820519614 -0.6691306118650311 0
    outer loop
      vertex 85.30247575044632 1.3950311094522476 2.6
      vertex 85.30247575044632 1.3950311094522476 4
      vertex 85.12733333557844 1.5895464643836021 4
    endloop
  endfacet
  facet normal -0.7880107577629124 -0.615661470005977 0
    outer loop
      vertex 84.96618627011776 1.7958053052425385 2.6
      vertex 85.12733333557844 1.5895464643836021 2.6
      vertex 84.96618627011776 1.7958053052425385 4
    endloop
  endfacet
  facet normal -0.8290375656234816 -0.559192913747207 0
    outer loop
      vertex 84.96618627011776 1.7958053052425385 2.6
      vertex 84.81981963664293 2.0128027573227882 4
      vertex 84.81981963664293 2.0128027573227882 2.6
    endloop
  endfacet
  facet normal -0.7880107577629124 -0.615661470005977 0
    outer loop
      vertex 85.12733333557844 1.5895464643836021 2.6
      vertex 85.12733333557844 1.5895464643836021 4
      vertex 84.96618627011776 1.7958053052425385 4
    endloop
  endfacet
  facet normal -0.8290375656234816 -0.559192913747207 0
    outer loop
      vertex 84.96618627011776 1.7958053052425385 2.6
      vertex 84.96618627011776 1.7958053052425385 4
      vertex 84.81981963664293 2.0128027573227882 4
    endloop
  endfacet
  facet normal -0.8660254189285214 -0.4999999737696784 0
    outer loop
      vertex 84.81981963664293 2.0128027573227882 2.6
      vertex 84.68894653022289 2.239481642842293 4
      vertex 84.68894653022289 2.239481642842293 2.6
    endloop
  endfacet
  facet normal -0.8660254189285214 -0.4999999737696784 0
    outer loop
      vertex 84.81981963664293 2.0128027573227882 2.6
      vertex 84.81981963664293 2.0128027573227882 4
      vertex 84.68894653022289 2.239481642842293 4
    endloop
  endfacet
  facet normal -0.5948974174167716 -0.286487497430482 -0.7510139656270547
    outer loop
      vertex 87.33900897949934 3.549343951046467 0
      vertex 84.57420453429222 2.4747375920414925 2.6
      vertex 87.2355417534709 3.7641958594322205 0
    endloop
  endfacet
  facet normal -0.652725721776262 -0.09838255887429205 -0.7511790760138385
    outer loop
      vertex 87.2355417534709 3.7641958594322205 0
      vertex 84.28649473935366 3.478100873529911 2.6
      vertex 87.20000000298023 4 0
    endloop
  endfacet
  facet normal -0.593596208234837 -0.28951622240197766 -0.7508820803130895
    outer loop
      vertex 87.33900897949934 3.549343951046467 0
      vertex 84.68894653022289 2.239481642842293 2.6
      vertex 84.57420453429222 2.4747375920414925 2.6
    endloop
  endfacet
  facet normal -0.6129860525499159 -0.2476624456112128 -0.7502742248092661
    outer loop
      vertex 87.2355417534709 3.7641958594322205 0
      vertex 84.57420453429222 2.4747375920414925 2.6
      vertex 84.47615267336369 2.7174244597554207 2.6
    endloop
  endfacet
  facet normal -0.6291028982933601 -0.20440792258277643 -0.7499646288621136
    outer loop
      vertex 87.2355417534709 3.7641958594322205 0
      vertex 84.47615267336369 2.7174244597554207 2.6
      vertex 84.39526864141226 2.9663599133491516 2.6
    endloop
  endfacet
  facet normal -0.6416928406221822 -0.1599919880932484 -0.7500885694637698
    outer loop
      vertex 87.2355417534709 3.7641958594322205 0
      vertex 84.39526864141226 2.9663599133491516 2.6
      vertex 84.33194649964571 3.220331162214279 2.6
    endloop
  endfacet
  facet normal -0.6506685687698543 -0.11473043774754481 -0.7506446164925489
    outer loop
      vertex 87.2355417534709 3.7641958594322205 0
      vertex 84.33194649964571 3.220331162214279 2.6
      vertex 84.28649473935366 3.478100873529911 2.6
    endloop
  endfacet
  facet normal -0.6573157055259183 -0.06908665162944173 -0.7504419350193569
    outer loop
      vertex 87.20000000298023 4 0
      vertex 84.28649473935366 3.478100873529911 2.6
      vertex 84.25913481414318 3.7384132221341133 2.6
    endloop
  endfacet
  facet normal -0.6610248009930202 -0.02308350120127349 -0.7500089095766989
    outer loop
      vertex 87.20000000298023 4 0
      vertex 84.25913481414318 3.7384132221341133 2.6
      vertex 84.25 4 2.6
    endloop
  endfacet
  facet normal -0.9271838523025517 -0.37460659902009175 0
    outer loop
      vertex 84.47615267336369 2.7174244597554207 2.6
      vertex 84.57420453429222 2.4747375920414925 2.6
      vertex 84.47615267336369 2.7174244597554207 4
    endloop
  endfacet
  facet normal -0.9510565163084571 -0.3090169943340034 0
    outer loop
      vertex 84.47615267336369 2.7174244597554207 2.6
      vertex 84.39526864141226 2.9663599133491516 4
      vertex 84.39526864141226 2.9663599133491516 2.6
    endloop
  endfacet
  facet normal -0.9510565163084571 -0.3090169943340034 0
    outer loop
      vertex 84.47615267336369 2.7174244597554207 2.6
      vertex 84.47615267336369 2.7174244597554207 4
      vertex 84.39526864141226 2.9663599133491516 4
    endloop
  endfacet
  facet normal -0.9702957285113611 -0.24192188663410924 0
    outer loop
      vertex 84.39526864141226 2.9663599133491516 2.6
      vertex 84.33194649964571 3.220331162214279 4
      vertex 84.33194649964571 3.220331162214279 2.6
    endloop
  endfacet
  facet normal -0.9702957285113611 -0.24192188663410924 0
    outer loop
      vertex 84.39526864141226 2.9663599133491516 2.6
      vertex 84.39526864141226 2.9663599133491516 4
      vertex 84.33194649964571 3.220331162214279 4
    endloop
  endfacet
  facet normal -0.9848077494987413 -0.1736481975927896 0
    outer loop
      vertex 84.33194649964571 3.220331162214279 2.6
      vertex 84.28649473935366 3.478100873529911 4
      vertex 84.28649473935366 3.478100873529911 2.6
    endloop
  endfacet
  facet normal -0.9848077494987413 -0.1736481975927896 0
    outer loop
      vertex 84.33194649964571 3.220331162214279 2.6
      vertex 84.33194649964571 3.220331162214279 4
      vertex 84.28649473935366 3.478100873529911 4
    endloop
  endfacet
  facet normal -0.9945218974016594 -0.10452844392127603 0
    outer loop
      vertex 84.28649473935366 3.478100873529911 2.6
      vertex 84.28649473935366 3.478100873529911 4
      vertex 84.25913481414318 3.7384132221341133 4
    endloop
  endfacet
  facet normal -0.9945218974016594 -0.10452844392127603 0
    outer loop
      vertex 84.28649473935366 3.478100873529911 2.6
      vertex 84.25913481414318 3.7384132221341133 4
      vertex 84.25913481414318 3.7384132221341133 2.6
    endloop
  endfacet
  facet normal -0.9993908266764729 -0.03489950651393371 0
    outer loop
      vertex 84.25913481414318 3.7384132221341133 2.6
      vertex 84.25 4 4
      vertex 84.25 4 2.6
    endloop
  endfacet
  facet normal -0.9993908266764729 -0.03489950651393371 0
    outer loop
      vertex 84.25913481414318 3.7384132221341133 2.6
      vertex 84.25913481414318 3.7384132221341133 4
      vertex 84.25 4 4
    endloop
  endfacet
  facet normal -0.13734150997370176 -0.6461410148159339 -0.7507590150046674
    outer loop
      vertex 87.9402159228921 3.2022369652986526 0
      vertex 87.34881933033466 0.3069709241390228 2.6
      vertex 87.09279289096594 0.36139102280139923 2.6
    endloop
  endfacet
  facet normal -0.09203199542746929 -0.6548416775346022 -0.7501416460784632
    outer loop
      vertex 87.9402159228921 3.2022369652986526 0
      vertex 87.60801826417446 0.2705428898334503 2.6
      vertex 87.34881933033466 0.3069709241390228 2.6
    endloop
  endfacet
  facet normal -0.04614305890705155 -0.6598766241261054 -0.7499557713936436
    outer loop
      vertex 87.9402159228921 3.2022369652986526 0
      vertex 87.86912688612938 0.252284400165081 2.6
      vertex 87.60801826417446 0.2705428898334503 2.6
    endloop
  endfacet
  facet normal -0.011540544927629483 -0.6611569520653913 -0.7501588502166558
    outer loop
      vertex 88 3.2000000029802322 0
      vertex 88 0.25 2.6
      vertex 87.86912688612938 0.252284400165081 2.6
    endloop
  endfacet
  facet normal -0.14690138878237063 -0.6436171015062688 -0.7511171736969406
    outer loop
      vertex 87.70772717893124 3.255300998687744 0
      vertex 87.9402159228921 3.2022369652986526 0
      vertex 87.09279289096594 0.36139102280139923 2.6
    endloop
  endfacet
  facet normal -0.3300375060053738 -0.5716417116387702 -0.7511997059001355
    outer loop
      vertex 87.50120815634727 3.3745348155498505 0
      vertex 87.70772717893124 3.255300998687744 0
      vertex 86.125 0.7524047344923019 2.6
    endloop
  endfacet
  facet normal -0.024720510651599845 -0.6606695619198683 -0.7502697023775742
    outer loop
      vertex 87.9402159228921 3.2022369652986526 0
      vertex 88 3.2000000029802322 0
      vertex 87.86912688612938 0.252284400165081 2.6
    endloop
  endfacet
  facet normal -0.26901055082833886 -0.6042076135919919 -0.7500443208374448
    outer loop
      vertex 87.70772717893124 3.255300998687744 0
      vertex 86.59522527456284 0.5230605453252792 2.6
      vertex 86.35610819607973 0.6295223236083984 2.6
    endloop
  endfacet
  facet normal -0.2262319076404371 -0.621567059245122 -0.7499823430099802
    outer loop
      vertex 87.70772717893124 3.255300998687744 0
      vertex 86.84118627011776 0.4335380643606186 2.6
      vertex 86.59522527456284 0.5230605453252792 2.6
    endloop
  endfacet
  facet normal -0.3102391400397355 -0.5834749456181296 -0.7505389155955379
    outer loop
      vertex 87.70772717893124 3.255300998687744 0
      vertex 86.35610819607973 0.6295223236083984 2.6
      vertex 86.125 0.7524047344923019 2.6
    endloop
  endfacet
  facet normal -0.18220637777348891 -0.6354291183366749 -0.7503536975777095
    outer loop
      vertex 87.70772717893124 3.255300998687744 0
      vertex 87.09279289096594 0.36139102280139923 2.6
      vertex 86.84118627011776 0.4335380643606186 2.6
    endloop
  endfacet
  facet normal -0.13917310017239254 -0.9902680688522706 0
    outer loop
      vertex 87.34881933033466 0.3069709241390228 2.6
      vertex 87.60801826417446 0.2705428898334503 2.6
      vertex 87.34881933033466 0.3069709241390228 4
    endloop
  endfacet
  facet normal -0.20791168721191458 -0.9781476015002516 0
    outer loop
      vertex 87.34881933033466 0.3069709241390228 2.6
      vertex 87.34881933033466 0.3069709241390228 4
      vertex 87.09279289096594 0.36139102280139923 4
    endloop
  endfacet
  facet normal -0.13917310017239254 -0.9902680688522706 0
    outer loop
      vertex 87.60801826417446 0.2705428898334503 2.6
      vertex 87.60801826417446 0.2705428898334503 4
      vertex 87.34881933033466 0.3069709241390228 4
    endloop
  endfacet
  facet normal -0.27563736995428795 -0.9612616918845166 0
    outer loop
      vertex 86.84118627011776 0.4335380643606186 2.6
      vertex 87.09279289096594 0.36139102280139923 2.6
      vertex 86.84118627011776 0.4335380643606186 4
    endloop
  endfacet
  facet normal -0.34202014262459324 -0.939692621041079 0
    outer loop
      vertex 86.59522527456284 0.5230605453252792 2.6
      vertex 86.84118627011776 0.4335380643606186 2.6
      vertex 86.59522527456284 0.5230605453252792 4
    endloop
  endfacet
  facet normal -0.20791168721191458 -0.9781476015002516 0
    outer loop
      vertex 87.09279289096594 0.36139102280139923 2.6
      vertex 87.34881933033466 0.3069709241390228 2.6
      vertex 87.09279289096594 0.36139102280139923 4
    endloop
  endfacet
  facet normal -0.34202014262459324 -0.939692621041079 0
    outer loop
      vertex 86.84118627011776 0.4335380643606186 2.6
      vertex 86.84118627011776 0.4335380643606186 4
      vertex 86.59522527456284 0.5230605453252792 4
    endloop
  endfacet
  facet normal -0.27563736995428795 -0.9612616918845166 0
    outer loop
      vertex 87.09279289096594 0.36139102280139923 2.6
      vertex 87.09279289096594 0.36139102280139923 4
      vertex 86.84118627011776 0.4335380643606186 4
    endloop
  endfacet
  facet normal -0.06975645916039604 -0.9975640512796179 0
    outer loop
      vertex 87.60801826417446 0.2705428898334503 2.6
      vertex 87.86912688612938 0.252284400165081 2.6
      vertex 87.86912688612938 0.252284400165081 4
    endloop
  endfacet
  facet normal -0.017452417627068444 -0.9998476949610728 0
    outer loop
      vertex 87.86912688612938 0.252284400165081 2.6
      vertex 88 0.25 2.6
      vertex 87.86912688612938 0.252284400165081 4
    endloop
  endfacet
  facet normal -0.06975645916039604 -0.9975640512796179 0
    outer loop
      vertex 87.60801826417446 0.2705428898334503 2.6
      vertex 87.86912688612938 0.252284400165081 4
      vertex 87.60801826417446 0.2705428898334503 4
    endloop
  endfacet
  facet normal -0.017452417627068444 -0.9998476949610728 0
    outer loop
      vertex 88 0.25 2.6
      vertex 88 0.25 4
      vertex 87.86912688612938 0.252284400165081 4
    endloop
  endfacet
  facet normal -0.4839380527972963 -0.44902889992630385 -0.7511171733396427
    outer loop
      vertex 87.50120815634727 3.3745348155498505 0
      vertex 85.30247575044632 1.3950311094522476 2.6
      vertex 87.33900897949934 3.549343951046467 0
    endloop
  endfacet
  facet normal -0.6612009842860757 2.0261951996587174e-18 -0.7502088098517137
    outer loop
      vertex 87.20000000298023 4 0
      vertex 84.25 4 2.6
      vertex 84.25 38 2.6
    endloop
  endfacet
  facet normal -1 0 0
    outer loop
      vertex 84.25 4 2.6
      vertex 84.25 4 4
      vertex 84.25 38 4
    endloop
  endfacet
  facet normal -1 0 0
    outer loop
      vertex 84.25 5.5 7.01
      vertex 84.25 36.5 7.01
      vertex 84.25 5.5 7
    endloop
  endfacet
  facet normal 0 -0.6612009842860757 -0.7502088098517137
    outer loop
      vertex 88 3.2000000029802322 0
      vertex 122 3.2000000029802322 0
      vertex 88 0.25 2.6
    endloop
  endfacet
  facet normal 0 -1 0
    outer loop
      vertex 88 0.25 2.6
      vertex 122 0.25 2.6
      vertex 88 0.25 4
    endloop
  endfacet
  facet normal 0 -0.6612009842860757 -0.7502088098517137
    outer loop
      vertex 88 0.25 2.6
      vertex 122 3.2000000029802322 0
      vertex 122 0.25 2.6
    endloop
  endfacet
  facet normal 0 -1 0
    outer loop
      vertex 122 0.25 2.6
      vertex 122 0.25 4
      vertex 88 0.25 4
    endloop
  endfacet
  facet normal 0.02308350120127333 -0.6610248009930202 -0.7500089095766989
    outer loop
      vertex 122 3.2000000029802322 0
      vertex 122.26158677786589 0.25913481414318085 2.6
      vertex 122 0.25 2.6
    endloop
  endfacet
  facet normal 0.0690866516294414 -0.6573157055259183 -0.7504419350193569
    outer loop
      vertex 122 3.2000000029802322 0
      vertex 122.52189912647009 0.28649473935365677 2.6
      vertex 122.26158677786589 0.25913481414318085 2.6
    endloop
  endfacet
  facet normal 0.11473043774754482 -0.6506685687698543 -0.7506446164925489
    outer loop
      vertex 122.23580414056778 3.2355417534708977 0
      vertex 122.77966883778572 0.33194649964571 2.6
      vertex 122.52189912647009 0.28649473935365677 2.6
    endloop
  endfacet
  facet normal 0.09838255887429205 -0.652725721776262 -0.7511790760138385
    outer loop
      vertex 122 3.2000000029802322 0
      vertex 122.23580414056778 3.2355417534708977 0
      vertex 122.52189912647009 0.28649473935365677 2.6
    endloop
  endfacet
  facet normal 0.286487497430482 -0.5948974174167716 -0.7510139656270547
    outer loop
      vertex 122.23580414056778 3.2355417534708977 0
      vertex 122.45065604895353 3.33900897949934 0
      vertex 123.52526240795851 0.5742045342922211 2.6
    endloop
  endfacet
  facet normal 0.15999198809324827 -0.6416928406221822 -0.7500885694637698
    outer loop
      vertex 122.23580414056778 3.2355417534708977 0
      vertex 123.03364008665085 0.39526864141225815 2.6
      vertex 122.77966883778572 0.33194649964571 2.6
    endloop
  endfacet
  facet normal 0.20440792258277624 -0.6291028982933601 -0.7499646288621137
    outer loop
      vertex 122.23580414056778 3.2355417534708977 0
      vertex 123.28257554024458 0.4761526733636856 2.6
      vertex 123.03364008665085 0.39526864141225815 2.6
    endloop
  endfacet
  facet normal 0.2476624456112128 -0.612986052549916 -0.7502742248092659
    outer loop
      vertex 122.23580414056778 3.2355417534708977 0
      vertex 123.52526240795851 0.5742045342922211 2.6
      vertex 123.28257554024458 0.4761526733636856 2.6
    endloop
  endfacet
  facet normal 0.28951622240197755 -0.5935962082348373 -0.7508820803130892
    outer loop
      vertex 122.45065604895353 3.33900897949934 0
      vertex 123.76051835715771 0.6889465302228928 2.6
      vertex 123.52526240795851 0.5742045342922211 2.6
    endloop
  endfacet
  facet normal 0.3306034670411384 -0.5726220421271677 -0.7502035353492352
    outer loop
      vertex 122.45065604895353 3.33900897949934 0
      vertex 123.98719724267721 0.8198196366429329 2.6
      vertex 123.76051835715771 0.6889465302228928 2.6
    endloop
  endfacet
  facet normal 0.36989938838850717 -0.5483983808383065 -0.7499557709383481
    outer loop
      vertex 122.45065604895353 3.33900897949934 0
      vertex 124.20419469475746 0.9661862701177597 2.6
      vertex 123.98719724267721 0.8198196366429329 2.6
    endloop
  endfacet
  facet normal 0.4071228822062101 -0.5210935336051186 -0.7501416453037648
    outer loop
      vertex 122.45065604895353 3.33900897949934 0
      vertex 124.4104535356164 1.1273333355784416 2.6
      vertex 124.20419469475746 0.9661862701177597 2.6
    endloop
  endfacet
  facet normal 0.44201175002614423 -0.49090377396602536 -0.7507590142946928
    outer loop
      vertex 122.45065604895353 3.33900897949934 0
      vertex 124.60496889054775 1.3024757504463196 2.6
      vertex 124.4104535356164 1.1273333355784416 2.6
    endloop
  endfacet
  facet normal 0.47550990497178275 -0.45919457599114016 -0.7503536977013194
    outer loop
      vertex 122.62546518445015 3.501208156347275 0
      vertex 124.78679309785366 1.4907602295279503 2.6
      vertex 124.60496889054775 1.3024757504463196 2.6
    endloop
  endfacet
  facet normal 0.5067061024661204 -0.42517691631556814 -0.7499823434961506
    outer loop
      vertex 122.62546518445015 3.501208156347275 0
      vertex 124.95504032820463 1.691269464790821 2.6
      vertex 124.78679309785366 1.4907602295279503 2.6
    endloop
  endfacet
  facet normal 0.5350737850551668 -0.3887538560978602 -0.7500443213009357
    outer loop
      vertex 122.62546518445015 3.501208156347275 0
      vertex 125.10889089852571 1.9030266106128693 2.6
      vertex 124.95504032820463 1.691269464790821 2.6
    endloop
  endfacet
  facet normal 0.5604124464310254 -0.3501845597152763 -0.7505389157280328
    outer loop
      vertex 122.62546518445015 3.501208156347275 0
      vertex 125.2475952655077 2.125 2.6
      vertex 125.10889089852571 1.9030266106128693 2.6
    endloop
  endfacet
  facet normal 0.03489950651393371 -0.9993908266764729 0
    outer loop
      vertex 122 0.25 2.6
      vertex 122.26158677786589 0.25913481414318085 2.6
      vertex 122 0.25 4
    endloop
  endfacet
  facet normal 0.10452844392127603 -0.9945218974016594 0
    outer loop
      vertex 122.26158677786589 0.25913481414318085 2.6
      vertex 122.52189912647009 0.28649473935365677 2.6
      vertex 122.26158677786589 0.25913481414318085 4
    endloop
  endfacet
  facet normal 0.1736481975927896 -0.9848077494987413 0
    outer loop
      vertex 122.52189912647009 0.28649473935365677 2.6
      vertex 122.77966883778572 0.33194649964571 2.6
      vertex 122.52189912647009 0.28649473935365677 4
    endloop
  endfacet
  facet normal 0.03489950651393371 -0.9993908266764729 0
    outer loop
      vertex 122.26158677786589 0.25913481414318085 2.6
      vertex 122.26158677786589 0.25913481414318085 4
      vertex 122 0.25 4
    endloop
  endfacet
  facet normal 0.10452844392127603 -0.9945218974016594 0
    outer loop
      vertex 122.52189912647009 0.28649473935365677 2.6
      vertex 122.52189912647009 0.28649473935365677 4
      vertex 122.26158677786589 0.25913481414318085 4
    endloop
  endfacet
  facet normal 0.1736481975927896 -0.9848077494987413 0
    outer loop
      vertex 122.77966883778572 0.33194649964571 2.6
      vertex 122.77966883778572 0.33194649964571 4
      vertex 122.52189912647009 0.28649473935365677 4
    endloop
  endfacet
  facet normal 0.24192188663410924 -0.9702957285113611 0
    outer loop
      vertex 122.77966883778572 0.33194649964571 2.6
      vertex 123.03364008665085 0.39526864141225815 2.6
      vertex 122.77966883778572 0.33194649964571 4
    endloop
  endfacet
  facet normal 0.24192188663410924 -0.9702957285113611 0
    outer loop
      vertex 123.03364008665085 0.39526864141225815 2.6
      vertex 123.03364008665085 0.39526864141225815 4
      vertex 122.77966883778572 0.33194649964571 4
    endloop
  endfacet
  facet normal 0.3090169943340034 -0.9510565163084571 0
    outer loop
      vertex 123.03364008665085 0.39526864141225815 2.6
      vertex 123.28257554024458 0.4761526733636856 2.6
      vertex 123.03364008665085 0.39526864141225815 4
    endloop
  endfacet
  facet normal 0.37460659902009175 -0.9271838523025517 0
    outer loop
      vertex 123.28257554024458 0.4761526733636856 2.6
      vertex 123.52526240795851 0.5742045342922211 2.6
      vertex 123.28257554024458 0.4761526733636856 4
    endloop
  endfacet
  facet normal 0.438371155591943 -0.8987940420057225 0
    outer loop
      vertex 123.52526240795851 0.5742045342922211 2.6
      vertex 123.76051835715771 0.6889465302228928 2.6
      vertex 123.52526240795851 0.5742045342922211 4
    endloop
  endfacet
  facet normal 0.3090169943340034 -0.9510565163084571 0
    outer loop
      vertex 123.28257554024458 0.4761526733636856 2.6
      vertex 123.28257554024458 0.4761526733636856 4
      vertex 123.03364008665085 0.39526864141225815 4
    endloop
  endfacet
  facet normal 0.37460659902009175 -0.9271838523025517 0
    outer loop
      vertex 123.52526240795851 0.5742045342922211 2.6
      vertex 123.52526240795851 0.5742045342922211 4
      vertex 123.28257554024458 0.4761526733636856 4
    endloop
  endfacet
  facet normal 0.438371155591943 -0.8987940420057225 0
    outer loop
      vertex 123.76051835715771 0.6889465302228928 2.6
      vertex 123.76051835715771 0.6889465302228928 4
      vertex 123.52526240795851 0.5742045342922211 4
    endloop
  endfacet
  facet normal 0.4999999737696784 -0.8660254189285214 0
    outer loop
      vertex 123.76051835715771 0.6889465302228928 2.6
      vertex 123.98719724267721 0.8198196366429329 2.6
      vertex 123.76051835715771 0.6889465302228928 4
    endloop
  endfacet
  facet normal 0.4999999737696784 -0.8660254189285214 0
    outer loop
      vertex 123.98719724267721 0.8198196366429329 2.6
      vertex 123.98719724267721 0.8198196366429329 4
      vertex 123.76051835715771 0.6889465302228928 4
    endloop
  endfacet
  facet normal 0.559192913747207 -0.8290375656234816 0
    outer loop
      vertex 123.98719724267721 0.8198196366429329 2.6
      vertex 124.20419469475746 0.9661862701177597 2.6
      vertex 123.98719724267721 0.8198196366429329 4
    endloop
  endfacet
  facet normal 0.559192913747207 -0.8290375656234816 0
    outer loop
      vertex 124.20419469475746 0.9661862701177597 2.6
      vertex 124.20419469475746 0.9661862701177597 4
      vertex 123.98719724267721 0.8198196366429329 4
    endloop
  endfacet
  facet normal 0.615661470005977 -0.7880107577629124 0
    outer loop
      vertex 124.20419469475746 0.9661862701177597 2.6
      vertex 124.4104535356164 1.1273333355784416 2.6
      vertex 124.20419469475746 0.9661862701177597 4
    endloop
  endfacet
  facet normal 0.6691306118650311 -0.743144820519614 0
    outer loop
      vertex 124.4104535356164 1.1273333355784416 2.6
      vertex 124.60496889054775 1.3024757504463196 2.6
      vertex 124.4104535356164 1.1273333355784416 4
    endloop
  endfacet
  facet normal 0.615661470005977 -0.7880107577629124 0
    outer loop
      vertex 124.4104535356164 1.1273333355784416 2.6
      vertex 124.4104535356164 1.1273333355784416 4
      vertex 124.20419469475746 0.9661862701177597 4
    endloop
  endfacet
  facet normal 0.6691306118650311 -0.743144820519614 0
    outer loop
      vertex 124.60496889054775 1.3024757504463196 2.6
      vertex 124.60496889054775 1.3024757504463196 4
      vertex 124.4104535356164 1.1273333355784416 4
    endloop
  endfacet
  facet normal 0.7193398015101028 -0.6946583692459235 0
    outer loop
      vertex 124.60496889054775 1.3024757504463196 2.6
      vertex 124.78679309785366 1.4907602295279503 2.6
      vertex 124.60496889054775 1.3024757504463196 4
    endloop
  endfacet
  facet normal 0.7660444337236486 -0.6427876208834568 0
    outer loop
      vertex 124.78679309785366 1.4907602295279503 2.6
      vertex 124.95504032820463 1.691269464790821 2.6
      vertex 124.78679309785366 1.4907602295279503 4
    endloop
  endfacet
  facet normal 0.7193398015101028 -0.6946583692459235 0
    outer loop
      vertex 124.78679309785366 1.4907602295279503 2.6
      vertex 124.78679309785366 1.4907602295279503 4
      vertex 124.60496889054775 1.3024757504463196 4
    endloop
  endfacet
  facet normal 0.7660444337236486 -0.6427876208834568 0
    outer loop
      vertex 124.95504032820463 1.691269464790821 2.6
      vertex 124.95504032820463 1.691269464790821 4
      vertex 124.78679309785366 1.4907602295279503 4
    endloop
  endfacet
  facet normal 0.8090169975136928 -0.5877852479723605 0
    outer loop
      vertex 124.95504032820463 1.691269464790821 2.6
      vertex 125.10889089852571 1.9030266106128693 2.6
      vertex 124.95504032820463 1.691269464790821 4
    endloop
  endfacet
  facet normal 0.8090169975136928 -0.5877852479723605 0
    outer loop
      vertex 125.10889089852571 1.9030266106128693 2.6
      vertex 125.10889089852571 1.9030266106128693 4
      vertex 124.95504032820463 1.691269464790821 4
    endloop
  endfacet
  facet normal 0.8480480978483979 -0.5299192615254839 0
    outer loop
      vertex 125.10889089852571 1.9030266106128693 2.6
      vertex 125.2475952655077 2.125 2.6
      vertex 125.10889089852571 1.9030266106128693 4
    endloop
  endfacet
  facet normal 0.882947587642265 -0.46947157259700467 0
    outer loop
      vertex 125.2475952655077 2.125 2.6
      vertex 125.3704776763916 2.356108196079731 2.6
      vertex 125.2475952655077 2.125 4
    endloop
  endfacet
  facet normal 0.8480480978483979 -0.5299192615254839 0
    outer loop
      vertex 125.2475952655077 2.125 2.6
      vertex 125.2475952655077 2.125 4
      vertex 125.10889089852571 1.9030266106128693 4
    endloop
  endfacet
  facet normal 0.882947587642265 -0.46947157259700467 0
    outer loop
      vertex 125.3704776763916 2.356108196079731 2.6
      vertex 125.3704776763916 2.356108196079731 4
      vertex 125.2475952655077 2.125 4
    endloop
  endfacet
  facet normal 0.913545463611597 -0.40673662966921503 0
    outer loop
      vertex 125.3704776763916 2.356108196079731 2.6
      vertex 125.47693945467472 2.5952252745628357 2.6
      vertex 125.3704776763916 2.356108196079731 4
    endloop
  endfacet
  facet normal 0.913545463611597 -0.40673662966921503 0
    outer loop
      vertex 125.47693945467472 2.5952252745628357 2.6
      vertex 125.47693945467472 2.5952252745628357 4
      vertex 125.3704776763916 2.356108196079731 4
    endloop
  endfacet
  facet normal 0.44902889992630385 -0.4839380527972963 -0.7511171733396427
    outer loop
      vertex 122.45065604895353 3.33900897949934 0
      vertex 122.62546518445015 3.501208156347275 0
      vertex 124.60496889054775 1.3024757504463196 2.6
    endloop
  endfacet
  facet normal 0.5716417116387702 -0.3300375060053738 -0.7511997059001355
    outer loop
      vertex 122.62546518445015 3.501208156347275 0
      vertex 122.74469900131226 3.7077271789312363 0
      vertex 125.2475952655077 2.125 2.6
    endloop
  endfacet
  facet normal 0.6436171015062688 -0.14690138878237063 -0.7511171736969406
    outer loop
      vertex 122.74469900131226 3.7077271789312363 0
      vertex 122.79776303470135 3.9402159228920937 0
      vertex 125.6386089771986 3.0927928909659386 2.6
    endloop
  endfacet
  facet normal 0.6606695619198683 -0.024720510651599845 -0.7502697023775742
    outer loop
      vertex 122.79776303470135 3.9402159228920937 0
      vertex 122.79999999701977 4 0
      vertex 125.74771559983492 3.8691268861293793 2.6
    endloop
  endfacet
  facet normal 0.5834749456181297 -0.3102391400397356 -0.750538915595538
    outer loop
      vertex 122.74469900131226 3.7077271789312363 0
      vertex 125.3704776763916 2.356108196079731 2.6
      vertex 125.2475952655077 2.125 2.6
    endloop
  endfacet
  facet normal 0.6042076135919919 -0.269010550828339 -0.7500443208374447
    outer loop
      vertex 122.74469900131226 3.7077271789312363 0
      vertex 125.47693945467472 2.5952252745628357 2.6
      vertex 125.3704776763916 2.356108196079731 2.6
    endloop
  endfacet
  facet normal 0.621567059245122 -0.22623190764043685 -0.7499823430099802
    outer loop
      vertex 122.74469900131226 3.7077271789312363 0
      vertex 125.56646193563938 2.8411862701177597 2.6
      vertex 125.47693945467472 2.5952252745628357 2.6
    endloop
  endfacet
  facet normal 0.6354291183366749 -0.1822063777734888 -0.7503536975777096
    outer loop
      vertex 122.74469900131226 3.7077271789312363 0
      vertex 125.6386089771986 3.0927928909659386 2.6
      vertex 125.56646193563938 2.8411862701177597 2.6
    endloop
  endfacet
  facet normal 0.6461410148159342 -0.1373415099737018 -0.7507590150046672
    outer loop
      vertex 122.79776303470135 3.9402159228920937 0
      vertex 125.69302907586098 3.3488193303346634 2.6
      vertex 125.6386089771986 3.0927928909659386 2.6
    endloop
  endfacet
  facet normal 0.6548416775346021 -0.09203199542746929 -0.7501416460784631
    outer loop
      vertex 122.79776303470135 3.9402159228920937 0
      vertex 125.72945711016655 3.6080182641744614 2.6
      vertex 125.69302907586098 3.3488193303346634 2.6
    endloop
  endfacet
  facet normal 0.6598766241261053 -0.04614305890705173 -0.7499557713936437
    outer loop
      vertex 122.79776303470135 3.9402159228920937 0
      vertex 125.74771559983492 3.8691268861293793 2.6
      vertex 125.72945711016655 3.6080182641744614 2.6
    endloop
  endfacet
  facet normal 0.6611569520653913 -0.011540544927629846 -0.7501588502166558
    outer loop
      vertex 122.79999999701977 4 0
      vertex 125.75 4 2.6
      vertex 125.74771559983492 3.8691268861293793 2.6
    endloop
  endfacet
  facet normal 0.939692621041079 -0.34202014262459324 0
    outer loop
      vertex 125.47693945467472 2.5952252745628357 2.6
      vertex 125.56646193563938 2.8411862701177597 2.6
      vertex 125.47693945467472 2.5952252745628357 4
    endloop
  endfacet
  facet normal 0.9612616918845166 -0.27563736995428795 0
    outer loop
      vertex 125.56646193563938 2.8411862701177597 2.6
      vertex 125.6386089771986 3.0927928909659386 2.6
      vertex 125.56646193563938 2.8411862701177597 4
    endloop
  endfacet
  facet normal 0.939692621041079 -0.34202014262459324 0
    outer loop
      vertex 125.56646193563938 2.8411862701177597 2.6
      vertex 125.56646193563938 2.8411862701177597 4
      vertex 125.47693945467472 2.5952252745628357 4
    endloop
  endfacet
  facet normal 0.9781476015002516 -0.20791168721191458 0
    outer loop
      vertex 125.6386089771986 3.0927928909659386 2.6
      vertex 125.69302907586098 3.3488193303346634 2.6
      vertex 125.6386089771986 3.0927928909659386 4
    endloop
  endfacet
  facet normal 0.9612616918845166 -0.27563736995428795 0
    outer loop
      vertex 125.6386089771986 3.0927928909659386 2.6
      vertex 125.6386089771986 3.0927928909659386 4
      vertex 125.56646193563938 2.8411862701177597 4
    endloop
  endfacet
  facet normal 0.9781476015002516 -0.20791168721191458 0
    outer loop
      vertex 125.69302907586098 3.3488193303346634 2.6
      vertex 125.69302907586098 3.3488193303346634 4
      vertex 125.6386089771986 3.0927928909659386 4
    endloop
  endfacet
  facet normal 0.9902680688522706 -0.13917310017239254 0
    outer loop
      vertex 125.69302907586098 3.3488193303346634 2.6
      vertex 125.72945711016655 3.6080182641744614 2.6
      vertex 125.69302907586098 3.3488193303346634 4
    endloop
  endfacet
  facet normal 0.9902680688522706 -0.13917310017239254 0
    outer loop
      vertex 125.72945711016655 3.6080182641744614 2.6
      vertex 125.72945711016655 3.6080182641744614 4
      vertex 125.69302907586098 3.3488193303346634 4
    endloop
  endfacet
  facet normal 0.9975640512796179 -0.06975645916039604 0
    outer loop
      vertex 125.72945711016655 3.6080182641744614 2.6
      vertex 125.74771559983492 3.8691268861293793 2.6
      vertex 125.72945711016655 3.6080182641744614 4
    endloop
  endfacet
  facet normal 0.9998476949610728 -0.017452417627068444 0
    outer loop
      vertex 125.74771559983492 3.8691268861293793 2.6
      vertex 125.75 4 2.6
      vertex 125.74771559983492 3.8691268861293793 4
    endloop
  endfacet
  facet normal 0.9975640512796179 -0.06975645916039604 0
    outer loop
      vertex 125.74771559983492 3.8691268861293793 2.6
      vertex 125.74771559983492 3.8691268861293793 4
      vertex 125.72945711016655 3.6080182641744614 4
    endloop
  endfacet
  facet normal 0.9998476949610728 -0.017452417627068444 0
    outer loop
      vertex 125.75 4 2.6
      vertex 125.75 4 4
      vertex 125.74771559983492 3.8691268861293793 4
    endloop
  endfacet
  facet normal 0 0 -1
    outer loop
      vertex 87.9402159228921 3.2022369652986526 0
      vertex 122.29227282106876 38.744699001312256 0
      vertex 88 3.2000000029802322 0
    endloop
  endfacet
  facet normal 0 0 -1
    outer loop
      vertex 87.70772717893124 3.255300998687744 0
      vertex 122.29227282106876 38.744699001312256 0
      vertex 87.9402159228921 3.2022369652986526 0
    endloop
  endfacet
  facet normal 0 0 -1
    outer loop
      vertex 87.50120815634727 3.3745348155498505 0
      vertex 122.29227282106876 38.744699001312256 0
      vertex 87.70772717893124 3.255300998687744 0
    endloop
  endfacet
  facet normal 0 0 -1
    outer loop
      vertex 87.50120815634727 3.3745348155498505 0
      vertex 87.33900897949934 3.549343951046467 0
      vertex 122.29227282106876 38.744699001312256 0
    endloop
  endfacet
  facet normal 0 0 -1
    outer loop
      vertex 87.33900897949934 3.549343951046467 0
      vertex 87.2355417534709 3.7641958594322205 0
      vertex 122.29227282106876 38.744699001312256 0
    endloop
  endfacet
  facet normal 0 0 -1
    outer loop
      vertex 87.2355417534709 3.7641958594322205 0
      vertex 87.20000000298023 4 0
      vertex 122.29227282106876 38.744699001312256 0
    endloop
  endfacet
  facet normal 0 0 1
    outer loop
      vertex 84.25 5.5 7.01
      vertex 119 5.5 7.01
      vertex 84.25 36.5 7.01
    endloop
  endfacet
  facet normal 0 0 -1
    outer loop
      vertex 88 3.2000000029802322 0
      vertex 122.29227282106876 38.744699001312256 0
      vertex 122 3.2000000029802322 0
    endloop
  endfacet
  facet normal 0 0 -1
    outer loop
      vertex 122 3.2000000029802322 0
      vertex 122.29227282106876 38.744699001312256 0
      vertex 122.23580414056778 3.2355417534708977 0
    endloop
  endfacet
  facet normal 0 0 -1
    outer loop
      vertex 122.23580414056778 3.2355417534708977 0
      vertex 122.29227282106876 38.744699001312256 0
      vertex 122.45065604895353 3.33900897949934 0
    endloop
  endfacet
  facet normal 0 0 -1
    outer loop
      vertex 122.45065604895353 3.33900897949934 0
      vertex 122.29227282106876 38.744699001312256 0
      vertex 122.62546518445015 3.501208156347275 0
    endloop
  endfacet
  facet normal 0 0 -1
    outer loop
      vertex 122.62546518445015 3.501208156347275 0
      vertex 122.29227282106876 38.744699001312256 0
      vertex 122.74469900131226 3.7077271789312363 0
    endloop
  endfacet
  facet normal 0 0 -1
    outer loop
      vertex 122.74469900131226 3.7077271789312363 0
      vertex 122.29227282106876 38.744699001312256 0
      vertex 122.79776303470135 3.9402159228920937 0
    endloop
  endfacet
  facet normal 0 0 -1
    outer loop
      vertex 122.79776303470135 3.9402159228920937 0
      vertex 122.29227282106876 38.744699001312256 0
      vertex 122.79999999701977 4 0
    endloop
  endfacet
  facet normal 0.6612009842860757 0 -0.7502088098517137
    outer loop
      vertex 122.79999999701977 4 0
      vertex 122.79999999701977 38 0
      vertex 125.75 4 2.6
    endloop
  endfacet
  facet normal 1 0 0
    outer loop
      vertex 125.75 4 2.6
      vertex 125.75 38 2.6
      vertex 125.75 4 4
    endloop
  endfacet
  facet normal 0 0 1
    outer loop
      vertex 120.5 35 7.01
      vertex 119 5.5 7.01
      vertex 119.24689188599586 5.5204580426216125 7.01
    endloop
  endfacet
  facet normal 0 0 1
    outer loop
      vertex 120.5 35 7.01
      vertex 119.24689188599586 5.5204580426216125 7.01
      vertex 119.48704920709133 5.581274136900902 7.01
    endloop
  endfacet
  facet normal 0 0 1
    outer loop
      vertex 120.5 35 7.01
      vertex 119.48704920709133 5.581274136900902 7.01
      vertex 119.71392109245062 5.68078937381506 7.01
    endloop
  endfacet
  facet normal 0 0 1
    outer loop
      vertex 120.5 35 7.01
      vertex 119.71392109245062 5.68078937381506 7.01
      vertex 119.92131906747818 5.816289238631725 7.01
    endloop
  endfacet
  facet normal 0 0 1
    outer loop
      vertex 120.5 35 7.01
      vertex 119.92131906747818 5.816289238631725 7.01
      vertex 120.10358586907387 5.984077639877796 7.01
    endloop
  endfacet
  facet normal 0 0 1
    outer loop
      vertex 120.5 35 7.01
      vertex 120.10358586907387 5.984077639877796 7.01
      vertex 120.25574971735477 6.179577760398388 7.01
    endloop
  endfacet
  facet normal 0 0 1
    outer loop
      vertex 120.5 35 7.01
      vertex 120.25574971735477 6.179577760398388 7.01
      vertex 120.3736599907279 6.3974568620324135 7.01
    endloop
  endfacet
  facet normal 0 0 1
    outer loop
      vertex 120.5 35 7.01
      vertex 120.3736599907279 6.3974568620324135 7.01
      vertex 120.45410040020943 6.631771765649319 7.01
    endloop
  endfacet
  facet normal 0 0 1
    outer loop
      vertex 120.5 35 7.01
      vertex 120.45410040020943 6.631771765649319 7.01
      vertex 120.49487674236298 6.876130983233452 7.01
    endloop
  endfacet
  facet normal 0 0 1
    outer loop
      vertex 120.5 35 7.01
      vertex 120.49487674236298 6.876130983233452 7.01
      vertex 120.5 7 7.01
    endloop
  endfacet
  facet normal -1 0 0
    outer loop
      vertex 84.25 36.5 7.01
      vertex 84.25 36.5 7
      vertex 84.25 5.5 7
    endloop
  endfacet
  facet normal -0.6612009842860757 0 -0.7502088098517137
    outer loop
      vertex 87.20000000298023 4 0
      vertex 84.25 38 2.6
      vertex 87.20000000298023 38 0
    endloop
  endfacet
  facet normal -1 0 0
    outer loop
      vertex 84.25 4 2.6
      vertex 84.25 38 4
      vertex 84.25 38 2.6
    endloop
  endfacet
  facet normal -0.6611569520653913 0.011540544927629846 -0.7501588502166558
    outer loop
      vertex 87.20000000298023 38 0
      vertex 84.25 38 2.6
      vertex 84.25228440016508 38.13087311387062 2.6
    endloop
  endfacet
  facet normal -0.6606695619198683 0.024720510651599845 -0.7502697023775742
    outer loop
      vertex 87.20000000298023 38 0
      vertex 84.25228440016508 38.13087311387062 2.6
      vertex 87.20223696529865 38.059784077107906 0
    endloop
  endfacet
  facet normal -0.6436171015062688 0.14690138878237063 -0.7511171736969406
    outer loop
      vertex 87.20223696529865 38.059784077107906 0
      vertex 84.3613910228014 38.90720710903406 2.6
      vertex 87.25530099868774 38.292272821068764 0
    endloop
  endfacet
  facet normal -0.5716417116387702 0.3300375060053738 -0.7511997059001355
    outer loop
      vertex 87.25530099868774 38.292272821068764 0
      vertex 84.7524047344923 39.875 2.6
      vertex 87.37453481554985 38.498791843652725 0
    endloop
  endfacet
  facet normal -0.6598766241261053 0.04614305890705173 -0.7499557713936437
    outer loop
      vertex 87.20223696529865 38.059784077107906 0
      vertex 84.25228440016508 38.13087311387062 2.6
      vertex 84.27054288983345 38.39198173582554 2.6
    endloop
  endfacet
  facet normal -0.6548416775346021 0.09203199542746929 -0.7501416460784631
    outer loop
      vertex 87.20223696529865 38.059784077107906 0
      vertex 84.27054288983345 38.39198173582554 2.6
      vertex 84.30697092413902 38.65118066966534 2.6
    endloop
  endfacet
  facet normal -0.6461410148159342 0.1373415099737018 -0.7507590150046672
    outer loop
      vertex 87.20223696529865 38.059784077107906 0
      vertex 84.30697092413902 38.65118066966534 2.6
      vertex 84.3613910228014 38.90720710903406 2.6
    endloop
  endfacet
  facet normal -0.6354291183366749 0.1822063777734888 -0.7503536975777096
    outer loop
      vertex 87.25530099868774 38.292272821068764 0
      vertex 84.3613910228014 38.90720710903406 2.6
      vertex 84.43353806436062 39.15881372988224 2.6
    endloop
  endfacet
  facet normal -0.621567059245122 0.22623190764043685 -0.7499823430099802
    outer loop
      vertex 87.25530099868774 38.292272821068764 0
      vertex 84.43353806436062 39.15881372988224 2.6
      vertex 84.52306054532528 39.404774725437164 2.6
    endloop
  endfacet
  facet normal -0.6042076135919919 0.269010550828339 -0.7500443208374447
    outer loop
      vertex 87.25530099868774 38.292272821068764 0
      vertex 84.52306054532528 39.404774725437164 2.6
      vertex 84.6295223236084 39.64389180392027 2.6
    endloop
  endfacet
  facet normal -0.5834749456181297 0.3102391400397356 -0.750538915595538
    outer loop
      vertex 87.25530099868774 38.292272821068764 0
      vertex 84.6295223236084 39.64389180392027 2.6
      vertex 84.7524047344923 39.875 2.6
    endloop
  endfacet
  facet normal -0.9998476949610728 0.017452417627068444 0
    outer loop
      vertex 84.25 38 2.6
      vertex 84.25 38 4
      vertex 84.25228440016508 38.13087311387062 4
    endloop
  endfacet
  facet normal -0.9998476949610728 0.017452417627068444 0
    outer loop
      vertex 84.25 38 2.6
      vertex 84.25228440016508 38.13087311387062 4
      vertex 84.25228440016508 38.13087311387062 2.6
    endloop
  endfacet
  facet normal -0.9975640512796179 0.06975645916039604 0
    outer loop
      vertex 84.25228440016508 38.13087311387062 2.6
      vertex 84.27054288983345 38.39198173582554 4
      vertex 84.27054288983345 38.39198173582554 2.6
    endloop
  endfacet
  facet normal -0.9975640512796179 0.06975645916039604 0
    outer loop
      vertex 84.25228440016508 38.13087311387062 2.6
      vertex 84.25228440016508 38.13087311387062 4
      vertex 84.27054288983345 38.39198173582554 4
    endloop
  endfacet
  facet normal -0.9902680688522706 0.13917310017239254 0
    outer loop
      vertex 84.27054288983345 38.39198173582554 2.6
      vertex 84.30697092413902 38.65118066966534 4
      vertex 84.30697092413902 38.65118066966534 2.6
    endloop
  endfacet
  facet normal -0.9902680688522706 0.13917310017239254 0
    outer loop
      vertex 84.27054288983345 38.39198173582554 2.6
      vertex 84.27054288983345 38.39198173582554 4
      vertex 84.30697092413902 38.65118066966534 4
    endloop
  endfacet
  facet normal -0.9781476015002516 0.20791168721191458 0
    outer loop
      vertex 84.30697092413902 38.65118066966534 2.6
      vertex 84.3613910228014 38.90720710903406 4
      vertex 84.3613910228014 38.90720710903406 2.6
    endloop
  endfacet
  facet normal -0.9781476015002516 0.20791168721191458 0
    outer loop
      vertex 84.30697092413902 38.65118066966534 2.6
      vertex 84.30697092413902 38.65118066966534 4
      vertex 84.3613910228014 38.90720710903406 4
    endloop
  endfacet
  facet normal -0.9612616918845166 0.27563736995428795 0
    outer loop
      vertex 84.3613910228014 38.90720710903406 2.6
      vertex 84.3613910228014 38.90720710903406 4
      vertex 84.43353806436062 39.15881372988224 4
    endloop
  endfacet
  facet normal -0.9612616918845166 0.27563736995428795 0
    outer loop
      vertex 84.3613910228014 38.90720710903406 2.6
      vertex 84.43353806436062 39.15881372988224 4
      vertex 84.43353806436062 39.15881372988224 2.6
    endloop
  endfacet
  facet normal -0.939692621041079 0.34202014262459324 0
    outer loop
      vertex 84.43353806436062 39.15881372988224 2.6
      vertex 84.52306054532528 39.404774725437164 4
      vertex 84.52306054532528 39.404774725437164 2.6
    endloop
  endfacet
  facet normal -0.939692621041079 0.34202014262459324 0
    outer loop
      vertex 84.43353806436062 39.15881372988224 2.6
      vertex 84.43353806436062 39.15881372988224 4
      vertex 84.52306054532528 39.404774725437164 4
    endloop
  endfacet
  facet normal -0.5604124464310254 0.3501845597152763 -0.7505389157280328
    outer loop
      vertex 87.37453481554985 38.498791843652725 0
      vertex 84.7524047344923 39.875 2.6
      vertex 84.89110910147429 40.09697338938713 2.6
    endloop
  endfacet
  facet normal -0.5350737850551668 0.3887538560978602 -0.7500443213009357
    outer loop
      vertex 87.37453481554985 38.498791843652725 0
      vertex 84.89110910147429 40.09697338938713 2.6
      vertex 85.04495967179537 40.30873053520918 2.6
    endloop
  endfacet
  facet normal -0.5067061024661204 0.42517691631556814 -0.7499823434961506
    outer loop
      vertex 87.37453481554985 38.498791843652725 0
      vertex 85.04495967179537 40.30873053520918 2.6
      vertex 85.21320690214634 40.50923977047205 2.6
    endloop
  endfacet
  facet normal -0.47550990497178275 0.45919457599114016 -0.7503536977013194
    outer loop
      vertex 87.37453481554985 38.498791843652725 0
      vertex 85.21320690214634 40.50923977047205 2.6
      vertex 85.39503110945225 40.69752424955368 2.6
    endloop
  endfacet
  facet normal -0.44201175002614423 0.49090377396602536 -0.7507590142946928
    outer loop
      vertex 87.54934395104647 38.66099102050066 0
      vertex 85.39503110945225 40.69752424955368 2.6
      vertex 85.5895464643836 40.87266666442156 2.6
    endloop
  endfacet
  facet normal -0.4071228822062101 0.5210935336051186 -0.7501416453037648
    outer loop
      vertex 87.54934395104647 38.66099102050066 0
      vertex 85.5895464643836 40.87266666442156 2.6
      vertex 85.79580530524254 41.03381372988224 2.6
    endloop
  endfacet
  facet normal -0.36989938838850717 0.5483983808383065 -0.7499557709383481
    outer loop
      vertex 87.54934395104647 38.66099102050066 0
      vertex 85.79580530524254 41.03381372988224 2.6
      vertex 86.01280275732279 41.18018036335707 2.6
    endloop
  endfacet
  facet normal -0.3306034670411384 0.5726220421271677 -0.7502035353492352
    outer loop
      vertex 87.54934395104647 38.66099102050066 0
      vertex 86.01280275732279 41.18018036335707 2.6
      vertex 86.23948164284229 41.31105346977711 2.6
    endloop
  endfacet
  facet normal -0.913545463611597 0.40673662966921503 0
    outer loop
      vertex 84.52306054532528 39.404774725437164 2.6
      vertex 84.6295223236084 39.64389180392027 4
      vertex 84.6295223236084 39.64389180392027 2.6
    endloop
  endfacet
  facet normal -0.913545463611597 0.40673662966921503 0
    outer loop
      vertex 84.52306054532528 39.404774725437164 2.6
      vertex 84.52306054532528 39.404774725437164 4
      vertex 84.6295223236084 39.64389180392027 4
    endloop
  endfacet
  facet normal -0.882947587642265 0.46947157259700467 0
    outer loop
      vertex 84.6295223236084 39.64389180392027 2.6
      vertex 84.7524047344923 39.875 4
      vertex 84.7524047344923 39.875 2.6
    endloop
  endfacet
  facet normal -0.8480480978483979 0.5299192615254839 0
    outer loop
      vertex 84.7524047344923 39.875 2.6
      vertex 84.89110910147429 40.09697338938713 4
      vertex 84.89110910147429 40.09697338938713 2.6
    endloop
  endfacet
  facet normal -0.882947587642265 0.46947157259700467 0
    outer loop
      vertex 84.6295223236084 39.64389180392027 2.6
      vertex 84.6295223236084 39.64389180392027 4
      vertex 84.7524047344923 39.875 4
    endloop
  endfacet
  facet normal -0.8480480978483979 0.5299192615254839 0
    outer loop
      vertex 84.7524047344923 39.875 2.6
      vertex 84.7524047344923 39.875 4
      vertex 84.89110910147429 40.09697338938713 4
    endloop
  endfacet
  facet normal -0.8090169975136928 0.5877852479723605 0
    outer loop
      vertex 84.89110910147429 40.09697338938713 2.6
      vertex 85.04495967179537 40.30873053520918 4
      vertex 85.04495967179537 40.30873053520918 2.6
    endloop
  endfacet
  facet normal -0.8090169975136928 0.5877852479723605 0
    outer loop
      vertex 84.89110910147429 40.09697338938713 2.6
      vertex 84.89110910147429 40.09697338938713 4
      vertex 85.04495967179537 40.30873053520918 4
    endloop
  endfacet
  facet normal -0.7660444337236486 0.6427876208834568 0
    outer loop
      vertex 85.04495967179537 40.30873053520918 2.6
      vertex 85.21320690214634 40.50923977047205 4
      vertex 85.21320690214634 40.50923977047205 2.6
    endloop
  endfacet
  facet normal -0.7193398015101028 0.6946583692459235 0
    outer loop
      vertex 85.21320690214634 40.50923977047205 2.6
      vertex 85.39503110945225 40.69752424955368 4
      vertex 85.39503110945225 40.69752424955368 2.6
    endloop
  endfacet
  facet normal -0.7660444337236486 0.6427876208834568 0
    outer loop
      vertex 85.04495967179537 40.30873053520918 2.6
      vertex 85.04495967179537 40.30873053520918 4
      vertex 85.21320690214634 40.50923977047205 4
    endloop
  endfacet
  facet normal -0.7193398015101028 0.6946583692459235 0
    outer loop
      vertex 85.21320690214634 40.50923977047205 2.6
      vertex 85.21320690214634 40.50923977047205 4
      vertex 85.39503110945225 40.69752424955368 4
    endloop
  endfacet
  facet normal -0.6691306118650311 0.743144820519614 0
    outer loop
      vertex 85.39503110945225 40.69752424955368 2.6
      vertex 85.5895464643836 40.87266666442156 4
      vertex 85.5895464643836 40.87266666442156 2.6
    endloop
  endfacet
  facet normal -0.6691306118650311 0.743144820519614 0
    outer loop
      vertex 85.39503110945225 40.69752424955368 2.6
      vertex 85.39503110945225 40.69752424955368 4
      vertex 85.5895464643836 40.87266666442156 4
    endloop
  endfacet
  facet normal -0.615661470005977 0.7880107577629124 0
    outer loop
      vertex 85.5895464643836 40.87266666442156 2.6
      vertex 85.79580530524254 41.03381372988224 4
      vertex 85.79580530524254 41.03381372988224 2.6
    endloop
  endfacet
  facet normal -0.615661470005977 0.7880107577629124 0
    outer loop
      vertex 85.5895464643836 40.87266666442156 2.6
      vertex 85.5895464643836 40.87266666442156 4
      vertex 85.79580530524254 41.03381372988224 4
    endloop
  endfacet
  facet normal -0.559192913747207 0.8290375656234816 0
    outer loop
      vertex 85.79580530524254 41.03381372988224 2.6
      vertex 86.01280275732279 41.18018036335707 4
      vertex 86.01280275732279 41.18018036335707 2.6
    endloop
  endfacet
  facet normal -0.4999999737696784 0.8660254189285214 0
    outer loop
      vertex 86.01280275732279 41.18018036335707 2.6
      vertex 86.23948164284229 41.31105346977711 4
      vertex 86.23948164284229 41.31105346977711 2.6
    endloop
  endfacet
  facet normal -0.559192913747207 0.8290375656234816 0
    outer loop
      vertex 85.79580530524254 41.03381372988224 2.6
      vertex 85.79580530524254 41.03381372988224 4
      vertex 86.01280275732279 41.18018036335707 4
    endloop
  endfacet
  facet normal -0.4999999737696784 0.8660254189285214 0
    outer loop
      vertex 86.01280275732279 41.18018036335707 2.6
      vertex 86.01280275732279 41.18018036335707 4
      vertex 86.23948164284229 41.31105346977711 4
    endloop
  endfacet
  facet normal -0.438371155591943 0.8987940420057225 0
    outer loop
      vertex 86.23948164284229 41.31105346977711 2.6
      vertex 86.47473759204149 41.42579546570778 4
      vertex 86.47473759204149 41.42579546570778 2.6
    endloop
  endfacet
  facet normal -0.438371155591943 0.8987940420057225 0
    outer loop
      vertex 86.23948164284229 41.31105346977711 2.6
      vertex 86.23948164284229 41.31105346977711 4
      vertex 86.47473759204149 41.42579546570778 4
    endloop
  endfacet
  facet normal -0.37460659902009175 0.9271838523025517 0
    outer loop
      vertex 86.47473759204149 41.42579546570778 2.6
      vertex 86.47473759204149 41.42579546570778 4
      vertex 86.71742445975542 41.523847326636314 4
    endloop
  endfacet
  facet normal -0.44902889992630385 0.4839380527972963 -0.7511171733396427
    outer loop
      vertex 87.37453481554985 38.498791843652725 0
      vertex 85.39503110945225 40.69752424955368 2.6
      vertex 87.54934395104647 38.66099102050066 0
    endloop
  endfacet
  facet normal -0.286487497430482 0.5948974174167716 -0.7510139656270547
    outer loop
      vertex 87.54934395104647 38.66099102050066 0
      vertex 86.47473759204149 41.42579546570778 2.6
      vertex 87.76419585943222 38.7644582465291 0
    endloop
  endfacet
  facet normal -0.09838255887429205 0.652725721776262 -0.7511790760138385
    outer loop
      vertex 87.76419585943222 38.7644582465291 0
      vertex 87.47810087352991 41.71350526064634 2.6
      vertex 88 38.79999999701977 0
    endloop
  endfacet
  facet normal -0.28951622240197755 0.5935962082348373 -0.7508820803130892
    outer loop
      vertex 87.54934395104647 38.66099102050066 0
      vertex 86.23948164284229 41.31105346977711 2.6
      vertex 86.47473759204149 41.42579546570778 2.6
    endloop
  endfacet
  facet normal -0.2476624456112128 0.612986052549916 -0.7502742248092659
    outer loop
      vertex 87.76419585943222 38.7644582465291 0
      vertex 86.47473759204149 41.42579546570778 2.6
      vertex 86.71742445975542 41.523847326636314 2.6
    endloop
  endfacet
  facet normal -0.20440792258277624 0.6291028982933601 -0.7499646288621137
    outer loop
      vertex 87.76419585943222 38.7644582465291 0
      vertex 86.71742445975542 41.523847326636314 2.6
      vertex 86.96635991334915 41.60473135858774 2.6
    endloop
  endfacet
  facet normal -0.15999198809324827 0.6416928406221822 -0.7500885694637698
    outer loop
      vertex 87.76419585943222 38.7644582465291 0
      vertex 86.96635991334915 41.60473135858774 2.6
      vertex 87.22033116221428 41.66805350035429 2.6
    endloop
  endfacet
  facet normal -0.11473043774754482 0.6506685687698543 -0.7506446164925489
    outer loop
      vertex 87.76419585943222 38.7644582465291 0
      vertex 87.22033116221428 41.66805350035429 2.6
      vertex 87.47810087352991 41.71350526064634 2.6
    endloop
  endfacet
  facet normal -0.0690866516294414 0.6573157055259183 -0.7504419350193569
    outer loop
      vertex 88 38.79999999701977 0
      vertex 87.47810087352991 41.71350526064634 2.6
      vertex 87.73841322213411 41.74086518585682 2.6
    endloop
  endfacet
  facet normal -0.02308350120127333 0.6610248009930202 -0.7500089095766989
    outer loop
      vertex 88 38.79999999701977 0
      vertex 87.73841322213411 41.74086518585682 2.6
      vertex 88 41.75 2.6
    endloop
  endfacet
  facet normal -0.37460659902009175 0.9271838523025517 0
    outer loop
      vertex 86.47473759204149 41.42579546570778 2.6
      vertex 86.71742445975542 41.523847326636314 4
      vertex 86.71742445975542 41.523847326636314 2.6
    endloop
  endfacet
  facet normal -0.3090169943340034 0.9510565163084571 0
    outer loop
      vertex 86.71742445975542 41.523847326636314 2.6
      vertex 86.96635991334915 41.60473135858774 4
      vertex 86.96635991334915 41.60473135858774 2.6
    endloop
  endfacet
  facet normal -0.24192188663410924 0.9702957285113611 0
    outer loop
      vertex 86.96635991334915 41.60473135858774 2.6
      vertex 87.22033116221428 41.66805350035429 4
      vertex 87.22033116221428 41.66805350035429 2.6
    endloop
  endfacet
  facet normal -0.3090169943340034 0.9510565163084571 0
    outer loop
      vertex 86.71742445975542 41.523847326636314 2.6
      vertex 86.71742445975542 41.523847326636314 4
      vertex 86.96635991334915 41.60473135858774 4
    endloop
  endfacet
  facet normal -0.24192188663410924 0.9702957285113611 0
    outer loop
      vertex 86.96635991334915 41.60473135858774 2.6
      vertex 86.96635991334915 41.60473135858774 4
      vertex 87.22033116221428 41.66805350035429 4
    endloop
  endfacet
  facet normal -0.1736481975927896 0.9848077494987413 0
    outer loop
      vertex 87.22033116221428 41.66805350035429 2.6
      vertex 87.47810087352991 41.71350526064634 4
      vertex 87.47810087352991 41.71350526064634 2.6
    endloop
  endfacet
  facet normal -0.1736481975927896 0.9848077494987413 0
    outer loop
      vertex 87.22033116221428 41.66805350035429 2.6
      vertex 87.22033116221428 41.66805350035429 4
      vertex 87.47810087352991 41.71350526064634 4
    endloop
  endfacet
  facet normal -0.10452844392127603 0.9945218974016594 0
    outer loop
      vertex 87.47810087352991 41.71350526064634 2.6
      vertex 87.47810087352991 41.71350526064634 4
      vertex 87.73841322213411 41.74086518585682 4
    endloop
  endfacet
  facet normal -0.10452844392127603 0.9945218974016594 0
    outer loop
      vertex 87.47810087352991 41.71350526064634 2.6
      vertex 87.73841322213411 41.74086518585682 4
      vertex 87.73841322213411 41.74086518585682 2.6
    endloop
  endfacet
  facet normal -0.03489950651393371 0.9993908266764729 0
    outer loop
      vertex 87.73841322213411 41.74086518585682 2.6
      vertex 88 41.75 4
      vertex 88 41.75 2.6
    endloop
  endfacet
  facet normal -0.03489950651393371 0.9993908266764729 0
    outer loop
      vertex 87.73841322213411 41.74086518585682 2.6
      vertex 87.73841322213411 41.74086518585682 4
      vertex 88 41.75 4
    endloop
  endfacet
  facet normal 0 0 1
    outer loop
      vertex 119 5.5 7.01
      vertex 119 36.5 7.01
      vertex 84.25 36.5 7.01
    endloop
  endfacet
  facet normal 0 0 -1
    outer loop
      vertex 87.20000000298023 4 0
      vertex 87.20000000298023 38 0
      vertex 122.29227282106876 38.744699001312256 0
    endloop
  endfacet
  facet normal 0 0 1
    outer loop
      vertex 119 5.5 7.01
      vertex 120.5 35 7.01
      vertex 120.47954195737839 35.246891885995865 7.01
    endloop
  endfacet
  facet normal 0 0 1
    outer loop
      vertex 119 5.5 7.01
      vertex 120.47954195737839 35.246891885995865 7.01
      vertex 120.4187258630991 35.48704920709133 7.01
    endloop
  endfacet
  facet normal 0 0 1
    outer loop
      vertex 119 5.5 7.01
      vertex 120.4187258630991 35.48704920709133 7.01
      vertex 120.31921062618494 35.71392109245062 7.01
    endloop
  endfacet
  facet normal 0 0 1
    outer loop
      vertex 119 5.5 7.01
      vertex 119.12386901676655 36.494876742362976 7.01
      vertex 119 36.5 7.01
    endloop
  endfacet
  facet normal 0 0 1
    outer loop
      vertex 119 5.5 7.01
      vertex 120.31921062618494 35.71392109245062 7.01
      vertex 120.18371076136827 35.92131906747818 7.01
    endloop
  endfacet
  facet normal 0 0 1
    outer loop
      vertex 119 5.5 7.01
      vertex 120.18371076136827 35.92131906747818 7.01
      vertex 120.0159223601222 36.10358586907387 7.01
    endloop
  endfacet
  facet normal 0 0 1
    outer loop
      vertex 119 5.5 7.01
      vertex 119.82042223960161 36.255749717354774 7.01
      vertex 119.60254313796759 36.3736599907279 7.01
    endloop
  endfacet
  facet normal 0 0 1
    outer loop
      vertex 119.12386901676655 36.494876742362976 7.01
      vertex 119 5.5 7.01
      vertex 119.36822823435068 36.45410040020943 7.01
    endloop
  endfacet
  facet normal 0 0 1
    outer loop
      vertex 119 5.5 7.01
      vertex 119.60254313796759 36.3736599907279 7.01
      vertex 119.36822823435068 36.45410040020943 7.01
    endloop
  endfacet
  facet normal 0 0 1
    outer loop
      vertex 119.82042223960161 36.255749717354774 7.01
      vertex 119 5.5 7.01
      vertex 120.0159223601222 36.10358586907387 7.01
    endloop
  endfacet
  facet normal 0 0 -1
    outer loop
      vertex 122.79999999701977 4 0
      vertex 122.29227282106876 38.744699001312256 0
      vertex 122.79999999701977 38 0
    endloop
  endfacet
  facet normal 0.6612009842860757 0 -0.7502088098517137
    outer loop
      vertex 125.75 4 2.6
      vertex 122.79999999701977 38 0
      vertex 125.75 38 2.6
    endloop
  endfacet
  facet normal 1 0 0
    outer loop
      vertex 125.75 38 2.6
      vertex 125.75 38 4
      vertex 125.75 4 4
    endloop
  endfacet
  facet normal 0 0 -1
    outer loop
      vertex 87.20000000298023 38 0
      vertex 87.20223696529865 38.059784077107906 0
      vertex 122.29227282106876 38.744699001312256 0
    endloop
  endfacet
  facet normal 0 0 -1
    outer loop
      vertex 87.20223696529865 38.059784077107906 0
      vertex 87.25530099868774 38.292272821068764 0
      vertex 122.29227282106876 38.744699001312256 0
    endloop
  endfacet
  facet normal 0 0 -1
    outer loop
      vertex 87.25530099868774 38.292272821068764 0
      vertex 87.37453481554985 38.498791843652725 0
      vertex 122.29227282106876 38.744699001312256 0
    endloop
  endfacet
  facet normal 0 0 -1
    outer loop
      vertex 87.37453481554985 38.498791843652725 0
      vertex 87.54934395104647 38.66099102050066 0
      vertex 122.29227282106876 38.744699001312256 0
    endloop
  endfacet
  facet normal 0 0 -1
    outer loop
      vertex 87.54934395104647 38.66099102050066 0
      vertex 87.76419585943222 38.7644582465291 0
      vertex 122.29227282106876 38.744699001312256 0
    endloop
  endfacet
  facet normal 0 0 -1
    outer loop
      vertex 87.76419585943222 38.7644582465291 0
      vertex 88 38.79999999701977 0
      vertex 122.29227282106876 38.744699001312256 0
    endloop
  endfacet
  facet normal -2.0261951996587174e-18 0.6612009842860757 -0.7502088098517137
    outer loop
      vertex 88 38.79999999701977 0
      vertex 88 41.75 2.6
      vertex 122 41.75 2.6
    endloop
  endfacet
  facet normal 0 1 0
    outer loop
      vertex 88 41.75 2.6
      vertex 88 41.75 4
      vertex 122 41.75 4
    endloop
  endfacet
  facet normal 0 0 -1
    outer loop
      vertex 88 38.79999999701977 0
      vertex 122 38.79999999701977 0
      vertex 122.29227282106876 38.744699001312256 0
    endloop
  endfacet
  facet normal 0 0.6612009842860757 -0.7502088098517137
    outer loop
      vertex 88 38.79999999701977 0
      vertex 122 41.75 2.6
      vertex 122 38.79999999701977 0
    endloop
  endfacet
  facet normal 0 1 0
    outer loop
      vertex 88 41.75 2.6
      vertex 122 41.75 4
      vertex 122 41.75 2.6
    endloop
  endfacet
  facet normal 0 0 -1
    outer loop
      vertex 122.79999999701977 38 0
      vertex 122.29227282106876 38.744699001312256 0
      vertex 122.7644582465291 38.23580414056778 0
    endloop
  endfacet
  facet normal 0 0 -1
    outer loop
      vertex 122.66099102050066 38.45065604895353 0
      vertex 122.29227282106876 38.744699001312256 0
      vertex 122.49879184365273 38.62546518445015 0
    endloop
  endfacet
  facet normal 0 0 -1
    outer loop
      vertex 122.7644582465291 38.23580414056778 0
      vertex 122.29227282106876 38.744699001312256 0
      vertex 122.66099102050066 38.45065604895353 0
    endloop
  endfacet
  facet normal 0.652725721776262 0.09838255887429205 -0.7511790760138385
    outer loop
      vertex 122.79999999701977 38 0
      vertex 122.7644582465291 38.23580414056778 0
      vertex 125.71350526064634 38.52189912647009 2.6
    endloop
  endfacet
  facet normal 0 0 -1
    outer loop
      vertex 122 38.79999999701977 0
      vertex 122.0597840771079 38.79776303470135 0
      vertex 122.29227282106876 38.744699001312256 0
    endloop
  endfacet
  facet normal 0.5948974174167716 0.286487497430482 -0.7510139656270547
    outer loop
      vertex 122.7644582465291 38.23580414056778 0
      vertex 122.66099102050066 38.45065604895353 0
      vertex 125.42579546570778 39.52526240795851 2.6
    endloop
  endfacet
  facet normal 0.4839380527972963 0.44902889992630385 -0.7511171733396427
    outer loop
      vertex 122.66099102050066 38.45065604895353 0
      vertex 122.49879184365273 38.62546518445015 0
      vertex 124.69752424955368 40.60496889054775 2.6
    endloop
  endfacet
  facet normal 0.6610248009930202 0.02308350120127349 -0.7500089095766989
    outer loop
      vertex 122.79999999701977 38 0
      vertex 125.74086518585682 38.26158677786589 2.6
      vertex 125.75 38 2.6
    endloop
  endfacet
  facet normal 0.6573157055259183 0.06908665162944173 -0.7504419350193569
    outer loop
      vertex 122.79999999701977 38 0
      vertex 125.71350526064634 38.52189912647009 2.6
      vertex 125.74086518585682 38.26158677786589 2.6
    endloop
  endfacet
  facet normal 0.6506685687698543 0.11473043774754481 -0.7506446164925489
    outer loop
      vertex 122.7644582465291 38.23580414056778 0
      vertex 125.66805350035429 38.77966883778572 2.6
      vertex 125.71350526064634 38.52189912647009 2.6
    endloop
  endfacet
  facet normal 0.6416928406221822 0.1599919880932484 -0.7500885694637698
    outer loop
      vertex 122.7644582465291 38.23580414056778 0
      vertex 125.60473135858774 39.03364008665085 2.6
      vertex 125.66805350035429 38.77966883778572 2.6
    endloop
  endfacet
  facet normal 0.6291028982933601 0.20440792258277643 -0.7499646288621136
    outer loop
      vertex 122.7644582465291 38.23580414056778 0
      vertex 125.52384732663631 39.28257554024458 2.6
      vertex 125.60473135858774 39.03364008665085 2.6
    endloop
  endfacet
  facet normal 0.6129860525499159 0.2476624456112128 -0.7502742248092661
    outer loop
      vertex 122.7644582465291 38.23580414056778 0
      vertex 125.42579546570778 39.52526240795851 2.6
      vertex 125.52384732663631 39.28257554024458 2.6
    endloop
  endfacet
  facet normal 0.593596208234837 0.28951622240197766 -0.7508820803130895
    outer loop
      vertex 122.66099102050066 38.45065604895353 0
      vertex 125.31105346977711 39.76051835715771 2.6
      vertex 125.42579546570778 39.52526240795851 2.6
    endloop
  endfacet
  facet normal 0.9993908266764729 0.03489950651393371 0
    outer loop
      vertex 125.75 38 2.6
      vertex 125.74086518585682 38.26158677786589 2.6
      vertex 125.75 38 4
    endloop
  endfacet
  facet normal 0.9945218974016594 0.10452844392127603 0
    outer loop
      vertex 125.74086518585682 38.26158677786589 2.6
      vertex 125.71350526064634 38.52189912647009 2.6
      vertex 125.74086518585682 38.26158677786589 4
    endloop
  endfacet
  facet normal 0.9993908266764729 0.03489950651393371 0
    outer loop
      vertex 125.74086518585682 38.26158677786589 2.6
      vertex 125.74086518585682 38.26158677786589 4
      vertex 125.75 38 4
    endloop
  endfacet
  facet normal 0.9848077494987413 0.1736481975927896 0
    outer loop
      vertex 125.71350526064634 38.52189912647009 2.6
      vertex 125.66805350035429 38.77966883778572 2.6
      vertex 125.71350526064634 38.52189912647009 4
    endloop
  endfacet
  facet normal 0.9945218974016594 0.10452844392127603 0
    outer loop
      vertex 125.71350526064634 38.52189912647009 2.6
      vertex 125.71350526064634 38.52189912647009 4
      vertex 125.74086518585682 38.26158677786589 4
    endloop
  endfacet
  facet normal 0.9848077494987413 0.1736481975927896 0
    outer loop
      vertex 125.66805350035429 38.77966883778572 2.6
      vertex 125.66805350035429 38.77966883778572 4
      vertex 125.71350526064634 38.52189912647009 4
    endloop
  endfacet
  facet normal 0.9702957285113611 0.24192188663410924 0
    outer loop
      vertex 125.66805350035429 38.77966883778572 2.6
      vertex 125.60473135858774 39.03364008665085 2.6
      vertex 125.66805350035429 38.77966883778572 4
    endloop
  endfacet
  facet normal 0.9702957285113611 0.24192188663410924 0
    outer loop
      vertex 125.60473135858774 39.03364008665085 2.6
      vertex 125.60473135858774 39.03364008665085 4
      vertex 125.66805350035429 38.77966883778572 4
    endloop
  endfacet
  facet normal 0.9271838523025517 0.37460659902009175 0
    outer loop
      vertex 125.52384732663631 39.28257554024458 2.6
      vertex 125.42579546570778 39.52526240795851 2.6
      vertex 125.52384732663631 39.28257554024458 4
    endloop
  endfacet
  facet normal 0.9510565163084571 0.3090169943340034 0
    outer loop
      vertex 125.60473135858774 39.03364008665085 2.6
      vertex 125.52384732663631 39.28257554024458 2.6
      vertex 125.60473135858774 39.03364008665085 4
    endloop
  endfacet
  facet normal 0.9510565163084571 0.3090169943340034 0
    outer loop
      vertex 125.52384732663631 39.28257554024458 2.6
      vertex 125.52384732663631 39.28257554024458 4
      vertex 125.60473135858774 39.03364008665085 4
    endloop
  endfacet
  facet normal 0.011540544927629483 0.6611569520653913 -0.7501588502166558
    outer loop
      vertex 122 38.79999999701977 0
      vertex 122 41.75 2.6
      vertex 122.13087311387062 41.74771559983492 2.6
    endloop
  endfacet
  facet normal 0.3300375060053738 0.5716417116387702 -0.7511997059001355
    outer loop
      vertex 122.29227282106876 38.744699001312256 0
      vertex 123.875 41.2475952655077 2.6
      vertex 122.49879184365273 38.62546518445015 0
    endloop
  endfacet
  facet normal 0.024720510651599845 0.6606695619198683 -0.7502697023775742
    outer loop
      vertex 122 38.79999999701977 0
      vertex 122.13087311387062 41.74771559983492 2.6
      vertex 122.0597840771079 38.79776303470135 0
    endloop
  endfacet
  facet normal 0.14690138878237063 0.6436171015062688 -0.7511171736969406
    outer loop
      vertex 122.0597840771079 38.79776303470135 0
      vertex 122.90720710903406 41.6386089771986 2.6
      vertex 122.29227282106876 38.744699001312256 0
    endloop
  endfacet
  facet normal 0.45919457599114055 0.47550990497178247 -0.7503536977013195
    outer loop
      vertex 122.49879184365273 38.62546518445015 0
      vertex 124.50923977047205 40.78679309785366 2.6
      vertex 124.69752424955368 40.60496889054775 2.6
    endloop
  endfacet
  facet normal 0.18220637777348891 0.6354291183366749 -0.7503536975777095
    outer loop
      vertex 122.29227282106876 38.744699001312256 0
      vertex 122.90720710903406 41.6386089771986 2.6
      vertex 123.15881372988224 41.56646193563938 2.6
    endloop
  endfacet
  facet normal 0.2262319076404371 0.621567059245122 -0.7499823430099802
    outer loop
      vertex 122.29227282106876 38.744699001312256 0
      vertex 123.15881372988224 41.56646193563938 2.6
      vertex 123.40477472543716 41.47693945467472 2.6
    endloop
  endfacet
  facet normal 0.35018455971527596 0.5604124464310255 -0.7505389157280329
    outer loop
      vertex 122.49879184365273 38.62546518445015 0
      vertex 123.875 41.2475952655077 2.6
      vertex 124.09697338938713 41.108890898525715 2.6
    endloop
  endfacet
  facet normal 0.42517691631556775 0.5067061024661205 -0.7499823434961506
    outer loop
      vertex 122.49879184365273 38.62546518445015 0
      vertex 124.30873053520918 40.95504032820463 2.6
      vertex 124.50923977047205 40.78679309785366 2.6
    endloop
  endfacet
  facet normal 0.3887538560978599 0.5350737850551673 -0.7500443213009356
    outer loop
      vertex 122.49879184365273 38.62546518445015 0
      vertex 124.09697338938713 41.108890898525715 2.6
      vertex 124.30873053520918 40.95504032820463 2.6
    endloop
  endfacet
  facet normal 0.3102391400397355 0.5834749456181296 -0.7505389155955379
    outer loop
      vertex 122.29227282106876 38.744699001312256 0
      vertex 123.64389180392027 41.3704776763916 2.6
      vertex 123.875 41.2475952655077 2.6
    endloop
  endfacet
  facet normal 0.26901055082833886 0.6042076135919919 -0.7500443208374448
    outer loop
      vertex 122.29227282106876 38.744699001312256 0
      vertex 123.40477472543716 41.47693945467472 2.6
      vertex 123.64389180392027 41.3704776763916 2.6
    endloop
  endfacet
  facet normal 0.5726220421271676 0.33060346704113863 -0.7502035353492351
    outer loop
      vertex 122.66099102050066 38.45065604895353 0
      vertex 125.18018036335707 39.98719724267721 2.6
      vertex 125.31105346977711 39.76051835715771 2.6
    endloop
  endfacet
  facet normal 0.5210935336051183 0.40712288220621007 -0.750141645303765
    outer loop
      vertex 122.66099102050066 38.45065604895353 0
      vertex 124.87266666442156 40.4104535356164 2.6
      vertex 125.03381372988224 40.20419469475746 2.6
    endloop
  endfacet
  facet normal 0.5483983808383063 0.3698993883885071 -0.7499557709383482
    outer loop
      vertex 122.66099102050066 38.45065604895353 0
      vertex 125.03381372988224 40.20419469475746 2.6
      vertex 125.18018036335707 39.98719724267721 2.6
    endloop
  endfacet
  facet normal 0.4909037739660256 0.4420117500261441 -0.7507590142946927
    outer loop
      vertex 122.66099102050066 38.45065604895353 0
      vertex 124.69752424955368 40.60496889054775 2.6
      vertex 124.87266666442156 40.4104535356164 2.6
    endloop
  endfacet
  facet normal 0.04614305890705155 0.6598766241261054 -0.7499557713936436
    outer loop
      vertex 122.0597840771079 38.79776303470135 0
      vertex 122.13087311387062 41.74771559983492 2.6
      vertex 122.39198173582554 41.72945711016655 2.6
    endloop
  endfacet
  facet normal 0.09203199542746929 0.6548416775346022 -0.7501416460784632
    outer loop
      vertex 122.0597840771079 38.79776303470135 0
      vertex 122.39198173582554 41.72945711016655 2.6
      vertex 122.65118066966534 41.69302907586098 2.6
    endloop
  endfacet
  facet normal 0.13734150997370176 0.6461410148159339 -0.7507590150046674
    outer loop
      vertex 122.0597840771079 38.79776303470135 0
      vertex 122.65118066966534 41.69302907586098 2.6
      vertex 122.90720710903406 41.6386089771986 2.6
    endloop
  endfacet
  facet normal 0.017452417627068444 0.9998476949610728 0
    outer loop
      vertex 122 41.75 2.6
      vertex 122 41.75 4
      vertex 122.13087311387062 41.74771559983492 4
    endloop
  endfacet
  facet normal 0.8987940420057225 0.438371155591943 0
    outer loop
      vertex 125.42579546570778 39.52526240795851 2.6
      vertex 125.31105346977711 39.76051835715771 2.6
      vertex 125.42579546570778 39.52526240795851 4
    endloop
  endfacet
  facet normal 0.9271838523025517 0.37460659902009175 0
    outer loop
      vertex 125.42579546570778 39.52526240795851 2.6
      vertex 125.42579546570778 39.52526240795851 4
      vertex 125.52384732663631 39.28257554024458 4
    endloop
  endfacet
  facet normal 0.8987940420057225 0.438371155591943 0
    outer loop
      vertex 125.31105346977711 39.76051835715771 2.6
      vertex 125.31105346977711 39.76051835715771 4
      vertex 125.42579546570778 39.52526240795851 4
    endloop
  endfacet
  facet normal 0.8660254189285214 0.4999999737696784 0
    outer loop
      vertex 125.31105346977711 39.76051835715771 2.6
      vertex 125.18018036335707 39.98719724267721 2.6
      vertex 125.31105346977711 39.76051835715771 4
    endloop
  endfacet
  facet normal 0.8660254189285214 0.4999999737696784 0
    outer loop
      vertex 125.18018036335707 39.98719724267721 2.6
      vertex 125.18018036335707 39.98719724267721 4
      vertex 125.31105346977711 39.76051835715771 4
    endloop
  endfacet
  facet normal 0.7880107577629124 0.615661470005977 0
    outer loop
      vertex 125.03381372988224 40.20419469475746 2.6
      vertex 124.87266666442156 40.4104535356164 2.6
      vertex 125.03381372988224 40.20419469475746 4
    endloop
  endfacet
  facet normal 0.7880107577629124 0.615661470005977 0
    outer loop
      vertex 124.87266666442156 40.4104535356164 2.6
      vertex 124.87266666442156 40.4104535356164 4
      vertex 125.03381372988224 40.20419469475746 4
    endloop
  endfacet
  facet normal 0.743144820519614 0.6691306118650311 0
    outer loop
      vertex 124.87266666442156 40.4104535356164 2.6
      vertex 124.69752424955368 40.60496889054775 2.6
      vertex 124.87266666442156 40.4104535356164 4
    endloop
  endfacet
  facet normal 0.6946583692459235 0.7193398015101028 0
    outer loop
      vertex 124.69752424955368 40.60496889054775 2.6
      vertex 124.50923977047205 40.78679309785366 2.6
      vertex 124.69752424955368 40.60496889054775 4
    endloop
  endfacet
  facet normal 0.743144820519614 0.6691306118650311 0
    outer loop
      vertex 124.69752424955368 40.60496889054775 2.6
      vertex 124.69752424955368 40.60496889054775 4
      vertex 124.87266666442156 40.4104535356164 4
    endloop
  endfacet
  facet normal 0.8290375656234816 0.559192913747207 0
    outer loop
      vertex 125.18018036335707 39.98719724267721 2.6
      vertex 125.03381372988224 40.20419469475746 2.6
      vertex 125.18018036335707 39.98719724267721 4
    endloop
  endfacet
  facet normal 0.8290375656234816 0.559192913747207 0
    outer loop
      vertex 125.03381372988224 40.20419469475746 2.6
      vertex 125.03381372988224 40.20419469475746 4
      vertex 125.18018036335707 39.98719724267721 4
    endloop
  endfacet
  facet normal 0.5299192615254839 0.8480480978483979 0
    outer loop
      vertex 123.875 41.2475952655077 2.6
      vertex 124.09697338938713 41.108890898525715 4
      vertex 124.09697338938713 41.108890898525715 2.6
    endloop
  endfacet
  facet normal 0.46947157259700467 0.882947587642265 0
    outer loop
      vertex 123.64389180392027 41.3704776763916 2.6
      vertex 123.875 41.2475952655077 4
      vertex 123.875 41.2475952655077 2.6
    endloop
  endfacet
  facet normal 0.46947157259700467 0.882947587642265 0
    outer loop
      vertex 123.64389180392027 41.3704776763916 2.6
      vertex 123.64389180392027 41.3704776763916 4
      vertex 123.875 41.2475952655077 4
    endloop
  endfacet
  facet normal 0.5299192615254839 0.8480480978483979 0
    outer loop
      vertex 123.875 41.2475952655077 2.6
      vertex 123.875 41.2475952655077 4
      vertex 124.09697338938713 41.108890898525715 4
    endloop
  endfacet
  facet normal 0.20791168721191458 0.9781476015002516 0
    outer loop
      vertex 122.65118066966534 41.69302907586098 2.6
      vertex 122.90720710903406 41.6386089771986 4
      vertex 122.90720710903406 41.6386089771986 2.6
    endloop
  endfacet
  facet normal 0.27563736995428795 0.9612616918845166 0
    outer loop
      vertex 122.90720710903406 41.6386089771986 2.6
      vertex 122.90720710903406 41.6386089771986 4
      vertex 123.15881372988224 41.56646193563938 4
    endloop
  endfacet
  facet normal 0.017452417627068444 0.9998476949610728 0
    outer loop
      vertex 122 41.75 2.6
      vertex 122.13087311387062 41.74771559983492 4
      vertex 122.13087311387062 41.74771559983492 2.6
    endloop
  endfacet
  facet normal 0.06975645916039604 0.9975640512796179 0
    outer loop
      vertex 122.13087311387062 41.74771559983492 2.6
      vertex 122.39198173582554 41.72945711016655 4
      vertex 122.39198173582554 41.72945711016655 2.6
    endloop
  endfacet
  facet normal 0.13917310017239254 0.9902680688522706 0
    outer loop
      vertex 122.39198173582554 41.72945711016655 2.6
      vertex 122.65118066966534 41.69302907586098 4
      vertex 122.65118066966534 41.69302907586098 2.6
    endloop
  endfacet
  facet normal 0.06975645916039604 0.9975640512796179 0
    outer loop
      vertex 122.13087311387062 41.74771559983492 2.6
      vertex 122.13087311387062 41.74771559983492 4
      vertex 122.39198173582554 41.72945711016655 4
    endloop
  endfacet
  facet normal 0.13917310017239254 0.9902680688522706 0
    outer loop
      vertex 122.39198173582554 41.72945711016655 2.6
      vertex 122.39198173582554 41.72945711016655 4
      vertex 122.65118066966534 41.69302907586098 4
    endloop
  endfacet
  facet normal 0.20791168721191458 0.9781476015002516 0
    outer loop
      vertex 122.65118066966534 41.69302907586098 2.6
      vertex 122.65118066966534 41.69302907586098 4
      vertex 122.90720710903406 41.6386089771986 4
    endloop
  endfacet
  facet normal 0.34202014262459324 0.939692621041079 0
    outer loop
      vertex 123.15881372988224 41.56646193563938 2.6
      vertex 123.40477472543716 41.47693945467472 4
      vertex 123.40477472543716 41.47693945467472 2.6
    endloop
  endfacet
  facet normal 0.27563736995428795 0.9612616918845166 0
    outer loop
      vertex 123.15881372988224 41.56646193563938 2.6
      vertex 122.90720710903406 41.6386089771986 2.6
      vertex 123.15881372988224 41.56646193563938 4
    endloop
  endfacet
  facet normal 0.40673662966921503 0.913545463611597 0
    outer loop
      vertex 123.64389180392027 41.3704776763916 2.6
      vertex 123.40477472543716 41.47693945467472 2.6
      vertex 123.64389180392027 41.3704776763916 4
    endloop
  endfacet
  facet normal 0.40673662966921503 0.913545463611597 0
    outer loop
      vertex 123.40477472543716 41.47693945467472 2.6
      vertex 123.40477472543716 41.47693945467472 4
      vertex 123.64389180392027 41.3704776763916 4
    endloop
  endfacet
  facet normal 0.34202014262459324 0.939692621041079 0
    outer loop
      vertex 123.15881372988224 41.56646193563938 2.6
      vertex 123.15881372988224 41.56646193563938 4
      vertex 123.40477472543716 41.47693945467472 4
    endloop
  endfacet
  facet normal 0.6427876208834568 0.7660444337236486 0
    outer loop
      vertex 124.50923977047205 40.78679309785366 2.6
      vertex 124.30873053520918 40.95504032820463 2.6
      vertex 124.50923977047205 40.78679309785366 4
    endloop
  endfacet
  facet normal 0.5877852479723605 0.8090169975136928 0
    outer loop
      vertex 124.30873053520918 40.95504032820463 2.6
      vertex 124.09697338938713 41.108890898525715 2.6
      vertex 124.30873053520918 40.95504032820463 4
    endloop
  endfacet
  facet normal 0.6427876208834568 0.7660444337236486 0
    outer loop
      vertex 124.30873053520918 40.95504032820463 2.6
      vertex 124.30873053520918 40.95504032820463 4
      vertex 124.50923977047205 40.78679309785366 4
    endloop
  endfacet
  facet normal 0.6946583692459235 0.7193398015101028 0
    outer loop
      vertex 124.50923977047205 40.78679309785366 2.6
      vertex 124.50923977047205 40.78679309785366 4
      vertex 124.69752424955368 40.60496889054775 4
    endloop
  endfacet
  facet normal 0.5877852479723605 0.8090169975136928 0
    outer loop
      vertex 124.09697338938713 41.108890898525715 2.6
      vertex 124.09697338938713 41.108890898525715 4
      vertex 124.30873053520918 40.95504032820463 4
    endloop
  endfacet
  facet normal 0.696089951769867 0.454778280031529 0.5555497232980939
    outer loop
      vertex 3.7142079103168655 4.8061405028714645 44.557206526348004
      vertex 4.030819834705063 4.719757737119171 44.23121343167271
      vertex 3.895319969888398 4.927155712146732 44.23121343167271
    endloop
  endfacet
  facet normal 0.7343804027613432 0.39253450329995926 0.5537166132229931
    outer loop
      vertex 3.895319969888398 4.927155712146732 44.23121343167271
      vertex 3.7524523012568523 5.194442320455488 44.23121343167271
      vertex 3.551211362979217 5.111085594516204 44.557206526348004
    endloop
  endfacet
  facet normal 0.6251157418939595 0.33413132530045686 0.7053981618131173
    outer loop
      vertex 3.895319969888398 4.927155712146732 44.23121343167271
      vertex 4.008583432212241 5.30053530864317 43.953979093274526
      vertex 3.7524523012568523 5.194442320455488 44.23121343167271
    endloop
  endfacet
  facet normal 0.761487888030429 0.3340195611483586 0.5554881899313563
    outer loop
      vertex 3.7524523012568523 5.194442320455488 44.23121343167271
      vertex 3.6529370643426944 5.421314205814776 44.23121343167271
      vertex 3.551211362979217 5.111085594516204 44.557206526348004
    endloop
  endfacet
  facet normal 0.71467147221437 0.5865157196566371 0.3811089049059366
    outer loop
      vertex 3.849707775133531 4.598742527843903 44.557206526348004
      vertex 3.7249556187358692 4.515385801904621 44.919430645491076
      vertex 4.069064225645057 4.3314559195351485 44.557206526348004
    endloop
  endfacet
  facet normal 0.7146714722143696 0.586515719656638 0.3811089049059357
    outer loop
      vertex 3.7249556187358692 4.515385801904621 44.919430645491076
      vertex 3.9629712374573742 4.225362931347469 44.919430645491076
      vertex 4.069064225645057 4.3314559195351485 44.557206526348004
    endloop
  endfacet
  facet normal 0.7582959255540167 0.6223173832739816 0.1941864149810727
    outer loop
      vertex 3.9088855011053454 4.171277194995437 45.30396571934088
      vertex 3.9629712374573742 4.225362931347469 44.919430645491076
      vertex 3.7249556187358692 4.515385801904621 44.919430645491076
    endloop
  endfacet
  facet normal 0.8210822186916026 0.5364398067112041 0.1950803012200899
    outer loop
      vertex 3.7249556187358692 4.515385801904621 44.919430645491076
      vertex 3.5894557539192036 4.722783776932182 44.919430645491076
      vertex 3.6613575209206317 4.4728909115321756 45.30396571934088
    endloop
  endfacet
  facet normal 0.7582959255540168 0.6223173832739816 0.19418641498107259
    outer loop
      vertex 3.9088855011053454 4.171277194995437 45.30396571934088
      vertex 3.7249556187358692 4.515385801904621 44.919430645491076
      vertex 3.6613575209206317 4.4728909115321756 45.30396571934088
    endloop
  endfacet
  facet normal 0.6960899517698669 0.454778280031529 0.5555497232980938
    outer loop
      vertex 3.849707775133531 4.598742527843903 44.557206526348004
      vertex 4.030819834705063 4.719757737119171 44.23121343167271
      vertex 3.7142079103168655 4.8061405028714645 44.557206526348004
    endloop
  endfacet
  facet normal 0.7734470140934516 0.5053181731335092 0.3826659905073049
    outer loop
      vertex 3.849707775133531 4.598742527843903 44.557206526348004
      vertex 3.7142079103168655 4.8061405028714645 44.557206526348004
      vertex 3.5894557539192036 4.722783776932182 44.919430645491076
    endloop
  endfacet
  facet normal 0.7734470140934516 0.5053181731335092 0.3826659905073049
    outer loop
      vertex 3.849707775133531 4.598742527843903 44.557206526348004
      vertex 3.5894557539192036 4.722783776932182 44.919430645491076
      vertex 3.7249556187358692 4.515385801904621 44.919430645491076
    endloop
  endfacet
  facet normal 0.8153628008872962 0.43582049691429176 0.38110890490593796
    outer loop
      vertex 3.7142079103168655 4.8061405028714645 44.557206526348004
      vertex 3.412594193780123 5.053668483056175 44.919430645491076
      vertex 3.5894557539192036 4.722783776932182 44.919430645491076
    endloop
  endfacet
  facet normal 0.8651335806722814 0.46242353295432115 0.19418641498107211
    outer loop
      vertex 3.5894557539192036 4.722783776932182 44.919430645491076
      vertex 3.412594193780123 5.053668483056175 44.919430645491076
      vertex 3.525857656103966 4.680288886559737 45.30396571934088
    endloop
  endfacet
  facet normal 0.8460906931526099 0.37112979268719803 0.38261366407970004
    outer loop
      vertex 3.551211362979217 5.111085594516204 44.557206526348004
      vertex 3.451696126065059 5.337957479875492 44.557206526348004
      vertex 3.313078956865965 5.280540368415462 44.919430645491076
    endloop
  endfacet
  facet normal 0.7343804027613426 0.3925345032999665 0.5537166132229885
    outer loop
      vertex 3.7142079103168655 4.8061405028714645 44.557206526348004
      vertex 3.895319969888398 4.927155712146732 44.23121343167271
      vertex 3.551211362979217 5.111085594516204 44.557206526348004
    endloop
  endfacet
  facet normal 0.8153628008872964 0.43582049691428937 0.3811089049059398
    outer loop
      vertex 3.7142079103168655 4.8061405028714645 44.557206526348004
      vertex 3.551211362979217 5.111085594516204 44.557206526348004
      vertex 3.412594193780123 5.053668483056175 44.919430645491076
    endloop
  endfacet
  facet normal 0.84609069315261 0.3711297926871979 0.3826136640797
    outer loop
      vertex 3.551211362979217 5.111085594516204 44.557206526348004
      vertex 3.313078956865965 5.280540368415462 44.919430645491076
      vertex 3.412594193780123 5.053668483056175 44.919430645491076
    endloop
  endfacet
  facet normal 0.8981842976301191 0.3939801665141792 0.195050239385009
    outer loop
      vertex 3.412594193780123 5.053668483056175 44.919430645491076
      vertex 3.313078956865965 5.280540368415462 44.919430645491076
      vertex 3.341927773734497 5.024397493468921 45.30396571934088
    endloop
  endfacet
  facet normal 0.8651335806722888 0.46242353295431193 0.19418641498106096
    outer loop
      vertex 3.525857656103966 4.680288886559737 45.30396571934088
      vertex 3.412594193780123 5.053668483056175 44.919430645491076
      vertex 3.341927773734497 5.024397493468921 45.30396571934088
    endloop
  endfacet
  facet normal 0.8210822186916026 0.5364398067112041 0.1950803012200899
    outer loop
      vertex 3.6613575209206317 4.4728909115321756 45.30396571934088
      vertex 3.5894557539192036 4.722783776932182 44.919430645491076
      vertex 3.525857656103966 4.680288886559737 45.30396571934088
    endloop
  endfacet
  facet normal 0.8981842976301191 0.3939801665141792 0.195050239385009
    outer loop
      vertex 3.341927773734497 5.024397493468921 45.30396571934088
      vertex 3.313078956865965 5.280540368415462 44.919430645491076
      vertex 3.242412536820339 5.2512693788282085 45.30396571934088
    endloop
  endfacet
  facet normal 0.3962636394646954 0.732231071194128 0.5539068391129449
    outer loop
      vertex 4.699639355720471 3.7776688191470313 44.557206526348004
      vertex 5.0385336666297675 3.8408706053454402 44.23121343167271
      vertex 4.820654564995742 3.958780878718567 44.23121343167271
    endloop
  endfacet
  facet normal 0.27013787167840053 0.7868847234068058 0.5548314720291727
    outer loop
      vertex 5.456778452616142 3.4163215889547303 44.557206526348004
      vertex 5.540135178555424 3.6175625272323657 44.23121343167271
      vertex 5.305820274938519 3.698002936713891 44.23121343167271
    endloop
  endfacet
  facet normal 0.2417215536299509 0.7968491718961508 0.5537166132229929
    outer loop
      vertex 5.830158049112576 3.5295850512785734 44.23121343167271
      vertex 5.540135178555424 3.6175625272323657 44.23121343167271
      vertex 5.787663158740138 3.3159488106956267 44.557206526348004
    endloop
  endfacet
  facet normal 0.16181179549929983 0.5334220027562818 0.8302276253008991
    outer loop
      vertex 5.646228166743107 3.8736936581877544 43.953979093274526
      vertex 5.884243785464612 3.8014924096018383 43.953979093274526
      vertex 5.94784188327985 4.1212216383724645 43.73615747130329
    endloop
  endfacet
  facet normal 0.3925345032999716 0.7343804027613333 0.5537166132229975
    outer loop
      vertex 4.917518457354497 3.6597585457739044 44.557206526348004
      vertex 5.305820274938519 3.698002936713891 44.23121343167271
      vertex 5.0385336666297675 3.8408706053454402 44.23121343167271
    endloop
  endfacet
  facet normal 0.33413132530046014 0.6251157418939567 0.7053981618131182
    outer loop
      vertex 5.305820274938519 3.698002936713891 44.23121343167271
      vertex 5.411913263126202 3.9541340676692798 43.953979093274526
      vertex 5.192556812614676 4.071382533210329 43.953979093274526
    endloop
  endfacet
  facet normal 0.33413132530047024 0.6251157418939565 0.7053981618131138
    outer loop
      vertex 5.305820274938519 3.698002936713891 44.23121343167271
      vertex 5.192556812614676 4.071382533210329 43.953979093274526
      vertex 5.0385336666297675 3.8408706053454402 44.23121343167271
    endloop
  endfacet
  facet normal 0.22981791475375576 0.6694367034187211 0.7064263770373461
    outer loop
      vertex 5.305820274938519 3.698002936713891 44.23121343167271
      vertex 5.540135178555424 3.6175625272323657 44.23121343167271
      vertex 5.411913263126202 3.9541340676692798 43.953979093274526
    endloop
  endfacet
  facet normal 0.20575705419286974 0.6782901060464814 0.7053981618131177
    outer loop
      vertex 5.646228166743107 3.8736936581877544 43.953979093274526
      vertex 5.540135178555424 3.6175625272323657 44.23121343167271
      vertex 5.830158049112576 3.5295850512785734 44.23121343167271
    endloop
  endfacet
  facet normal 0.20575705419286633 0.6782901060464809 0.7053981618131192
    outer loop
      vertex 5.646228166743107 3.8736936581877544 43.953979093274526
      vertex 5.830158049112576 3.5295850512785734 44.23121343167271
      vertex 5.884243785464612 3.8014924096018383 43.953979093274526
    endloop
  endfacet
  facet normal 0.22981791475375576 0.6694367034187211 0.7064263770373461
    outer loop
      vertex 5.646228166743107 3.8736936581877544 43.953979093274526
      vertex 5.411913263126202 3.9541340676692798 43.953979093274526
      vertex 5.540135178555424 3.6175625272323657 44.23121343167271
    endloop
  endfacet
  facet normal 0.13687570089461235 0.8202510919429312 0.5553856215919148
    outer loop
      vertex 5.830158049112576 3.5295850512785734 44.23121343167271
      vertex 6.032022376324271 3.2751724685420776 44.557206526348004
      vertex 6.074517266696709 3.488808709125024 44.23121343167271
    endloop
  endfacet
  facet normal 0.08161938021295473 0.8286954742331526 0.5537166132229946
    outer loop
      vertex 6.032022376324271 3.2751724685420776 44.557206526348004
      vertex 6.376130983233452 3.45910235091155 44.23121343167271
      vertex 6.074517266696709 3.488808709125024 44.23121343167271
    endloop
  endfacet
  facet normal 0.11641392034632506 0.6976303657794761 0.7069368231263624
    outer loop
      vertex 5.884243785464612 3.8014924096018383 43.953979093274526
      vertex 5.830158049112576 3.5295850512785734 44.23121343167271
      vertex 6.074517266696709 3.488808709125024 44.23121343167271
    endloop
  endfacet
  facet normal 0.06947565488253812 0.7053981618131121 0.7053981618131173
    outer loop
      vertex 6.128603003048745 3.760716067448289 43.953979093274526
      vertex 6.074517266696709 3.488808709125024 44.23121343167271
      vertex 6.376130983233452 3.45910235091155 44.23121343167271
    endloop
  endfacet
  facet normal 0.03436950109176364 0.830978375209451 0.5552419988878401
    outer loop
      vertex 6.376130983233452 3.241280728940314 44.557206526348004
      vertex 6.5 3.4539790932745262 44.23121343167271
      vertex 6.376130983233452 3.45910235091155 44.23121343167271
    endloop
  endfacet
  facet normal 0.029233637232176053 0.7068045679161123 0.7068045679161215
    outer loop
      vertex 6.5 3.7312134316727104 43.953979093274526
      vertex 6.376130983233452 3.45910235091155 44.23121343167271
      vertex 6.5 3.4539790932745262 44.23121343167271
    endloop
  endfacet
  facet normal 0.0914742435373263 0.5481750789639164 0.8313462248498985
    outer loop
      vertex 5.884243785464612 3.8014924096018383 43.953979093274526
      vertex 6.128603003048745 3.760716067448289 43.953979093274526
      vertex 5.94784188327985 4.1212216383724645 43.73615747130329
    endloop
  endfacet
  facet normal 0.05463715693312193 0.5547403638365404 0.830227625300898
    outer loop
      vertex 6.128603003048745 3.760716067448289 43.953979093274526
      vertex 6.376130983233452 3.7363366893097343 43.953979093274526
      vertex 6.376130983233452 4.062329783985028 43.73615747130329
    endloop
  endfacet
  facet normal 0.022972478194322642 0.555423616813207 0.8312501856431356
    outer loop
      vertex 6.376130983233452 3.7363366893097343 43.953979093274526
      vertex 6.5 3.7312134316727104 43.953979093274526
      vertex 6.5 4.057206526348004 43.73615747130329
    endloop
  endfacet
  facet normal 0.11641392034632508 0.6976303657794761 0.7069368231263624
    outer loop
      vertex 5.884243785464612 3.8014924096018383 43.953979093274526
      vertex 6.074517266696709 3.488808709125024 44.23121343167271
      vertex 6.128603003048745 3.760716067448289 43.953979093274526
    endloop
  endfacet
  facet normal 0.06947565488253371 0.7053981618131104 0.7053981618131194
    outer loop
      vertex 6.128603003048745 3.760716067448289 43.953979093274526
      vertex 6.376130983233452 3.45910235091155 44.23121343167271
      vertex 6.376130983233452 3.7363366893097343 43.953979093274526
    endloop
  endfacet
  facet normal 0.029233637232176188 0.7068045679161123 0.7068045679161215
    outer loop
      vertex 6.376130983233452 3.7363366893097343 43.953979093274526
      vertex 6.376130983233452 3.45910235091155 44.23121343167271
      vertex 6.5 3.7312134316727104 43.953979093274526
    endloop
  endfacet
  facet normal 0.15207627563349144 0.9113431407597312 0.3825264516077745
    outer loop
      vertex 5.787663158740138 3.3159488106956267 44.557206526348004
      vertex 5.758392169152884 3.16879360877002 44.919430645491076
      vertex 6.032022376324271 3.2751724685420776 44.557206526348004
    endloop
  endfacet
  facet normal 0.3184837376352727 0.9277114172908297 0.19472964615103355
    outer loop
      vertex 5.399361341156116 3.27770441975564 44.919430645491076
      vertex 5.1650464375392104 3.3581448292371654 44.919430645491076
      vertex 5.370090351568855 3.2070379997100105 45.30396571934088
    endloop
  endfacet
  facet normal 0.2847590055933358 0.9387246374578079 0.19418641498107378
    outer loop
      vertex 5.399361341156116 3.27770441975564 44.919430645491076
      vertex 5.370090351568855 3.2070379997100105 45.30396571934088
      vertex 5.758392169152884 3.16879360877002 44.919430645491076
    endloop
  endfacet
  facet normal 0.16143490597549282 0.9674263367320195 0.19500013879469164
    outer loop
      vertex 5.758392169152884 3.16879360877002 44.919430645491076
      vertex 5.743469948065297 3.0937745373861674 45.30396571934088
      vertex 6.0027513867370175 3.128017266616471 44.919430645491076
    endloop
  endfacet
  facet normal 0.2847590055933313 0.9387246374578102 0.194186414981069
    outer loop
      vertex 5.758392169152884 3.16879360877002 44.919430645491076
      vertex 5.370090351568855 3.2070379997100105 45.30396571934088
      vertex 5.743469948065297 3.0937745373861674 45.30396571934088
    endloop
  endfacet
  facet normal 0.46687883926738893 0.8627165314901146 0.19427901517663113
    outer loop
      vertex 4.8341617314152145 3.5350063893762425 44.919430645491076
      vertex 4.616282629781189 3.6529166627493694 44.919430645491076
      vertex 4.791666841042769 3.471408291561005 45.30396571934088
    endloop
  endfacet
  facet normal 0.3962636394646954 0.7322310711941279 0.553906839112945
    outer loop
      vertex 4.917518457354497 3.6597585457739044 44.557206526348004
      vertex 5.0385336666297675 3.8408706053454402 44.23121343167271
      vertex 4.699639355720471 3.7776688191470313 44.557206526348004
    endloop
  endfacet
  facet normal 0.43999603930597264 0.8130414680928354 0.38127031953261686
    outer loop
      vertex 4.917518457354497 3.6597585457739044 44.557206526348004
      vertex 4.699639355720471 3.7776688191470313 44.557206526348004
      vertex 4.8341617314152145 3.5350063893762425 44.919430645491076
    endloop
  endfacet
  facet normal 0.5676757280534203 0.7293498061785287 0.38182866315451175
    outer loop
      vertex 4.5041392351998795 3.929832667427938 44.557206526348004
      vertex 4.616282629781189 3.6529166627493694 44.919430645491076
      vertex 4.699639355720471 3.7776688191470313 44.557206526348004
    endloop
  endfacet
  facet normal 0.43999603930597264 0.8130414680928354 0.38127031953261686
    outer loop
      vertex 4.699639355720471 3.7776688191470313 44.557206526348004
      vertex 4.616282629781189 3.6529166627493694 44.919430645491076
      vertex 4.8341617314152145 3.5350063893762425 44.919430645491076
    endloop
  endfacet
  facet normal 0.6024706743768095 0.774054355101163 0.1945994395286768
    outer loop
      vertex 4.420782509260597 3.805080511030276 44.919430645491076
      vertex 4.378287618888152 3.7414824132150386 45.30396571934088
      vertex 4.616282629781189 3.6529166627493694 44.919430645491076
    endloop
  endfacet
  facet normal 0.5676757280534204 0.7293498061785286 0.38182866315451175
    outer loop
      vertex 4.5041392351998795 3.929832667427938 44.557206526348004
      vertex 4.420782509260597 3.805080511030276 44.919430645491076
      vertex 4.616282629781189 3.6529166627493694 44.919430645491076
    endloop
  endfacet
  facet normal 0.3000675764310786 0.8740669733432243 0.382055461530645
    outer loop
      vertex 5.222463548999237 3.4967619984362557 44.557206526348004
      vertex 5.1650464375392104 3.3581448292371654 44.919430645491076
      vertex 5.456778452616142 3.4163215889547303 44.557206526348004
    endloop
  endfacet
  facet normal 0.27013787167840053 0.7868847234068058 0.5548314720291726
    outer loop
      vertex 5.222463548999237 3.4967619984362557 44.557206526348004
      vertex 5.456778452616142 3.4163215889547303 44.557206526348004
      vertex 5.305820274938519 3.698002936713891 44.23121343167271
    endloop
  endfacet
  facet normal 0.4358204969142898 0.8153628008872972 0.3811089049059378
    outer loop
      vertex 4.917518457354497 3.6597585457739044 44.557206526348004
      vertex 4.8341617314152145 3.5350063893762425 44.919430645491076
      vertex 5.222463548999237 3.4967619984362557 44.557206526348004
    endloop
  endfacet
  facet normal 0.1368757008946123 0.8202510919429312 0.5553856215919147
    outer loop
      vertex 5.830158049112576 3.5295850512785734 44.23121343167271
      vertex 5.787663158740138 3.3159488106956267 44.557206526348004
      vertex 6.032022376324271 3.2751724685420776 44.557206526348004
    endloop
  endfacet
  facet normal 0.26837693688647907 0.8847201943828505 0.3811089049059361
    outer loop
      vertex 5.456778452616142 3.4163215889547303 44.557206526348004
      vertex 5.758392169152884 3.16879360877002 44.919430645491076
      vertex 5.787663158740138 3.3159488106956267 44.557206526348004
    endloop
  endfacet
  facet normal 0.2417215536299528 0.7968491718961511 0.5537166132229918
    outer loop
      vertex 5.456778452616142 3.4163215889547303 44.557206526348004
      vertex 5.787663158740138 3.3159488106956267 44.557206526348004
      vertex 5.540135178555424 3.6175625272323657 44.23121343167271
    endloop
  endfacet
  facet normal 0.3000675764310786 0.8740669733432243 0.38205546153064496
    outer loop
      vertex 5.456778452616142 3.4163215889547303 44.557206526348004
      vertex 5.1650464375392104 3.3581448292371654 44.919430645491076
      vertex 5.399361341156116 3.27770441975564 44.919430645491076
    endloop
  endfacet
  facet normal 0.4624235329543096 0.8651335806722865 0.19418641498107692
    outer loop
      vertex 4.8341617314152145 3.5350063893762425 44.919430645491076
      vertex 5.13577544795195 3.287478409191536 45.30396571934088
      vertex 5.1650464375392104 3.3581448292371654 44.919430645491076
    endloop
  endfacet
  facet normal 0.43582049691428293 0.8153628008873047 0.38110890490592964
    outer loop
      vertex 5.222463548999237 3.4967619984362557 44.557206526348004
      vertex 4.8341617314152145 3.5350063893762425 44.919430645491076
      vertex 5.1650464375392104 3.3581448292371654 44.919430645491076
    endloop
  endfacet
  facet normal 0.2683769368864858 0.8847201943828509 0.38110890490593075
    outer loop
      vertex 5.456778452616142 3.4163215889547303 44.557206526348004
      vertex 5.399361341156116 3.27770441975564 44.919430645491076
      vertex 5.758392169152884 3.16879360877002 44.919430645491076
    endloop
  endfacet
  facet normal 0.3925345032999656 0.734380402761341 0.5537166132229913
    outer loop
      vertex 4.917518457354497 3.6597585457739044 44.557206526348004
      vertex 5.222463548999237 3.4967619984362557 44.557206526348004
      vertex 5.305820274938519 3.698002936713891 44.23121343167271
    endloop
  endfacet
  facet normal 0.4624235329543146 0.865133580672285 0.19418641498107198
    outer loop
      vertex 4.8341617314152145 3.5350063893762425 44.919430645491076
      vertex 4.791666841042769 3.471408291561005 45.30396571934088
      vertex 5.13577544795195 3.287478409191536 45.30396571934088
    endloop
  endfacet
  facet normal 0.46687883926738893 0.8627165314901146 0.19427901517663113
    outer loop
      vertex 4.573787739408743 3.589318564934132 45.30396571934088
      vertex 4.791666841042769 3.471408291561005 45.30396571934088
      vertex 4.616282629781189 3.6529166627493694 44.919430645491076
    endloop
  endfacet
  facet normal 0.6223173832739806 0.7582959255540177 0.19418641498107267
    outer loop
      vertex 4.420782509260597 3.805080511030276 44.919430645491076
      vertex 4.076673902351416 3.9890103933997487 45.30396571934088
      vertex 4.378287618888152 3.7414824132150386 45.30396571934088
    endloop
  endfacet
  facet normal 0.6024706743768095 0.774054355101163 0.1945994395286768
    outer loop
      vertex 4.573787739408743 3.589318564934132 45.30396571934088
      vertex 4.616282629781189 3.6529166627493694 44.919430645491076
      vertex 4.378287618888152 3.7414824132150386 45.30396571934088
    endloop
  endfacet
  facet normal 0.3184837376352727 0.9277114172908297 0.19472964615103353
    outer loop
      vertex 5.370090351568855 3.2070379997100105 45.30396571934088
      vertex 5.1650464375392104 3.3581448292371654 44.919430645491076
      vertex 5.13577544795195 3.287478409191536 45.30396571934088
    endloop
  endfacet
  facet normal 0.09061980168164394 0.9200782869650689 0.38110890490593846
    outer loop
      vertex 6.032022376324271 3.2751724685420776 44.557206526348004
      vertex 6.376130983233452 3.091242586172605 44.919430645491076
      vertex 6.376130983233452 3.241280728940314 44.557206526348004
    endloop
  endfacet
  facet normal 0.03818405221735732 0.9232057685613705 0.38240435019919883
    outer loop
      vertex 6.376130983233452 3.241280728940314 44.557206526348004
      vertex 6.5 3.086119328535581 44.919430645491076
      vertex 6.5 3.23615747130329 44.557206526348004
    endloop
  endfacet
  facet normal 0.09615134934208447 0.9762410328686747 0.1941864149810681
    outer loop
      vertex 6.376130983233452 3.091242586172605 44.919430645491076
      vertex 6.0027513867370175 3.128017266616471 44.919430645491076
      vertex 5.98782916564943 3.052998195232618 45.30396571934088
    endloop
  endfacet
  facet normal 0.1520762756334914 0.9113431407597312 0.3825264516077745
    outer loop
      vertex 6.032022376324271 3.2751724685420776 44.557206526348004
      vertex 5.758392169152884 3.16879360877002 44.919430645491076
      vertex 6.0027513867370175 3.128017266616471 44.919430645491076
    endloop
  endfacet
  facet normal 0.09061980168164648 0.9200782869650697 0.38110890490593635
    outer loop
      vertex 6.032022376324271 3.2751724685420776 44.557206526348004
      vertex 6.0027513867370175 3.128017266616471 44.919430645491076
      vertex 6.376130983233452 3.091242586172605 44.919430645491076
    endloop
  endfacet
  facet normal 0.040532221661980526 0.9799793022998944 0.19493000300353086
    outer loop
      vertex 6.376130983233452 3.091242586172605 44.919430645491076
      vertex 6.5 3.0096305466556075 45.30396571934088
      vertex 6.5 3.086119328535581 44.919430645491076
    endloop
  endfacet
  facet normal 0.038184052217357274 0.9232057685613705 0.38240435019919883
    outer loop
      vertex 6.376130983233452 3.241280728940314 44.557206526348004
      vertex 6.376130983233452 3.091242586172605 44.919430645491076
      vertex 6.5 3.086119328535581 44.919430645491076
    endloop
  endfacet
  facet normal 0.16143490597549282 0.9674263367320195 0.19500013879469164
    outer loop
      vertex 5.743469948065297 3.0937745373861674 45.30396571934088
      vertex 5.98782916564943 3.052998195232618 45.30396571934088
      vertex 6.0027513867370175 3.128017266616471 44.919430645491076
    endloop
  endfacet
  facet normal 0.09615134934208049 0.9762410328686758 0.1941864149810642
    outer loop
      vertex 6.376130983233452 3.091242586172605 44.919430645491076
      vertex 5.98782916564943 3.052998195232618 45.30396571934088
      vertex 6.376130983233452 3.0147538042926314 45.30396571934088
    endloop
  endfacet
  facet normal 0.04053222166198058 0.9799793022998944 0.19493000300353086
    outer loop
      vertex 6.376130983233452 3.091242586172605 44.919430645491076
      vertex 6.376130983233452 3.0147538042926314 45.30396571934088
      vertex 6.5 3.0096305466556075 45.30396571934088
    endloop
  endfacet
  facet normal 0.0816193802129528 0.8286954742331537 0.5537166132229933
    outer loop
      vertex 6.032022376324271 3.2751724685420776 44.557206526348004
      vertex 6.376130983233452 3.241280728940314 44.557206526348004
      vertex 6.376130983233452 3.45910235091155 44.23121343167271
    endloop
  endfacet
  facet normal 0.03436950109176354 0.830978375209451 0.5552419988878401
    outer loop
      vertex 6.376130983233452 3.241280728940314 44.557206526348004
      vertex 6.5 3.23615747130329 44.557206526348004
      vertex 6.5 3.4539790932745262 44.23121343167271
    endloop
  endfacet
  facet normal 0.11154543644208192 0.36771602417274235 0.9232239929592041
    outer loop
      vertex 5.770980323140769 4.174872006098276 43.73615747130329
      vertex 6.018508303325476 4.476485722635015 43.58611932853558
      vertex 5.909597492339856 4.50952345595649 43.58611932853558
    endloop
  endfacet
  facet normal 0.12446123120511719 0.36254317428066085 0.9236188871549826
    outer loop
      vertex 5.770980323140769 4.174872006098276 43.73615747130329
      vertex 5.909597492339856 4.50952345595649 43.58611932853558
      vertex 5.6752825887229505 4.5899638654380155 43.58611932853558
    endloop
  endfacet
  facet normal 0.18113995972489605 0.33888902876211147 0.9232239929592038
    outer loop
      vertex 5.536665419523864 4.255312415579802 43.73615747130329
      vertex 5.6752825887229505 4.5899638654380155 43.58611932853558
      vertex 5.574909810463851 4.643614233163824 43.58611932853558
    endloop
  endfacet
  facet normal 0.4348822798369295 0.5587367767108289 0.7061803006560208
    outer loop
      vertex 4.97467771098065 4.189292806583456 43.953979093274526
      vertex 4.62515444447515 4.110944726999474 44.23121343167271
      vertex 4.820654564995742 3.958780878718567 44.23121343167271
    endloop
  endfacet
  facet normal 0.5111114196329988 0.6566759796534413 0.5545644908096208
    outer loop
      vertex 4.699639355720471 3.7776688191470313 44.557206526348004
      vertex 4.820654564995742 3.958780878718567 44.23121343167271
      vertex 4.62515444447515 4.110944726999474 44.23121343167271
    endloop
  endfacet
  facet normal 0.44966511695975686 0.5479185303494034 0.7053981618131127
    outer loop
      vertex 4.779177590460058 4.341456654864363 43.953979093274526
      vertex 4.390875772876036 4.303212263924376 44.23121343167271
      vertex 4.62515444447515 4.110944726999474 44.23121343167271
    endloop
  endfacet
  facet normal 0.43488227983692945 0.5587367767108289 0.7061803006560208
    outer loop
      vertex 4.779177590460058 4.341456654864363 43.953979093274526
      vertex 4.62515444447515 4.110944726999474 44.23121343167271
      vertex 4.97467771098065 4.189292806583456 43.953979093274526
    endloop
  endfacet
  facet normal 0.528262572144034 0.6436898065936899 0.5537166132229983
    outer loop
      vertex 4.5041392351998795 3.929832667427938 44.557206526348004
      vertex 4.62515444447515 4.110944726999474 44.23121343167271
      vertex 4.390875772876036 4.303212263924376 44.23121343167271
    endloop
  endfacet
  facet normal 0.3418561546953496 0.43921680608568703 0.8307965856626984
    outer loop
      vertex 4.779177590460058 4.341456654864363 43.953979093274526
      vertex 4.97467771098065 4.189292806583456 43.953979093274526
      vertex 4.960289650031598 4.612510006907339 43.73615747130329
    endloop
  endfacet
  facet normal 0.35362636889453847 0.4308949772388724 0.8302276253009023
    outer loop
      vertex 4.779177590460058 4.341456654864363 43.953979093274526
      vertex 4.960289650031598 4.612510006907339 43.73615747130329
      vertex 4.817421981400052 4.729758472448385 43.73615747130329
    endloop
  endfacet
  facet normal 0.35362636889454 0.43089497723887193 0.8302276253009018
    outer loop
      vertex 4.779177590460058 4.341456654864363 43.953979093274526
      vertex 4.817421981400052 4.729758472448385 43.73615747130329
      vertex 4.586910053535156 4.499246544583496 43.953979093274526
    endloop
  endfacet
  facet normal 0.6118933806635517 0.5632875058746833 0.5552419980743609
    outer loop
      vertex 4.390875772876036 4.303212263924376 44.23121343167271
      vertex 4.2230873716299655 4.485479065520064 44.23121343167271
      vertex 4.069064225645057 4.3314559195351485 44.557206526348004
    endloop
  endfacet
  facet normal 0.5204576311589821 0.47911497367575934 0.7068045671669485
    outer loop
      vertex 4.390875772876036 4.303212263924376 44.23121343167271
      vertex 4.4191216522890855 4.681513346179184 43.953979093274526
      vertex 4.2230873716299655 4.485479065520064 44.23121343167271
    endloop
  endfacet
  facet normal 0.4496651169597594 0.5479185303493973 0.7053981618131155
    outer loop
      vertex 4.779177590460058 4.341456654864363 43.953979093274526
      vertex 4.586910053535156 4.499246544583496 43.953979093274526
      vertex 4.390875772876036 4.303212263924376 44.23121343167271
    endloop
  endfacet
  facet normal 0.5204576311589821 0.47911497367575934 0.7068045671669485
    outer loop
      vertex 4.586910053535156 4.499246544583496 43.953979093274526
      vertex 4.4191216522890855 4.681513346179184 43.953979093274526
      vertex 4.390875772876036 4.303212263924376 44.23121343167271
    endloop
  endfacet
  facet normal 0.26276809750954405 0.49160453325660086 0.8302276253009016
    outer loop
      vertex 5.411913263126202 3.9541340676692798 43.953979093274526
      vertex 5.536665419523864 4.255312415579802 43.73615747130329
      vertex 5.192556812614676 4.071382533210329 43.953979093274526
    endloop
  endfacet
  facet normal 0.26276809750954455 0.49160453325660036 0.8302276253009018
    outer loop
      vertex 5.192556812614676 4.071382533210329 43.953979093274526
      vertex 5.536665419523864 4.255312415579802 43.73615747130329
      vertex 5.373668872186215 4.342435885253305 43.73615747130329
    endloop
  endfacet
  facet normal 0.265214145946117 0.4900728172897701 0.8303554001412524
    outer loop
      vertex 5.192556812614676 4.071382533210329 43.953979093274526
      vertex 5.373668872186215 4.342435885253305 43.73615747130329
      vertex 4.97467771098065 4.189292806583456 43.953979093274526
    endloop
  endfacet
  facet normal 0.16181179549930644 0.5334220027562759 0.8302276253009016
    outer loop
      vertex 5.646228166743107 3.8736936581877544 43.953979093274526
      vertex 5.94784188327985 4.1212216383724645 43.73615747130329
      vertex 5.770980323140769 4.174872006098276 43.73615747130329
    endloop
  endfacet
  facet normal 0.18063327217078443 0.5261667367372648 0.8309754425590044
    outer loop
      vertex 5.646228166743107 3.8736936581877544 43.953979093274526
      vertex 5.770980323140769 4.174872006098276 43.73615747130329
      vertex 5.411913263126202 3.9541340676692798 43.953979093274526
    endloop
  endfacet
  facet normal 0.18063327217078445 0.5261667367372647 0.8309754425590044
    outer loop
      vertex 5.411913263126202 3.9541340676692798 43.953979093274526
      vertex 5.770980323140769 4.174872006098276 43.73615747130329
      vertex 5.536665419523864 4.255312415579802 43.73615747130329
    endloop
  endfacet
  facet normal 0.33727370469996026 0.6232272191606586 0.7055737250034446
    outer loop
      vertex 5.0385336666297675 3.8408706053454402 44.23121343167271
      vertex 4.97467771098065 4.189292806583456 43.953979093274526
      vertex 4.820654564995742 3.958780878718567 44.23121343167271
    endloop
  endfacet
  facet normal 0.3372737046999603 0.6232272191606585 0.7055737250034446
    outer loop
      vertex 5.0385336666297675 3.8408706053454402 44.23121343167271
      vertex 5.192556812614676 4.071382533210329 43.953979093274526
      vertex 4.97467771098065 4.189292806583456 43.953979093274526
    endloop
  endfacet
  facet normal 0.3418561546953495 0.43921680608568703 0.8307965856626984
    outer loop
      vertex 4.97467771098065 4.189292806583456 43.953979093274526
      vertex 5.15578977055219 4.460346158626432 43.73615747130329
      vertex 4.960289650031598 4.612510006907339 43.73615747130329
    endloop
  endfacet
  facet normal 0.265214145946117 0.49007281728977004 0.8303554001412524
    outer loop
      vertex 4.97467771098065 4.189292806583456 43.953979093274526
      vertex 5.373668872186215 4.342435885253305 43.73615747130329
      vertex 5.15578977055219 4.460346158626432 43.73615747130329
    endloop
  endfacet
  facet normal 0.182811384668114 0.3378058511824197 0.9232915057243015
    outer loop
      vertex 5.373668872186215 4.342435885253305 43.73615747130329
      vertex 5.574909810463851 4.643614233163824 43.58611932853558
      vertex 5.15578977055219 4.460346158626432 43.73615747130329
    endloop
  endfacet
  facet normal 0.18113995972489685 0.3388890287621113 0.9232239929592035
    outer loop
      vertex 5.536665419523864 4.255312415579802 43.73615747130329
      vertex 5.574909810463851 4.643614233163824 43.58611932853558
      vertex 5.373668872186215 4.342435885253305 43.73615747130329
    endloop
  endfacet
  facet normal 0.12446123120511719 0.36254317428066085 0.9236188871549826
    outer loop
      vertex 5.536665419523864 4.255312415579802 43.73615747130329
      vertex 5.770980323140769 4.174872006098276 43.73615747130329
      vertex 5.6752825887229505 4.5899638654380155 43.58611932853558
    endloop
  endfacet
  facet normal 0.2817547851895267 0.2593735366863364 0.9237638277663969
    outer loop
      vertex 4.649633580153981 4.912025274044073 43.73615747130329
      vertex 5.073553112355441 4.985889603403773 43.58611932853558
      vertex 4.90576471110937 5.168156404999463 43.58611932853558
    endloop
  endfacet
  facet normal 0.29703871802730175 0.2437733759399491 0.9232239929592045
    outer loop
      vertex 4.649633580153981 4.912025274044073 43.73615747130329
      vertex 4.90576471110937 5.168156404999463 43.58611932853558
      vertex 4.8335634625234505 5.256133880953257 43.58611932853558
    endloop
  endfacet
  facet normal 0.18281138466811403 0.33780585118241974 0.9232915057243015
    outer loop
      vertex 5.15578977055219 4.460346158626432 43.73615747130329
      vertex 5.574909810463851 4.643614233163824 43.58611932853558
      vertex 5.357030708829825 4.761524506536951 43.58611932853558
    endloop
  endfacet
  facet normal 0.23557480742521225 0.30266652535116706 0.9235244904919552
    outer loop
      vertex 5.161530588309233 4.913688354817857 43.58611932853558
      vertex 4.960289650031598 4.612510006907339 43.73615747130329
      vertex 5.357030708829825 4.761524506536951 43.58611932853558
    endloop
  endfacet
  facet normal 0.2437733759399458 0.2970387180273063 0.923223992959204
    outer loop
      vertex 4.817421981400052 4.729758472448385 43.73615747130329
      vertex 5.161530588309233 4.913688354817857 43.58611932853558
      vertex 5.073553112355441 4.985889603403773 43.58611932853558
    endloop
  endfacet
  facet normal 0.09239286580797695 0.17285489411484073 0.9806042748878552
    outer loop
      vertex 5.6752825887229505 4.5899638654380155 43.58611932853558
      vertex 5.822437790648557 4.945227949700563 43.50963054665561
      vertex 5.574909810463851 4.643614233163824 43.58611932853558
    endloop
  endfacet
  facet normal 0.06346303601975359 0.1848615051073302 0.9807133459827126
    outer loop
      vertex 5.6752825887229505 4.5899638654380155 43.58611932853558
      vertex 5.909597492339856 4.50952345595649 43.58611932853558
      vertex 5.822437790648557 4.945227949700563 43.50963054665561
    endloop
  endfacet
  facet normal 0.09324035397248195 0.17229308336242866 0.9806229294772552
    outer loop
      vertex 5.357030708829825 4.761524506536951 43.58611932853558
      vertex 5.574909810463851 4.643614233163824 43.58611932853558
      vertex 5.788546051046794 4.96334346193445 43.50963054665561
    endloop
  endfacet
  facet normal 0.09239286580797772 0.17285489411484 0.9806042748878553
    outer loop
      vertex 5.574909810463851 4.643614233163824 43.58611932853558
      vertex 5.822437790648557 4.945227949700563 43.50963054665561
      vertex 5.788546051046794 4.96334346193445 43.50963054665561
    endloop
  endfacet
  facet normal 0.12012916077534815 0.15434195227674855 0.9806872827251367
    outer loop
      vertex 5.161530588309233 4.913688354817857 43.58611932853558
      vertex 5.357030708829825 4.761524506536951 43.58611932853558
      vertex 5.375166828892176 5.2334175835884835 43.50963054665561
    endloop
  endfacet
  facet normal 0.12433987975366331 0.1515085818510234 0.9806042748878552
    outer loop
      vertex 5.161530588309233 4.913688354817857 43.58611932853558
      vertex 5.345460470678702 5.25779696172704 43.50963054665561
      vertex 5.073553112355441 4.985889603403773 43.58611932853558
    endloop
  endfacet
  facet normal 0.14365065859220735 0.1322397393936693 0.9807533530970565
    outer loop
      vertex 4.90576471110937 5.168156404999463 43.58611932853558
      vertex 5.073553112355441 4.985889603403773 43.58611932853558
      vertex 5.1776720694326315 5.440063763322728 43.50963054665561
    endloop
  endfacet
  facet normal 0.12433987975366213 0.15150858185102395 0.9806042748878553
    outer loop
      vertex 5.161530588309233 4.913688354817857 43.58611932853558
      vertex 5.375166828892176 5.2334175835884835 43.50963054665561
      vertex 5.345460470678702 5.25779696172704 43.50963054665561
    endloop
  endfacet
  facet normal 0.14365065859220624 0.13223973939366956 0.9807533530970566
    outer loop
      vertex 5.073553112355441 4.985889603403773 43.58611932853558
      vertex 5.345460470678702 5.25779696172704 43.50963054665561
      vertex 5.1776720694326315 5.440063763322728 43.50963054665561
    endloop
  endfacet
  facet normal 0.09324035397248195 0.17229308336242866 0.9806229294772549
    outer loop
      vertex 5.357030708829825 4.761524506536951 43.58611932853558
      vertex 5.788546051046794 4.96334346193445 43.50963054665561
      vertex 5.570666949412768 5.081253735307577 43.50963054665561
    endloop
  endfacet
  facet normal 0.12012916077534817 0.15434195227674855 0.9806872827251367
    outer loop
      vertex 5.357030708829825 4.761524506536951 43.58611932853558
      vertex 5.570666949412768 5.081253735307577 43.50963054665561
      vertex 5.375166828892176 5.2334175835884835 43.50963054665561
    endloop
  endfacet
  facet normal 0.43089497723887354 0.35362636889454135 0.8302276253009004
    outer loop
      vertex 4.4191216522890855 4.681513346179184 43.953979093274526
      vertex 4.532385114612929 5.054892942675622 43.73615747130329
      vertex 4.261331762569952 4.873780883104086 43.953979093274526
    endloop
  endfacet
  facet normal 0.40898782087080754 0.37649979037461057 0.8312501850990606
    outer loop
      vertex 4.586910053535156 4.499246544583496 43.953979093274526
      vertex 4.817421981400052 4.729758472448385 43.73615747130329
      vertex 4.4191216522890855 4.681513346179184 43.953979093274526
    endloop
  endfacet
  facet normal 0.4089878208708076 0.37649979037461057 0.8312501850990607
    outer loop
      vertex 4.4191216522890855 4.681513346179184 43.953979093274526
      vertex 4.817421981400052 4.729758472448385 43.73615747130329
      vertex 4.649633580153981 4.912025274044073 43.73615747130329
    endloop
  endfacet
  facet normal 0.4308949772388654 0.3536263688945454 0.8302276253009031
    outer loop
      vertex 4.4191216522890855 4.681513346179184 43.953979093274526
      vertex 4.649633580153981 4.912025274044073 43.73615747130329
      vertex 4.532385114612929 5.054892942675622 43.73615747130329
    endloop
  endfacet
  facet normal 0.2817547851895261 0.25937353668633845 0.9237638277663965
    outer loop
      vertex 4.817421981400052 4.729758472448385 43.73615747130329
      vertex 5.073553112355441 4.985889603403773 43.58611932853558
      vertex 4.649633580153981 4.912025274044073 43.73615747130329
    endloop
  endfacet
  facet normal 0.5479185303493943 0.44966511695976297 0.7053981618131159
    outer loop
      vertex 4.2230873716299655 4.485479065520064 44.23121343167271
      vertex 4.4191216522890855 4.681513346179184 43.953979093274526
      vertex 4.030819834705063 4.719757737119171 44.23121343167271
    endloop
  endfacet
  facet normal 0.6436898065936868 0.5282625721440476 0.5537166132229887
    outer loop
      vertex 3.849707775133531 4.598742527843903 44.557206526348004
      vertex 4.2230873716299655 4.485479065520064 44.23121343167271
      vertex 4.030819834705063 4.719757737119171 44.23121343167271
    endloop
  endfacet
  facet normal 0.5919818920476162 0.3867610874007153 0.7070879017210949
    outer loop
      vertex 4.261331762569952 4.873780883104086 43.953979093274526
      vertex 4.125831897753287 5.081178858131647 43.953979093274526
      vertex 4.030819834705063 4.719757737119171 44.23121343167271
    endloop
  endfacet
  facet normal 0.5919818920476162 0.3867610874007153 0.7070879017210949
    outer loop
      vertex 3.895319969888398 4.927155712146732 44.23121343167271
      vertex 4.030819834705063 4.719757737119171 44.23121343167271
      vertex 4.125831897753287 5.081178858131647 43.953979093274526
    endloop
  endfacet
  facet normal 0.5479185303493953 0.4496651169597578 0.7053981618131181
    outer loop
      vertex 4.4191216522890855 4.681513346179184 43.953979093274526
      vertex 4.261331762569952 4.873780883104086 43.953979093274526
      vertex 4.030819834705063 4.719757737119171 44.23121343167271
    endloop
  endfacet
  facet normal 0.4651219403793167 0.30387934133053784 0.8314559077246958
    outer loop
      vertex 4.261331762569952 4.873780883104086 43.953979093274526
      vertex 4.532385114612929 5.054892942675622 43.73615747130329
      vertex 4.125831897753287 5.081178858131647 43.953979093274526
    endloop
  endfacet
  facet normal 0.4651219403793166 0.30387934133053784 0.8314559077246958
    outer loop
      vertex 4.125831897753287 5.081178858131647 43.953979093274526
      vertex 4.532385114612929 5.054892942675622 43.73615747130329
      vertex 4.396885249796263 5.262290917703183 43.73615747130329
    endloop
  endfacet
  facet normal 0.4916045332566042 0.2627680975095421 0.8302276253009003
    outer loop
      vertex 4.125831897753287 5.081178858131647 43.953979093274526
      vertex 4.396885249796263 5.262290917703183 43.73615747130329
      vertex 4.008583432212241 5.30053530864317 43.953979093274526
    endloop
  endfacet
  facet normal 0.2970387180273022 0.24377337593994886 0.9232239929592044
    outer loop
      vertex 4.649633580153981 4.912025274044073 43.73615747130329
      vertex 4.8335634625234505 5.256133880953257 43.58611932853558
      vertex 4.532385114612929 5.054892942675622 43.73615747130329
    endloop
  endfacet
  facet normal 0.6251157418939594 0.3341313253004569 0.7053981618131174
    outer loop
      vertex 3.895319969888398 4.927155712146732 44.23121343167271
      vertex 4.125831897753287 5.081178858131647 43.953979093274526
      vertex 4.008583432212241 5.30053530864317 43.953979093274526
    endloop
  endfacet
  facet normal 0.23557480742521225 0.30266652535116706 0.9235244904919552
    outer loop
      vertex 5.15578977055219 4.460346158626432 43.73615747130329
      vertex 5.357030708829825 4.761524506536951 43.58611932853558
      vertex 4.960289650031598 4.612510006907339 43.73615747130329
    endloop
  endfacet
  facet normal 0.24377337593994486 0.297038718027308 0.9232239929592037
    outer loop
      vertex 4.817421981400052 4.729758472448385 43.73615747130329
      vertex 4.960289650031598 4.612510006907339 43.73615747130329
      vertex 5.161530588309233 4.913688354817857 43.58611932853558
    endloop
  endfacet
  facet normal 0.06301346896407355 0.377619010438454 0.9238144757929465
    outer loop
      vertex 5.94784188327985 4.1212216383724645 43.73615747130329
      vertex 6.262867520909609 4.435709380481466 43.58611932853558
      vertex 6.018508303325476 4.476485722635015 43.58611932853558
    endloop
  endfacet
  facet normal 0.037664284592192766 0.3824118989919388 0.9232239929592047
    outer loop
      vertex 6.376130983233452 4.062329783985028 43.73615747130329
      vertex 6.376130983233452 4.4245539031281 43.58611932853558
      vertex 6.262867520909609 4.435709380481466 43.58611932853558
    endloop
  endfacet
  facet normal 0.0321256621518451 0.19251853533688731 0.9807673298917767
    outer loop
      vertex 6.018508303325476 4.476485722635015 43.58611932853558
      vertex 6.262867520909609 4.435709380481466 43.58611932853558
      vertex 6.337886592293465 4.812855720712122 43.50963054665561
    endloop
  endfacet
  facet normal 0.01921117348907996 0.1950543177805502 0.9806042748878555
    outer loop
      vertex 6.376130983233452 4.4245539031281 43.58611932853558
      vertex 6.337886592293465 4.812855720712122 43.50963054665561
      vertex 6.262867520909609 4.435709380481466 43.58611932853558
    endloop
  endfacet
  facet normal 0.015825912964608873 0.38263550600937946 0.9237638280533519
    outer loop
      vertex 6.5 4.057206526348004 43.73615747130329
      vertex 6.5 4.419430645491076 43.58611932853558
      vertex 6.376130983233452 4.4245539031281 43.58611932853558
    endloop
  endfacet
  facet normal 0.008068728338143833 0.19508397129581895 0.9807533531762496
    outer loop
      vertex 6.376130983233452 4.4245539031281 43.58611932853558
      vertex 6.5 4.419430645491076 43.58611932853558
      vertex 6.376130983233452 4.809088976977904 43.50963054665561
    endloop
  endfacet
  facet normal 0.09147424353732635 0.5481750789639163 0.8313462248498984
    outer loop
      vertex 6.128603003048745 3.760716067448289 43.953979093274526
      vertex 6.192201100863983 4.080445296218915 43.73615747130329
      vertex 5.94784188327985 4.1212216383724645 43.73615747130329
    endloop
  endfacet
  facet normal 0.054637156933124736 0.5547403638365388 0.830227625300899
    outer loop
      vertex 6.128603003048745 3.760716067448289 43.953979093274526
      vertex 6.376130983233452 4.062329783985028 43.73615747130329
      vertex 6.192201100863983 4.080445296218915 43.73615747130329
    endloop
  endfacet
  facet normal 0.11154543644208124 0.3677160241727429 0.9232239929592041
    outer loop
      vertex 5.770980323140769 4.174872006098276 43.73615747130329
      vertex 5.94784188327985 4.1212216383724645 43.73615747130329
      vertex 6.018508303325476 4.476485722635015 43.58611932853558
    endloop
  endfacet
  facet normal 0.06301346896407352 0.377619010438454 0.9238144757929465
    outer loop
      vertex 6.192201100863983 4.080445296218915 43.73615747130329
      vertex 6.262867520909609 4.435709380481466 43.58611932853558
      vertex 5.94784188327985 4.1212216383724645 43.73615747130329
    endloop
  endfacet
  facet normal 0.03766428459219431 0.38241189899193906 0.9232239929592044
    outer loop
      vertex 6.192201100863983 4.080445296218915 43.73615747130329
      vertex 6.376130983233452 4.062329783985028 43.73615747130329
      vertex 6.262867520909609 4.435709380481466 43.58611932853558
    endloop
  endfacet
  facet normal 0.02297247819432255 0.555423616813207 0.8312501856431356
    outer loop
      vertex 6.376130983233452 3.7363366893097343 43.953979093274526
      vertex 6.5 4.057206526348004 43.73615747130329
      vertex 6.376130983233452 4.062329783985028 43.73615747130329
    endloop
  endfacet
  facet normal 0.015825912964608866 0.38263550600937946 0.9237638280533519
    outer loop
      vertex 6.376130983233452 4.062329783985028 43.73615747130329
      vertex 6.5 4.057206526348004 43.73615747130329
      vertex 6.376130983233452 4.4245539031281 43.58611932853558
    endloop
  endfacet
  facet normal 0.05689524584380854 0.1875584897359654 0.9806042748878553
    outer loop
      vertex 6.018508303325476 4.476485722635015 43.58611932853558
      vertex 6.056752694265462 4.864787540219037 43.50963054665561
      vertex 5.909597492339856 4.50952345595649 43.58611932853558
    endloop
  endfacet
  facet normal 0.03212566215184511 0.19251853533688731 0.9807673298917767
    outer loop
      vertex 6.018508303325476 4.476485722635015 43.58611932853558
      vertex 6.337886592293465 4.812855720712122 43.50963054665561
      vertex 6.093527374709332 4.853632062865671 43.50963054665561
    endloop
  endfacet
  facet normal 0.05689524584379999 0.18755848973596637 0.9806042748878556
    outer loop
      vertex 6.018508303325476 4.476485722635015 43.58611932853558
      vertex 6.093527374709332 4.853632062865671 43.50963054665561
      vertex 6.056752694265462 4.864787540219037 43.50963054665561
    endloop
  endfacet
  facet normal 0.019211173489073627 0.1950543177805496 0.9806042748878556
    outer loop
      vertex 6.376130983233452 4.4245539031281 43.58611932853558
      vertex 6.376130983233452 4.809088976977904 43.50963054665561
      vertex 6.337886592293465 4.812855720712122 43.50963054665561
    endloop
  endfacet
  facet normal 0.06346303601975359 0.1848615051073302 0.9807133459827126
    outer loop
      vertex 5.822437790648557 4.945227949700563 43.50963054665561
      vertex 5.909597492339856 4.50952345595649 43.58611932853558
      vertex 6.056752694265462 4.864787540219037 43.50963054665561
    endloop
  endfacet
  facet normal 0.008068728338143835 0.19508397129581895 0.9807533531762496
    outer loop
      vertex 6.5 4.419430645491076 43.58611932853558
      vertex 6.5 4.80396571934088 43.50963054665561
      vertex 6.376130983233452 4.809088976977904 43.50963054665561
    endloop
  endfacet
  facet normal 0 0 1
    outer loop
      vertex 5.822437790648557 4.945227949700563 43.50963054665561
      vertex 6.056752694265462 4.864787540219037 43.50963054665561
      vertex 5.984077639877796 5.896414130926132 43.50963054665561
    endloop
  endfacet
  facet normal 0 0 1
    outer loop
      vertex 6.093527374709332 4.853632062865671 43.50963054665561
      vertex 5.984077639877796 5.896414130926132 43.50963054665561
      vertex 6.056752694265462 4.864787540219037 43.50963054665561
    endloop
  endfacet
  facet normal 0 0 1
    outer loop
      vertex 6.093527374709332 4.853632062865671 43.50963054665561
      vertex 6.337886592293465 4.812855720712122 43.50963054665561
      vertex 6.179577760398388 5.7442502826452255 43.50963054665561
    endloop
  endfacet
  facet normal 0 0 1
    outer loop
      vertex 6.376130983233452 4.809088976977904 43.50963054665561
      vertex 6.179577760398388 5.7442502826452255 43.50963054665561
      vertex 6.337886592293465 4.812855720712122 43.50963054665561
    endloop
  endfacet
  facet normal 0 0 1
    outer loop
      vertex 6.376130983233452 4.809088976977904 43.50963054665561
      vertex 6.5 4.80396571934088 43.50963054665561
      vertex 6.3974568620324135 5.6263400092720985 43.50963054665561
    endloop
  endfacet
  facet normal 0.586515719656636 0.7146714722143707 0.3811089049059366
    outer loop
      vertex 4.5041392351998795 3.929832667427938 44.557206526348004
      vertex 4.236852626891128 4.149189117939461 44.557206526348004
      vertex 4.420782509260597 3.805080511030276 44.919430645491076
    endloop
  endfacet
  facet normal 0.5282625721440476 0.6436898065936862 0.5537166132229894
    outer loop
      vertex 4.5041392351998795 3.929832667427938 44.557206526348004
      vertex 4.390875772876036 4.303212263924376 44.23121343167271
      vertex 4.236852626891128 4.149189117939461 44.557206526348004
    endloop
  endfacet
  facet normal 0.6118933806635517 0.5632875058746833 0.5552419980743608
    outer loop
      vertex 4.236852626891128 4.149189117939461 44.557206526348004
      vertex 4.390875772876036 4.303212263924376 44.23121343167271
      vertex 4.069064225645057 4.3314559195351485 44.557206526348004
    endloop
  endfacet
  facet normal 0.6798052938944601 0.6258048225051278 0.38240434950768026
    outer loop
      vertex 4.236852626891128 4.149189117939461 44.557206526348004
      vertex 4.069064225645057 4.3314559195351485 44.557206526348004
      vertex 4.130759638703445 4.043096129751781 44.919430645491076
    endloop
  endfacet
  facet normal 0.5111114196329987 0.6566759796534412 0.5545644908096208
    outer loop
      vertex 4.5041392351998795 3.929832667427938 44.557206526348004
      vertex 4.699639355720471 3.7776688191470313 44.557206526348004
      vertex 4.62515444447515 4.110944726999474 44.23121343167271
    endloop
  endfacet
  facet normal 0.5865157196566383 0.71467147221437 0.3811089049059347
    outer loop
      vertex 4.420782509260597 3.805080511030276 44.919430645491076
      vertex 4.236852626891128 4.149189117939461 44.557206526348004
      vertex 4.130759638703445 4.043096129751781 44.919430645491076
    endloop
  endfacet
  facet normal 0.6223173832739815 0.7582959255540166 0.19418641498107397
    outer loop
      vertex 4.420782509260597 3.805080511030276 44.919430645491076
      vertex 4.130759638703445 4.043096129751781 44.919430645491076
      vertex 4.076673902351416 3.9890103933997487 45.30396571934088
    endloop
  endfacet
  facet normal 0.6798052938944602 0.6258048225051278 0.38240434950768026
    outer loop
      vertex 4.069064225645057 4.3314559195351485 44.557206526348004
      vertex 3.9629712374573742 4.225362931347469 44.919430645491076
      vertex 4.130759638703445 4.043096129751781 44.919430645491076
    endloop
  endfacet
  facet normal 0.721610652948877 0.6642893643846652 0.19493000260635318
    outer loop
      vertex 3.9088855011053454 4.171277194995437 45.30396571934088
      vertex 4.130759638703445 4.043096129751781 44.919430645491076
      vertex 3.9629712374573742 4.225362931347469 44.919430645491076
    endloop
  endfacet
  facet normal 0.6436898065936864 0.5282625721440493 0.5537166132229876
    outer loop
      vertex 3.849707775133531 4.598742527843903 44.557206526348004
      vertex 4.069064225645057 4.3314559195351485 44.557206526348004
      vertex 4.2230873716299655 4.485479065520064 44.23121343167271
    endloop
  endfacet
  facet normal 0.721610652948877 0.6642893643846652 0.1949300026063532
    outer loop
      vertex 3.9088855011053454 4.171277194995437 45.30396571934088
      vertex 4.076673902351416 3.9890103933997487 45.30396571934088
      vertex 4.130759638703445 4.043096129751781 44.919430645491076
    endloop
  endfacet
  facet normal 0.7730104533627314 0.6343932841636523 -3.0720017192827265e-18
    outer loop
      vertex 3.9088855011053454 4.171277194995437 45.30396571934088
      vertex 3.6613575209206317 4.4728909115321756 45.30396571934088
      vertex 3.6613575209206317 4.4728909115321756 49
    endloop
  endfacet
  facet normal 0.8819212643483588 0.4713967368259904 1.5262079535168183e-18
    outer loop
      vertex 3.525857656103966 4.680288886559737 45.30396571934088
      vertex 3.341927773734497 5.024397493468921 45.30396571934088
      vertex 3.341927773734497 5.024397493468921 49
    endloop
  endfacet
  facet normal 0.8371664690032126 0.5469481722948649 0
    outer loop
      vertex 3.6613575209206317 4.4728909115321756 45.30396571934088
      vertex 3.525857656103966 4.680288886559737 45.30396571934088
      vertex 3.525857656103966 4.680288886559737 49
    endloop
  endfacet
  facet normal 0.9157733246598184 0.4016954292016562 0
    outer loop
      vertex 3.341927773734497 5.024397493468921 45.30396571934088
      vertex 3.242412536820339 5.2512693788282085 45.30396571934088
      vertex 3.242412536820339 5.2512693788282085 49
    endloop
  endfacet
  facet normal 0.7730104533627314 0.6343932841636523 0
    outer loop
      vertex 3.9088855011053454 4.171277194995437 45.30396571934088
      vertex 3.6613575209206317 4.4728909115321756 49
      vertex 3.9088855011053454 4.171277194995437 49
    endloop
  endfacet
  facet normal 0.8371664690032126 0.5469481722948649 0
    outer loop
      vertex 3.6613575209206317 4.4728909115321756 45.30396571934088
      vertex 3.525857656103966 4.680288886559737 49
      vertex 3.6613575209206317 4.4728909115321756 49
    endloop
  endfacet
  facet normal 0.8819212643483588 0.4713967368259904 0
    outer loop
      vertex 3.525857656103966 4.680288886559737 45.30396571934088
      vertex 3.341927773734497 5.024397493468921 49
      vertex 3.525857656103966 4.680288886559737 49
    endloop
  endfacet
  facet normal 0.9157733246598184 0.4016954292016562 0
    outer loop
      vertex 3.341927773734497 5.024397493468921 45.30396571934088
      vertex 3.242412536820339 5.2512693788282085 49
      vertex 3.341927773734497 5.024397493468921 49
    endloop
  endfacet
  facet normal 0.3246994744959047 0.9458172398841561 0
    outer loop
      vertex 5.370090351568855 3.2070379997100105 45.30396571934088
      vertex 5.13577544795195 3.287478409191536 45.30396571934088
      vertex 5.13577544795195 3.287478409191536 49
    endloop
  endfacet
  facet normal 0.16459459304781118 0.9863613029409788 0
    outer loop
      vertex 5.743469948065297 3.0937745373861674 45.30396571934088
      vertex 5.743469948065297 3.0937745373861674 49
      vertex 5.98782916564943 3.052998195232618 45.30396571934088
    endloop
  endfacet
  facet normal 0.2902846772544621 0.9569403357322088 0
    outer loop
      vertex 5.370090351568855 3.2070379997100105 45.30396571934088
      vertex 5.370090351568855 3.2070379997100105 49
      vertex 5.743469948065297 3.0937745373861674 45.30396571934088
    endloop
  endfacet
  facet normal 0.4713967368259943 0.8819212643483568 0
    outer loop
      vertex 4.791666841042769 3.471408291561005 45.30396571934088
      vertex 4.791666841042769 3.471408291561005 49
      vertex 5.13577544795195 3.287478409191536 45.30396571934088
    endloop
  endfacet
  facet normal 0.4759473930699911 0.8794737511886749 0
    outer loop
      vertex 4.573787739408743 3.589318564934132 45.30396571934088
      vertex 4.573787739408743 3.589318564934132 49
      vertex 4.791666841042769 3.471408291561005 45.30396571934088
    endloop
  endfacet
  facet normal 0.6343932841636513 0.7730104533627321 2.5120818957517793e-18
    outer loop
      vertex 4.378287618888152 3.7414824132150386 45.30396571934088
      vertex 4.076673902351416 3.9890103933997487 45.30396571934088
      vertex 4.076673902351416 3.9890103933997487 49
    endloop
  endfacet
  facet normal 0.6142127043694494 0.7891405158722794 0
    outer loop
      vertex 4.573787739408743 3.589318564934132 45.30396571934088
      vertex 4.378287618888152 3.7414824132150386 45.30396571934088
      vertex 4.378287618888152 3.7414824132150386 49
    endloop
  endfacet
  facet normal 0.09801714032955766 0.9951847266721972 0
    outer loop
      vertex 5.98782916564943 3.052998195232618 45.30396571934088
      vertex 5.98782916564943 3.052998195232618 49
      vertex 6.376130983233452 3.0147538042926314 45.30396571934088
    endloop
  endfacet
  facet normal 0.04132495175586508 0.999145759317616 0
    outer loop
      vertex 6.376130983233452 3.0147538042926314 45.30396571934088
      vertex 6.376130983233452 3.0147538042926314 49
      vertex 6.5 3.0096305466556075 45.30396571934088
    endloop
  endfacet
  facet normal 0.3246994744959047 0.9458172398841561 0
    outer loop
      vertex 5.370090351568855 3.2070379997100105 45.30396571934088
      vertex 5.13577544795195 3.287478409191536 49
      vertex 5.370090351568855 3.2070379997100105 49
    endloop
  endfacet
  facet normal 0.2902846772544621 0.9569403357322088 0
    outer loop
      vertex 5.743469948065297 3.0937745373861674 45.30396571934088
      vertex 5.370090351568855 3.2070379997100105 49
      vertex 5.743469948065297 3.0937745373861674 49
    endloop
  endfacet
  facet normal 0.4759473930699911 0.8794737511886749 0
    outer loop
      vertex 4.791666841042769 3.471408291561005 45.30396571934088
      vertex 4.573787739408743 3.589318564934132 49
      vertex 4.791666841042769 3.471408291561005 49
    endloop
  endfacet
  facet normal 0.6343932841636513 0.7730104533627321 0
    outer loop
      vertex 4.378287618888152 3.7414824132150386 45.30396571934088
      vertex 4.076673902351416 3.9890103933997487 49
      vertex 4.378287618888152 3.7414824132150386 49
    endloop
  endfacet
  facet normal 0.6142127043694494 0.7891405158722794 0
    outer loop
      vertex 4.573787739408743 3.589318564934132 45.30396571934088
      vertex 4.378287618888152 3.7414824132150386 49
      vertex 4.573787739408743 3.589318564934132 49
    endloop
  endfacet
  facet normal 0.4713967368259943 0.8819212643483568 0
    outer loop
      vertex 5.13577544795195 3.287478409191536 45.30396571934088
      vertex 4.791666841042769 3.471408291561005 49
      vertex 5.13577544795195 3.287478409191536 49
    endloop
  endfacet
  facet normal 0.16459459304781118 0.9863613029409788 0
    outer loop
      vertex 5.98782916564943 3.052998195232618 45.30396571934088
      vertex 5.743469948065297 3.0937745373861674 49
      vertex 5.98782916564943 3.052998195232618 49
    endloop
  endfacet
  facet normal 0.09801714032955766 0.9951847266721972 0
    outer loop
      vertex 6.376130983233452 3.0147538042926314 45.30396571934088
      vertex 5.98782916564943 3.052998195232618 49
      vertex 6.376130983233452 3.0147538042926314 49
    endloop
  endfacet
  facet normal 0.04132495175586508 0.999145759317616 0
    outer loop
      vertex 6.5 3.0096305466556075 45.30396571934088
      vertex 6.376130983233452 3.0147538042926314 49
      vertex 6.5 3.0096305466556075 49
    endloop
  endfacet
  facet normal 0.7357239301097214 0.6772815505119757 0
    outer loop
      vertex 3.9088855011053454 4.171277194995437 45.30396571934088
      vertex 3.9088855011053454 4.171277194995437 49
      vertex 4.076673902351416 3.9890103933997487 45.30396571934088
    endloop
  endfacet
  facet normal 0.7357239301097214 0.6772815505119757 0
    outer loop
      vertex 4.076673902351416 3.9890103933997487 45.30396571934088
      vertex 3.9088855011053454 4.171277194995437 49
      vertex 4.076673902351416 3.9890103933997487 49
    endloop
  endfacet
  facet normal 0.6476186844760939 0.28407189684878903 0.7070312559839093
    outer loop
      vertex 3.7524523012568523 5.194442320455488 44.23121343167271
      vertex 4.008583432212241 5.30053530864317 43.953979093274526
      vertex 3.6529370643426944 5.421314205814776 44.23121343167271
    endloop
  endfacet
  facet normal 0.6476186844760939 0.28407189684878903 0.7070312559839093
    outer loop
      vertex 3.909068195298083 5.527407194002457 43.953979093274526
      vertex 3.6529370643426944 5.421314205814776 44.23121343167271
      vertex 4.008583432212241 5.30053530864317 43.953979093274526
    endloop
  endfacet
  facet normal 0.6782901060464825 0.2057570541928688 0.705398161813117
    outer loop
      vertex 3.909068195298083 5.527407194002457 43.953979093274526
      vertex 3.564959588388902 5.7113370763719296 44.23121343167271
      vertex 3.6529370643426944 5.421314205814776 44.23121343167271
    endloop
  endfacet
  facet normal 0.7968491718961515 0.2417215536299496 0.5537166132229925
    outer loop
      vertex 3.6529370643426944 5.421314205814776 44.23121343167271
      vertex 3.564959588388902 5.7113370763719296 44.23121343167271
      vertex 3.451696126065059 5.337957479875492 44.557206526348004
    endloop
  endfacet
  facet normal 0.678290106046481 0.2057570541928593 0.7053981618131213
    outer loop
      vertex 3.909068195298083 5.527407194002457 43.953979093274526
      vertex 3.8368669467121705 5.765422812723958 43.953979093274526
      vertex 3.564959588388902 5.7113370763719296 44.23121343167271
    endloop
  endfacet
  facet normal 0.6859270830504407 0.17370033093819728 0.7066344399828491
    outer loop
      vertex 3.564959588388902 5.7113370763719296 44.23121343167271
      vertex 3.7760508524328813 6.005580133819425 43.953979093274526
      vertex 3.504143494109613 5.951494397467396 44.23121343167271
    endloop
  endfacet
  facet normal 0.6859270830504407 0.17370033093819728 0.7066344399828491
    outer loop
      vertex 3.8368669467121705 5.765422812723958 43.953979093274526
      vertex 3.7760508524328813 6.005580133819425 43.953979093274526
      vertex 3.564959588388902 5.7113370763719296 44.23121343167271
    endloop
  endfacet
  facet normal 0.8063588882742797 0.20419780645678248 0.555057293564643
    outer loop
      vertex 3.564959588388902 5.7113370763719296 44.23121343167271
      vertex 3.504143494109613 5.951494397467396 44.23121343167271
      vertex 3.2905072535266697 5.908999507094952 44.557206526348004
    endloop
  endfacet
  facet normal 0.5390672238871839 0.1365103631288655 0.8311266142345521
    outer loop
      vertex 3.8368669467121705 5.765422812723958 43.953979093274526
      vertex 4.0957800812035075 6.0691782316346625 43.73615747130329
      vertex 3.7760508524328813 6.005580133819425 43.953979093274526
    endloop
  endfacet
  facet normal 0.5547403638365367 0.05463715693313672 0.8302276253008994
    outer loop
      vertex 3.7760508524328813 6.005580133819425 43.953979093274526
      vertex 4.0957800812035075 6.0691782316346625 43.73615747130329
      vertex 3.7516714742943194 6.253108114004135 43.953979093274526
    endloop
  endfacet
  facet normal 0.8286954742331494 0.0816193802129554 0.5537166132229994
    outer loop
      vertex 3.504143494109613 5.951494397467396 44.23121343167271
      vertex 3.474437135896139 6.253108114004135 44.23121343167271
      vertex 3.256615513924899 6.253108114004135 44.557206526348004
    endloop
  endfacet
  facet normal 0.7053981618131066 0.06947565488255257 0.7053981618131218
    outer loop
      vertex 3.7760508524328813 6.005580133819425 43.953979093274526
      vertex 3.7516714742943194 6.253108114004135 43.953979093274526
      vertex 3.504143494109613 5.951494397467396 44.23121343167271
    endloop
  endfacet
  facet normal 0.7053981618131148 0.06947565488253926 0.7053981618131148
    outer loop
      vertex 3.7516714742943194 6.253108114004135 43.953979093274526
      vertex 3.474437135896139 6.253108114004135 44.23121343167271
      vertex 3.504143494109613 5.951494397467396 44.23121343167271
    endloop
  endfacet
  facet normal 0.5549824570818974 0.04598715229312508 0.8305899434470109
    outer loop
      vertex 3.7516714742943194 6.253108114004135 43.953979093274526
      vertex 4.057206526348004 6.5 43.73615747130329
      vertex 3.731213431672707 6.5 43.953979093274526
    endloop
  endfacet
  facet normal 0.8295031715207434 0.06873458465143069 0.554256299296475
    outer loop
      vertex 3.474437135896139 6.253108114004135 44.23121343167271
      vertex 3.4539790932745262 6.5 44.23121343167271
      vertex 3.2361574713032866 6.5 44.557206526348004
    endloop
  endfacet
  facet normal 0.7058961187635066 0.05849221340686978 0.7058961187635066
    outer loop
      vertex 3.7516714742943194 6.253108114004135 43.953979093274526
      vertex 3.731213431672707 6.5 43.953979093274526
      vertex 3.474437135896139 6.253108114004135 44.23121343167271
    endloop
  endfacet
  facet normal 0.7058961187635066 0.05849221340686985 0.7058961187635066
    outer loop
      vertex 3.731213431672707 6.5 43.953979093274526
      vertex 3.4539790932745262 6.5 44.23121343167271
      vertex 3.474437135896139 6.253108114004135 44.23121343167271
    endloop
  endfacet
  facet normal 0.8847201943828515 0.2683769368864713 0.38110890490594
    outer loop
      vertex 3.451696126065059 5.337957479875492 44.557206526348004
      vertex 3.351323347805959 5.668842185999486 44.557206526348004
      vertex 3.313078956865965 5.280540368415462 44.919430645491076
    endloop
  endfacet
  facet normal 0.761487888030429 0.3340195611483586 0.5554881899313563
    outer loop
      vertex 3.551211362979217 5.111085594516204 44.557206526348004
      vertex 3.6529370643426944 5.421314205814776 44.23121343167271
      vertex 3.451696126065059 5.337957479875492 44.557206526348004
    endloop
  endfacet
  facet normal 0.7968491718961543 0.2417215536299465 0.5537166132229898
    outer loop
      vertex 3.451696126065059 5.337957479875492 44.557206526348004
      vertex 3.564959588388902 5.7113370763719296 44.23121343167271
      vertex 3.351323347805959 5.668842185999486 44.557206526348004
    endloop
  endfacet
  facet normal 0.8847201943828539 0.2683769368864678 0.38110890490593646
    outer loop
      vertex 3.351323347805959 5.668842185999486 44.557206526348004
      vertex 3.2041681458803524 5.639571196412232 44.919430645491076
      vertex 3.313078956865965 5.280540368415462 44.919430645491076
    endloop
  endfacet
  facet normal 0.938724637457813 0.2847590055933173 0.1941864149810763
    outer loop
      vertex 3.313078956865965 5.280540368415462 44.919430645491076
      vertex 3.2041681458803524 5.639571196412232 44.919430645491076
      vertex 3.129149074496496 5.6246489753246465 45.30396571934088
    endloop
  endfacet
  facet normal 0.8957840487360017 0.22684333300068812 0.38224735486759776
    outer loop
      vertex 3.351323347805959 5.668842185999486 44.557206526348004
      vertex 3.2905072535266697 5.908999507094952 44.557206526348004
      vertex 3.2041681458803524 5.639571196412232 44.919430645491076
    endloop
  endfacet
  facet normal 0.8063588882742797 0.2041978064567825 0.555057293564643
    outer loop
      vertex 3.564959588388902 5.7113370763719296 44.23121343167271
      vertex 3.2905072535266697 5.908999507094952 44.557206526348004
      vertex 3.351323347805959 5.668842185999486 44.557206526348004
    endloop
  endfacet
  facet normal 0.9508217784958316 0.24078077928266634 0.1948398364453624
    outer loop
      vertex 3.2041681458803524 5.639571196412232 44.919430645491076
      vertex 3.143352051601063 5.879728517507699 44.919430645491076
      vertex 3.129149074496496 5.6246489753246465 45.30396571934088
    endloop
  endfacet
  facet normal 0.8957840487360017 0.2268433330006881 0.38224735486759776
    outer loop
      vertex 3.2905072535266697 5.908999507094952 44.557206526348004
      vertex 3.143352051601063 5.879728517507699 44.919430645491076
      vertex 3.2041681458803524 5.639571196412232 44.919430645491076
    endloop
  endfacet
  facet normal 0.938724637457811 0.2847590055933343 0.1941864149810603
    outer loop
      vertex 3.313078956865965 5.280540368415462 44.919430645491076
      vertex 3.129149074496496 5.6246489753246465 45.30396571934088
      vertex 3.242412536820339 5.2512693788282085 45.30396571934088
    endloop
  endfacet
  facet normal 0.9508217784958316 0.24078077928266628 0.1948398364453624
    outer loop
      vertex 3.143352051601063 5.879728517507699 44.919430645491076
      vertex 3.068332980217207 5.864806296420113 45.30396571934088
      vertex 3.129149074496496 5.6246489753246465 45.30396571934088
    endloop
  endfacet
  facet normal 0.8286954742331543 0.08161938021296956 0.5537166132229899
    outer loop
      vertex 3.504143494109613 5.951494397467396 44.23121343167271
      vertex 3.256615513924899 6.253108114004135 44.557206526348004
      vertex 3.2905072535266697 5.908999507094952 44.557206526348004
    endloop
  endfacet
  facet normal 0.9200782869650679 0.09061980168166237 0.3811089049059369
    outer loop
      vertex 3.2905072535266697 5.908999507094952 44.557206526348004
      vertex 3.256615513924899 6.253108114004135 44.557206526348004
      vertex 3.143352051601063 5.879728517507699 44.919430645491076
    endloop
  endfacet
  facet normal 0.9762410328686723 0.09615134934209306 0.1941864149810765
    outer loop
      vertex 3.143352051601063 5.879728517507699 44.919430645491076
      vertex 3.1065773711571936 6.253108114004135 44.919430645491076
      vertex 3.068332980217207 5.864806296420113 45.30396571934088
    endloop
  endfacet
  facet normal 0.9200782869650713 0.09061980168165502 0.38110890490593047
    outer loop
      vertex 3.256615513924899 6.253108114004135 44.557206526348004
      vertex 3.1065773711571936 6.253108114004135 44.919430645491076
      vertex 3.143352051601063 5.879728517507699 44.919430645491076
    endloop
  endfacet
  facet normal 0.8295031715207434 0.0687345846514307 0.554256299296475
    outer loop
      vertex 3.474437135896139 6.253108114004135 44.23121343167271
      vertex 3.2361574713032866 6.5 44.557206526348004
      vertex 3.256615513924899 6.253108114004135 44.557206526348004
    endloop
  endfacet
  facet normal 0.921184110684322 0.0763314830000033 0.38156695208803787
    outer loop
      vertex 3.256615513924899 6.253108114004135 44.557206526348004
      vertex 3.2361574713032866 6.5 44.557206526348004
      vertex 3.1065773711571936 6.253108114004135 44.919430645491076
    endloop
  endfacet
  facet normal 0.921184110684322 0.07633148300000332 0.38156695208803787
    outer loop
      vertex 3.2361574713032866 6.5 44.557206526348004
      vertex 3.086119328535581 6.5 44.919430645491076
      vertex 3.1065773711571936 6.253108114004135 44.919430645491076
    endloop
  endfacet
  facet normal 0.977562271563506 0.08100311007086536 0.19444922569772644
    outer loop
      vertex 3.1065773711571936 6.253108114004135 44.919430645491076
      vertex 3.086119328535581 6.5 44.919430645491076
      vertex 3.0096305466556075 6.5 45.30396571934088
    endloop
  endfacet
  facet normal 0.9762410328686758 0.09615134934208049 0.1941864149810642
    outer loop
      vertex 3.068332980217207 5.864806296420113 45.30396571934088
      vertex 3.1065773711571936 6.253108114004135 44.919430645491076
      vertex 3.03008858927722 6.253108114004135 45.30396571934088
    endloop
  endfacet
  facet normal 0.977562271563506 0.08100311007086539 0.19444922569772644
    outer loop
      vertex 3.1065773711571936 6.253108114004135 44.919430645491076
      vertex 3.0096305466556075 6.5 45.30396571934088
      vertex 3.03008858927722 6.253108114004135 45.30396571934088
    endloop
  endfacet
  facet normal 0.32038433999476157 0.20931754397745586 0.9238723074480406
    outer loop
      vertex 4.532385114612929 5.054892942675622 43.73615747130329
      vertex 4.8335634625234505 5.256133880953257 43.58611932853558
      vertex 4.698063597706785 5.463531855980818 43.58611932853558
    endloop
  endfacet
  facet normal 0.33888902876211174 0.1811399597248897 0.9232239929592049
    outer loop
      vertex 4.644413229980977 5.563904634239922 43.58611932853558
      vertex 4.309761780122763 5.42528746504083 43.73615747130329
      vertex 4.698063597706785 5.463531855980818 43.58611932853558
    endloop
  endfacet
  facet normal 0.16333146549019895 0.10670977617447229 0.9807832869954596
    outer loop
      vertex 4.8335634625234505 5.256133880953257 43.58611932853558
      vertex 5.017792826477411 5.677168096563763 43.50963054665561
      vertex 4.698063597706785 5.463531855980818 43.58611932853558
    endloop
  endfacet
  facet normal 0.17285489411484192 0.09239286580797432 0.9806042748878554
    outer loop
      vertex 4.644413229980977 5.563904634239922 43.58611932853558
      vertex 4.698063597706785 5.463531855980818 43.58611932853558
      vertex 5.017792826477411 5.677168096563763 43.50963054665561
    endloop
  endfacet
  facet normal 0.367716024172736 0.1115454364420939 0.9232239929592051
    outer loop
      vertex 4.544897993066819 5.790776519599209 43.58611932853558
      vertex 4.51186025974534 5.899687330584827 43.58611932853558
      vertex 4.210246543208605 5.652159350400117 43.73615747130329
    endloop
  endfacet
  facet normal 0.3505151787360591 0.15375021457016066 0.9238506269929453
    outer loop
      vertex 4.644413229980977 5.563904634239922 43.58611932853558
      vertex 4.544897993066819 5.790776519599209 43.58611932853558
      vertex 4.210246543208605 5.652159350400117 43.73615747130329
    endloop
  endfacet
  facet normal 0.17285489411484561 0.09239286580796259 0.9806042748878558
    outer loop
      vertex 4.644413229980977 5.563904634239922 43.58611932853558
      vertex 5.017792826477411 5.677168096563763 43.50963054665561
      vertex 4.999677314243527 5.711059836165527 43.50963054665561
    endloop
  endfacet
  facet normal 0.17869522635216026 0.07838299469192615 0.9807773051116525
    outer loop
      vertex 4.644413229980977 5.563904634239922 43.58611932853558
      vertex 4.999677314243527 5.711059836165527 43.50963054665561
      vertex 4.9001620773293695 5.937931721524814 43.50963054665561
    endloop
  endfacet
  facet normal 0.18755848973596217 0.05689524584381461 0.9806042748878556
    outer loop
      vertex 4.544897993066819 5.790776519599209 43.58611932853558
      vertex 4.889006599976 5.97470640196868 43.50963054665561
      vertex 4.51186025974534 5.899687330584827 43.58611932853558
    endloop
  endfacet
  facet normal 0.17869522635216026 0.07838299469192617 0.9807773051116525
    outer loop
      vertex 4.644413229980977 5.563904634239922 43.58611932853558
      vertex 4.9001620773293695 5.937931721524814 43.50963054665561
      vertex 4.544897993066819 5.790776519599209 43.58611932853558
    endloop
  endfacet
  facet normal 0.18755848973595862 0.05689524584382115 0.9806042748878558
    outer loop
      vertex 4.544897993066819 5.790776519599209 43.58611932853558
      vertex 4.9001620773293695 5.937931721524814 43.50963054665561
      vertex 4.889006599976 5.97470640196868 43.50963054665561
    endloop
  endfacet
  facet normal 0.15150858185102214 0.12433987975366588 0.9806042748878551
    outer loop
      vertex 4.90576471110937 5.168156404999463 43.58611932853558
      vertex 5.1776720694326315 5.440063763322728 43.50963054665561
      vertex 4.8335634625234505 5.256133880953257 43.58611932853558
    endloop
  endfacet
  facet normal 0.15150858185102767 0.12433987975365599 0.9806042748878555
    outer loop
      vertex 4.8335634625234505 5.256133880953257 43.58611932853558
      vertex 5.1776720694326315 5.440063763322728 43.50963054665561
      vertex 5.153292691294077 5.469770121536202 43.50963054665561
    endloop
  endfacet
  facet normal 0.16333146549019892 0.10670977617447229 0.9807832869954596
    outer loop
      vertex 4.8335634625234505 5.256133880953257 43.58611932853558
      vertex 5.153292691294077 5.469770121536202 43.50963054665561
      vertex 5.017792826477411 5.677168096563763 43.50963054665561
    endloop
  endfacet
  facet normal 0 0 1
    outer loop
      vertex 5.822437790648557 4.945227949700563 43.50963054665561
      vertex 5.68078937381506 6.286078907549381 43.50963054665561
      vertex 5.788546051046794 4.96334346193445 43.50963054665561
    endloop
  endfacet
  facet normal 0 0 1
    outer loop
      vertex 5.570666949412768 5.081253735307577 43.50963054665561
      vertex 5.788546051046794 4.96334346193445 43.50963054665561
      vertex 5.68078937381506 6.286078907549381 43.50963054665561
    endloop
  endfacet
  facet normal 0 0 1
    outer loop
      vertex 5.375166828892176 5.2334175835884835 43.50963054665561
      vertex 5.570666949412768 5.081253735307577 43.50963054665561
      vertex 5.5204580426216125 6.753108114004135 43.50963054665561
    endloop
  endfacet
  facet normal 0 0 1
    outer loop
      vertex 5.822437790648557 4.945227949700563 43.50963054665561
      vertex 5.984077639877796 5.896414130926132 43.50963054665561
      vertex 5.816289238631725 6.07868093252182 43.50963054665561
    endloop
  endfacet
  facet normal 0 0 1
    outer loop
      vertex 5.822437790648557 4.945227949700563 43.50963054665561
      vertex 5.816289238631725 6.07868093252182 43.50963054665561
      vertex 5.68078937381506 6.286078907549381 43.50963054665561
    endloop
  endfacet
  facet normal 0.4916045332566043 0.26276809750953883 0.8302276253009012
    outer loop
      vertex 4.396885249796263 5.262290917703183 43.73615747130329
      vertex 4.309761780122763 5.42528746504083 43.73615747130329
      vertex 4.008583432212241 5.30053530864317 43.953979093274526
    endloop
  endfacet
  facet normal 0.5088515334341079 0.2232029800591369 0.8314147861413563
    outer loop
      vertex 4.008583432212241 5.30053530864317 43.953979093274526
      vertex 4.309761780122763 5.42528746504083 43.73615747130329
      vertex 4.210246543208605 5.652159350400117 43.73615747130329
    endloop
  endfacet
  facet normal 0.3505151787360591 0.15375021457016066 0.9238506269929453
    outer loop
      vertex 4.644413229980977 5.563904634239922 43.58611932853558
      vertex 4.210246543208605 5.652159350400117 43.73615747130329
      vertex 4.309761780122763 5.42528746504083 43.73615747130329
    endloop
  endfacet
  facet normal 0.508851533434108 0.22320298005913689 0.8314147861413563
    outer loop
      vertex 3.909068195298083 5.527407194002457 43.953979093274526
      vertex 4.008583432212241 5.30053530864317 43.953979093274526
      vertex 4.210246543208605 5.652159350400117 43.73615747130329
    endloop
  endfacet
  facet normal 0.3203843399947615 0.20931754397745586 0.9238723074480406
    outer loop
      vertex 4.532385114612929 5.054892942675622 43.73615747130329
      vertex 4.698063597706785 5.463531855980818 43.58611932853558
      vertex 4.396885249796263 5.262290917703183 43.73615747130329
    endloop
  endfacet
  facet normal 0.33888902876211147 0.18113995972489158 0.9232239929592045
    outer loop
      vertex 4.698063597706785 5.463531855980818 43.58611932853558
      vertex 4.309761780122763 5.42528746504083 43.73615747130329
      vertex 4.396885249796263 5.262290917703183 43.73615747130329
    endloop
  endfacet
  facet normal 0.5334220027562796 0.16181179549929844 0.8302276253009008
    outer loop
      vertex 3.909068195298083 5.527407194002457 43.953979093274526
      vertex 4.210246543208605 5.652159350400117 43.73615747130329
      vertex 4.156596175482797 5.829020910539196 43.73615747130329
    endloop
  endfacet
  facet normal 0.5334220027562829 0.16181179549929461 0.8302276253008992
    outer loop
      vertex 3.909068195298083 5.527407194002457 43.953979093274526
      vertex 4.156596175482797 5.829020910539196 43.73615747130329
      vertex 3.8368669467121705 5.765422812723958 43.953979093274526
    endloop
  endfacet
  facet normal 0.539067223887184 0.13651036312886555 0.8311266142345521
    outer loop
      vertex 3.8368669467121705 5.765422812723958 43.953979093274526
      vertex 4.156596175482797 5.829020910539196 43.73615747130329
      vertex 4.0957800812035075 6.0691782316346625 43.73615747130329
    endloop
  endfacet
  facet normal 0.3677160241727487 0.11154543644207673 0.9232239929592023
    outer loop
      vertex 4.51186025974534 5.899687330584827 43.58611932853558
      vertex 4.156596175482797 5.829020910539196 43.73615747130329
      vertex 4.210246543208605 5.652159350400117 43.73615747130329
    endloop
  endfacet
  facet normal 0.3713964710185756 0.09405036121085954 0.923698647217292
    outer loop
      vertex 4.51186025974534 5.899687330584827 43.58611932853558
      vertex 4.451044165466051 6.139844651680294 43.58611932853558
      vertex 4.0957800812035075 6.0691782316346625 43.73615747130329
    endloop
  endfacet
  facet normal 0.3824118989919389 0.037664284592181414 0.923223992959205
    outer loop
      vertex 4.451044165466051 6.139844651680294 43.58611932853558
      vertex 4.439888688112688 6.253108114004135 43.58611932853558
      vertex 4.077664568969617 6.253108114004135 43.73615747130329
    endloop
  endfacet
  facet normal 0.18936371806618046 0.047953406868706826 0.9807353634135135
    outer loop
      vertex 4.51186025974534 5.899687330584827 43.58611932853558
      vertex 4.889006599976 5.97470640196868 43.50963054665561
      vertex 4.8281905056967105 6.214863723064147 43.50963054665561
    endloop
  endfacet
  facet normal 0.18936371806618046 0.047953406868706826 0.9807353634135135
    outer loop
      vertex 4.51186025974534 5.899687330584827 43.58611932853558
      vertex 4.8281905056967105 6.214863723064147 43.50963054665561
      vertex 4.451044165466051 6.139844651680294 43.58611932853558
    endloop
  endfacet
  facet normal 0.19505431778054974 0.01921117348907413 0.9806042748878555
    outer loop
      vertex 4.8281905056967105 6.214863723064147 43.50963054665561
      vertex 4.439888688112688 6.253108114004135 43.58611932853558
      vertex 4.451044165466051 6.139844651680294 43.58611932853558
    endloop
  endfacet
  facet normal 0.3824911780308813 0.03169411903102244 0.9234153894902317
    outer loop
      vertex 4.419430645491076 6.5 43.58611932853558
      vertex 4.057206526348004 6.5 43.73615747130329
      vertex 4.439888688112688 6.253108114004135 43.58611932853558
    endloop
  endfacet
  facet normal 0.19506483572762345 0.016163531284946357 0.9806571521785562
    outer loop
      vertex 4.419430645491076 6.5 43.58611932853558
      vertex 4.439888688112688 6.253108114004135 43.58611932853558
      vertex 4.824423761962493 6.253108114004135 43.50963054665561
    endloop
  endfacet
  facet normal 0.19505431778054963 0.019211173489072628 0.9806042748878556
    outer loop
      vertex 4.8281905056967105 6.214863723064147 43.50963054665561
      vertex 4.824423761962493 6.253108114004135 43.50963054665561
      vertex 4.439888688112688 6.253108114004135 43.58611932853558
    endloop
  endfacet
  facet normal 0.19506483572762345 0.016163531284946363 0.9806571521785562
    outer loop
      vertex 4.419430645491076 6.5 43.58611932853558
      vertex 4.824423761962493 6.253108114004135 43.50963054665561
      vertex 4.80396571934088 6.5 43.50963054665561
    endloop
  endfacet
  facet normal 0 0 1
    outer loop
      vertex 5.570666949412768 5.081253735307577 43.50963054665561
      vertex 5.68078937381506 6.286078907549381 43.50963054665561
      vertex 5.581274136900902 6.5129507929086685 43.50963054665561
    endloop
  endfacet
  facet normal 0 0 1
    outer loop
      vertex 5.570666949412768 5.081253735307577 43.50963054665561
      vertex 5.581274136900902 6.5129507929086685 43.50963054665561
      vertex 5.5204580426216125 6.753108114004135 43.50963054665561
    endloop
  endfacet
  facet normal 0 0 1
    outer loop
      vertex 5.375166828892176 5.2334175835884835 43.50963054665561
      vertex 5.5204580426216125 6.753108114004135 43.50963054665561
      vertex 5.5 7 43.50963054665561
    endloop
  endfacet
  facet normal 0.3713964710185756 0.09405036121085951 0.923698647217292
    outer loop
      vertex 4.51186025974534 5.899687330584827 43.58611932853558
      vertex 4.0957800812035075 6.0691782316346625 43.73615747130329
      vertex 4.156596175482797 5.829020910539196 43.73615747130329
    endloop
  endfacet
  facet normal 0.5547403638365358 0.054637156933134166 0.8302276253009002
    outer loop
      vertex 3.7516714742943194 6.253108114004135 43.953979093274526
      vertex 4.0957800812035075 6.0691782316346625 43.73615747130329
      vertex 4.077664568969617 6.253108114004135 43.73615747130329
    endloop
  endfacet
  facet normal 0.38241189899194383 0.03766428459220139 0.9232239929592022
    outer loop
      vertex 4.451044165466051 6.139844651680294 43.58611932853558
      vertex 4.077664568969617 6.253108114004135 43.73615747130329
      vertex 4.0957800812035075 6.0691782316346625 43.73615747130329
    endloop
  endfacet
  facet normal 0.5549824570818974 0.045987152293125076 0.8305899434470109
    outer loop
      vertex 3.7516714742943194 6.253108114004135 43.953979093274526
      vertex 4.077664568969617 6.253108114004135 43.73615747130329
      vertex 4.057206526348004 6.5 43.73615747130329
    endloop
  endfacet
  facet normal 0.3824911780308813 0.03169411903102242 0.9234153894902317
    outer loop
      vertex 4.439888688112688 6.253108114004135 43.58611932853558
      vertex 4.057206526348004 6.5 43.73615747130329
      vertex 4.077664568969617 6.253108114004135 43.73615747130329
    endloop
  endfacet
  facet normal 0 0 1
    outer loop
      vertex 6.376130983233452 4.809088976977904 43.50963054665561
      vertex 6.3974568620324135 5.6263400092720985 43.50963054665561
      vertex 6.179577760398388 5.7442502826452255 43.50963054665561
    endloop
  endfacet
  facet normal 0 0 1
    outer loop
      vertex 6.093527374709332 4.853632062865671 43.50963054665561
      vertex 6.179577760398388 5.7442502826452255 43.50963054665561
      vertex 5.984077639877796 5.896414130926132 43.50963054665561
    endloop
  endfacet
  facet normal 0 0 1
    outer loop
      vertex 6.5 4.80396571934088 43.50963054665561
      vertex 6.631771765649319 5.545899599790573 43.50963054665561
      vertex 6.3974568620324135 5.6263400092720985 43.50963054665561
    endloop
  endfacet
  facet normal 0 0 1
    outer loop
      vertex 6.5 4.80396571934088 43.50963054665561
      vertex 6.876130983233452 5.505123257637024 43.50963054665561
      vertex 6.631771765649319 5.545899599790573 43.50963054665561
    endloop
  endfacet
  facet normal 0 0 1
    outer loop
      vertex 6.5 4.80396571934088 43.50963054665561
      vertex 7 5.5 43.50963054665561
      vertex 6.876130983233452 5.505123257637024 43.50963054665561
    endloop
  endfacet
  facet normal 0.9569403357322082 0.29028467725446466 2.120424178574637e-18
    outer loop
      vertex 3.242412536820339 5.2512693788282085 45.30396571934088
      vertex 3.129149074496496 5.6246489753246465 45.30396571934088
      vertex 3.129149074496496 5.6246489753246465 49
    endloop
  endfacet
  facet normal 0.969400264940313 0.24548549108583023 0
    outer loop
      vertex 3.129149074496496 5.6246489753246465 45.30396571934088
      vertex 3.068332980217207 5.864806296420113 45.30396571934088
      vertex 3.068332980217207 5.864806296420113 49
    endloop
  endfacet
  facet normal 0.9951847266721972 0.09801714032955766 5.572667659000233e-19
    outer loop
      vertex 3.068332980217207 5.864806296420113 45.30396571934088
      vertex 3.03008858927722 6.253108114004135 45.30396571934088
      vertex 3.03008858927722 6.253108114004135 49
    endloop
  endfacet
  facet normal 0.996584493778003 0.08257933616372483 0
    outer loop
      vertex 3.03008858927722 6.253108114004135 45.30396571934088
      vertex 3.0096305466556075 6.5 45.30396571934088
      vertex 3.0096305466556075 6.5 49
    endloop
  endfacet
  facet normal 0.9569403357322082 0.29028467725446466 0
    outer loop
      vertex 3.242412536820339 5.2512693788282085 45.30396571934088
      vertex 3.129149074496496 5.6246489753246465 49
      vertex 3.242412536820339 5.2512693788282085 49
    endloop
  endfacet
  facet normal 0.969400264940313 0.24548549108583023 0
    outer loop
      vertex 3.129149074496496 5.6246489753246465 45.30396571934088
      vertex 3.068332980217207 5.864806296420113 49
      vertex 3.129149074496496 5.6246489753246465 49
    endloop
  endfacet
  facet normal 0.9951847266721972 0.09801714032955766 0
    outer loop
      vertex 3.068332980217207 5.864806296420113 45.30396571934088
      vertex 3.03008858927722 6.253108114004135 49
      vertex 3.068332980217207 5.864806296420113 49
    endloop
  endfacet
  facet normal 0.996584493778003 0.08257933616372483 0
    outer loop
      vertex 3.03008858927722 6.253108114004135 45.30396571934088
      vertex 3.0096305466556075 6.5 49
      vertex 3.03008858927722 6.253108114004135 49
    endloop
  endfacet
  facet normal 0 0 1
    outer loop
      vertex 5.375166828892176 5.2334175835884835 43.50963054665561
      vertex 5.2334175835884835 36.624833171107824 43.50963054665561
      vertex 5.345460470678702 5.25779696172704 43.50963054665561
    endloop
  endfacet
  facet normal 0 0 1
    outer loop
      vertex 5.375166828892176 5.2334175835884835 43.50963054665561
      vertex 5.5 7 43.50963054665561
      vertex 5.5 35 43.50963054665561
    endloop
  endfacet
  facet normal 0.5555702330196064 0 0.8314696123025422
    outer loop
      vertex 3.731213431672707 6.5 43.953979093274526
      vertex 4.057206526348004 6.5 43.73615747130329
      vertex 3.731213431672707 35.5 43.953979093274526
    endloop
  endfacet
  facet normal 0.8314696123025422 0 0.5555702330196064
    outer loop
      vertex 3.4539790932745262 6.5 44.23121343167271
      vertex 3.4539790932745262 35.5 44.23121343167271
      vertex 3.2361574713032866 6.5 44.557206526348004
    endloop
  endfacet
  facet normal 0.7071067811865475 0 0.7071067811865475
    outer loop
      vertex 3.731213431672707 6.5 43.953979093274526
      vertex 3.731213431672707 35.5 43.953979093274526
      vertex 3.4539790932745262 6.5 44.23121343167271
    endloop
  endfacet
  facet normal 0.9238795325112892 9.983096000645718e-20 0.3826834323650841
    outer loop
      vertex 3.2361574713032866 6.5 44.557206526348004
      vertex 3.086119328535581 35.5 44.919430645491076
      vertex 3.086119328535581 6.5 44.919430645491076
    endloop
  endfacet
  facet normal 0.9807852804032318 1.3344756307925596e-20 0.19509032201612186
    outer loop
      vertex 3.086119328535581 6.5 44.919430645491076
      vertex 3.0096305466556075 35.5 45.30396571934088
      vertex 3.0096305466556075 6.5 45.30396571934088
    endloop
  endfacet
  facet normal 0.3826834323650841 0 0.9238795325112892
    outer loop
      vertex 4.419430645491076 6.5 43.58611932853558
      vertex 4.419430645491076 35.5 43.58611932853558
      vertex 4.057206526348004 6.5 43.73615747130329
    endloop
  endfacet
  facet normal 0.19509032201612186 1.3344756307925596e-20 0.9807852804032318
    outer loop
      vertex 4.419430645491076 6.5 43.58611932853558
      vertex 4.80396571934088 6.5 43.50963054665561
      vertex 4.80396571934088 35.5 43.50963054665561
    endloop
  endfacet
  facet normal 0 0 1
    outer loop
      vertex 5.345460470678702 5.25779696172704 43.50963054665561
      vertex 5.2334175835884835 36.624833171107824 43.50963054665561
      vertex 5.1776720694326315 5.440063763322728 43.50963054665561
    endloop
  endfacet
  facet normal 0 0 1
    outer loop
      vertex 5.153292691294077 5.469770121536202 43.50963054665561
      vertex 5.1776720694326315 5.440063763322728 43.50963054665561
      vertex 5.2334175835884835 36.624833171107824 43.50963054665561
    endloop
  endfacet
  facet normal 0 0 1
    outer loop
      vertex 5.153292691294077 5.469770121536202 43.50963054665561
      vertex 5.2334175835884835 36.624833171107824 43.50963054665561
      vertex 5.017792826477411 5.677168096563763 43.50963054665561
    endloop
  endfacet
  facet normal 0 0 1
    outer loop
      vertex 5.017792826477411 5.677168096563763 43.50963054665561
      vertex 5.2334175835884835 36.624833171107824 43.50963054665561
      vertex 4.999677314243527 5.711059836165527 43.50963054665561
    endloop
  endfacet
  facet normal 0 0 1
    outer loop
      vertex 4.999677314243527 5.711059836165527 43.50963054665561
      vertex 5.2334175835884835 36.624833171107824 43.50963054665561
      vertex 4.9001620773293695 5.937931721524814 43.50963054665561
    endloop
  endfacet
  facet normal 0 0 1
    outer loop
      vertex 4.9001620773293695 5.937931721524814 43.50963054665561
      vertex 5.2334175835884835 36.624833171107824 43.50963054665561
      vertex 4.889006599976 5.97470640196868 43.50963054665561
    endloop
  endfacet
  facet normal 0 0 1
    outer loop
      vertex 4.889006599976 5.97470640196868 43.50963054665561
      vertex 5.2334175835884835 36.624833171107824 43.50963054665561
      vertex 4.8281905056967105 6.214863723064147 43.50963054665561
    endloop
  endfacet
  facet normal 0 0 1
    outer loop
      vertex 4.8281905056967105 6.214863723064147 43.50963054665561
      vertex 5.2334175835884835 36.624833171107824 43.50963054665561
      vertex 4.824423761962493 6.253108114004135 43.50963054665561
    endloop
  endfacet
  facet normal 0 0 1
    outer loop
      vertex 4.824423761962493 6.253108114004135 43.50963054665561
      vertex 5.2334175835884835 36.624833171107824 43.50963054665561
      vertex 4.80396571934088 6.5 43.50963054665561
    endloop
  endfacet
  facet normal 1 0 0
    outer loop
      vertex 3.0096305466556075 6.5 45.30396571934088
      vertex 3.0096305466556075 35.5 49
      vertex 3.0096305466556075 6.5 49
    endloop
  endfacet
  facet normal 1.1638966110711083e-19 0.8314696123025465 0.5555702330196002
    outer loop
      vertex 6.5 3.23615747130329 44.557206526348004
      vertex 119.5 3.4539790932745262 44.23121343167271
      vertex 6.5 3.4539790932745262 44.23121343167271
    endloop
  endfacet
  facet normal -1.4868786819816796e-19 0.707106781186543 0.7071067811865521
    outer loop
      vertex 6.5 3.7312134316727104 43.953979093274526
      vertex 6.5 3.4539790932745262 44.23121343167271
      vertex 119.5 3.4539790932745262 44.23121343167271
    endloop
  endfacet
  facet normal 0 0.9807852804032318 0.19509032201612186
    outer loop
      vertex 6.5 3.086119328535581 44.919430645491076
      vertex 6.5 3.0096305466556075 45.30396571934088
      vertex 119.5 3.086119328535581 44.919430645491076
    endloop
  endfacet
  facet normal -4.622935805650226e-20 0.9238795325112859 0.38268343236509184
    outer loop
      vertex 6.5 3.23615747130329 44.557206526348004
      vertex 6.5 3.086119328535581 44.919430645491076
      vertex 119.5 3.086119328535581 44.919430645491076
    endloop
  endfacet
  facet normal -1.0034143903530246e-19 0.5555702330196106 0.8314696123025395
    outer loop
      vertex 6.5 3.7312134316727104 43.953979093274526
      vertex 119.5 4.057206526348004 43.73615747130329
      vertex 6.5 4.057206526348004 43.73615747130329
    endloop
  endfacet
  facet normal 0 0.3826834323650841 0.9238795325112891
    outer loop
      vertex 6.5 4.057206526348004 43.73615747130329
      vertex 119.5 4.057206526348004 43.73615747130329
      vertex 6.5 4.419430645491076 43.58611932853558
    endloop
  endfacet
  facet normal 3.424760468405684e-21 0.19509032201612186 0.9807852804032318
    outer loop
      vertex 6.5 4.419430645491076 43.58611932853558
      vertex 119.5 4.80396571934088 43.50963054665561
      vertex 6.5 4.80396571934088 43.50963054665561
    endloop
  endfacet
  facet normal 0 0 1
    outer loop
      vertex 6.5 4.80396571934088 43.50963054665561
      vertex 119.5 4.80396571934088 43.50963054665561
      vertex 7 5.5 43.50963054665561
    endloop
  endfacet
  facet normal 0 1 0
    outer loop
      vertex 6.5 3.0096305466556075 45.30396571934088
      vertex 6.5 3.0096305466556075 49
      vertex 119.5 3.0096305466556075 45.30396571934088
    endloop
  endfacet
  facet normal 0.7071067811865475 0 0.7071067811865475
    outer loop
      vertex 3.4539790932745262 6.5 44.23121343167271
      vertex 3.731213431672707 35.5 43.953979093274526
      vertex 3.4539790932745262 35.5 44.23121343167271
    endloop
  endfacet
  facet normal 0.8314696123025422 0 0.5555702330196064
    outer loop
      vertex 3.2361574713032866 6.5 44.557206526348004
      vertex 3.4539790932745262 35.5 44.23121343167271
      vertex 3.2361574713032866 35.5 44.557206526348004
    endloop
  endfacet
  facet normal 0.9238795325112892 0 0.3826834323650841
    outer loop
      vertex 3.2361574713032866 6.5 44.557206526348004
      vertex 3.2361574713032866 35.5 44.557206526348004
      vertex 3.086119328535581 35.5 44.919430645491076
    endloop
  endfacet
  facet normal 0.9807852804032318 0 0.19509032201612186
    outer loop
      vertex 3.086119328535581 6.5 44.919430645491076
      vertex 3.086119328535581 35.5 44.919430645491076
      vertex 3.0096305466556075 35.5 45.30396571934088
    endloop
  endfacet
  facet normal 0.19509032201612186 0 0.9807852804032318
    outer loop
      vertex 4.419430645491076 6.5 43.58611932853558
      vertex 4.80396571934088 35.5 43.50963054665561
      vertex 4.419430645491076 35.5 43.58611932853558
    endloop
  endfacet
  facet normal 0 0 1
    outer loop
      vertex 5.375166828892176 5.2334175835884835 43.50963054665561
      vertex 5.5 35 43.50963054665561
      vertex 5.2334175835884835 36.624833171107824 43.50963054665561
    endloop
  endfacet
  facet normal 0 0 1
    outer loop
      vertex 4.80396571934088 6.5 43.50963054665561
      vertex 5.2334175835884835 36.624833171107824 43.50963054665561
      vertex 4.80396571934088 35.5 43.50963054665561
    endloop
  endfacet
  facet normal 0.3826834323650841 0 0.9238795325112892
    outer loop
      vertex 4.057206526348004 6.5 43.73615747130329
      vertex 4.419430645491076 35.5 43.58611932853558
      vertex 4.057206526348004 35.5 43.73615747130329
    endloop
  endfacet
  facet normal 0.5555702330196064 0 0.8314696123025422
    outer loop
      vertex 4.057206526348004 6.5 43.73615747130329
      vertex 4.057206526348004 35.5 43.73615747130329
      vertex 3.731213431672707 35.5 43.953979093274526
    endloop
  endfacet
  facet normal 1 0 0
    outer loop
      vertex 3.0096305466556075 6.5 45.30396571934088
      vertex 3.0096305466556075 35.5 45.30396571934088
      vertex 3.0096305466556075 35.5 49
    endloop
  endfacet
  facet normal 0.5554236168132027 -0.02297247819432247 0.8312501856431385
    outer loop
      vertex 3.731213431672707 35.5 43.953979093274526
      vertex 4.062329783985028 35.62386901676655 43.73615747130329
      vertex 3.7363366893097307 35.62386901676655 43.953979093274526
    endloop
  endfacet
  facet normal 0.8309783752094467 -0.03436950109176336 0.5552419988878463
    outer loop
      vertex 3.4539790932745262 35.5 44.23121343167271
      vertex 3.45910235091155 35.62386901676655 44.23121343167271
      vertex 3.2412807289403105 35.62386901676655 44.557206526348004
    endloop
  endfacet
  facet normal 0.8286954742331493 -0.08161938021295637 0.5537166132229994
    outer loop
      vertex 3.45910235091155 35.62386901676655 44.23121343167271
      vertex 3.488808709125024 35.925482733303284 44.23121343167271
      vertex 3.2412807289403105 35.62386901676655 44.557206526348004
    endloop
  endfacet
  facet normal 0.7068045679161169 -0.029233637232176375 0.7068045679161169
    outer loop
      vertex 3.731213431672707 35.5 43.953979093274526
      vertex 3.7363366893097307 35.62386901676655 43.953979093274526
      vertex 3.45910235091155 35.62386901676655 44.23121343167271
    endloop
  endfacet
  facet normal 0.7068045679161169 -0.029233637232176382 0.7068045679161169
    outer loop
      vertex 3.731213431672707 35.5 43.953979093274526
      vertex 3.45910235091155 35.62386901676655 44.23121343167271
      vertex 3.4539790932745262 35.5 44.23121343167271
    endloop
  endfacet
  facet normal 0.7053981618131147 -0.06947565488254001 0.7053981618131147
    outer loop
      vertex 3.7363366893097307 35.62386901676655 43.953979093274526
      vertex 3.488808709125024 35.925482733303284 44.23121343167271
      vertex 3.45910235091155 35.62386901676655 44.23121343167271
    endloop
  endfacet
  facet normal 0.554740363836536 -0.05463715693313587 0.8302276253009001
    outer loop
      vertex 3.7363366893097307 35.62386901676655 43.953979093274526
      vertex 4.080445296218919 35.80779889913602 43.73615747130329
      vertex 3.7607160674482927 35.87139699695126 43.953979093274526
    endloop
  endfacet
  facet normal 0.5481750789639149 -0.09147424353732607 0.8313462248498994
    outer loop
      vertex 3.7607160674482927 35.87139699695126 43.953979093274526
      vertex 4.080445296218919 35.80779889913602 43.73615747130329
      vertex 3.801492409601842 36.115756214535395 43.953979093274526
    endloop
  endfacet
  facet normal 0.7053981618131073 -0.06947565488255165 0.7053981618131208
    outer loop
      vertex 3.7363366893097307 35.62386901676655 43.953979093274526
      vertex 3.7607160674482927 35.87139699695126 43.953979093274526
      vertex 3.488808709125024 35.925482733303284 44.23121343167271
    endloop
  endfacet
  facet normal 0.6976303657794748 -0.11641392034632485 0.7069368231263639
    outer loop
      vertex 3.7607160674482927 35.87139699695126 43.953979093274526
      vertex 3.801492409601842 36.115756214535395 43.953979093274526
      vertex 3.488808709125024 35.925482733303284 44.23121343167271
    endloop
  endfacet
  facet normal 0.6976303657794748 -0.11641392034632485 0.7069368231263639
    outer loop
      vertex 3.488808709125024 35.925482733303284 44.23121343167271
      vertex 3.801492409601842 36.115756214535395 43.953979093274526
      vertex 3.5295850512785734 36.16984195088742 44.23121343167271
    endloop
  endfacet
  facet normal 0.53342200275628 -0.1618117954992962 0.8302276253009009
    outer loop
      vertex 3.801492409601842 36.115756214535395 43.953979093274526
      vertex 4.121221638372468 36.05215811672015 43.73615747130329
      vertex 3.8736936581877544 36.35377183325689 43.953979093274526
    endloop
  endfacet
  facet normal 0.820251091942934 -0.1368757008946128 0.5553856215919106
    outer loop
      vertex 3.488808709125024 35.925482733303284 44.23121343167271
      vertex 3.5295850512785734 36.16984195088742 44.23121343167271
      vertex 3.3159488106956303 36.21233684125986 44.557206526348004
    endloop
  endfacet
  facet normal 0.6782901060464828 -0.20575705419286291 0.7053981618131184
    outer loop
      vertex 3.801492409601842 36.115756214535395 43.953979093274526
      vertex 3.8736936581877544 36.35377183325689 43.953979093274526
      vertex 3.5295850512785734 36.16984195088742 44.23121343167271
    endloop
  endfacet
  facet normal 0.6782901060464832 -0.20575705419286522 0.7053981618131175
    outer loop
      vertex 3.8736936581877544 36.35377183325689 43.953979093274526
      vertex 3.6175625272323657 36.459864821444576 44.23121343167271
      vertex 3.5295850512785734 36.16984195088742 44.23121343167271
    endloop
  endfacet
  facet normal 0.7968491718961533 -0.24172155362994574 0.5537166132229913
    outer loop
      vertex 3.5295850512785734 36.16984195088742 44.23121343167271
      vertex 3.6175625272323657 36.459864821444576 44.23121343167271
      vertex 3.4163215889547303 36.54322154738386 44.557206526348004
    endloop
  endfacet
  facet normal 0.6694367034187212 -0.22981791475375576 0.7064263770373461
    outer loop
      vertex 3.8736936581877544 36.35377183325689 43.953979093274526
      vertex 3.698002936713891 36.69417972506148 44.23121343167271
      vertex 3.6175625272323657 36.459864821444576 44.23121343167271
    endloop
  endfacet
  facet normal 0.6694367034187211 -0.22981791475375576 0.7064263770373461
    outer loop
      vertex 3.8736936581877544 36.35377183325689 43.953979093274526
      vertex 3.9541340676692798 36.5880867368738 43.953979093274526
      vertex 3.698002936713891 36.69417972506148 44.23121343167271
    endloop
  endfacet
  facet normal 0.7868847234068058 -0.27013787167840053 0.5548314720291727
    outer loop
      vertex 3.6175625272323657 36.459864821444576 44.23121343167271
      vertex 3.698002936713891 36.69417972506148 44.23121343167271
      vertex 3.4163215889547303 36.54322154738386 44.557206526348004
    endloop
  endfacet
  facet normal 0.6251157418939565 -0.33413132530046075 0.7053981618131182
    outer loop
      vertex 3.698002936713891 36.69417972506148 44.23121343167271
      vertex 3.9541340676692798 36.5880867368738 43.953979093274526
      vertex 4.0713825332103255 36.80744318738532 43.953979093274526
    endloop
  endfacet
  facet normal 0.8309783752094467 -0.034369501091763406 0.5552419988878463
    outer loop
      vertex 3.4539790932745262 35.5 44.23121343167271
      vertex 3.2412807289403105 35.62386901676655 44.557206526348004
      vertex 3.2361574713032866 35.5 44.557206526348004
    endloop
  endfacet
  facet normal 0.9232057685613737 -0.03818405221735745 0.38240435019919106
    outer loop
      vertex 3.2361574713032866 35.5 44.557206526348004
      vertex 3.2412807289403105 35.62386901676655 44.557206526348004
      vertex 3.086119328535581 35.5 44.919430645491076
    endloop
  endfacet
  facet normal 0.9232057685613737 -0.03818405221735743 0.38240435019919106
    outer loop
      vertex 3.2412807289403105 35.62386901676655 44.557206526348004
      vertex 3.091242586172605 35.62386901676655 44.919430645491076
      vertex 3.086119328535581 35.5 44.919430645491076
    endloop
  endfacet
  facet normal 0.9799793022998944 -0.040532221661980526 0.19493000300353086
    outer loop
      vertex 3.086119328535581 35.5 44.919430645491076
      vertex 3.091242586172605 35.62386901676655 44.919430645491076
      vertex 3.0096305466556075 35.5 45.30396571934088
    endloop
  endfacet
  facet normal 0.9200782869650713 -0.09061980168165544 0.3811089049059304
    outer loop
      vertex 3.2412807289403105 35.62386901676655 44.557206526348004
      vertex 3.1280172666164745 35.99724861326298 44.919430645491076
      vertex 3.091242586172605 35.62386901676655 44.919430645491076
    endloop
  endfacet
  facet normal 0.8286954742331538 -0.08161938021296994 0.5537166132229903
    outer loop
      vertex 3.2412807289403105 35.62386901676655 44.557206526348004
      vertex 3.488808709125024 35.925482733303284 44.23121343167271
      vertex 3.275172468542081 35.96797762367573 44.557206526348004
    endloop
  endfacet
  facet normal 0.9200782869650678 -0.09061980168166284 0.3811089049059369
    outer loop
      vertex 3.2412807289403105 35.62386901676655 44.557206526348004
      vertex 3.275172468542081 35.96797762367573 44.557206526348004
      vertex 3.1280172666164745 35.99724861326298 44.919430645491076
    endloop
  endfacet
  facet normal 0.820251091942934 -0.13687570089461276 0.5553856215919106
    outer loop
      vertex 3.488808709125024 35.925482733303284 44.23121343167271
      vertex 3.3159488106956303 36.21233684125986 44.557206526348004
      vertex 3.275172468542081 35.96797762367573 44.557206526348004
    endloop
  endfacet
  facet normal 0.9762410328686721 -0.0961513493420935 0.19418641498107697
    outer loop
      vertex 3.091242586172605 35.62386901676655 44.919430645491076
      vertex 3.1280172666164745 35.99724861326298 44.919430645491076
      vertex 3.052998195232618 36.01217083435057 45.30396571934088
    endloop
  endfacet
  facet normal 0.9113431407597312 -0.15207627563349146 0.3825264516077745
    outer loop
      vertex 3.275172468542081 35.96797762367573 44.557206526348004
      vertex 3.1687936087700237 36.241607830847116 44.919430645491076
      vertex 3.1280172666164745 35.99724861326298 44.919430645491076
    endloop
  endfacet
  facet normal 0.9674263367320178 -0.16143490597549254 0.1950001387947002
    outer loop
      vertex 3.1280172666164745 35.99724861326298 44.919430645491076
      vertex 3.1687936087700237 36.241607830847116 44.919430645491076
      vertex 3.052998195232618 36.01217083435057 45.30396571934088
    endloop
  endfacet
  facet normal 0.9799793022998944 -0.040532221661980526 0.19493000300353086
    outer loop
      vertex 3.091242586172605 35.62386901676655 44.919430645491076
      vertex 3.0147538042926314 35.62386901676655 45.30396571934088
      vertex 3.0096305466556075 35.5 45.30396571934088
    endloop
  endfacet
  facet normal 0.9762410328686758 -0.09615134934208049 0.1941864149810642
    outer loop
      vertex 3.091242586172605 35.62386901676655 44.919430645491076
      vertex 3.052998195232618 36.01217083435057 45.30396571934088
      vertex 3.0147538042926314 35.62386901676655 45.30396571934088
    endloop
  endfacet
  facet normal 0.9113431407597312 -0.15207627563349144 0.3825264516077745
    outer loop
      vertex 3.275172468542081 35.96797762367573 44.557206526348004
      vertex 3.3159488106956303 36.21233684125986 44.557206526348004
      vertex 3.1687936087700237 36.241607830847116 44.919430645491076
    endloop
  endfacet
  facet normal 0.7968491718961541 -0.2417215536299451 0.5537166132229908
    outer loop
      vertex 3.5295850512785734 36.16984195088742 44.23121343167271
      vertex 3.4163215889547303 36.54322154738386 44.557206526348004
      vertex 3.3159488106956303 36.21233684125986 44.557206526348004
    endloop
  endfacet
  facet normal 0.8847201943828549 -0.26837693688646413 0.38110890490593663
    outer loop
      vertex 3.3159488106956303 36.21233684125986 44.557206526348004
      vertex 3.2777044197556364 36.60063865884389 44.919430645491076
      vertex 3.1687936087700237 36.241607830847116 44.919430645491076
    endloop
  endfacet
  facet normal 0.9387246374578139 -0.2847590055933134 0.19418641498107772
    outer loop
      vertex 3.1687936087700237 36.241607830847116 44.919430645491076
      vertex 3.2777044197556364 36.60063865884389 44.919430645491076
      vertex 3.0937745373861674 36.2565300519347 45.30396571934088
    endloop
  endfacet
  facet normal 0.884720194382851 -0.2683769368864697 0.3811089049059421
    outer loop
      vertex 3.3159488106956303 36.21233684125986 44.557206526348004
      vertex 3.4163215889547303 36.54322154738386 44.557206526348004
      vertex 3.2777044197556364 36.60063865884389 44.919430645491076
    endloop
  endfacet
  facet normal 0.8740669733432194 -0.30006757643107695 0.38205546153065734
    outer loop
      vertex 3.4163215889547303 36.54322154738386 44.557206526348004
      vertex 3.4967619984362557 36.77753645100076 44.557206526348004
      vertex 3.2777044197556364 36.60063865884389 44.919430645491076
    endloop
  endfacet
  facet normal 0.7868847234068058 -0.27013787167840053 0.5548314720291726
    outer loop
      vertex 3.698002936713891 36.69417972506148 44.23121343167271
      vertex 3.4967619984362557 36.77753645100076 44.557206526348004
      vertex 3.4163215889547303 36.54322154738386 44.557206526348004
    endloop
  endfacet
  facet normal 0.8740669733432194 -0.30006757643107695 0.38205546153065734
    outer loop
      vertex 3.2777044197556364 36.60063865884389 44.919430645491076
      vertex 3.4967619984362557 36.77753645100076 44.557206526348004
      vertex 3.358144829237162 36.8349535624608 44.919430645491076
    endloop
  endfacet
  facet normal 0.9674263367320178 -0.16143490597549254 0.1950001387947002
    outer loop
      vertex 3.052998195232618 36.01217083435057 45.30396571934088
      vertex 3.1687936087700237 36.241607830847116 44.919430645491076
      vertex 3.0937745373861674 36.2565300519347 45.30396571934088
    endloop
  endfacet
  facet normal 0.9387246374578113 -0.28475900559333706 0.19418641498105532
    outer loop
      vertex 3.0937745373861674 36.2565300519347 45.30396571934088
      vertex 3.2777044197556364 36.60063865884389 44.919430645491076
      vertex 3.2070379997100105 36.62990964843114 45.30396571934088
    endloop
  endfacet
  facet normal 0.9277114172908335 -0.318483737635274 0.19472964615101399
    outer loop
      vertex 3.2777044197556364 36.60063865884389 44.919430645491076
      vertex 3.287478409191536 36.86422455204804 45.30396571934088
      vertex 3.2070379997100105 36.62990964843114 45.30396571934088
    endloop
  endfacet
  facet normal 0.38263550600937946 -0.015825912964608866 0.9237638280533519
    outer loop
      vertex 4.419430645491076 35.5 43.58611932853558
      vertex 4.4245539031281 35.62386901676655 43.58611932853558
      vertex 4.057206526348004 35.5 43.73615747130329
    endloop
  endfacet
  facet normal 0.38241189899193895 -0.037664284592180824 0.9232239929592051
    outer loop
      vertex 4.4245539031281 35.62386901676655 43.58611932853558
      vertex 4.4357093804814625 35.73713247909039 43.58611932853558
      vertex 4.062329783985028 35.62386901676655 43.73615747130329
    endloop
  endfacet
  facet normal 0.19508397129581895 -0.008068728338143833 0.9807533531762496
    outer loop
      vertex 4.419430645491076 35.5 43.58611932853558
      vertex 4.80396571934088 35.5 43.50963054665561
      vertex 4.4245539031281 35.62386901676655 43.58611932853558
    endloop
  endfacet
  facet normal 0.19508397129581895 -0.008068728338143828 0.9807533531762496
    outer loop
      vertex 4.4245539031281 35.62386901676655 43.58611932853558
      vertex 4.80396571934088 35.5 43.50963054665561
      vertex 4.809088976977904 35.62386901676655 43.50963054665561
    endloop
  endfacet
  facet normal 0.19505431778054966 -0.019211173489073783 0.9806042748878556
    outer loop
      vertex 4.4245539031281 35.62386901676655 43.58611932853558
      vertex 4.812855720712122 35.662113407706535 43.50963054665561
      vertex 4.4357093804814625 35.73713247909039 43.58611932853558
    endloop
  endfacet
  facet normal 0.1950543177805496 -0.019211173489073505 0.9806042748878556
    outer loop
      vertex 4.4245539031281 35.62386901676655 43.58611932853558
      vertex 4.809088976977904 35.62386901676655 43.50963054665561
      vertex 4.812855720712122 35.662113407706535 43.50963054665561
    endloop
  endfacet
  facet normal 0.3776190104384602 -0.06301346896407456 0.9238144757929438
    outer loop
      vertex 4.4357093804814625 35.73713247909039 43.58611932853558
      vertex 4.476485722635012 35.981491696674524 43.58611932853558
      vertex 4.080445296218919 35.80779889913602 43.73615747130329
    endloop
  endfacet
  facet normal 0.19251853533688562 -0.03212566215184481 0.9807673298917771
    outer loop
      vertex 4.812855720712122 35.662113407706535 43.50963054665561
      vertex 4.476485722635012 35.981491696674524 43.58611932853558
      vertex 4.4357093804814625 35.73713247909039 43.58611932853558
    endloop
  endfacet
  facet normal 0.19251853533688562 -0.032125662151844814 0.9807673298917771
    outer loop
      vertex 4.812855720712122 35.662113407706535 43.50963054665561
      vertex 4.853632062865671 35.90647262529067 43.50963054665561
      vertex 4.476485722635012 35.981491696674524 43.58611932853558
    endloop
  endfacet
  facet normal 0.18755848973596181 -0.05689524584381357 0.9806042748878556
    outer loop
      vertex 4.853632062865671 35.90647262529067 43.50963054665561
      vertex 4.50952345595649 36.090402507660144 43.58611932853558
      vertex 4.476485722635012 35.981491696674524 43.58611932853558
    endloop
  endfacet
  facet normal 0.18755848973596045 -0.05689524584381621 0.9806042748878557
    outer loop
      vertex 4.853632062865671 35.90647262529067 43.50963054665561
      vertex 4.864787540219041 35.94324730573454 43.50963054665561
      vertex 4.50952345595649 36.090402507660144 43.58611932853558
    endloop
  endfacet
  facet normal 0 0 1
    outer loop
      vertex 5.5 35 43.50963054665561
      vertex 5.505123257637024 35.12386901676655 43.50963054665561
      vertex 5.2334175835884835 36.624833171107824 43.50963054665561
    endloop
  endfacet
  facet normal 0 0 1
    outer loop
      vertex 5.505123257637024 35.12386901676655 43.50963054665561
      vertex 5.545899599790573 35.36822823435068 43.50963054665561
      vertex 5.2334175835884835 36.624833171107824 43.50963054665561
    endloop
  endfacet
  facet normal 0 0 1
    outer loop
      vertex 4.80396571934088 35.5 43.50963054665561
      vertex 5.2334175835884835 36.624833171107824 43.50963054665561
      vertex 4.809088976977904 35.62386901676655 43.50963054665561
    endloop
  endfacet
  facet normal 0 0 1
    outer loop
      vertex 4.809088976977904 35.62386901676655 43.50963054665561
      vertex 5.2334175835884835 36.624833171107824 43.50963054665561
      vertex 4.812855720712122 35.662113407706535 43.50963054665561
    endloop
  endfacet
  facet normal 0 0 1
    outer loop
      vertex 4.812855720712122 35.662113407706535 43.50963054665561
      vertex 5.2334175835884835 36.624833171107824 43.50963054665561
      vertex 4.853632062865671 35.90647262529067 43.50963054665561
    endloop
  endfacet
  facet normal 0 0 1
    outer loop
      vertex 5.545899599790573 35.36822823435068 43.50963054665561
      vertex 5.6263400092720985 35.60254313796759 43.50963054665561
      vertex 5.2334175835884835 36.624833171107824 43.50963054665561
    endloop
  endfacet
  facet normal 0 0 1
    outer loop
      vertex 5.6263400092720985 35.60254313796759 43.50963054665561
      vertex 5.7442502826452255 35.82042223960161 43.50963054665561
      vertex 5.2334175835884835 36.624833171107824 43.50963054665561
    endloop
  endfacet
  facet normal 0.38263550600937946 -0.01582591296460884 0.9237638280533519
    outer loop
      vertex 4.4245539031281 35.62386901676655 43.58611932853558
      vertex 4.062329783985028 35.62386901676655 43.73615747130329
      vertex 4.057206526348004 35.5 43.73615747130329
    endloop
  endfacet
  facet normal 0.5554236168132027 -0.02297247819432249 0.8312501856431385
    outer loop
      vertex 3.731213431672707 35.5 43.953979093274526
      vertex 4.057206526348004 35.5 43.73615747130329
      vertex 4.062329783985028 35.62386901676655 43.73615747130329
    endloop
  endfacet
  facet normal 0.5547403638365357 -0.05463715693313513 0.8302276253009001
    outer loop
      vertex 3.7363366893097307 35.62386901676655 43.953979093274526
      vertex 4.062329783985028 35.62386901676655 43.73615747130329
      vertex 4.080445296218919 35.80779889913602 43.73615747130329
    endloop
  endfacet
  facet normal 0.3824118989919442 -0.03766428459220219 0.9232239929592021
    outer loop
      vertex 4.4357093804814625 35.73713247909039 43.58611932853558
      vertex 4.080445296218919 35.80779889913602 43.73615747130329
      vertex 4.062329783985028 35.62386901676655 43.73615747130329
    endloop
  endfacet
  facet normal 0.5481750789639149 -0.09147424353732606 0.8313462248498994
    outer loop
      vertex 3.801492409601842 36.115756214535395 43.953979093274526
      vertex 4.080445296218919 35.80779889913602 43.73615747130329
      vertex 4.121221638372468 36.05215811672015 43.73615747130329
    endloop
  endfacet
  facet normal 0.3776190104384602 -0.06301346896407456 0.9238144757929438
    outer loop
      vertex 4.476485722635012 35.981491696674524 43.58611932853558
      vertex 4.121221638372468 36.05215811672015 43.73615747130329
      vertex 4.080445296218919 35.80779889913602 43.73615747130329
    endloop
  endfacet
  facet normal 0.36771602417275023 -0.1115454364420761 0.9232239929592018
    outer loop
      vertex 4.476485722635012 35.981491696674524 43.58611932853558
      vertex 4.174872006098276 36.22901967685923 43.73615747130329
      vertex 4.121221638372468 36.05215811672015 43.73615747130329
    endloop
  endfacet
  facet normal 0.367716024172738 -0.11154543644209271 0.9232239929592045
    outer loop
      vertex 4.476485722635012 35.981491696674524 43.58611932853558
      vertex 4.50952345595649 36.090402507660144 43.58611932853558
      vertex 4.174872006098276 36.22901967685923 43.73615747130329
    endloop
  endfacet
  facet normal 0.18486150510732866 -0.06346303601975306 0.980713345982713
    outer loop
      vertex 4.864787540219041 35.94324730573454 43.50963054665561
      vertex 4.5899638654380155 36.32471741127705 43.58611932853558
      vertex 4.50952345595649 36.090402507660144 43.58611932853558
    endloop
  endfacet
  facet normal 0.18486150510732866 -0.06346303601975306 0.980713345982713
    outer loop
      vertex 4.864787540219041 35.94324730573454 43.50963054665561
      vertex 4.945227949700566 36.17756220935144 43.50963054665561
      vertex 4.5899638654380155 36.32471741127705 43.58611932853558
    endloop
  endfacet
  facet normal 0.17285489411484528 -0.09239286580796238 0.9806042748878558
    outer loop
      vertex 4.5899638654380155 36.32471741127705 43.58611932853558
      vertex 4.945227949700566 36.17756220935144 43.50963054665561
      vertex 4.96334346193445 36.211453948953206 43.50963054665561
    endloop
  endfacet
  facet normal 0.36254317428066085 -0.12446123120511719 0.9236188871549826
    outer loop
      vertex 4.50952345595649 36.090402507660144 43.58611932853558
      vertex 4.5899638654380155 36.32471741127705 43.58611932853558
      vertex 4.255312415579802 36.463334580476136 43.73615747130329
    endloop
  endfacet
  facet normal 0.33888902876211147 -0.18113995972489597 0.9232239929592038
    outer loop
      vertex 4.5899638654380155 36.32471741127705 43.58611932853558
      vertex 4.643614233163824 36.42509018953615 43.58611932853558
      vertex 4.255312415579802 36.463334580476136 43.73615747130329
    endloop
  endfacet
  facet normal 0.17285489411484067 -0.09239286580797693 0.9806042748878553
    outer loop
      vertex 4.5899638654380155 36.32471741127705 43.58611932853558
      vertex 4.96334346193445 36.211453948953206 43.50963054665561
      vertex 4.643614233163824 36.42509018953615 43.58611932853558
    endloop
  endfacet
  facet normal 0.17229308336242866 -0.09324035397248195 0.9806229294772552
    outer loop
      vertex 4.643614233163824 36.42509018953615 43.58611932853558
      vertex 4.96334346193445 36.211453948953206 43.50963054665561
      vertex 4.761524506536951 36.642969291170175 43.58611932853558
    endloop
  endfacet
  facet normal 0.33780585118241724 -0.18281138466811264 0.9232915057243027
    outer loop
      vertex 4.643614233163824 36.42509018953615 43.58611932853558
      vertex 4.761524506536951 36.642969291170175 43.58611932853558
      vertex 4.460346158626429 36.84421022944781 43.73615747130329
    endloop
  endfacet
  facet normal 0 0 1
    outer loop
      vertex 4.853632062865671 35.90647262529067 43.50963054665561
      vertex 5.2334175835884835 36.624833171107824 43.50963054665561
      vertex 4.864787540219041 35.94324730573454 43.50963054665561
    endloop
  endfacet
  facet normal 0 0 1
    outer loop
      vertex 4.864787540219041 35.94324730573454 43.50963054665561
      vertex 5.2334175835884835 36.624833171107824 43.50963054665561
      vertex 4.945227949700566 36.17756220935144 43.50963054665561
    endloop
  endfacet
  facet normal 0 0 1
    outer loop
      vertex 4.945227949700566 36.17756220935144 43.50963054665561
      vertex 5.2334175835884835 36.624833171107824 43.50963054665561
      vertex 4.96334346193445 36.211453948953206 43.50963054665561
    endloop
  endfacet
  facet normal 0 0 1
    outer loop
      vertex 4.96334346193445 36.211453948953206 43.50963054665561
      vertex 5.2334175835884835 36.624833171107824 43.50963054665561
      vertex 5.081253735307577 36.42933305058723 43.50963054665561
    endloop
  endfacet
  facet normal 0 0 1
    outer loop
      vertex 5.7442502826452255 35.82042223960161 43.50963054665561
      vertex 5.896414130926132 36.015922360122204 43.50963054665561
      vertex 5.2334175835884835 36.624833171107824 43.50963054665561
    endloop
  endfacet
  facet normal 0 0 1
    outer loop
      vertex 5.896414130926132 36.015922360122204 43.50963054665561
      vertex 6.07868093252182 36.183710761368275 43.50963054665561
      vertex 5.2334175835884835 36.624833171107824 43.50963054665561
    endloop
  endfacet
  facet normal 0 0 1
    outer loop
      vertex 5.2334175835884835 36.624833171107824 43.50963054665561
      vertex 6.07868093252182 36.183710761368275 43.50963054665561
      vertex 6.286078907549381 36.31921062618494 43.50963054665561
    endloop
  endfacet
  facet normal 0.17229308336242866 -0.09324035397248195 0.9806229294772549
    outer loop
      vertex 4.761524506536951 36.642969291170175 43.58611932853558
      vertex 4.96334346193445 36.211453948953206 43.50963054665561
      vertex 5.081253735307577 36.42933305058723 43.50963054665561
    endloop
  endfacet
  facet normal 0.15434195227674855 -0.12012916077534815 0.9806872827251367
    outer loop
      vertex 4.761524506536951 36.642969291170175 43.58611932853558
      vertex 5.081253735307577 36.42933305058723 43.50963054665561
      vertex 5.2334175835884835 36.624833171107824 43.50963054665561
    endloop
  endfacet
  facet normal 0.15150858185102795 -0.1243398797536563 0.9806042748878554
    outer loop
      vertex 5.2334175835884835 36.624833171107824 43.50963054665561
      vertex 5.257796961727038 36.6545395293213 43.50963054665561
      vertex 4.913688354817857 36.83846941169077 43.58611932853558
    endloop
  endfacet
  facet normal 0.15434195227674855 -0.12012916077534815 0.9806872827251367
    outer loop
      vertex 4.761524506536951 36.642969291170175 43.58611932853558
      vertex 5.2334175835884835 36.624833171107824 43.50963054665561
      vertex 4.913688354817857 36.83846941169077 43.58611932853558
    endloop
  endfacet
  facet normal 0 0 1
    outer loop
      vertex 5.2334175835884835 36.624833171107824 43.50963054665561
      vertex 5.440063763322726 36.82232793056737 43.50963054665561
      vertex 5.257796961727038 36.6545395293213 43.50963054665561
    endloop
  endfacet
  facet normal 0.5334220027562796 -0.16181179549929672 0.8302276253009012
    outer loop
      vertex 3.8736936581877544 36.35377183325689 43.953979093274526
      vertex 4.121221638372468 36.05215811672015 43.73615747130329
      vertex 4.174872006098276 36.22901967685923 43.73615747130329
    endloop
  endfacet
  facet normal 0.5261667367372648 -0.1806332721707844 0.8309754425590044
    outer loop
      vertex 3.8736936581877544 36.35377183325689 43.953979093274526
      vertex 4.174872006098276 36.22901967685923 43.73615747130329
      vertex 4.255312415579802 36.463334580476136 43.73615747130329
    endloop
  endfacet
  facet normal 0.36254317428066085 -0.12446123120511719 0.9236188871549829
    outer loop
      vertex 4.50952345595649 36.090402507660144 43.58611932853558
      vertex 4.255312415579802 36.463334580476136 43.73615747130329
      vertex 4.174872006098276 36.22901967685923 43.73615747130329
    endloop
  endfacet
  facet normal 0.3388890287621124 -0.1811399597248901 0.9232239929592047
    outer loop
      vertex 4.643614233163824 36.42509018953615 43.58611932853558
      vertex 4.342435885253302 36.626331127813785 43.73615747130329
      vertex 4.255312415579802 36.463334580476136 43.73615747130329
    endloop
  endfacet
  facet normal 0.4916045332566045 -0.26276809750953606 0.830227625300902
    outer loop
      vertex 4.255312415579802 36.463334580476136 43.73615747130329
      vertex 4.342435885253302 36.626331127813785 43.73615747130329
      vertex 3.9541340676692798 36.5880867368738 43.953979093274526
    endloop
  endfacet
  facet normal 0.5261667367372648 -0.18063327217078443 0.8309754425590044
    outer loop
      vertex 3.8736936581877544 36.35377183325689 43.953979093274526
      vertex 4.255312415579802 36.463334580476136 43.73615747130329
      vertex 3.9541340676692798 36.5880867368738 43.953979093274526
    endloop
  endfacet
  facet normal 0.49160453325660397 -0.2627680975095462 0.8302276253008992
    outer loop
      vertex 4.342435885253302 36.626331127813785 43.73615747130329
      vertex 4.0713825332103255 36.80744318738532 43.953979093274526
      vertex 3.9541340676692798 36.5880867368738 43.953979093274526
    endloop
  endfacet
  facet normal 0.3378058511824171 -0.18281138466811261 0.9232915057243026
    outer loop
      vertex 4.643614233163824 36.42509018953615 43.58611932853558
      vertex 4.460346158626429 36.84421022944781 43.73615747130329
      vertex 4.342435885253302 36.626331127813785 43.73615747130329
    endloop
  endfacet
  facet normal 0 0 1
    outer loop
      vertex 5.2334175835884835 36.624833171107824 43.50963054665561
      vertex 6.286078907549381 36.31921062618494 43.50963054665561
      vertex 6.5129507929086685 36.4187258630991 43.50963054665561
    endloop
  endfacet
  facet normal 0 0 1
    outer loop
      vertex 5.2334175835884835 36.624833171107824 43.50963054665561
      vertex 6.5129507929086685 36.4187258630991 43.50963054665561
      vertex 6.753108114004135 36.47954195737839 43.50963054665561
    endloop
  endfacet
  facet normal 0 0 1
    outer loop
      vertex 5.2334175835884835 36.624833171107824 43.50963054665561
      vertex 6.753108114004135 36.47954195737839 43.50963054665561
      vertex 7 36.5 43.50963054665561
    endloop
  endfacet
  facet normal 0.999145759317616 -0.04132495175586508 0
    outer loop
      vertex 3.0096305466556075 35.5 45.30396571934088
      vertex 3.0147538042926314 35.62386901676655 45.30396571934088
      vertex 3.0147538042926314 35.62386901676655 49
    endloop
  endfacet
  facet normal 0.9951847266721972 -0.09801714032955766 -5.572667659000233e-19
    outer loop
      vertex 3.0147538042926314 35.62386901676655 45.30396571934088
      vertex 3.052998195232618 36.01217083435057 45.30396571934088
      vertex 3.052998195232618 36.01217083435057 49
    endloop
  endfacet
  facet normal 0.9863613029409788 -0.16459459304781118 0
    outer loop
      vertex 3.052998195232618 36.01217083435057 45.30396571934088
      vertex 3.0937745373861674 36.2565300519347 45.30396571934088
      vertex 3.0937745373861674 36.2565300519347 49
    endloop
  endfacet
  facet normal 0.9569403357322074 -0.29028467725446716 -2.076603640062655e-18
    outer loop
      vertex 3.0937745373861674 36.2565300519347 45.30396571934088
      vertex 3.2070379997100105 36.62990964843114 45.30396571934088
      vertex 3.2070379997100105 36.62990964843114 49
    endloop
  endfacet
  facet normal 0.999145759317616 -0.04132495175586508 0
    outer loop
      vertex 3.0096305466556075 35.5 45.30396571934088
      vertex 3.0147538042926314 35.62386901676655 49
      vertex 3.0096305466556075 35.5 49
    endloop
  endfacet
  facet normal 0.9951847266721972 -0.09801714032955766 0
    outer loop
      vertex 3.0147538042926314 35.62386901676655 45.30396571934088
      vertex 3.052998195232618 36.01217083435057 49
      vertex 3.0147538042926314 35.62386901676655 49
    endloop
  endfacet
  facet normal 0.9863613029409788 -0.16459459304781118 0
    outer loop
      vertex 3.052998195232618 36.01217083435057 45.30396571934088
      vertex 3.0937745373861674 36.2565300519347 49
      vertex 3.052998195232618 36.01217083435057 49
    endloop
  endfacet
  facet normal 0.9569403357322074 -0.29028467725446716 0
    outer loop
      vertex 3.0937745373861674 36.2565300519347 45.30396571934088
      vertex 3.2070379997100105 36.62990964843114 49
      vertex 3.0937745373861674 36.2565300519347 49
    endloop
  endfacet
  facet normal 0.9458172398841561 -0.3246994744959047 0
    outer loop
      vertex 3.2070379997100105 36.62990964843114 45.30396571934088
      vertex 3.287478409191536 36.86422455204804 49
      vertex 3.2070379997100105 36.62990964843114 49
    endloop
  endfacet
  facet normal 0.6251157418939565 -0.3341313253004619 0.7053981618131178
    outer loop
      vertex 3.698002936713891 36.69417972506148 44.23121343167271
      vertex 4.0713825332103255 36.80744318738532 43.953979093274526
      vertex 3.8408706053454367 36.96146633337023 44.23121343167271
    endloop
  endfacet
  facet normal 0.734380402761341 -0.39253450329996586 0.5537166132229914
    outer loop
      vertex 3.698002936713891 36.69417972506148 44.23121343167271
      vertex 3.8408706053454367 36.96146633337023 44.23121343167271
      vertex 3.4967619984362557 36.77753645100076 44.557206526348004
    endloop
  endfacet
  facet normal 0.7322310711941368 -0.39626363946468723 0.5539068391129389
    outer loop
      vertex 3.8408706053454367 36.96146633337023 44.23121343167271
      vertex 3.9587808787185637 37.179345435004265 44.23121343167271
      vertex 3.6597585457739044 37.0824815426455 44.557206526348004
    endloop
  endfacet
  facet normal 0.8153628008872952 -0.43582049691428876 0.3811089049059434
    outer loop
      vertex 3.4967619984362557 36.77753645100076 44.557206526348004
      vertex 3.6597585457739044 37.0824815426455 44.557206526348004
      vertex 3.358144829237162 36.8349535624608 44.919430645491076
    endloop
  endfacet
  facet normal 0.7343804027613409 -0.3925345032999655 0.5537166132229914
    outer loop
      vertex 3.8408706053454367 36.96146633337023 44.23121343167271
      vertex 3.6597585457739044 37.0824815426455 44.557206526348004
      vertex 3.4967619984362557 36.77753645100076 44.557206526348004
    endloop
  endfacet
  facet normal 0.9277114172908335 -0.318483737635274 0.194729646151014
    outer loop
      vertex 3.2777044197556364 36.60063865884389 44.919430645491076
      vertex 3.358144829237162 36.8349535624608 44.919430645491076
      vertex 3.287478409191536 36.86422455204804 45.30396571934088
    endloop
  endfacet
  facet normal 0.8153628008872942 -0.4358204969142954 0.3811089049059381
    outer loop
      vertex 3.6597585457739044 37.0824815426455 44.557206526348004
      vertex 3.5350063893762425 37.165838268584785 44.919430645491076
      vertex 3.358144829237162 36.8349535624608 44.919430645491076
    endloop
  endfacet
  facet normal 0.8651335806722792 -0.462423532954325 0.1941864149810722
    outer loop
      vertex 3.358144829237162 36.8349535624608 44.919430645491076
      vertex 3.5350063893762425 37.165838268584785 44.919430645491076
      vertex 3.471408291561005 37.20833315895723 45.30396571934088
    endloop
  endfacet
  facet normal 0.7322310711941347 -0.396263639464699 0.5539068391129335
    outer loop
      vertex 3.6597585457739044 37.0824815426455 44.557206526348004
      vertex 3.9587808787185637 37.179345435004265 44.23121343167271
      vertex 3.7776688191470313 37.30036064427953 44.557206526348004
    endloop
  endfacet
  facet normal 0.8130414680928354 -0.43999603930597264 0.38127031953261686
    outer loop
      vertex 3.6597585457739044 37.0824815426455 44.557206526348004
      vertex 3.7776688191470313 37.30036064427953 44.557206526348004
      vertex 3.5350063893762425 37.165838268584785 44.919430645491076
    endloop
  endfacet
  facet normal 0.7293498061785287 -0.5676757280534203 0.38182866315451175
    outer loop
      vertex 3.7776688191470313 37.30036064427953 44.557206526348004
      vertex 3.929832667427938 37.49586076480012 44.557206526348004
      vertex 3.6529166627493694 37.38371737021881 44.919430645491076
    endloop
  endfacet
  facet normal 0.8130414680928354 -0.43999603930597264 0.38127031953261686
    outer loop
      vertex 3.7776688191470313 37.30036064427953 44.557206526348004
      vertex 3.6529166627493694 37.38371737021881 44.919430645491076
      vertex 3.5350063893762425 37.165838268584785 44.919430645491076
    endloop
  endfacet
  facet normal 0.8627165314901146 -0.46687883926738893 0.19427901517663113
    outer loop
      vertex 3.5350063893762425 37.165838268584785 44.919430645491076
      vertex 3.6529166627493694 37.38371737021881 44.919430645491076
      vertex 3.471408291561005 37.20833315895723 45.30396571934088
    endloop
  endfacet
  facet normal 0.8651335806722922 -0.462423532954309 0.1941864149810528
    outer loop
      vertex 3.358144829237162 36.8349535624608 44.919430645491076
      vertex 3.471408291561005 37.20833315895723 45.30396571934088
      vertex 3.287478409191536 36.86422455204804 45.30396571934088
    endloop
  endfacet
  facet normal 0.8627165314901146 -0.46687883926738893 0.19427901517663113
    outer loop
      vertex 3.6529166627493694 37.38371737021881 44.919430645491076
      vertex 3.589318564934132 37.42621226059126 45.30396571934088
      vertex 3.471408291561005 37.20833315895723 45.30396571934088
    endloop
  endfacet
  facet normal 0.7293498061785287 -0.5676757280534204 0.38182866315451175
    outer loop
      vertex 3.929832667427938 37.49586076480012 44.557206526348004
      vertex 3.805080511030276 37.5792174907394 44.919430645491076
      vertex 3.6529166627493694 37.38371737021881 44.919430645491076
    endloop
  endfacet
  facet normal 0.774054355101163 -0.6024706743768095 0.1945994395286768
    outer loop
      vertex 3.6529166627493694 37.38371737021881 44.919430645491076
      vertex 3.805080511030276 37.5792174907394 44.919430645491076
      vertex 3.589318564934132 37.42621226059126 45.30396571934088
    endloop
  endfacet
  facet normal 0.774054355101163 -0.6024706743768095 0.1945994395286768
    outer loop
      vertex 3.805080511030276 37.5792174907394 44.919430645491076
      vertex 3.7414824132150386 37.62171238111185 45.30396571934088
      vertex 3.589318564934132 37.42621226059126 45.30396571934088
    endloop
  endfacet
  facet normal 0.7582959255540133 -0.6223173832739859 0.1941864149810725
    outer loop
      vertex 3.805080511030276 37.5792174907394 44.919430645491076
      vertex 3.9890103933997523 37.923326097648584 45.30396571934088
      vertex 3.7414824132150386 37.62171238111185 45.30396571934088
    endloop
  endfacet
  facet normal 0.30266652535116506 -0.2355748074252107 0.9235244904919563
    outer loop
      vertex 4.761524506536951 36.642969291170175 43.58611932853558
      vertex 4.913688354817857 36.83846941169077 43.58611932853558
      vertex 4.6125100069073355 37.0397103499684 43.73615747130329
    endloop
  endfacet
  facet normal 0.2970387180272967 -0.24377337593994988 0.9232239929592059
    outer loop
      vertex 4.913688354817857 36.83846941169077 43.58611932853558
      vertex 4.985889603403777 36.92644688764456 43.58611932853558
      vertex 4.729758472448388 37.182578018599955 43.73615747130329
    endloop
  endfacet
  facet normal 0.15150858185102165 -0.12433987975366802 0.9806042748878548
    outer loop
      vertex 5.257796961727038 36.6545395293213 43.50963054665561
      vertex 4.985889603403777 36.92644688764456 43.58611932853558
      vertex 4.913688354817857 36.83846941169077 43.58611932853558
    endloop
  endfacet
  facet normal 0.13223973939367073 -0.14365065859220752 0.9807533530970561
    outer loop
      vertex 5.257796961727038 36.6545395293213 43.50963054665561
      vertex 5.168156404999465 37.09423528889063 43.58611932853558
      vertex 4.985889603403777 36.92644688764456 43.58611932853558
    endloop
  endfacet
  facet normal 0 0 1
    outer loop
      vertex 5.2334175835884835 36.624833171107824 43.50963054665561
      vertex 5.4697701215362 36.84670730870592 43.50963054665561
      vertex 5.440063763322726 36.82232793056737 43.50963054665561
    endloop
  endfacet
  facet normal 0.13223973939367073 -0.14365065859220752 0.9807533530970561
    outer loop
      vertex 5.257796961727038 36.6545395293213 43.50963054665561
      vertex 5.440063763322726 36.82232793056737 43.50963054665561
      vertex 5.168156404999465 37.09423528889063 43.58611932853558
    endloop
  endfacet
  facet normal 0.2593735366863353 -0.2817547851895227 0.9237638277663984
    outer loop
      vertex 4.729758472448388 37.182578018599955 43.73615747130329
      vertex 4.985889603403777 36.92644688764456 43.58611932853558
      vertex 5.168156404999465 37.09423528889063 43.58611932853558
    endloop
  endfacet
  facet normal 0.12433987975365632 -0.15150858185102797 0.9806042748878553
    outer loop
      vertex 5.440063763322726 36.82232793056737 43.50963054665561
      vertex 5.4697701215362 36.84670730870592 43.50963054665561
      vertex 5.256133880953257 37.16643653747655 43.58611932853558
    endloop
  endfacet
  facet normal 0.12433987975366802 -0.15150858185102165 0.9806042748878548
    outer loop
      vertex 5.440063763322726 36.82232793056737 43.50963054665561
      vertex 5.256133880953257 37.16643653747655 43.58611932853558
      vertex 5.168156404999465 37.09423528889063 43.58611932853558
    endloop
  endfacet
  facet normal 0 0 1
    outer loop
      vertex 5.2334175835884835 36.624833171107824 43.50963054665561
      vertex 5.677168096563761 36.98220717352259 43.50963054665561
      vertex 5.4697701215362 36.84670730870592 43.50963054665561
    endloop
  endfacet
  facet normal 0 0 1
    outer loop
      vertex 5.2334175835884835 36.624833171107824 43.50963054665561
      vertex 5.711059836165525 37.00032268575647 43.50963054665561
      vertex 5.677168096563761 36.98220717352259 43.50963054665561
    endloop
  endfacet
  facet normal 0 0 1
    outer loop
      vertex 5.2334175835884835 36.624833171107824 43.50963054665561
      vertex 5.937931721524812 37.09983792267063 43.50963054665561
      vertex 5.711059836165525 37.00032268575647 43.50963054665561
    endloop
  endfacet
  facet normal 0.10670977617447253 -0.1633314654901993 0.9807832869954595
    outer loop
      vertex 5.4697701215362 36.84670730870592 43.50963054665561
      vertex 5.677168096563761 36.98220717352259 43.50963054665561
      vertex 5.256133880953257 37.16643653747655 43.58611932853558
    endloop
  endfacet
  facet normal 0 0 1
    outer loop
      vertex 5.2334175835884835 36.624833171107824 43.50963054665561
      vertex 5.974706401968682 37.110993400024 43.50963054665561
      vertex 5.937931721524812 37.09983792267063 43.50963054665561
    endloop
  endfacet
  facet normal 0 0 1
    outer loop
      vertex 5.2334175835884835 36.624833171107824 43.50963054665561
      vertex 6.214863723064148 37.17180949430329 43.50963054665561
      vertex 5.974706401968682 37.110993400024 43.50963054665561
    endloop
  endfacet
  facet normal 0 0 1
    outer loop
      vertex 5.2334175835884835 36.624833171107824 43.50963054665561
      vertex 6.253108114004135 37.17557623803751 43.50963054665561
      vertex 6.214863723064148 37.17180949430329 43.50963054665561
    endloop
  endfacet
  facet normal 0.24377337593994927 -0.29703871802729603 0.9232239929592063
    outer loop
      vertex 4.912025274044076 37.350366419846026 43.73615747130329
      vertex 5.168156404999465 37.09423528889063 43.58611932853558
      vertex 5.256133880953257 37.16643653747655 43.58611932853558
    endloop
  endfacet
  facet normal 0.20931754397745883 -0.320384339994766 0.9238723074480384
    outer loop
      vertex 5.256133880953257 37.16643653747655 43.58611932853558
      vertex 5.463531855980818 37.301936402293215 43.58611932853558
      vertex 5.262290917703183 37.60311475020373 43.73615747130329
    endloop
  endfacet
  facet normal 0.09239286580796437 -0.172854894114849 0.980604274887855
    outer loop
      vertex 5.677168096563761 36.98220717352259 43.50963054665561
      vertex 5.711059836165525 37.00032268575647 43.50963054665561
      vertex 5.463531855980818 37.301936402293215 43.58611932853558
    endloop
  endfacet
  facet normal 0.10670977617447253 -0.16333146549019936 0.9807832869954595
    outer loop
      vertex 5.677168096563761 36.98220717352259 43.50963054665561
      vertex 5.463531855980818 37.301936402293215 43.58611932853558
      vertex 5.256133880953257 37.16643653747655 43.58611932853558
    endloop
  endfacet
  facet normal 0.09239286580797625 -0.17285489411483937 0.9806042748878554
    outer loop
      vertex 5.711059836165525 37.00032268575647 43.50963054665561
      vertex 5.563904634239918 37.35558677001902 43.58611932853558
      vertex 5.463531855980818 37.301936402293215 43.58611932853558
    endloop
  endfacet
  facet normal 0.07838299469192604 -0.17869522635215998 0.9807773051116527
    outer loop
      vertex 5.711059836165525 37.00032268575647 43.50963054665561
      vertex 5.937931721524812 37.09983792267063 43.50963054665561
      vertex 5.790776519599206 37.45510200693318 43.58611932853558
    endloop
  endfacet
  facet normal 0.07838299469192604 -0.17869522635215998 0.9807773051116527
    outer loop
      vertex 5.711059836165525 37.00032268575647 43.50963054665561
      vertex 5.790776519599206 37.45510200693318 43.58611932853558
      vertex 5.563904634239918 37.35558677001902 43.58611932853558
    endloop
  endfacet
  facet normal 0.05689524584380263 -0.18755848973596603 0.9806042748878555
    outer loop
      vertex 5.790776519599206 37.45510200693318 43.58611932853558
      vertex 5.937931721524812 37.09983792267063 43.50963054665561
      vertex 5.899687330584825 37.48813974025465 43.58611932853558
    endloop
  endfacet
  facet normal 0.49007281728977353 -0.2652141459461188 0.8303554001412496
    outer loop
      vertex 4.342435885253302 36.626331127813785 43.73615747130329
      vertex 4.460346158626429 36.84421022944781 43.73615747130329
      vertex 4.0713825332103255 36.80744318738532 43.953979093274526
    endloop
  endfacet
  facet normal 0.49007281728977353 -0.2652141459461188 0.8303554001412496
    outer loop
      vertex 4.0713825332103255 36.80744318738532 43.953979093274526
      vertex 4.460346158626429 36.84421022944781 43.73615747130329
      vertex 4.1892928065834525 37.02532228901934 43.953979093274526
    endloop
  endfacet
  facet normal 0.4392168060856911 -0.3418561546953527 0.830796585662695
    outer loop
      vertex 4.1892928065834525 37.02532228901934 43.953979093274526
      vertex 4.460346158626429 36.84421022944781 43.73615747130329
      vertex 4.6125100069073355 37.0397103499684 43.73615747130329
    endloop
  endfacet
  facet normal 0.3026665253511651 -0.2355748074252107 0.9235244904919563
    outer loop
      vertex 4.761524506536951 36.642969291170175 43.58611932853558
      vertex 4.6125100069073355 37.0397103499684 43.73615747130329
      vertex 4.460346158626429 36.84421022944781 43.73615747130329
    endloop
  endfacet
  facet normal 0.29703871802730486 -0.24377337593994497 0.9232239929592047
    outer loop
      vertex 4.913688354817857 36.83846941169077 43.58611932853558
      vertex 4.729758472448388 37.182578018599955 43.73615747130329
      vertex 4.6125100069073355 37.0397103499684 43.73615747130329
    endloop
  endfacet
  facet normal 0.6232272191606597 -0.3372737046999499 0.7055737250034485
    outer loop
      vertex 3.8408706053454367 36.96146633337023 44.23121343167271
      vertex 4.0713825332103255 36.80744318738532 43.953979093274526
      vertex 3.9587808787185637 37.179345435004265 44.23121343167271
    endloop
  endfacet
  facet normal 0.6232272191606509 -0.3372737046999562 0.7055737250034534
    outer loop
      vertex 4.0713825332103255 36.80744318738532 43.953979093274526
      vertex 4.1892928065834525 37.02532228901934 43.953979093274526
      vertex 3.9587808787185637 37.179345435004265 44.23121343167271
    endloop
  endfacet
  facet normal 0.439216806085691 -0.3418561546953527 0.8307965856626949
    outer loop
      vertex 4.1892928065834525 37.02532228901934 43.953979093274526
      vertex 4.6125100069073355 37.0397103499684 43.73615747130329
      vertex 4.341456654864359 37.220822409539934 43.953979093274526
    endloop
  endfacet
  facet normal 0.4308949772388741 -0.3536263688945438 0.8302276253008992
    outer loop
      vertex 4.6125100069073355 37.0397103499684 43.73615747130329
      vertex 4.729758472448388 37.182578018599955 43.73615747130329
      vertex 4.499246544583492 37.41308994646484 43.953979093274526
    endloop
  endfacet
  facet normal 0.4308949772388755 -0.353626368894543 0.8302276253008987
    outer loop
      vertex 4.6125100069073355 37.0397103499684 43.73615747130329
      vertex 4.499246544583492 37.41308994646484 43.953979093274526
      vertex 4.341456654864359 37.220822409539934 43.953979093274526
    endloop
  endfacet
  facet normal 0.3764997903746151 -0.40898782087081254 0.8312501850990561
    outer loop
      vertex 4.729758472448388 37.182578018599955 43.73615747130329
      vertex 4.912025274044076 37.350366419846026 43.73615747130329
      vertex 4.499246544583492 37.41308994646484 43.953979093274526
    endloop
  endfacet
  facet normal 0.5587367767108201 -0.4348822798369225 0.7061803006560319
    outer loop
      vertex 4.1892928065834525 37.02532228901934 43.953979093274526
      vertex 4.11094472699947 37.37484555552486 44.23121343167271
      vertex 3.9587808787185637 37.179345435004265 44.23121343167271
    endloop
  endfacet
  facet normal 0.5587367767108201 -0.43488227983692257 0.706180300656032
    outer loop
      vertex 4.1892928065834525 37.02532228901934 43.953979093274526
      vertex 4.341456654864359 37.220822409539934 43.953979093274526
      vertex 4.11094472699947 37.37484555552486 44.23121343167271
    endloop
  endfacet
  facet normal 0.5479185303493909 -0.4496651169597542 0.705398161813124
    outer loop
      vertex 4.341456654864359 37.220822409539934 43.953979093274526
      vertex 4.499246544583492 37.41308994646484 43.953979093274526
      vertex 4.11094472699947 37.37484555552486 44.23121343167271
    endloop
  endfacet
  facet normal 0.6566759796534478 -0.5111114196330038 0.554564490809608
    outer loop
      vertex 3.7776688191470313 37.30036064427953 44.557206526348004
      vertex 3.9587808787185637 37.179345435004265 44.23121343167271
      vertex 4.11094472699947 37.37484555552486 44.23121343167271
    endloop
  endfacet
  facet normal 0.2593735366863353 -0.2817547851895227 0.9237638277663984
    outer loop
      vertex 4.729758472448388 37.182578018599955 43.73615747130329
      vertex 5.168156404999465 37.09423528889063 43.58611932853558
      vertex 4.912025274044076 37.350366419846026 43.73615747130329
    endloop
  endfacet
  facet normal 0.243773375939937 -0.2970387180273164 0.9232239929592031
    outer loop
      vertex 4.912025274044076 37.350366419846026 43.73615747130329
      vertex 5.256133880953257 37.16643653747655 43.58611932853558
      vertex 5.054892942675622 37.467614885387064 43.73615747130329
    endloop
  endfacet
  facet normal 0.18113995972489597 -0.33888902876211147 0.9232239929592038
    outer loop
      vertex 5.463531855980818 37.301936402293215 43.58611932853558
      vertex 5.563904634239918 37.35558677001902 43.58611932853558
      vertex 5.425287465040832 37.69023821987724 43.73615747130329
    endloop
  endfacet
  facet normal 0.15375021457016144 -0.3505151787360608 0.9238506269929444
    outer loop
      vertex 5.563904634239918 37.35558677001902 43.58611932853558
      vertex 5.790776519599206 37.45510200693318 43.58611932853558
      vertex 5.425287465040832 37.69023821987724 43.73615747130329
    endloop
  endfacet
  facet normal 0.11154543644207127 -0.36771602417274646 0.9232239929592037
    outer loop
      vertex 5.790776519599206 37.45510200693318 43.58611932853558
      vertex 5.899687330584825 37.48813974025465 43.58611932853558
      vertex 5.652159350400119 37.789753456791395 43.73615747130329
    endloop
  endfacet
  facet normal 0.3764997903746151 -0.40898782087081254 0.8312501850990561
    outer loop
      vertex 4.912025274044076 37.350366419846026 43.73615747130329
      vertex 4.68151334617918 37.58087834771091 43.953979093274526
      vertex 4.499246544583492 37.41308994646484 43.953979093274526
    endloop
  endfacet
  facet normal 0.3536263688945532 -0.4308949772388685 0.8302276253008981
    outer loop
      vertex 4.912025274044076 37.350366419846026 43.73615747130329
      vertex 4.873780883104082 37.73866823743005 43.953979093274526
      vertex 4.68151334617918 37.58087834771091 43.953979093274526
    endloop
  endfacet
  facet normal 0.5479185303493871 -0.44966511695977074 0.7053981618131163
    outer loop
      vertex 4.11094472699947 37.37484555552486 44.23121343167271
      vertex 4.499246544583492 37.41308994646484 43.953979093274526
      vertex 4.303212263924372 37.60912422712396 44.23121343167271
    endloop
  endfacet
  facet normal 0.6436898065936814 -0.5282625721440589 0.5537166132229842
    outer loop
      vertex 3.929832667427938 37.49586076480012 44.557206526348004
      vertex 4.11094472699947 37.37484555552486 44.23121343167271
      vertex 4.303212263924372 37.60912422712396 44.23121343167271
    endloop
  endfacet
  facet normal 0.47911497367575934 -0.5204576311589821 0.7068045671669485
    outer loop
      vertex 4.499246544583492 37.41308994646484 43.953979093274526
      vertex 4.48547906552006 37.77691262837003 44.23121343167271
      vertex 4.303212263924372 37.60912422712396 44.23121343167271
    endloop
  endfacet
  facet normal 0.47911497367575934 -0.5204576311589821 0.7068045671669485
    outer loop
      vertex 4.499246544583492 37.41308994646484 43.953979093274526
      vertex 4.68151334617918 37.58087834771091 43.953979093274526
      vertex 4.48547906552006 37.77691262837003 44.23121343167271
    endloop
  endfacet
  facet normal 0.44966511695977107 -0.5479185303493869 0.7053981618131163
    outer loop
      vertex 4.68151334617918 37.58087834771091 43.953979093274526
      vertex 4.873780883104082 37.73866823743005 43.953979093274526
      vertex 4.48547906552006 37.77691262837003 44.23121343167271
    endloop
  endfacet
  facet normal 0.5632875058746789 -0.6118933806635468 0.5552419980743708
    outer loop
      vertex 4.303212263924372 37.60912422712396 44.23121343167271
      vertex 4.48547906552006 37.77691262837003 44.23121343167271
      vertex 4.331455919535152 37.93093577435495 44.557206526348004
    endloop
  endfacet
  facet normal 0.4496651169597612 -0.5479185303494088 0.7053981618131056
    outer loop
      vertex 4.873780883104082 37.73866823743005 43.953979093274526
      vertex 4.719757737119174 37.96918016529493 44.23121343167271
      vertex 4.48547906552006 37.77691262837003 44.23121343167271
    endloop
  endfacet
  facet normal 0.386761087400722 -0.5919818920476266 0.7070879017210824
    outer loop
      vertex 4.873780883104082 37.73866823743005 43.953979093274526
      vertex 4.927155712146735 38.104680030111595 44.23121343167271
      vertex 4.719757737119174 37.96918016529493 44.23121343167271
    endloop
  endfacet
  facet normal 0.528262572144032 -0.6436898065936875 0.553716613223003
    outer loop
      vertex 4.48547906552006 37.77691262837003 44.23121343167271
      vertex 4.719757737119174 37.96918016529493 44.23121343167271
      vertex 4.598742527843903 38.15029222486647 44.557206526348004
    endloop
  endfacet
  facet normal 0.35362636889452087 -0.43089497723887693 0.8302276253009074
    outer loop
      vertex 4.912025274044076 37.350366419846026 43.73615747130329
      vertex 5.054892942675622 37.467614885387064 43.73615747130329
      vertex 4.873780883104082 37.73866823743005 43.953979093274526
    endloop
  endfacet
  facet normal 0.20931754397745883 -0.320384339994766 0.9238723074480384
    outer loop
      vertex 5.256133880953257 37.16643653747655 43.58611932853558
      vertex 5.262290917703183 37.60311475020373 43.73615747130329
      vertex 5.054892942675622 37.467614885387064 43.73615747130329
    endloop
  endfacet
  facet normal 0.1811399597249037 -0.3388890287621103 0.9232239929592025
    outer loop
      vertex 5.463531855980818 37.301936402293215 43.58611932853558
      vertex 5.425287465040832 37.69023821987724 43.73615747130329
      vertex 5.262290917703183 37.60311475020373 43.73615747130329
    endloop
  endfacet
  facet normal 0.30387934133053274 -0.4651219403793088 0.831455907724702
    outer loop
      vertex 4.873780883104082 37.73866823743005 43.953979093274526
      vertex 5.054892942675622 37.467614885387064 43.73615747130329
      vertex 5.262290917703183 37.60311475020373 43.73615747130329
    endloop
  endfacet
  facet normal 0.26276809750954905 -0.4916045332565887 0.8302276253009072
    outer loop
      vertex 5.262290917703183 37.60311475020373 43.73615747130329
      vertex 5.425287465040832 37.69023821987724 43.73615747130329
      vertex 5.0811788581316435 37.87416810224671 43.953979093274526
    endloop
  endfacet
  facet normal 0.15375021457016147 -0.35051517873606086 0.9238506269929444
    outer loop
      vertex 5.790776519599206 37.45510200693318 43.58611932853558
      vertex 5.652159350400119 37.789753456791395 43.73615747130329
      vertex 5.425287465040832 37.69023821987724 43.73615747130329
    endloop
  endfacet
  facet normal 0.11154543644208632 -0.36771602417273536 0.9232239929592062
    outer loop
      vertex 5.899687330584825 37.48813974025465 43.58611932853558
      vertex 5.8290209105391995 37.84340382451721 43.73615747130329
      vertex 5.652159350400119 37.789753456791395 43.73615747130329
    endloop
  endfacet
  facet normal 0.30387934133053274 -0.46512194037930893 0.831455907724702
    outer loop
      vertex 4.873780883104082 37.73866823743005 43.953979093274526
      vertex 5.262290917703183 37.60311475020373 43.73615747130329
      vertex 5.0811788581316435 37.87416810224671 43.953979093274526
    endloop
  endfacet
  facet normal 0.26276809750953767 -0.4916045332566039 0.8302276253009019
    outer loop
      vertex 5.425287465040832 37.69023821987724 43.73615747130329
      vertex 5.30053530864317 37.99141656778776 43.953979093274526
      vertex 5.0811788581316435 37.87416810224671 43.953979093274526
    endloop
  endfacet
  facet normal 0.22320298005913652 -0.5088515334341073 0.8314147861413569
    outer loop
      vertex 5.425287465040832 37.69023821987724 43.73615747130329
      vertex 5.652159350400119 37.789753456791395 43.73615747130329
      vertex 5.527407194002457 38.09093180470192 43.953979093274526
    endloop
  endfacet
  facet normal 0.161811795499316 -0.5334220027562724 0.8302276253009021
    outer loop
      vertex 5.652159350400119 37.789753456791395 43.73615747130329
      vertex 5.8290209105391995 37.84340382451721 43.73615747130329
      vertex 5.527407194002457 38.09093180470192 43.953979093274526
    endloop
  endfacet
  facet normal 0.2232029800591365 -0.5088515334341073 0.8314147861413569
    outer loop
      vertex 5.425287465040832 37.69023821987724 43.73615747130329
      vertex 5.527407194002457 38.09093180470192 43.953979093274526
      vertex 5.30053530864317 37.99141656778776 43.953979093274526
    endloop
  endfacet
  facet normal 0.16181179549930721 -0.53342200275628 0.8302276253008988
    outer loop
      vertex 5.8290209105391995 37.84340382451721 43.73615747130329
      vertex 5.765422812723962 38.16313305328784 43.953979093274526
      vertex 5.527407194002457 38.09093180470192 43.953979093274526
    endloop
  endfacet
  facet normal 0.3867610874007222 -0.5919818920476269 0.7070879017210824
    outer loop
      vertex 4.873780883104082 37.73866823743005 43.953979093274526
      vertex 5.0811788581316435 37.87416810224671 43.953979093274526
      vertex 4.927155712146735 38.104680030111595 44.23121343167271
    endloop
  endfacet
  facet normal 0.33413132530045203 -0.6251157418939606 0.7053981618131188
    outer loop
      vertex 5.0811788581316435 37.87416810224671 43.953979093274526
      vertex 5.30053530864317 37.99141656778776 43.953979093274526
      vertex 5.194442320455487 38.24754769874315 44.23121343167271
    endloop
  endfacet
  facet normal 0 0 1
    outer loop
      vertex 5.2334175835884835 36.624833171107824 43.50963054665561
      vertex 6.5 37.19603428065912 43.50963054665561
      vertex 6.253108114004135 37.17557623803751 43.50963054665561
    endloop
  endfacet
  facet normal 0.05689524584381752 -0.18755848973596445 0.9806042748878548
    outer loop
      vertex 5.899687330584825 37.48813974025465 43.58611932853558
      vertex 5.937931721524812 37.09983792267063 43.50963054665561
      vertex 5.974706401968682 37.110993400024 43.50963054665561
    endloop
  endfacet
  facet normal 0.047953406868707554 -0.18936371806618332 0.9807353634135129
    outer loop
      vertex 5.974706401968682 37.110993400024 43.50963054665561
      vertex 6.214863723064148 37.17180949430329 43.50963054665561
      vertex 6.139844651680292 37.54895583453394 43.58611932853558
    endloop
  endfacet
  facet normal 0.047953406868707554 -0.18936371806618332 0.9807353634135129
    outer loop
      vertex 5.899687330584825 37.48813974025465 43.58611932853558
      vertex 5.974706401968682 37.110993400024 43.50963054665561
      vertex 6.139844651680292 37.54895583453394 43.58611932853558
    endloop
  endfacet
  facet normal 0.01921117348907352 -0.1950543177805496 0.9806042748878556
    outer loop
      vertex 6.214863723064148 37.17180949430329 43.50963054665561
      vertex 6.253108114004135 37.17557623803751 43.50963054665561
      vertex 6.253108114004135 37.56011131188731 43.58611932853558
    endloop
  endfacet
  facet normal 0.016163531284946357 -0.19506483572762345 0.9806571521785562
    outer loop
      vertex 6.253108114004135 37.17557623803751 43.50963054665561
      vertex 6.5 37.19603428065912 43.50963054665561
      vertex 6.5 37.580569354508924 43.58611932853558
    endloop
  endfacet
  facet normal 0.01921117348908616 -0.19505431778055074 0.9806042748878551
    outer loop
      vertex 6.214863723064148 37.17180949430329 43.50963054665561
      vertex 6.253108114004135 37.56011131188731 43.58611932853558
      vertex 6.139844651680292 37.54895583453394 43.58611932853558
    endloop
  endfacet
  facet normal 0.016163531284946357 -0.19506483572762345 0.9806571521785562
    outer loop
      vertex 6.253108114004135 37.17557623803751 43.50963054665561
      vertex 6.5 37.580569354508924 43.58611932853558
      vertex 6.253108114004135 37.56011131188731 43.58611932853558
    endloop
  endfacet
  facet normal 0.09405036121085676 -0.37139647101856466 0.9236986472172967
    outer loop
      vertex 5.899687330584825 37.48813974025465 43.58611932853558
      vertex 6.139844651680292 37.54895583453394 43.58611932853558
      vertex 5.8290209105391995 37.84340382451721 43.73615747130329
    endloop
  endfacet
  facet normal 0.03766428459220478 -0.38241189899193856 0.9232239929592042
    outer loop
      vertex 6.139844651680292 37.54895583453394 43.58611932853558
      vertex 6.253108114004135 37.56011131188731 43.58611932853558
      vertex 6.253108114004135 37.92233543103038 43.73615747130329
    endloop
  endfacet
  facet normal 0.03169411903102244 -0.3824911780308813 0.9234153894902317
    outer loop
      vertex 6.253108114004135 37.56011131188731 43.58611932853558
      vertex 6.5 37.580569354508924 43.58611932853558
      vertex 6.5 37.942793473651996 43.73615747130329
    endloop
  endfacet
  facet normal 0.09405036121085676 -0.37139647101856466 0.9236986472172967
    outer loop
      vertex 5.8290209105391995 37.84340382451721 43.73615747130329
      vertex 6.139844651680292 37.54895583453394 43.58611932853558
      vertex 6.069178231634666 37.9042199187965 43.73615747130329
    endloop
  endfacet
  facet normal 0.03766428459218644 -0.38241189899193406 0.9232239929592068
    outer loop
      vertex 6.139844651680292 37.54895583453394 43.58611932853558
      vertex 6.253108114004135 37.92233543103038 43.73615747130329
      vertex 6.069178231634666 37.9042199187965 43.73615747130329
    endloop
  endfacet
  facet normal 0.03169411903102243 -0.3824911780308813 0.9234153894902317
    outer loop
      vertex 6.253108114004135 37.56011131188731 43.58611932853558
      vertex 6.5 37.942793473651996 43.73615747130329
      vertex 6.253108114004135 37.92233543103038 43.73615747130329
    endloop
  endfacet
  facet normal 0.1365103631288655 -0.5390672238871839 0.8311266142345521
    outer loop
      vertex 5.8290209105391995 37.84340382451721 43.73615747130329
      vertex 6.069178231634666 37.9042199187965 43.73615747130329
      vertex 6.005580133819429 38.223949147567126 43.953979093274526
    endloop
  endfacet
  facet normal 0.054637156933114155 -0.5547403638365405 0.8302276253008986
    outer loop
      vertex 6.069178231634666 37.9042199187965 43.73615747130329
      vertex 6.253108114004135 37.92233543103038 43.73615747130329
      vertex 6.005580133819429 38.223949147567126 43.953979093274526
    endloop
  endfacet
  facet normal 0.045987152293125784 -0.5549824570819059 0.8305899434470053
    outer loop
      vertex 6.253108114004135 37.92233543103038 43.73615747130329
      vertex 6.5 37.942793473651996 43.73615747130329
      vertex 6.253108114004135 38.24832852570567 43.953979093274526
    endloop
  endfacet
  facet normal 0.6566759796534478 -0.5111114196330039 0.5545644908096081
    outer loop
      vertex 3.7776688191470313 37.30036064427953 44.557206526348004
      vertex 4.11094472699947 37.37484555552486 44.23121343167271
      vertex 3.929832667427938 37.49586076480012 44.557206526348004
    endloop
  endfacet
  facet normal 0.6436898065936858 -0.5282625721440417 0.5537166132229954
    outer loop
      vertex 3.929832667427938 37.49586076480012 44.557206526348004
      vertex 4.303212263924372 37.60912422712396 44.23121343167271
      vertex 4.149189117939464 37.76314737310888 44.557206526348004
    endloop
  endfacet
  facet normal 0.7146714722143738 -0.5865157196566324 0.38110890490593674
    outer loop
      vertex 3.929832667427938 37.49586076480012 44.557206526348004
      vertex 4.149189117939464 37.76314737310888 44.557206526348004
      vertex 3.805080511030276 37.5792174907394 44.919430645491076
    endloop
  endfacet
  facet normal 0.5632875058746789 -0.6118933806635468 0.5552419980743708
    outer loop
      vertex 4.303212263924372 37.60912422712396 44.23121343167271
      vertex 4.331455919535152 37.93093577435495 44.557206526348004
      vertex 4.149189117939464 37.76314737310888 44.557206526348004
    endloop
  endfacet
  facet normal 0.6258048225051297 -0.679805293894462 0.3824043495076741
    outer loop
      vertex 4.149189117939464 37.76314737310888 44.557206526348004
      vertex 4.331455919535152 37.93093577435495 44.557206526348004
      vertex 4.043096129751781 37.869240361296555 44.919430645491076
    endloop
  endfacet
  facet normal 0.5282625721440385 -0.6436898065936856 0.5537166132229987
    outer loop
      vertex 4.48547906552006 37.77691262837003 44.23121343167271
      vertex 4.598742527843903 38.15029222486647 44.557206526348004
      vertex 4.331455919535152 37.93093577435495 44.557206526348004
    endloop
  endfacet
  facet normal 0.7146714722143712 -0.5865157196566393 0.3811089049059308
    outer loop
      vertex 3.805080511030276 37.5792174907394 44.919430645491076
      vertex 4.149189117939464 37.76314737310888 44.557206526348004
      vertex 4.043096129751781 37.869240361296555 44.919430645491076
    endloop
  endfacet
  facet normal 0.7582959255540176 -0.6223173832739822 0.19418641498106715
    outer loop
      vertex 3.805080511030276 37.5792174907394 44.919430645491076
      vertex 4.043096129751781 37.869240361296555 44.919430645491076
      vertex 3.9890103933997523 37.923326097648584 45.30396571934088
    endloop
  endfacet
  facet normal 0.6258048225051296 -0.6798052938944621 0.38240434950767405
    outer loop
      vertex 4.331455919535152 37.93093577435495 44.557206526348004
      vertex 4.225362931347469 38.037028762542626 44.919430645491076
      vertex 4.043096129751781 37.869240361296555 44.919430645491076
    endloop
  endfacet
  facet normal 0.664289364384666 -0.7216106529488778 0.1949300026063473
    outer loop
      vertex 4.043096129751781 37.869240361296555 44.919430645491076
      vertex 4.225362931347469 38.037028762542626 44.919430645491076
      vertex 3.9890103933997523 37.923326097648584 45.30396571934088
    endloop
  endfacet
  facet normal 0.664289364384666 -0.7216106529488778 0.1949300026063473
    outer loop
      vertex 4.225362931347469 38.037028762542626 44.919430645491076
      vertex 4.17127719499544 38.091114498894655 45.30396571934088
      vertex 3.9890103933997523 37.923326097648584 45.30396571934088
    endloop
  endfacet
  facet normal 0.4547782800315239 -0.6960899517698591 0.5555497232981077
    outer loop
      vertex 4.719757737119174 37.96918016529493 44.23121343167271
      vertex 4.927155712146735 38.104680030111595 44.23121343167271
      vertex 4.598742527843903 38.15029222486647 44.557206526348004
    endloop
  endfacet
  facet normal 0.13651036312886547 -0.5390672238871839 0.8311266142345521
    outer loop
      vertex 5.8290209105391995 37.84340382451721 43.73615747130329
      vertex 6.005580133819429 38.223949147567126 43.953979093274526
      vertex 5.765422812723962 38.16313305328784 43.953979093274526
    endloop
  endfacet
  facet normal 0.33413132530048023 -0.6251157418939597 0.7053981618131061
    outer loop
      vertex 5.0811788581316435 37.87416810224671 43.953979093274526
      vertex 5.194442320455487 38.24754769874315 44.23121343167271
      vertex 4.927155712146735 38.104680030111595 44.23121343167271
    endloop
  endfacet
  facet normal 0.2840718968487887 -0.6476186844760932 0.7070312559839103
    outer loop
      vertex 5.30053530864317 37.99141656778776 43.953979093274526
      vertex 5.421314205814774 38.347062935657306 44.23121343167271
      vertex 5.194442320455487 38.24754769874315 44.23121343167271
    endloop
  endfacet
  facet normal 0.39253450329997724 -0.7343804027613258 0.5537166132230034
    outer loop
      vertex 4.8061405028714645 38.285792089683135 44.557206526348004
      vertex 4.927155712146735 38.104680030111595 44.23121343167271
      vertex 5.194442320455487 38.24754769874315 44.23121343167271
    endloop
  endfacet
  facet normal 0.33401956114835896 -0.7614878880304298 0.5554881899313551
    outer loop
      vertex 5.194442320455487 38.24754769874315 44.23121343167271
      vertex 5.421314205814774 38.347062935657306 44.23121343167271
      vertex 5.111085594516204 38.44878863702078 44.557206526348004
    endloop
  endfacet
  facet normal 0.28407189684878864 -0.6476186844760932 0.7070312559839103
    outer loop
      vertex 5.30053530864317 37.99141656778776 43.953979093274526
      vertex 5.527407194002457 38.09093180470192 43.953979093274526
      vertex 5.421314205814774 38.347062935657306 44.23121343167271
    endloop
  endfacet
  facet normal 0.20575705419286974 -0.6782901060464814 0.7053981618131177
    outer loop
      vertex 5.527407194002457 38.09093180470192 43.953979093274526
      vertex 5.711337076371926 38.4350404116111 44.23121343167271
      vertex 5.421314205814774 38.347062935657306 44.23121343167271
    endloop
  endfacet
  facet normal 0.20575705419287701 -0.6782901060464827 0.7053981618131143
    outer loop
      vertex 5.527407194002457 38.09093180470192 43.953979093274526
      vertex 5.765422812723962 38.16313305328784 43.953979093274526
      vertex 5.711337076371926 38.4350404116111 44.23121343167271
    endloop
  endfacet
  facet normal 0.17370033093819895 -0.6859270830504469 0.7066344399828424
    outer loop
      vertex 5.765422812723962 38.16313305328784 43.953979093274526
      vertex 5.951494397467393 38.49585650589039 44.23121343167271
      vertex 5.711337076371926 38.4350404116111 44.23121343167271
    endloop
  endfacet
  facet normal 0.24172155362995204 -0.7968491718961547 0.5537166132229869
    outer loop
      vertex 5.421314205814774 38.347062935657306 44.23121343167271
      vertex 5.711337076371926 38.4350404116111 44.23121343167271
      vertex 5.6688421859994875 38.64867665219404 44.557206526348004
    endloop
  endfacet
  facet normal 0.20419780645678284 -0.8063588882742811 0.5550572935646406
    outer loop
      vertex 5.711337076371926 38.4350404116111 44.23121343167271
      vertex 5.951494397467393 38.49585650589039 44.23121343167271
      vertex 5.6688421859994875 38.64867665219404 44.557206526348004
    endloop
  endfacet
  facet normal 0.05463715693310645 -0.554740363836545 0.8302276253008959
    outer loop
      vertex 6.253108114004135 37.92233543103038 43.73615747130329
      vertex 6.253108114004135 38.24832852570567 43.953979093274526
      vertex 6.005580133819429 38.223949147567126 43.953979093274526
    endloop
  endfacet
  facet normal 0.04598715229312572 -0.5549824570819059 0.8305899434470053
    outer loop
      vertex 6.5 37.942793473651996 43.73615747130329
      vertex 6.5 38.268786568327286 43.953979093274526
      vertex 6.253108114004135 38.24832852570567 43.953979093274526
    endloop
  endfacet
  facet normal 0.17370033093819887 -0.6859270830504469 0.7066344399828424
    outer loop
      vertex 5.765422812723962 38.16313305328784 43.953979093274526
      vertex 6.005580133819429 38.223949147567126 43.953979093274526
      vertex 5.951494397467393 38.49585650589039 44.23121343167271
    endloop
  endfacet
  facet normal 0.06947565488251312 -0.7053981618131069 0.7053981618131251
    outer loop
      vertex 6.005580133819429 38.223949147567126 43.953979093274526
      vertex 6.253108114004135 38.24832852570567 43.953979093274526
      vertex 6.253108114004135 38.52556286410386 44.23121343167271
    endloop
  endfacet
  facet normal 0.05849221340686903 -0.7058961187634974 0.7058961187635157
    outer loop
      vertex 6.253108114004135 38.24832852570567 43.953979093274526
      vertex 6.5 38.268786568327286 43.953979093274526
      vertex 6.5 38.546020906725474 44.23121343167271
    endloop
  endfacet
  facet normal 0.06947565488253864 -0.7053981618131165 0.7053981618131129
    outer loop
      vertex 6.005580133819429 38.223949147567126 43.953979093274526
      vertex 6.253108114004135 38.52556286410386 44.23121343167271
      vertex 5.951494397467393 38.49585650589039 44.23121343167271
    endloop
  endfacet
  facet normal 0.058492213406869095 -0.7058961187634974 0.7058961187635157
    outer loop
      vertex 6.253108114004135 38.24832852570567 43.953979093274526
      vertex 6.5 38.546020906725474 44.23121343167271
      vertex 6.253108114004135 38.52556286410386 44.23121343167271
    endloop
  endfacet
  facet normal 0.08161938021295517 -0.8286954742331567 0.5537166132229884
    outer loop
      vertex 5.951494397467393 38.49585650589039 44.23121343167271
      vertex 6.253108114004135 38.52556286410386 44.23121343167271
      vertex 5.908999507094954 38.70949274647333 44.557206526348004
    endloop
  endfacet
  facet normal 0.06873458465143069 -0.8295031715207434 0.554256299296475
    outer loop
      vertex 6.253108114004135 38.52556286410386 44.23121343167271
      vertex 6.5 38.546020906725474 44.23121343167271
      vertex 6.253108114004135 38.7433844860751 44.557206526348004
    endloop
  endfacet
  facet normal 0.4547782800315239 -0.6960899517698591 0.5555497232981077
    outer loop
      vertex 4.598742527843903 38.15029222486647 44.557206526348004
      vertex 4.927155712146735 38.104680030111595 44.23121343167271
      vertex 4.8061405028714645 38.285792089683135 44.557206526348004
    endloop
  endfacet
  facet normal 0.5865157196566304 -0.7146714722143754 0.38110890490593685
    outer loop
      vertex 4.331455919535152 37.93093577435495 44.557206526348004
      vertex 4.598742527843903 38.15029222486647 44.557206526348004
      vertex 4.515385801904621 38.27504438126413 44.919430645491076
    endloop
  endfacet
  facet normal 0.5053181731335092 -0.7734470140934516 0.3826659905073049
    outer loop
      vertex 4.598742527843903 38.15029222486647 44.557206526348004
      vertex 4.8061405028714645 38.285792089683135 44.557206526348004
      vertex 4.722783776932182 38.410544246080796 44.919430645491076
    endloop
  endfacet
  facet normal 0.4358204969142898 -0.8153628008872972 0.3811089049059378
    outer loop
      vertex 4.8061405028714645 38.285792089683135 44.557206526348004
      vertex 5.111085594516204 38.44878863702078 44.557206526348004
      vertex 4.722783776932182 38.410544246080796 44.919430645491076
    endloop
  endfacet
  facet normal 0.5865157196566398 -0.7146714722143719 0.38110890490592864
    outer loop
      vertex 4.331455919535152 37.93093577435495 44.557206526348004
      vertex 4.515385801904621 38.27504438126413 44.919430645491076
      vertex 4.225362931347469 38.037028762542626 44.919430645491076
    endloop
  endfacet
  facet normal 0.6223173832739822 -0.7582959255540176 0.19418641498106717
    outer loop
      vertex 4.225362931347469 38.037028762542626 44.919430645491076
      vertex 4.515385801904621 38.27504438126413 44.919430645491076
      vertex 4.17127719499544 38.091114498894655 45.30396571934088
    endloop
  endfacet
  facet normal 0.5053181731335092 -0.7734470140934516 0.3826659905073049
    outer loop
      vertex 4.598742527843903 38.15029222486647 44.557206526348004
      vertex 4.722783776932182 38.410544246080796 44.919430645491076
      vertex 4.515385801904621 38.27504438126413 44.919430645491076
    endloop
  endfacet
  facet normal 0.5364398067112041 -0.8210822186916026 0.1950803012200899
    outer loop
      vertex 4.515385801904621 38.27504438126413 44.919430645491076
      vertex 4.722783776932182 38.410544246080796 44.919430645491076
      vertex 4.680288886559737 38.474142343896034 45.30396571934088
    endloop
  endfacet
  facet normal 0.3925345032999656 -0.734380402761341 0.5537166132229913
    outer loop
      vertex 4.8061405028714645 38.285792089683135 44.557206526348004
      vertex 5.194442320455487 38.24754769874315 44.23121343167271
      vertex 5.111085594516204 38.44878863702078 44.557206526348004
    endloop
  endfacet
  facet normal 0.33401956114835896 -0.7614878880304298 0.5554881899313551
    outer loop
      vertex 5.421314205814774 38.347062935657306 44.23121343167271
      vertex 5.337957479875492 38.54830387393494 44.557206526348004
      vertex 5.111085594516204 38.44878863702078 44.557206526348004
    endloop
  endfacet
  facet normal 0.37112979268719853 -0.8460906931526111 0.38261366407969694
    outer loop
      vertex 5.111085594516204 38.44878863702078 44.557206526348004
      vertex 5.337957479875492 38.54830387393494 44.557206526348004
      vertex 5.2805403684154655 38.686921043134035 44.919430645491076
    endloop
  endfacet
  facet normal 0.24172155362994502 -0.7968491718961538 0.5537166132229914
    outer loop
      vertex 5.421314205814774 38.347062935657306 44.23121343167271
      vertex 5.6688421859994875 38.64867665219404 44.557206526348004
      vertex 5.337957479875492 38.54830387393494 44.557206526348004
    endloop
  endfacet
  facet normal 0.20419780645678284 -0.8063588882742811 0.5550572935646406
    outer loop
      vertex 5.6688421859994875 38.64867665219404 44.557206526348004
      vertex 5.951494397467393 38.49585650589039 44.23121343167271
      vertex 5.908999507094954 38.70949274647333 44.557206526348004
    endloop
  endfacet
  facet normal 0.2683769368864686 -0.8847201943828473 0.3811089049059513
    outer loop
      vertex 5.337957479875492 38.54830387393494 44.557206526348004
      vertex 5.6688421859994875 38.64867665219404 44.557206526348004
      vertex 5.639571196412234 38.795831854119655 44.919430645491076
    endloop
  endfacet
  facet normal 0.4358204969142885 -0.8153628008872987 0.38110890490593624
    outer loop
      vertex 5.111085594516204 38.44878863702078 44.557206526348004
      vertex 5.053668483056178 38.58740580621988 44.919430645491076
      vertex 4.722783776932182 38.410544246080796 44.919430645491076
    endloop
  endfacet
  facet normal 0.46242353295431754 -0.865133580672284 0.194186414981069
    outer loop
      vertex 4.722783776932182 38.410544246080796 44.919430645491076
      vertex 5.053668483056178 38.58740580621988 44.919430645491076
      vertex 5.024397493468918 38.6580722262655 45.30396571934088
    endloop
  endfacet
  facet normal 0.37112979268719853 -0.8460906931526111 0.38261366407969694
    outer loop
      vertex 5.111085594516204 38.44878863702078 44.557206526348004
      vertex 5.2805403684154655 38.686921043134035 44.919430645491076
      vertex 5.053668483056178 38.58740580621988 44.919430645491076
    endloop
  endfacet
  facet normal 0.39398016651417866 -0.8981842976301178 0.195050239385016
    outer loop
      vertex 5.053668483056178 38.58740580621988 44.919430645491076
      vertex 5.2805403684154655 38.686921043134035 44.919430645491076
      vertex 5.251269378828205 38.75758746317966 45.30396571934088
    endloop
  endfacet
  facet normal 0.2683769368864849 -0.884720194382848 0.38110890490593824
    outer loop
      vertex 5.337957479875492 38.54830387393494 44.557206526348004
      vertex 5.639571196412234 38.795831854119655 44.919430645491076
      vertex 5.2805403684154655 38.686921043134035 44.919430645491076
    endloop
  endfacet
  facet normal 0.6223173832739859 -0.7582959255540133 0.1941864149810725
    outer loop
      vertex 4.515385801904621 38.27504438126413 44.919430645491076
      vertex 4.4728909115321756 38.33864247907937 45.30396571934088
      vertex 4.17127719499544 38.091114498894655 45.30396571934088
    endloop
  endfacet
  facet normal 0.5364398067112041 -0.8210822186916026 0.1950803012200899
    outer loop
      vertex 4.515385801904621 38.27504438126413 44.919430645491076
      vertex 4.680288886559737 38.474142343896034 45.30396571934088
      vertex 4.4728909115321756 38.33864247907937 45.30396571934088
    endloop
  endfacet
  facet normal 0.4624235329543146 -0.865133580672285 0.19418641498107198
    outer loop
      vertex 4.722783776932182 38.410544246080796 44.919430645491076
      vertex 5.024397493468918 38.6580722262655 45.30396571934088
      vertex 4.680288886559737 38.474142343896034 45.30396571934088
    endloop
  endfacet
  facet normal 0.39398016651417866 -0.8981842976301178 0.195050239385016
    outer loop
      vertex 5.053668483056178 38.58740580621988 44.919430645491076
      vertex 5.251269378828205 38.75758746317966 45.30396571934088
      vertex 5.024397493468918 38.6580722262655 45.30396571934088
    endloop
  endfacet
  facet normal 0.2268433330006866 -0.8957840487359957 0.38224735486761274
    outer loop
      vertex 5.6688421859994875 38.64867665219404 44.557206526348004
      vertex 5.908999507094954 38.70949274647333 44.557206526348004
      vertex 5.879728517507701 38.856647948398944 44.919430645491076
    endloop
  endfacet
  facet normal 0.2847590055933363 -0.9387246374578095 0.19418641498106542
    outer loop
      vertex 5.2805403684154655 38.686921043134035 44.919430645491076
      vertex 5.639571196412234 38.795831854119655 44.919430645491076
      vertex 5.251269378828205 38.75758746317966 45.30396571934088
    endloop
  endfacet
  facet normal 0.2268433330006866 -0.8957840487359957 0.38224735486761274
    outer loop
      vertex 5.6688421859994875 38.64867665219404 44.557206526348004
      vertex 5.879728517507701 38.856647948398944 44.919430645491076
      vertex 5.639571196412234 38.795831854119655 44.919430645491076
    endloop
  endfacet
  facet normal 0.2407807792826671 -0.9508217784958347 0.19483983644534658
    outer loop
      vertex 5.639571196412234 38.795831854119655 44.919430645491076
      vertex 5.879728517507701 38.856647948398944 44.919430645491076
      vertex 5.6246489753246465 38.870850925503504 45.30396571934088
    endloop
  endfacet
  facet normal 0.2847590055933318 -0.9387246374578118 0.1941864149810607
    outer loop
      vertex 5.639571196412234 38.795831854119655 44.919430645491076
      vertex 5.6246489753246465 38.870850925503504 45.30396571934088
      vertex 5.251269378828205 38.75758746317966 45.30396571934088
    endloop
  endfacet
  facet normal 0.2407807792826671 -0.9508217784958347 0.19483983644534658
    outer loop
      vertex 5.879728517507701 38.856647948398944 44.919430645491076
      vertex 5.864806296420113 38.93166701978279 45.30396571934088
      vertex 5.6246489753246465 38.870850925503504 45.30396571934088
    endloop
  endfacet
  facet normal 0.08161938021296941 -0.8286954742331484 0.5537166132229988
    outer loop
      vertex 6.253108114004135 38.52556286410386 44.23121343167271
      vertex 6.253108114004135 38.7433844860751 44.557206526348004
      vertex 5.908999507094954 38.70949274647333 44.557206526348004
    endloop
  endfacet
  facet normal 0.06873458465143072 -0.8295031715207434 0.554256299296475
    outer loop
      vertex 6.5 38.546020906725474 44.23121343167271
      vertex 6.5 38.76384252869671 44.557206526348004
      vertex 6.253108114004135 38.7433844860751 44.557206526348004
    endloop
  endfacet
  facet normal 0.09061980168166311 -0.9200782869650707 0.3811089049059301
    outer loop
      vertex 5.908999507094954 38.70949274647333 44.557206526348004
      vertex 6.253108114004135 38.7433844860751 44.557206526348004
      vertex 6.253108114004135 38.893422628842806 44.919430645491076
    endloop
  endfacet
  facet normal 0.0763314830000033 -0.921184110684322 0.38156695208803787
    outer loop
      vertex 6.253108114004135 38.7433844860751 44.557206526348004
      vertex 6.5 38.76384252869671 44.557206526348004
      vertex 6.5 38.91388067146442 44.919430645491076
    endloop
  endfacet
  facet normal 0.09061980168163725 -0.9200782869650642 0.3811089049059515
    outer loop
      vertex 5.908999507094954 38.70949274647333 44.557206526348004
      vertex 6.253108114004135 38.893422628842806 44.919430645491076
      vertex 5.879728517507701 38.856647948398944 44.919430645491076
    endloop
  endfacet
  facet normal 0.0763314830000033 -0.921184110684322 0.38156695208803787
    outer loop
      vertex 6.253108114004135 38.7433844860751 44.557206526348004
      vertex 6.5 38.91388067146442 44.919430645491076
      vertex 6.253108114004135 38.893422628842806 44.919430645491076
    endloop
  endfacet
  facet normal 0.09615134934207546 -0.9762410328686775 0.1941864149810593
    outer loop
      vertex 5.879728517507701 38.856647948398944 44.919430645491076
      vertex 6.253108114004135 38.893422628842806 44.919430645491076
      vertex 5.864806296420113 38.93166701978279 45.30396571934088
    endloop
  endfacet
  facet normal 0.08100311007086536 -0.977562271563506 0.19444922569772644
    outer loop
      vertex 6.253108114004135 38.893422628842806 44.919430645491076
      vertex 6.5 38.91388067146442 44.919430645491076
      vertex 6.5 38.99036945334439 45.30396571934088
    endloop
  endfacet
  facet normal 0.09615134934208049 -0.9762410328686758 0.1941864149810642
    outer loop
      vertex 5.864806296420113 38.93166701978279 45.30396571934088
      vertex 6.253108114004135 38.893422628842806 44.919430645491076
      vertex 6.253108114004135 38.96991141072278 45.30396571934088
    endloop
  endfacet
  facet normal 0.08100311007086536 -0.977562271563506 0.19444922569772644
    outer loop
      vertex 6.253108114004135 38.893422628842806 44.919430645491076
      vertex 6.5 38.99036945334439 45.30396571934088
      vertex 6.253108114004135 38.96991141072278 45.30396571934088
    endloop
  endfacet
  facet normal 0.9458172398841561 -0.3246994744959047 0
    outer loop
      vertex 3.2070379997100105 36.62990964843114 45.30396571934088
      vertex 3.287478409191536 36.86422455204804 45.30396571934088
      vertex 3.287478409191536 36.86422455204804 49
    endloop
  endfacet
  facet normal 0.8819212643483608 -0.47139673682598665 -6.981345553098688e-19
    outer loop
      vertex 3.287478409191536 36.86422455204804 45.30396571934088
      vertex 3.471408291561005 37.20833315895723 45.30396571934088
      vertex 3.471408291561005 37.20833315895723 49
    endloop
  endfacet
  facet normal 0.8794737511886749 -0.4759473930699911 0
    outer loop
      vertex 3.471408291561005 37.20833315895723 45.30396571934088
      vertex 3.589318564934132 37.42621226059126 45.30396571934088
      vertex 3.589318564934132 37.42621226059126 49
    endloop
  endfacet
  facet normal 0.7891405158722794 -0.6142127043694494 0
    outer loop
      vertex 3.589318564934132 37.42621226059126 45.30396571934088
      vertex 3.7414824132150386 37.62171238111185 45.30396571934088
      vertex 3.7414824132150386 37.62171238111185 49
    endloop
  endfacet
  facet normal 0.7730104533627277 -0.6343932841636567 -4.612725819777794e-19
    outer loop
      vertex 3.7414824132150386 37.62171238111185 45.30396571934088
      vertex 3.9890103933997523 37.923326097648584 45.30396571934088
      vertex 3.9890103933997523 37.923326097648584 49
    endloop
  endfacet
  facet normal 0.8819212643483608 -0.47139673682598665 0
    outer loop
      vertex 3.287478409191536 36.86422455204804 45.30396571934088
      vertex 3.471408291561005 37.20833315895723 49
      vertex 3.287478409191536 36.86422455204804 49
    endloop
  endfacet
  facet normal 0.8794737511886749 -0.4759473930699911 0
    outer loop
      vertex 3.471408291561005 37.20833315895723 45.30396571934088
      vertex 3.589318564934132 37.42621226059126 49
      vertex 3.471408291561005 37.20833315895723 49
    endloop
  endfacet
  facet normal 0.7891405158722794 -0.6142127043694494 0
    outer loop
      vertex 3.589318564934132 37.42621226059126 45.30396571934088
      vertex 3.7414824132150386 37.62171238111185 49
      vertex 3.589318564934132 37.42621226059126 49
    endloop
  endfacet
  facet normal 0.7730104533627277 -0.6343932841636567 0
    outer loop
      vertex 3.7414824132150386 37.62171238111185 45.30396571934088
      vertex 3.9890103933997523 37.923326097648584 49
      vertex 3.7414824132150386 37.62171238111185 49
    endloop
  endfacet
  facet normal 0.6772815505119757 -0.7357239301097214 0
    outer loop
      vertex 3.9890103933997523 37.923326097648584 45.30396571934088
      vertex 4.17127719499544 38.091114498894655 45.30396571934088
      vertex 4.17127719499544 38.091114498894655 49
    endloop
  endfacet
  facet normal 0.6772815505119757 -0.7357239301097214 0
    outer loop
      vertex 3.9890103933997523 37.923326097648584 45.30396571934088
      vertex 4.17127719499544 38.091114498894655 49
      vertex 3.9890103933997523 37.923326097648584 49
    endloop
  endfacet
  facet normal 0.6343932841636567 -0.7730104533627277 -4.612725819777794e-19
    outer loop
      vertex 4.17127719499544 38.091114498894655 45.30396571934088
      vertex 4.4728909115321756 38.33864247907937 45.30396571934088
      vertex 4.4728909115321756 38.33864247907937 49
    endloop
  endfacet
  facet normal 0.5469481722948649 -0.8371664690032126 0
    outer loop
      vertex 4.4728909115321756 38.33864247907937 45.30396571934088
      vertex 4.680288886559737 38.474142343896034 45.30396571934088
      vertex 4.680288886559737 38.474142343896034 49
    endloop
  endfacet
  facet normal 0.4713967368259943 -0.8819212643483568 -2.354281351723782e-18
    outer loop
      vertex 4.680288886559737 38.474142343896034 45.30396571934088
      vertex 5.024397493468918 38.6580722262655 45.30396571934088
      vertex 5.024397493468918 38.6580722262655 49
    endloop
  endfacet
  facet normal 0.4016954292016562 -0.9157733246598184 0
    outer loop
      vertex 5.024397493468918 38.6580722262655 45.30396571934088
      vertex 5.251269378828205 38.75758746317966 45.30396571934088
      vertex 5.251269378828205 38.75758746317966 49
    endloop
  endfacet
  facet normal 0.2902846772544621 -0.9569403357322088 -2.1642447170866173e-18
    outer loop
      vertex 5.251269378828205 38.75758746317966 45.30396571934088
      vertex 5.6246489753246465 38.870850925503504 45.30396571934088
      vertex 5.6246489753246465 38.870850925503504 49
    endloop
  endfacet
  facet normal 0.24548549108583023 -0.969400264940313 0
    outer loop
      vertex 5.6246489753246465 38.870850925503504 45.30396571934088
      vertex 5.864806296420113 38.93166701978279 45.30396571934088
      vertex 5.864806296420113 38.93166701978279 49
    endloop
  endfacet
  facet normal 0.09801714032955766 -0.9951847266721972 -5.572667659000233e-19
    outer loop
      vertex 5.864806296420113 38.93166701978279 45.30396571934088
      vertex 6.253108114004135 38.96991141072278 45.30396571934088
      vertex 6.253108114004135 38.96991141072278 49
    endloop
  endfacet
  facet normal 0.08257933616372483 -0.996584493778003 0
    outer loop
      vertex 6.253108114004135 38.96991141072278 45.30396571934088
      vertex 6.5 38.99036945334439 45.30396571934088
      vertex 6.5 38.99036945334439 49
    endloop
  endfacet
  facet normal 0.6343932841636567 -0.7730104533627277 0
    outer loop
      vertex 4.17127719499544 38.091114498894655 45.30396571934088
      vertex 4.4728909115321756 38.33864247907937 49
      vertex 4.17127719499544 38.091114498894655 49
    endloop
  endfacet
  facet normal 0.5469481722948649 -0.8371664690032126 0
    outer loop
      vertex 4.4728909115321756 38.33864247907937 45.30396571934088
      vertex 4.680288886559737 38.474142343896034 49
      vertex 4.4728909115321756 38.33864247907937 49
    endloop
  endfacet
  facet normal 0.4713967368259943 -0.8819212643483568 0
    outer loop
      vertex 4.680288886559737 38.474142343896034 45.30396571934088
      vertex 5.024397493468918 38.6580722262655 49
      vertex 4.680288886559737 38.474142343896034 49
    endloop
  endfacet
  facet normal 0.4016954292016562 -0.9157733246598184 0
    outer loop
      vertex 5.024397493468918 38.6580722262655 45.30396571934088
      vertex 5.251269378828205 38.75758746317966 49
      vertex 5.024397493468918 38.6580722262655 49
    endloop
  endfacet
  facet normal 0.2902846772544621 -0.9569403357322088 0
    outer loop
      vertex 5.251269378828205 38.75758746317966 45.30396571934088
      vertex 5.6246489753246465 38.870850925503504 49
      vertex 5.251269378828205 38.75758746317966 49
    endloop
  endfacet
  facet normal 0.24548549108583023 -0.969400264940313 0
    outer loop
      vertex 5.6246489753246465 38.870850925503504 45.30396571934088
      vertex 5.864806296420113 38.93166701978279 49
      vertex 5.6246489753246465 38.870850925503504 49
    endloop
  endfacet
  facet normal 0.09801714032955766 -0.9951847266721972 0
    outer loop
      vertex 5.864806296420113 38.93166701978279 45.30396571934088
      vertex 6.253108114004135 38.96991141072278 49
      vertex 5.864806296420113 38.93166701978279 49
    endloop
  endfacet
  facet normal 0.08257933616372483 -0.996584493778003 0
    outer loop
      vertex 6.253108114004135 38.96991141072278 45.30396571934088
      vertex 6.5 38.99036945334439 49
      vertex 6.253108114004135 38.96991141072278 49
    endloop
  endfacet
  facet normal 0 0 1
    outer loop
      vertex 5.2334175835884835 36.624833171107824 43.50963054665561
      vertex 7 36.5 43.50963054665561
      vertex 119 36.5 43.50963054665561
    endloop
  endfacet
  facet normal 0 0 1
    outer loop
      vertex 5.2334175835884835 36.624833171107824 43.50963054665561
      vertex 119.5 37.19603428065912 43.50963054665561
      vertex 6.5 37.19603428065912 43.50963054665561
    endloop
  endfacet
  facet normal 0 -0.19509032201612186 0.9807852804032318
    outer loop
      vertex 6.5 37.19603428065912 43.50963054665561
      vertex 119.5 37.19603428065912 43.50963054665561
      vertex 6.5 37.580569354508924 43.58611932853558
    endloop
  endfacet
  facet normal -2.562033486891379e-20 -0.3826834323650841 0.9238795325112891
    outer loop
      vertex 6.5 37.580569354508924 43.58611932853558
      vertex 119.5 37.942793473651996 43.73615747130329
      vertex 6.5 37.942793473651996 43.73615747130329
    endloop
  endfacet
  facet normal -1.3845385707149957e-19 -0.5555702330196148 0.8314696123025368
    outer loop
      vertex 6.5 37.942793473651996 43.73615747130329
      vertex 119.5 38.268786568327286 43.953979093274526
      vertex 6.5 38.268786568327286 43.953979093274526
    endloop
  endfacet
  facet normal 0 -0.7071067811865385 0.7071067811865566
    outer loop
      vertex 6.5 38.268786568327286 43.953979093274526
      vertex 119.5 38.268786568327286 43.953979093274526
      vertex 6.5 38.546020906725474 44.23121343167271
    endloop
  endfacet
  facet normal 2.5894885114253885e-20 -0.8314696123025423 0.5555702330196065
    outer loop
      vertex 6.5 38.546020906725474 44.23121343167271
      vertex 119.5 38.76384252869671 44.557206526348004
      vertex 6.5 38.76384252869671 44.557206526348004
    endloop
  endfacet
  facet normal -2.562033486891379e-20 -0.9238795325112891 0.3826834323650841
    outer loop
      vertex 6.5 38.76384252869671 44.557206526348004
      vertex 119.5 38.91388067146442 44.919430645491076
      vertex 6.5 38.91388067146442 44.919430645491076
    endloop
  endfacet
  facet normal -3.424760468405684e-21 -0.9807852804032318 0.19509032201612186
    outer loop
      vertex 6.5 38.91388067146442 44.919430645491076
      vertex 119.5 38.99036945334439 45.30396571934088
      vertex 6.5 38.99036945334439 45.30396571934088
    endloop
  endfacet
  facet normal 0 -1 0
    outer loop
      vertex 6.5 38.99036945334439 45.30396571934088
      vertex 119.5 38.99036945334439 49
      vertex 6.5 38.99036945334439 49
    endloop
  endfacet
  facet normal 0 0.5555702330196106 0.8314696123025395
    outer loop
      vertex 6.5 3.7312134316727104 43.953979093274526
      vertex 119.5 3.7312134316727104 43.953979093274526
      vertex 119.5 4.057206526348004 43.73615747130329
    endloop
  endfacet
  facet normal 0 0.707106781186543 0.7071067811865521
    outer loop
      vertex 6.5 3.7312134316727104 43.953979093274526
      vertex 119.5 3.4539790932745262 44.23121343167271
      vertex 119.5 3.7312134316727104 43.953979093274526
    endloop
  endfacet
  facet normal 0 0.9238795325112859 0.38268343236509184
    outer loop
      vertex 6.5 3.23615747130329 44.557206526348004
      vertex 119.5 3.086119328535581 44.919430645491076
      vertex 119.5 3.23615747130329 44.557206526348004
    endloop
  endfacet
  facet normal 0 0.9807852804032318 0.19509032201612186
    outer loop
      vertex 6.5 3.0096305466556075 45.30396571934088
      vertex 119.5 3.0096305466556075 45.30396571934088
      vertex 119.5 3.086119328535581 44.919430645491076
    endloop
  endfacet
  facet normal 0 0.8314696123025465 0.5555702330196002
    outer loop
      vertex 6.5 3.23615747130329 44.557206526348004
      vertex 119.5 3.23615747130329 44.557206526348004
      vertex 119.5 3.4539790932745262 44.23121343167271
    endloop
  endfacet
  facet normal 0 0.3826834323650841 0.9238795325112891
    outer loop
      vertex 6.5 4.419430645491076 43.58611932853558
      vertex 119.5 4.057206526348004 43.73615747130329
      vertex 119.5 4.419430645491076 43.58611932853558
    endloop
  endfacet
  facet normal 0 0.19509032201612186 0.9807852804032318
    outer loop
      vertex 6.5 4.419430645491076 43.58611932853558
      vertex 119.5 4.419430645491076 43.58611932853558
      vertex 119.5 4.80396571934088 43.50963054665561
    endloop
  endfacet
  facet normal 0 0 1
    outer loop
      vertex 7 5.5 43.50963054665561
      vertex 119.5 4.80396571934088 43.50963054665561
      vertex 119.74689188599586 4.824423761962493 43.50963054665561
    endloop
  endfacet
  facet normal 0 0 1
    outer loop
      vertex 7 5.5 43.50963054665561
      vertex 119.74689188599586 4.824423761962493 43.50963054665561
      vertex 119.78513627693584 4.8281905056967105 43.50963054665561
    endloop
  endfacet
  facet normal 0 0 1
    outer loop
      vertex 7 5.5 43.50963054665561
      vertex 119.78513627693584 4.8281905056967105 43.50963054665561
      vertex 120.02529359803131 4.889006599976 43.50963054665561
    endloop
  endfacet
  facet normal 0 0 1
    outer loop
      vertex 7 5.5 43.50963054665561
      vertex 120.02529359803131 4.889006599976 43.50963054665561
      vertex 120.06206827847518 4.900162077329366 43.50963054665561
    endloop
  endfacet
  facet normal 0 0 1
    outer loop
      vertex 7 5.5 43.50963054665561
      vertex 120.06206827847518 4.900162077329366 43.50963054665561
      vertex 120.28894016383447 4.999677314243524 43.50963054665561
    endloop
  endfacet
  facet normal 0 0 1
    outer loop
      vertex 7 5.5 43.50963054665561
      vertex 120.28894016383447 4.999677314243524 43.50963054665561
      vertex 120.32283190343624 5.017792826477411 43.50963054665561
    endloop
  endfacet
  facet normal 0 1 0
    outer loop
      vertex 6.5 3.0096305466556075 49
      vertex 119.5 3.0096305466556075 49
      vertex 119.5 3.0096305466556075 45.30396571934088
    endloop
  endfacet
  facet normal 0 0 1
    outer loop
      vertex 7 5.5 43.50963054665561
      vertex 120.32283190343624 5.017792826477411 43.50963054665561
      vertex 119 5.5 43.50963054665561
    endloop
  endfacet
  facet normal -0.05849221340686939 0.705896118763502 0.7058961187635111
    outer loop
      vertex 119.5 3.7312134316727104 43.953979093274526
      vertex 119.5 3.4539790932745262 44.23121343167271
      vertex 119.74689188599586 3.474437135896139 44.23121343167271
    endloop
  endfacet
  facet normal -0.068734584651431 0.8295031715207474 0.5542562992964686
    outer loop
      vertex 119.74689188599586 3.2566155139249027 44.557206526348004
      vertex 119.74689188599586 3.474437135896139 44.23121343167271
      vertex 119.5 3.4539790932745262 44.23121343167271
    endloop
  endfacet
  facet normal -0.08161938021295666 0.8286954742331523 0.5537166132229948
    outer loop
      vertex 119.74689188599586 3.474437135896139 44.23121343167271
      vertex 120.09100049290504 3.290507253526666 44.557206526348004
      vertex 120.0485056025326 3.504143494109613 44.23121343167271
    endloop
  endfacet
  facet normal -0.06947565488253998 0.7053981618131137 0.7053981618131157
    outer loop
      vertex 119.99441986618058 3.7760508524328777 43.953979093274526
      vertex 119.74689188599586 3.474437135896139 44.23121343167271
      vertex 120.0485056025326 3.504143494109613 44.23121343167271
    endloop
  endfacet
  facet normal -0.04598715229312543 0.5549824570819016 0.830589943447008
    outer loop
      vertex 119.5 3.7312134316727104 43.953979093274526
      vertex 119.74689188599586 3.751671474294323 43.953979093274526
      vertex 119.74689188599586 4.077664568969617 43.73615747130329
    endloop
  endfacet
  facet normal -0.05463715693312037 0.5547403638365404 0.830227625300898
    outer loop
      vertex 119.74689188599586 3.751671474294323 43.953979093274526
      vertex 119.99441986618058 3.7760508524328777 43.953979093274526
      vertex 119.74689188599586 4.077664568969617 43.73615747130329
    endloop
  endfacet
  facet normal -0.136510363128865 0.5390672238871819 0.8311266142345535
    outer loop
      vertex 119.99441986618058 3.7760508524328777 43.953979093274526
      vertex 120.23457718727605 3.836866946712167 43.953979093274526
      vertex 119.93082176836533 4.095780081203504 43.73615747130329
    endloop
  endfacet
  facet normal -0.05849221340686941 0.705896118763502 0.7058961187635111
    outer loop
      vertex 119.5 3.7312134316727104 43.953979093274526
      vertex 119.74689188599586 3.474437135896139 44.23121343167271
      vertex 119.74689188599586 3.751671474294323 43.953979093274526
    endloop
  endfacet
  facet normal -0.06947565488253173 0.7053981618131105 0.7053981618131195
    outer loop
      vertex 119.74689188599586 3.751671474294323 43.953979093274526
      vertex 119.74689188599586 3.474437135896139 44.23121343167271
      vertex 119.99441986618058 3.7760508524328777 43.953979093274526
    endloop
  endfacet
  facet normal -0.17370033093819887 0.6859270830504469 0.7066344399828424
    outer loop
      vertex 119.99441986618058 3.7760508524328777 43.953979093274526
      vertex 120.0485056025326 3.504143494109613 44.23121343167271
      vertex 120.23457718727605 3.836866946712167 43.953979093274526
    endloop
  endfacet
  facet normal -0.20419780645678184 0.8063588882742773 0.5550572935646467
    outer loop
      vertex 120.0485056025326 3.504143494109613 44.23121343167271
      vertex 120.3311578140005 3.3513233478059554 44.557206526348004
      vertex 120.28866292362807 3.564959588388902 44.23121343167271
    endloop
  endfacet
  facet normal -0.2417215536299509 0.7968491718961508 0.5537166132229929
    outer loop
      vertex 120.28866292362807 3.564959588388902 44.23121343167271
      vertex 120.3311578140005 3.3513233478059554 44.557206526348004
      vertex 120.57868579418522 3.6529370643426944 44.23121343167271
    endloop
  endfacet
  facet normal -0.17370033093819887 0.6859270830504469 0.7066344399828424
    outer loop
      vertex 120.0485056025326 3.504143494109613 44.23121343167271
      vertex 120.28866292362807 3.564959588388902 44.23121343167271
      vertex 120.23457718727605 3.836866946712167 43.953979093274526
    endloop
  endfacet
  facet normal -0.20575705419286788 0.678290106046486 0.7053981618131139
    outer loop
      vertex 120.23457718727605 3.836866946712167 43.953979093274526
      vertex 120.28866292362807 3.564959588388902 44.23121343167271
      vertex 120.47259280599755 3.909068195298083 43.953979093274526
    endloop
  endfacet
  facet normal -0.2057570541928713 0.6782901060464865 0.7053981618131124
    outer loop
      vertex 120.47259280599755 3.909068195298083 43.953979093274526
      vertex 120.28866292362807 3.564959588388902 44.23121343167271
      vertex 120.57868579418522 3.6529370643426944 44.23121343167271
    endloop
  endfacet
  facet normal -0.28407189684879164 0.6476186844760997 0.707031255983903
    outer loop
      vertex 120.47259280599755 3.909068195298083 43.953979093274526
      vertex 120.57868579418522 3.6529370643426944 44.23121343167271
      vertex 120.8055576795445 3.7524523012568523 44.23121343167271
    endloop
  endfacet
  facet normal -0.3340195611483563 0.7614878880304237 0.5554881899313652
    outer loop
      vertex 120.66204252012452 3.451696126065059 44.557206526348004
      vertex 120.8055576795445 3.7524523012568523 44.23121343167271
      vertex 120.57868579418522 3.6529370643426944 44.23121343167271
    endloop
  endfacet
  facet normal -0.2840718968487916 0.6476186844760999 0.707031255983903
    outer loop
      vertex 120.47259280599755 3.909068195298083 43.953979093274526
      vertex 120.8055576795445 3.7524523012568523 44.23121343167271
      vertex 120.69946469135684 4.008583432212241 43.953979093274526
    endloop
  endfacet
  facet normal -0.3341313253004743 0.6251157418939639 0.7053981618131051
    outer loop
      vertex 120.8055576795445 3.7524523012568523 44.23121343167271
      vertex 121.07284428785326 3.8953199698884013 44.23121343167271
      vertex 120.91882114186836 4.12583189775329 43.953979093274526
    endloop
  endfacet
  facet normal -0.3925345032999715 0.7343804027613333 0.5537166132229975
    outer loop
      vertex 120.8055576795445 3.7524523012568523 44.23121343167271
      vertex 121.19385949712853 3.7142079103168655 44.557206526348004
      vertex 121.07284428785326 3.8953199698884013 44.23121343167271
    endloop
  endfacet
  facet normal -0.4547782800315258 0.6960899517698621 0.5555497232981025
    outer loop
      vertex 121.07284428785326 3.8953199698884013 44.23121343167271
      vertex 121.40125747215609 3.849707775133531 44.557206526348004
      vertex 121.28024226288082 4.030819834705067 44.23121343167271
    endloop
  endfacet
  facet normal -0.07633148300000303 0.9211841106843189 0.38156695208804564
    outer loop
      vertex 119.5 3.23615747130329 44.557206526348004
      vertex 119.5 3.086119328535581 44.919430645491076
      vertex 119.74689188599586 3.2566155139249027 44.557206526348004
    endloop
  endfacet
  facet normal -0.0906198016816458 0.9200782869650688 0.3811089049059384
    outer loop
      vertex 119.74689188599586 3.2566155139249027 44.557206526348004
      vertex 119.74689188599586 3.1065773711571936 44.919430645491076
      vertex 120.09100049290504 3.290507253526666 44.557206526348004
    endloop
  endfacet
  facet normal -0.08100311007086536 0.977562271563506 0.19444922569772646
    outer loop
      vertex 119.5 3.086119328535581 44.919430645491076
      vertex 119.74689188599586 3.03008858927722 45.30396571934088
      vertex 119.74689188599586 3.1065773711571936 44.919430645491076
    endloop
  endfacet
  facet normal -0.09615134934208447 0.9762410328686747 0.1941864149810681
    outer loop
      vertex 119.74689188599586 3.1065773711571936 44.919430645491076
      vertex 120.13519370357989 3.068332980217207 45.30396571934088
      vertex 120.1202714824923 3.1433520516010596 44.919430645491076
    endloop
  endfacet
  facet normal -0.07633148300000306 0.9211841106843189 0.38156695208804564
    outer loop
      vertex 119.74689188599586 3.2566155139249027 44.557206526348004
      vertex 119.5 3.086119328535581 44.919430645491076
      vertex 119.74689188599586 3.1065773711571936 44.919430645491076
    endloop
  endfacet
  facet normal -0.09061980168164646 0.9200782869650689 0.38110890490593785
    outer loop
      vertex 120.09100049290504 3.290507253526666 44.557206526348004
      vertex 119.74689188599586 3.1065773711571936 44.919430645491076
      vertex 120.1202714824923 3.1433520516010596 44.919430645491076
    endloop
  endfacet
  facet normal -0.08100311007086539 0.977562271563506 0.19444922569772644
    outer loop
      vertex 119.5 3.086119328535581 44.919430645491076
      vertex 119.5 3.0096305466556075 45.30396571934088
      vertex 119.74689188599586 3.03008858927722 45.30396571934088
    endloop
  endfacet
  facet normal -0.09615134934208049 0.9762410328686758 0.1941864149810642
    outer loop
      vertex 119.74689188599586 3.1065773711571936 44.919430645491076
      vertex 119.74689188599586 3.03008858927722 45.30396571934088
      vertex 120.13519370357989 3.068332980217207 45.30396571934088
    endloop
  endfacet
  facet normal -0.06873458465143102 0.8295031715207474 0.5542562992964686
    outer loop
      vertex 119.5 3.23615747130329 44.557206526348004
      vertex 119.74689188599586 3.2566155139249027 44.557206526348004
      vertex 119.5 3.4539790932745262 44.23121343167271
    endloop
  endfacet
  facet normal -0.08161938021295448 0.8286954742331536 0.5537166132229931
    outer loop
      vertex 119.74689188599586 3.2566155139249027 44.557206526348004
      vertex 120.09100049290504 3.290507253526666 44.557206526348004
      vertex 119.74689188599586 3.474437135896139 44.23121343167271
    endloop
  endfacet
  facet normal -0.22684333300068774 0.8957840487360004 0.3822473548676016
    outer loop
      vertex 120.09100049290504 3.290507253526666 44.557206526348004
      vertex 120.1202714824923 3.1433520516010596 44.919430645491076
      vertex 120.36042880358777 3.204168145880349 44.919430645491076
    endloop
  endfacet
  facet normal -0.2407807792826667 0.950821778495833 0.19483983644535505
    outer loop
      vertex 120.1202714824923 3.1433520516010596 44.919430645491076
      vertex 120.13519370357989 3.068332980217207 45.30396571934088
      vertex 120.36042880358777 3.204168145880349 44.919430645491076
    endloop
  endfacet
  facet normal -0.28475900559334033 0.9387246374578044 0.194186414981084
    outer loop
      vertex 120.36042880358777 3.204168145880349 44.919430645491076
      vertex 120.7487306211718 3.242412536820339 45.30396571934088
      vertex 120.71945963158453 3.3130789568659686 44.919430645491076
    endloop
  endfacet
  facet normal -0.24078077928266667 0.950821778495833 0.19483983644535505
    outer loop
      vertex 120.36042880358777 3.204168145880349 44.919430645491076
      vertex 120.13519370357989 3.068332980217207 45.30396571934088
      vertex 120.37535102467535 3.129149074496496 45.30396571934088
    endloop
  endfacet
  facet normal -0.2847590055933263 0.9387246374578117 0.19418641498106912
    outer loop
      vertex 120.36042880358777 3.204168145880349 44.919430645491076
      vertex 120.37535102467535 3.129149074496496 45.30396571934088
      vertex 120.7487306211718 3.242412536820339 45.30396571934088
    endloop
  endfacet
  facet normal -0.20419780645678182 0.8063588882742773 0.5550572935646467
    outer loop
      vertex 120.0485056025326 3.504143494109613 44.23121343167271
      vertex 120.09100049290504 3.290507253526666 44.557206526348004
      vertex 120.3311578140005 3.3513233478059554 44.557206526348004
    endloop
  endfacet
  facet normal -0.22684333300068776 0.8957840487360004 0.3822473548676016
    outer loop
      vertex 120.09100049290504 3.290507253526666 44.557206526348004
      vertex 120.36042880358777 3.204168145880349 44.919430645491076
      vertex 120.3311578140005 3.3513233478059554 44.557206526348004
    endloop
  endfacet
  facet normal -0.26837693688646796 0.884720194382852 0.38110890490594107
    outer loop
      vertex 120.3311578140005 3.3513233478059554 44.557206526348004
      vertex 120.36042880358777 3.204168145880349 44.919430645491076
      vertex 120.66204252012452 3.451696126065059 44.557206526348004
    endloop
  endfacet
  facet normal -0.24172155362994194 0.7968491718961496 0.5537166132229985
    outer loop
      vertex 120.3311578140005 3.3513233478059554 44.557206526348004
      vertex 120.66204252012452 3.451696126065059 44.557206526348004
      vertex 120.57868579418522 3.6529370643426944 44.23121343167271
    endloop
  endfacet
  facet normal -0.3340195611483563 0.7614878880304237 0.5554881899313652
    outer loop
      vertex 120.66204252012452 3.451696126065059 44.557206526348004
      vertex 120.8889144054838 3.551211362979217 44.557206526348004
      vertex 120.8055576795445 3.7524523012568523 44.23121343167271
    endloop
  endfacet
  facet normal -0.37112979268720175 0.8460906931526184 0.3826136640796774
    outer loop
      vertex 120.66204252012452 3.451696126065059 44.557206526348004
      vertex 120.94633151694381 3.4125941937801265 44.919430645491076
      vertex 120.8889144054838 3.551211362979217 44.557206526348004
    endloop
  endfacet
  facet normal -0.2683769368864916 0.8847201943828529 0.38110890490592186
    outer loop
      vertex 120.66204252012452 3.451696126065059 44.557206526348004
      vertex 120.36042880358777 3.204168145880349 44.919430645491076
      vertex 120.71945963158453 3.3130789568659686 44.919430645491076
    endloop
  endfacet
  facet normal -0.37112979268720175 0.8460906931526184 0.3826136640796774
    outer loop
      vertex 120.66204252012452 3.451696126065059 44.557206526348004
      vertex 120.71945963158453 3.3130789568659686 44.919430645491076
      vertex 120.94633151694381 3.4125941937801265 44.919430645491076
    endloop
  endfacet
  facet normal -0.39398016651417694 0.8981842976301138 0.195050239385038
    outer loop
      vertex 120.7487306211718 3.242412536820339 45.30396571934088
      vertex 120.94633151694381 3.4125941937801265 44.919430645491076
      vertex 120.71945963158453 3.3130789568659686 44.919430645491076
    endloop
  endfacet
  facet normal -0.43582049691427105 0.8153628008873176 0.38110890490591554
    outer loop
      vertex 120.8889144054838 3.551211362979217 44.557206526348004
      vertex 120.94633151694381 3.4125941937801265 44.919430645491076
      vertex 121.27721622306782 3.5894557539192036 44.919430645491076
    endloop
  endfacet
  facet normal -0.4624235329542926 0.865133580672292 0.19418641498109365
    outer loop
      vertex 120.94633151694381 3.4125941937801265 44.919430645491076
      vertex 120.97560250653109 3.341927773734497 45.30396571934088
      vertex 121.27721622306782 3.5894557539192036 44.919430645491076
    endloop
  endfacet
  facet normal -0.39253450329997636 0.734380402761327 0.5537166132230025
    outer loop
      vertex 120.8889144054838 3.551211362979217 44.557206526348004
      vertex 121.19385949712853 3.7142079103168655 44.557206526348004
      vertex 120.8055576795445 3.7524523012568523 44.23121343167271
    endloop
  endfacet
  facet normal -0.4358204969143027 0.8153628008872832 0.3811089049059531
    outer loop
      vertex 120.8889144054838 3.551211362979217 44.557206526348004
      vertex 121.27721622306782 3.5894557539192036 44.919430645491076
      vertex 121.19385949712853 3.7142079103168655 44.557206526348004
    endloop
  endfacet
  facet normal -0.5053181731335054 0.7734470140934457 0.38266599050732186
    outer loop
      vertex 121.19385949712853 3.7142079103168655 44.557206526348004
      vertex 121.27721622306782 3.5894557539192036 44.919430645491076
      vertex 121.40125747215609 3.849707775133531 44.557206526348004
    endloop
  endfacet
  facet normal -0.4547782800315258 0.6960899517698621 0.5555497232981025
    outer loop
      vertex 121.07284428785326 3.8953199698884013 44.23121343167271
      vertex 121.19385949712853 3.7142079103168655 44.557206526348004
      vertex 121.40125747215609 3.849707775133531 44.557206526348004
    endloop
  endfacet
  facet normal -0.5865157196566309 0.7146714722143646 0.3811089049059563
    outer loop
      vertex 121.40125747215609 3.849707775133531 44.557206526348004
      vertex 121.48461419809539 3.7249556187358692 44.919430645491076
      vertex 121.66854408046484 4.069064225645054 44.557206526348004
    endloop
  endfacet
  facet normal -0.5053181731335054 0.7734470140934457 0.38266599050732186
    outer loop
      vertex 121.40125747215609 3.849707775133531 44.557206526348004
      vertex 121.27721622306782 3.5894557539192036 44.919430645491076
      vertex 121.48461419809539 3.7249556187358692 44.919430645491076
    endloop
  endfacet
  facet normal -0.5364398067112052 0.8210822186916042 0.19508030122008035
    outer loop
      vertex 121.27721622306782 3.5894557539192036 44.919430645491076
      vertex 121.31971111344026 3.525857656103966 45.30396571934088
      vertex 121.48461419809539 3.7249556187358692 44.919430645491076
    endloop
  endfacet
  facet normal -0.5865157196566331 0.7146714722143637 0.3811089049059543
    outer loop
      vertex 121.48461419809539 3.7249556187358692 44.919430645491076
      vertex 121.77463706865254 3.9629712374573742 44.919430645491076
      vertex 121.66854408046484 4.069064225645054 44.557206526348004
    endloop
  endfacet
  facet normal -0.6223173832739828 0.7582959255540183 0.19418641498106287
    outer loop
      vertex 121.48461419809539 3.7249556187358692 44.919430645491076
      vertex 121.82872280500456 3.908885501105342 45.30396571934088
      vertex 121.77463706865254 3.9629712374573742 44.919430645491076
    endloop
  endfacet
  facet normal -0.3939801665141769 0.8981842976301139 0.19505023938503796
    outer loop
      vertex 120.7487306211718 3.242412536820339 45.30396571934088
      vertex 120.97560250653109 3.341927773734497 45.30396571934088
      vertex 120.94633151694381 3.4125941937801265 44.919430645491076
    endloop
  endfacet
  facet normal -0.46242353295432276 0.8651335806722822 0.1941864149810639
    outer loop
      vertex 120.97560250653109 3.341927773734497 45.30396571934088
      vertex 121.31971111344026 3.525857656103966 45.30396571934088
      vertex 121.27721622306782 3.5894557539192036 44.919430645491076
    endloop
  endfacet
  facet normal -0.5364398067112052 0.8210822186916042 0.19508030122008035
    outer loop
      vertex 121.31971111344026 3.525857656103966 45.30396571934088
      vertex 121.52710908846782 3.6613575209206317 45.30396571934088
      vertex 121.48461419809539 3.7249556187358692 44.919430645491076
    endloop
  endfacet
  facet normal -0.6223173832739819 0.7582959255540194 0.19418641498106157
    outer loop
      vertex 121.48461419809539 3.7249556187358692 44.919430645491076
      vertex 121.52710908846782 3.6613575209206317 45.30396571934088
      vertex 121.82872280500456 3.908885501105342 45.30396571934088
    endloop
  endfacet
  facet normal -0.016163531284946357 0.19506483572762345 0.9806571521785562
    outer loop
      vertex 119.5 4.419430645491076 43.58611932853558
      vertex 119.74689188599586 4.439888688112688 43.58611932853558
      vertex 119.5 4.80396571934088 43.50963054665561
    endloop
  endfacet
  facet normal -0.03169411903102247 0.3824911780308813 0.9234153894902317
    outer loop
      vertex 119.74689188599586 4.077664568969617 43.73615747130329
      vertex 119.74689188599586 4.439888688112688 43.58611932853558
      vertex 119.5 4.419430645491076 43.58611932853558
    endloop
  endfacet
  facet normal -0.03766428459219277 0.3824118989919388 0.9232239929592047
    outer loop
      vertex 119.74689188599586 4.077664568969617 43.73615747130329
      vertex 119.86015534831971 4.451044165466055 43.58611932853558
      vertex 119.74689188599586 4.439888688112688 43.58611932853558
    endloop
  endfacet
  facet normal -0.09405036121085829 0.37139647101857065 0.923698647217294
    outer loop
      vertex 119.86015534831971 4.451044165466055 43.58611932853558
      vertex 120.1709790894608 4.156596175482793 43.73615747130329
      vertex 120.10031266941517 4.511860259745344 43.58611932853558
    endloop
  endfacet
  facet normal -0.01921117348907992 0.19505431778054985 0.9806042748878555
    outer loop
      vertex 119.74689188599586 4.439888688112688 43.58611932853558
      vertex 119.86015534831971 4.451044165466055 43.58611932853558
      vertex 119.78513627693584 4.8281905056967105 43.50963054665561
    endloop
  endfacet
  facet normal -0.04598715229312548 0.5549824570819016 0.830589943447008
    outer loop
      vertex 119.5 3.7312134316727104 43.953979093274526
      vertex 119.74689188599586 4.077664568969617 43.73615747130329
      vertex 119.5 4.057206526348004 43.73615747130329
    endloop
  endfacet
  facet normal -0.03169411903102244 0.3824911780308813 0.9234153894902317
    outer loop
      vertex 119.5 4.057206526348004 43.73615747130329
      vertex 119.74689188599586 4.077664568969617 43.73615747130329
      vertex 119.5 4.419430645491076 43.58611932853558
    endloop
  endfacet
  facet normal -0.05463715693312463 0.5547403638365378 0.8302276253008994
    outer loop
      vertex 119.99441986618058 3.7760508524328777 43.953979093274526
      vertex 119.93082176836533 4.095780081203504 43.73615747130329
      vertex 119.74689188599586 4.077664568969617 43.73615747130329
    endloop
  endfacet
  facet normal -0.03766428459219431 0.38241189899193906 0.9232239929592044
    outer loop
      vertex 119.74689188599586 4.077664568969617 43.73615747130329
      vertex 119.93082176836533 4.095780081203504 43.73615747130329
      vertex 119.86015534831971 4.451044165466055 43.58611932853558
    endloop
  endfacet
  facet normal -0.09405036121085829 0.37139647101857065 0.923698647217294
    outer loop
      vertex 119.93082176836533 4.095780081203504 43.73615747130329
      vertex 120.1709790894608 4.156596175482793 43.73615747130329
      vertex 119.86015534831971 4.451044165466055 43.58611932853558
    endloop
  endfacet
  facet normal -0.01616353128494636 0.19506483572762345 0.9806571521785562
    outer loop
      vertex 119.74689188599586 4.439888688112688 43.58611932853558
      vertex 119.74689188599586 4.824423761962493 43.50963054665561
      vertex 119.5 4.80396571934088 43.50963054665561
    endloop
  endfacet
  facet normal -0.019211173489077076 0.1950543177805496 0.9806042748878556
    outer loop
      vertex 119.74689188599586 4.439888688112688 43.58611932853558
      vertex 119.78513627693584 4.8281905056967105 43.50963054665561
      vertex 119.74689188599586 4.824423761962493 43.50963054665561
    endloop
  endfacet
  facet normal -0.04795340686870693 0.18936371806618088 0.9807353634135134
    outer loop
      vertex 119.86015534831971 4.451044165466055 43.58611932853558
      vertex 120.10031266941517 4.511860259745344 43.58611932853558
      vertex 120.02529359803131 4.889006599976 43.50963054665561
    endloop
  endfacet
  facet normal -0.04795340686870692 0.18936371806618088 0.9807353634135134
    outer loop
      vertex 119.86015534831971 4.451044165466055 43.58611932853558
      vertex 120.02529359803131 4.889006599976 43.50963054665561
      vertex 119.78513627693584 4.8281905056967105 43.50963054665561
    endloop
  endfacet
  facet normal -0.05689524584379958 0.18755848973596534 0.9806042748878557
    outer loop
      vertex 120.02529359803131 4.889006599976 43.50963054665561
      vertex 120.10031266941517 4.511860259745344 43.58611932853558
      vertex 120.06206827847518 4.900162077329366 43.50963054665561
    endloop
  endfacet
  facet normal 0 0 1
    outer loop
      vertex 120.32283190343624 5.017792826477411 43.50963054665561
      vertex 120.5302298784638 5.153292691294077 43.50963054665561
      vertex 119 5.5 43.50963054665561
    endloop
  endfacet
  facet normal -0.11154543644208251 0.367716024172744 0.9232239929592034
    outer loop
      vertex 120.34784064959987 4.210246543208605 43.73615747130329
      vertex 120.2092234804008 4.544897993066819 43.58611932853558
      vertex 120.10031266941517 4.511860259745344 43.58611932853558
    endloop
  endfacet
  facet normal -0.15375021457016247 0.3505151787360632 0.9238506269929434
    outer loop
      vertex 120.2092234804008 4.544897993066819 43.58611932853558
      vertex 120.57471253495916 4.309761780122763 43.73615747130329
      vertex 120.43609536576008 4.644413229980977 43.58611932853558
    endloop
  endfacet
  facet normal -0.18113995972489746 0.33888902876211413 0.9232239929592024
    outer loop
      vertex 120.57471253495916 4.309761780122763 43.73615747130329
      vertex 120.53646814401918 4.698063597706785 43.58611932853558
      vertex 120.43609536576008 4.644413229980977 43.58611932853558
    endloop
  endfacet
  facet normal -0.136510363128865 0.539067223887182 0.8311266142345535
    outer loop
      vertex 120.23457718727605 3.836866946712167 43.953979093274526
      vertex 120.1709790894608 4.156596175482793 43.73615747130329
      vertex 119.93082176836533 4.095780081203504 43.73615747130329
    endloop
  endfacet
  facet normal -0.1618117954993108 0.533422002756269 0.8302276253009051
    outer loop
      vertex 120.47259280599755 3.909068195298083 43.953979093274526
      vertex 120.34784064959987 4.210246543208605 43.73615747130329
      vertex 120.1709790894608 4.156596175482793 43.73615747130329
    endloop
  endfacet
  facet normal -0.1618117954992991 0.5334220027562794 0.8302276253009008
    outer loop
      vertex 120.23457718727605 3.836866946712167 43.953979093274526
      vertex 120.47259280599755 3.909068195298083 43.953979093274526
      vertex 120.1709790894608 4.156596175482793 43.73615747130329
    endloop
  endfacet
  facet normal -0.2232029800591338 0.508851533434101 0.8314147861413613
    outer loop
      vertex 120.47259280599755 3.909068195298083 43.953979093274526
      vertex 120.69946469135684 4.008583432212241 43.953979093274526
      vertex 120.57471253495916 4.309761780122763 43.73615747130329
    endloop
  endfacet
  facet normal -0.22320298005913378 0.508851533434101 0.8314147861413613
    outer loop
      vertex 120.47259280599755 3.909068195298083 43.953979093274526
      vertex 120.57471253495916 4.309761780122763 43.73615747130329
      vertex 120.34784064959987 4.210246543208605 43.73615747130329
    endloop
  endfacet
  facet normal -0.26276809750954033 0.4916045332565939 0.8302276253009069
    outer loop
      vertex 120.69946469135684 4.008583432212241 43.953979093274526
      vertex 120.91882114186836 4.12583189775329 43.953979093274526
      vertex 120.57471253495916 4.309761780122763 43.73615747130329
    endloop
  endfacet
  facet normal -0.3038793413305341 0.465121940379311 0.8314559077247003
    outer loop
      vertex 120.91882114186836 4.12583189775329 43.953979093274526
      vertex 121.12621911689592 4.261331762569956 43.953979093274526
      vertex 120.73770908229682 4.3968852497962665 43.73615747130329
    endloop
  endfacet
  facet normal -0.33413132530046424 0.6251157418939643 0.7053981618131097
    outer loop
      vertex 120.8055576795445 3.7524523012568523 44.23121343167271
      vertex 120.91882114186836 4.12583189775329 43.953979093274526
      vertex 120.69946469135684 4.008583432212241 43.953979093274526
    endloop
  endfacet
  facet normal -0.11154543644208545 0.36771602417274196 0.9232239929592039
    outer loop
      vertex 120.1709790894608 4.156596175482793 43.73615747130329
      vertex 120.34784064959987 4.210246543208605 43.73615747130329
      vertex 120.10031266941517 4.511860259745344 43.58611932853558
    endloop
  endfacet
  facet normal -0.15375021457016247 0.3505151787360632 0.9238506269929434
    outer loop
      vertex 120.34784064959987 4.210246543208605 43.73615747130329
      vertex 120.57471253495916 4.309761780122763 43.73615747130329
      vertex 120.2092234804008 4.544897993066819 43.58611932853558
    endloop
  endfacet
  facet normal -0.26276809750953406 0.4916045332566022 0.8302276253009041
    outer loop
      vertex 120.91882114186836 4.12583189775329 43.953979093274526
      vertex 120.73770908229682 4.3968852497962665 43.73615747130329
      vertex 120.57471253495916 4.309761780122763 43.73615747130329
    endloop
  endfacet
  facet normal -0.3038793413305341 0.465121940379311 0.8314559077247003
    outer loop
      vertex 120.73770908229682 4.3968852497962665 43.73615747130329
      vertex 121.12621911689592 4.261331762569956 43.953979093274526
      vertex 120.94510705732438 4.532385114612932 43.73615747130329
    endloop
  endfacet
  facet normal -0.181139959724891 0.33888902876211513 0.9232239929592033
    outer loop
      vertex 120.57471253495916 4.309761780122763 43.73615747130329
      vertex 120.73770908229682 4.3968852497962665 43.73615747130329
      vertex 120.53646814401918 4.698063597706785 43.58611932853558
    endloop
  endfacet
  facet normal -0.20931754397745736 0.3203843399947638 0.9238723074480395
    outer loop
      vertex 120.73770908229682 4.3968852497962665 43.73615747130329
      vertex 120.94510705732438 4.532385114612932 43.73615747130329
      vertex 120.53646814401918 4.698063597706785 43.58611932853558
    endloop
  endfacet
  facet normal -0.35362636889454624 0.43089497723886033 0.8302276253009053
    outer loop
      vertex 120.94510705732438 4.532385114612932 43.73615747130329
      vertex 121.12621911689592 4.261331762569956 43.953979093274526
      vertex 121.08797472595592 4.649633580153978 43.73615747130329
    endloop
  endfacet
  facet normal -0.3867610874007234 0.5919818920476286 0.70708790172108
    outer loop
      vertex 121.07284428785326 3.8953199698884013 44.23121343167271
      vertex 121.28024226288082 4.030819834705067 44.23121343167271
      vertex 120.91882114186836 4.12583189775329 43.953979093274526
    endloop
  endfacet
  facet normal -0.5282625721440144 0.6436898065937051 0.5537166132229994
    outer loop
      vertex 121.40125747215609 3.849707775133531 44.557206526348004
      vertex 121.51452093447995 4.223087371629969 44.23121343167271
      vertex 121.28024226288082 4.030819834705067 44.23121343167271
    endloop
  endfacet
  facet normal -0.3867610874007234 0.5919818920476286 0.70708790172108
    outer loop
      vertex 120.91882114186836 4.12583189775329 43.953979093274526
      vertex 121.28024226288082 4.030819834705067 44.23121343167271
      vertex 121.12621911689592 4.261331762569956 43.953979093274526
    endloop
  endfacet
  facet normal -0.4496651169597471 0.5479185303494248 0.7053981618131021
    outer loop
      vertex 121.12621911689592 4.261331762569956 43.953979093274526
      vertex 121.28024226288082 4.030819834705067 44.23121343167271
      vertex 121.51452093447995 4.223087371629969 44.23121343167271
    endloop
  endfacet
  facet normal -0.3536263688945333 0.4308949772388637 0.8302276253009091
    outer loop
      vertex 121.12621911689592 4.261331762569956 43.953979093274526
      vertex 121.31848665382083 4.419121652289089 43.953979093274526
      vertex 121.08797472595592 4.649633580153978 43.73615747130329
    endloop
  endfacet
  facet normal -0.4496651169597594 0.5479185303493973 0.7053981618131155
    outer loop
      vertex 121.12621911689592 4.261331762569956 43.953979093274526
      vertex 121.51452093447995 4.223087371629969 44.23121343167271
      vertex 121.31848665382083 4.419121652289089 43.953979093274526
    endloop
  endfacet
  facet normal -0.47911497367575934 0.5204576311589821 0.7068045671669485
    outer loop
      vertex 121.31848665382083 4.419121652289089 43.953979093274526
      vertex 121.51452093447995 4.223087371629969 44.23121343167271
      vertex 121.69678773607563 4.39087577287604 44.23121343167271
    endloop
  endfacet
  facet normal -0.47911497367575934 0.5204576311589821 0.7068045671669485
    outer loop
      vertex 121.31848665382083 4.419121652289089 43.953979093274526
      vertex 121.69678773607563 4.39087577287604 44.23121343167271
      vertex 121.50075345541651 4.58691005353516 43.953979093274526
    endloop
  endfacet
  facet normal -0.5632875058746907 0.6118933806635596 0.5552419980743446
    outer loop
      vertex 121.51452093447995 4.223087371629969 44.23121343167271
      vertex 121.85081088206053 4.236852626891125 44.557206526348004
      vertex 121.69678773607563 4.39087577287604 44.23121343167271
    endloop
  endfacet
  facet normal -0.5479185303493942 0.4496651169597629 0.7053981618131159
    outer loop
      vertex 121.50075345541651 4.58691005353516 43.953979093274526
      vertex 121.69678773607563 4.39087577287604 44.23121343167271
      vertex 121.88905527300054 4.625154444475147 44.23121343167271
    endloop
  endfacet
  facet normal -0.6436898065936969 0.5282625721440558 0.5537166132229693
    outer loop
      vertex 121.69678773607563 4.39087577287604 44.23121343167271
      vertex 122.07016733257205 4.5041392351998795 44.557206526348004
      vertex 121.88905527300054 4.625154444475147 44.23121343167271
    endloop
  endfacet
  facet normal -0.05689524584380823 0.18755848973596442 0.9806042748878555
    outer loop
      vertex 120.06206827847518 4.900162077329366 43.50963054665561
      vertex 120.10031266941517 4.511860259745344 43.58611932853558
      vertex 120.2092234804008 4.544897993066819 43.58611932853558
    endloop
  endfacet
  facet normal -0.07838299469192613 0.17869522635216017 0.9807773051116527
    outer loop
      vertex 120.2092234804008 4.544897993066819 43.58611932853558
      vertex 120.43609536576008 4.644413229980977 43.58611932853558
      vertex 120.28894016383447 4.999677314243524 43.50963054665561
    endloop
  endfacet
  facet normal -0.07838299469192613 0.17869522635216017 0.9807773051116527
    outer loop
      vertex 120.06206827847518 4.900162077329366 43.50963054665561
      vertex 120.2092234804008 4.544897993066819 43.58611932853558
      vertex 120.28894016383447 4.999677314243524 43.50963054665561
    endloop
  endfacet
  facet normal -0.09239286580797618 0.17285489411483929 0.9806042748878556
    outer loop
      vertex 120.43609536576008 4.644413229980977 43.58611932853558
      vertex 120.53646814401918 4.698063597706785 43.58611932853558
      vertex 120.28894016383447 4.999677314243524 43.50963054665561
    endloop
  endfacet
  facet normal -0.09239286580796342 0.17285489411484964 0.980604274887855
    outer loop
      vertex 120.53646814401918 4.698063597706785 43.58611932853558
      vertex 120.32283190343624 5.017792826477411 43.50963054665561
      vertex 120.28894016383447 4.999677314243524 43.50963054665561
    endloop
  endfacet
  facet normal -0.20931754397745736 0.32038433999476384 0.9238723074480395
    outer loop
      vertex 120.94510705732438 4.532385114612932 43.73615747130329
      vertex 120.74386611904674 4.8335634625234505 43.58611932853558
      vertex 120.53646814401918 4.698063597706785 43.58611932853558
    endloop
  endfacet
  facet normal -0.10670977617447253 0.1633314654901993 0.9807832869954595
    outer loop
      vertex 120.53646814401918 4.698063597706785 43.58611932853558
      vertex 120.74386611904674 4.8335634625234505 43.58611932853558
      vertex 120.5302298784638 5.153292691294077 43.50963054665561
    endloop
  endfacet
  facet normal -0.24377337593994844 0.2970387180273096 0.9232239929592022
    outer loop
      vertex 120.74386611904674 4.8335634625234505 43.58611932853558
      vertex 121.08797472595592 4.649633580153978 43.73615747130329
      vertex 120.83184359500054 4.9057647111093665 43.58611932853558
    endloop
  endfacet
  facet normal -0.10670977617447253 0.1633314654901993 0.9807832869954595
    outer loop
      vertex 120.53646814401918 4.698063597706785 43.58611932853558
      vertex 120.5302298784638 5.153292691294077 43.50963054665561
      vertex 120.32283190343624 5.017792826477411 43.50963054665561
    endloop
  endfacet
  facet normal -0.12433987975366331 0.1515085818510234 0.9806042748878552
    outer loop
      vertex 120.74386611904674 4.8335634625234505 43.58611932853558
      vertex 120.83184359500054 4.9057647111093665 43.58611932853558
      vertex 120.55993623667727 5.177672069432633 43.50963054665561
    endloop
  endfacet
  facet normal -0.12433987975366216 0.15150858185102406 0.9806042748878553
    outer loop
      vertex 120.74386611904674 4.8335634625234505 43.58611932853558
      vertex 120.55993623667727 5.177672069432633 43.50963054665561
      vertex 120.5302298784638 5.153292691294077 43.50963054665561
    endloop
  endfacet
  facet normal -0.259373536686342 0.281754785189527 0.9237638277663951
    outer loop
      vertex 120.83184359500054 4.9057647111093665 43.58611932853558
      vertex 121.2702415275516 4.817421981400049 43.73615747130329
      vertex 121.01411039659622 5.073553112355439 43.58611932853558
    endloop
  endfacet
  facet normal -0.13223973939366945 0.14365065859220616 0.9807533530970566
    outer loop
      vertex 120.83184359500054 4.9057647111093665 43.58611932853558
      vertex 120.74220303827296 5.345460470678704 43.50963054665561
      vertex 120.55993623667727 5.177672069432633 43.50963054665561
    endloop
  endfacet
  facet normal -0.13223973939367062 0.14365065859220588 0.9807533530970565
    outer loop
      vertex 120.83184359500054 4.9057647111093665 43.58611932853558
      vertex 121.01411039659622 5.073553112355439 43.58611932853558
      vertex 120.74220303827296 5.345460470678704 43.50963054665561
    endloop
  endfacet
  facet normal -0.15150858185101546 0.12433987975367265 0.9806042748878553
    outer loop
      vertex 121.01411039659622 5.073553112355439 43.58611932853558
      vertex 121.08631164518215 5.161530588309233 43.58611932853558
      vertex 120.74220303827296 5.345460470678704 43.50963054665561
    endloop
  endfacet
  facet normal -0.2970387180272927 0.24377337593996565 0.9232239929592031
    outer loop
      vertex 121.01411039659622 5.073553112355439 43.58611932853558
      vertex 121.2702415275516 4.817421981400049 43.73615747130329
      vertex 121.08631164518215 5.161530588309233 43.58611932853558
    endloop
  endfacet
  facet normal -0.30266652535117305 0.23557480742521694 0.9235244904919521
    outer loop
      vertex 121.08631164518215 5.161530588309233 43.58611932853558
      vertex 121.38748999309266 4.960289650031598 43.73615747130329
      vertex 121.23847549346306 5.357030708829825 43.58611932853558
    endloop
  endfacet
  facet normal -0.2437733759399526 0.29703871802730264 0.9232239929592034
    outer loop
      vertex 120.94510705732438 4.532385114612932 43.73615747130329
      vertex 121.08797472595592 4.649633580153978 43.73615747130329
      vertex 120.74386611904674 4.8335634625234505 43.58611932853558
    endloop
  endfacet
  facet normal -0.25937353668634133 0.2817547851895293 0.9237638277663947
    outer loop
      vertex 120.83184359500054 4.9057647111093665 43.58611932853558
      vertex 121.08797472595592 4.649633580153978 43.73615747130329
      vertex 121.2702415275516 4.817421981400049 43.73615747130329
    endloop
  endfacet
  facet normal -0.3764997903746031 0.40898782087079955 0.8312501850990678
    outer loop
      vertex 121.31848665382083 4.419121652289089 43.953979093274526
      vertex 121.2702415275516 4.817421981400049 43.73615747130329
      vertex 121.08797472595592 4.649633580153978 43.73615747130329
    endloop
  endfacet
  facet normal -0.3764997903746032 0.40898782087079955 0.8312501850990678
    outer loop
      vertex 121.31848665382083 4.419121652289089 43.953979093274526
      vertex 121.50075345541651 4.58691005353516 43.953979093274526
      vertex 121.2702415275516 4.817421981400049 43.73615747130329
    endloop
  endfacet
  facet normal -0.4308949772388553 0.35362636889453714 0.8302276253009118
    outer loop
      vertex 121.50075345541651 4.58691005353516 43.953979093274526
      vertex 121.38748999309266 4.960289650031598 43.73615747130329
      vertex 121.2702415275516 4.817421981400049 43.73615747130329
    endloop
  endfacet
  facet normal -0.43089497723887565 0.3536263688945272 0.8302276253009053
    outer loop
      vertex 121.50075345541651 4.58691005353516 43.953979093274526
      vertex 121.65854334513564 4.779177590460062 43.953979093274526
      vertex 121.38748999309266 4.960289650031598 43.73615747130329
    endloop
  endfacet
  facet normal -0.4392168060856838 0.3418561546953471 0.8307965856627011
    outer loop
      vertex 121.65854334513564 4.779177590460062 43.953979093274526
      vertex 121.81070719341655 4.974677710980654 43.953979093274526
      vertex 121.38748999309266 4.960289650031598 43.73615747130329
    endloop
  endfacet
  facet normal -0.5479185303493993 0.44966511695974076 0.7053981618131259
    outer loop
      vertex 121.50075345541651 4.58691005353516 43.953979093274526
      vertex 121.88905527300054 4.625154444475147 44.23121343167271
      vertex 121.65854334513564 4.779177590460062 43.953979093274526
    endloop
  endfacet
  facet normal -0.6566759796534563 0.5111114196330104 0.5545644908095921
    outer loop
      vertex 121.88905527300054 4.625154444475147 44.23121343167271
      vertex 122.22233118085296 4.699639355720471 44.557206526348004
      vertex 122.04121912128144 4.820654564995738 44.23121343167271
    endloop
  endfacet
  facet normal -0.5587367767108189 0.4348822798369216 0.7061803006560337
    outer loop
      vertex 121.65854334513564 4.779177590460062 43.953979093274526
      vertex 121.88905527300054 4.625154444475147 44.23121343167271
      vertex 121.81070719341655 4.974677710980654 43.953979093274526
    endloop
  endfacet
  facet normal -0.5587367767108189 0.43488227983692157 0.7061803006560337
    outer loop
      vertex 121.81070719341655 4.974677710980654 43.953979093274526
      vertex 121.88905527300054 4.625154444475147 44.23121343167271
      vertex 122.04121912128144 4.820654564995738 44.23121343167271
    endloop
  endfacet
  facet normal -0.2970387180273099 0.24377337593995518 0.9232239929592003
    outer loop
      vertex 121.2702415275516 4.817421981400049 43.73615747130329
      vertex 121.38748999309266 4.960289650031598 43.73615747130329
      vertex 121.08631164518215 5.161530588309233 43.58611932853558
    endloop
  endfacet
  facet normal -0.30266652535117305 0.23557480742521694 0.9235244904919521
    outer loop
      vertex 121.38748999309266 4.960289650031598 43.73615747130329
      vertex 121.53965384137356 5.15578977055219 43.73615747130329
      vertex 121.23847549346306 5.357030708829825 43.58611932853558
    endloop
  endfacet
  facet normal -0.4392168060856838 0.3418561546953471 0.8307965856627011
    outer loop
      vertex 121.38748999309266 4.960289650031598 43.73615747130329
      vertex 121.81070719341655 4.974677710980654 43.953979093274526
      vertex 121.53965384137356 5.15578977055219 43.73615747130329
    endloop
  endfacet
  facet normal -0.4900728172897653 0.26521414594611437 0.8303554001412561
    outer loop
      vertex 121.53965384137356 5.15578977055219 43.73615747130329
      vertex 121.81070719341655 4.974677710980654 43.953979093274526
      vertex 121.65756411474669 5.373668872186215 43.73615747130329
    endloop
  endfacet
  facet normal -0.4900728172897653 0.26521414594611437 0.8303554001412561
    outer loop
      vertex 121.81070719341655 4.974677710980654 43.953979093274526
      vertex 121.92861746678967 5.192556812614679 43.953979093274526
      vertex 121.65756411474669 5.373668872186215 43.73615747130329
    endloop
  endfacet
  facet normal -0.6232272191606476 0.3372737046999543 0.7055737250034569
    outer loop
      vertex 121.81070719341655 4.974677710980654 43.953979093274526
      vertex 122.04121912128144 4.820654564995738 44.23121343167271
      vertex 121.92861746678967 5.192556812614679 43.953979093274526
    endloop
  endfacet
  facet normal -0.6232272191606498 0.3372737046999528 0.7055737250034557
    outer loop
      vertex 121.92861746678967 5.192556812614679 43.953979093274526
      vertex 122.04121912128144 4.820654564995738 44.23121343167271
      vertex 122.15912939465457 5.038533666629766 44.23121343167271
    endloop
  endfacet
  facet normal -0.5282625721440544 0.6436898065936945 0.5537166132229734
    outer loop
      vertex 121.40125747215609 3.849707775133531 44.557206526348004
      vertex 121.66854408046484 4.069064225645054 44.557206526348004
      vertex 121.51452093447995 4.223087371629969 44.23121343167271
    endloop
  endfacet
  facet normal -0.6258048225051221 0.6798052938944539 0.38240434950770075
    outer loop
      vertex 121.66854408046484 4.069064225645054 44.557206526348004
      vertex 121.77463706865254 3.9629712374573742 44.919430645491076
      vertex 121.85081088206053 4.236852626891125 44.557206526348004
    endloop
  endfacet
  facet normal -0.5632875058746908 0.6118933806635596 0.5552419980743446
    outer loop
      vertex 121.51452093447995 4.223087371629969 44.23121343167271
      vertex 121.66854408046484 4.069064225645054 44.557206526348004
      vertex 121.85081088206053 4.236852626891125 44.557206526348004
    endloop
  endfacet
  facet normal -0.6642893643846667 0.7216106529488786 0.19493000260634188
    outer loop
      vertex 121.77463706865254 3.9629712374573742 44.919430645491076
      vertex 122.01098960660025 4.076673902351413 45.30396571934088
      vertex 121.95690387024823 4.130759638703445 44.919430645491076
    endloop
  endfacet
  facet normal -0.6258048225051221 0.6798052938944539 0.38240434950770075
    outer loop
      vertex 121.85081088206053 4.236852626891125 44.557206526348004
      vertex 121.77463706865254 3.9629712374573742 44.919430645491076
      vertex 121.95690387024823 4.130759638703445 44.919430645491076
    endloop
  endfacet
  facet normal -0.7146714722143619 0.5865157196566317 0.38110890490595967
    outer loop
      vertex 121.85081088206053 4.236852626891125 44.557206526348004
      vertex 121.95690387024823 4.130759638703445 44.919430645491076
      vertex 122.19491948896973 4.420782509260597 44.919430645491076
    endloop
  endfacet
  facet normal -0.7582959255540187 0.6223173832739831 0.1941864149810592
    outer loop
      vertex 121.95690387024823 4.130759638703445 44.919430645491076
      vertex 122.01098960660025 4.076673902351413 45.30396571934088
      vertex 122.19491948896973 4.420782509260597 44.919430645491076
    endloop
  endfacet
  facet normal -0.6436898065936963 0.5282625721440575 0.5537166132229682
    outer loop
      vertex 121.85081088206053 4.236852626891125 44.557206526348004
      vertex 122.07016733257205 4.5041392351998795 44.557206526348004
      vertex 121.69678773607563 4.39087577287604 44.23121343167271
    endloop
  endfacet
  facet normal -0.7146714722143623 0.5865157196566309 0.3811089049059605
    outer loop
      vertex 121.85081088206053 4.236852626891125 44.557206526348004
      vertex 122.19491948896973 4.420782509260597 44.919430645491076
      vertex 122.07016733257205 4.5041392351998795 44.557206526348004
    endloop
  endfacet
  facet normal -0.6642893643846667 0.7216106529488786 0.19493000260634188
    outer loop
      vertex 121.82872280500456 3.908885501105342 45.30396571934088
      vertex 122.01098960660025 4.076673902351413 45.30396571934088
      vertex 121.77463706865254 3.9629712374573742 44.919430645491076
    endloop
  endfacet
  facet normal -0.6566759796534563 0.5111114196330104 0.5545644908095921
    outer loop
      vertex 121.88905527300054 4.625154444475147 44.23121343167271
      vertex 122.07016733257205 4.5041392351998795 44.557206526348004
      vertex 122.22233118085296 4.699639355720471 44.557206526348004
    endloop
  endfacet
  facet normal -0.7322310711941464 0.3962636394647021 0.5539068391129157
    outer loop
      vertex 122.04121912128144 4.820654564995738 44.23121343167271
      vertex 122.34024145422609 4.917518457354497 44.557206526348004
      vertex 122.15912939465457 5.038533666629766 44.23121343167271
    endloop
  endfacet
  facet normal -0.6251157418939598 0.3341313253004426 0.7053981618131238
    outer loop
      vertex 121.92861746678967 5.192556812614679 43.953979093274526
      vertex 122.15912939465457 5.038533666629766 44.23121343167271
      vertex 122.30199706328611 5.305820274938521 44.23121343167271
    endloop
  endfacet
  facet normal -0.7343804027613499 0.3925345032999459 0.5537166132229938
    outer loop
      vertex 122.15912939465457 5.038533666629766 44.23121343167271
      vertex 122.50323800156374 5.222463548999237 44.557206526348004
      vertex 122.30199706328611 5.305820274938521 44.23121343167271
    endloop
  endfacet
  facet normal -0.7293498061785209 0.5676757280534142 0.3818286631545363
    outer loop
      vertex 122.07016733257205 4.5041392351998795 44.557206526348004
      vertex 122.19491948896973 4.420782509260597 44.919430645491076
      vertex 122.22233118085296 4.699639355720471 44.557206526348004
    endloop
  endfacet
  facet normal -0.7293498061785209 0.5676757280534142 0.38182866315453623
    outer loop
      vertex 122.22233118085296 4.699639355720471 44.557206526348004
      vertex 122.19491948896973 4.420782509260597 44.919430645491076
      vertex 122.34708333725064 4.616282629781189 44.919430645491076
    endloop
  endfacet
  facet normal -0.7740543551011652 0.602470674376811 0.19459943952866302
    outer loop
      vertex 122.19491948896973 4.420782509260597 44.919430645491076
      vertex 122.25851758678496 4.378287618888152 45.30396571934088
      vertex 122.34708333725064 4.616282629781189 44.919430645491076
    endloop
  endfacet
  facet normal -0.7582959255540189 0.6223173832739832 0.19418641498105912
    outer loop
      vertex 122.01098960660025 4.076673902351413 45.30396571934088
      vertex 122.25851758678496 4.378287618888152 45.30396571934088
      vertex 122.19491948896973 4.420782509260597 44.919430645491076
    endloop
  endfacet
  facet normal -0.7740543551011652 0.602470674376811 0.19459943952866302
    outer loop
      vertex 122.25851758678496 4.378287618888152 45.30396571934088
      vertex 122.41068143506587 4.573787739408743 45.30396571934088
      vertex 122.34708333725064 4.616282629781189 44.919430645491076
    endloop
  endfacet
  facet normal -0.7322310711941459 0.39626363946470505 0.5539068391129144
    outer loop
      vertex 122.04121912128144 4.820654564995738 44.23121343167271
      vertex 122.22233118085296 4.699639355720471 44.557206526348004
      vertex 122.34024145422609 4.917518457354497 44.557206526348004
    endloop
  endfacet
  facet normal -0.8130414680928255 0.4399960393059673 0.3812703195326441
    outer loop
      vertex 122.22233118085296 4.699639355720471 44.557206526348004
      vertex 122.46499361062376 4.8341617314152145 44.919430645491076
      vertex 122.34024145422609 4.917518457354497 44.557206526348004
    endloop
  endfacet
  facet normal -0.8130414680928255 0.4399960393059673 0.38127031953264423
    outer loop
      vertex 122.22233118085296 4.699639355720471 44.557206526348004
      vertex 122.34708333725064 4.616282629781189 44.919430645491076
      vertex 122.46499361062376 4.8341617314152145 44.919430645491076
    endloop
  endfacet
  facet normal -0.8627165314901173 0.4668788392673904 0.1942790151766158
    outer loop
      vertex 122.34708333725064 4.616282629781189 44.919430645491076
      vertex 122.528591708439 4.791666841042769 45.30396571934088
      vertex 122.46499361062376 4.8341617314152145 44.919430645491076
    endloop
  endfacet
  facet normal -0.7343804027613473 0.39253450329998607 0.5537166132229685
    outer loop
      vertex 122.34024145422609 4.917518457354497 44.557206526348004
      vertex 122.50323800156374 5.222463548999237 44.557206526348004
      vertex 122.15912939465457 5.038533666629766 44.23121343167271
    endloop
  endfacet
  facet normal -0.8153628008872889 0.4358204969143043 0.38110890490593924
    outer loop
      vertex 122.34024145422609 4.917518457354497 44.557206526348004
      vertex 122.64185517076284 5.165046437539207 44.919430645491076
      vertex 122.50323800156374 5.222463548999237 44.557206526348004
    endloop
  endfacet
  facet normal -0.8153628008872937 0.4358204969142729 0.3811089049059647
    outer loop
      vertex 122.34024145422609 4.917518457354497 44.557206526348004
      vertex 122.46499361062376 4.8341617314152145 44.919430645491076
      vertex 122.64185517076284 5.165046437539207 44.919430645491076
    endloop
  endfacet
  facet normal -0.8651335806722918 0.46242353295430816 0.1941864149810564
    outer loop
      vertex 122.46499361062376 4.8341617314152145 44.919430645491076
      vertex 122.528591708439 4.791666841042769 45.30396571934088
      vertex 122.64185517076284 5.165046437539207 44.919430645491076
    endloop
  endfacet
  facet normal -0.9277114172908323 0.31848373763527354 0.19472964615101962
    outer loop
      vertex 122.64185517076284 5.165046437539207 44.919430645491076
      vertex 122.71252159080846 5.1357754479519535 45.30396571934088
      vertex 122.72229558024436 5.399361341156112 44.919430645491076
    endloop
  endfacet
  facet normal -0.8627165314901173 0.4668788392673904 0.1942790151766158
    outer loop
      vertex 122.41068143506587 4.573787739408743 45.30396571934088
      vertex 122.528591708439 4.791666841042769 45.30396571934088
      vertex 122.34708333725064 4.616282629781189 44.919430645491076
    endloop
  endfacet
  facet normal -0.8651335806722888 0.46242353295431193 0.19418641498106096
    outer loop
      vertex 122.528591708439 4.791666841042769 45.30396571934088
      vertex 122.71252159080846 5.1357754479519535 45.30396571934088
      vertex 122.64185517076284 5.165046437539207 44.919430645491076
    endloop
  endfacet
  facet normal -0.08257933616372483 0.996584493778003 0
    outer loop
      vertex 119.5 3.0096305466556075 45.30396571934088
      vertex 119.5 3.0096305466556075 49
      vertex 119.74689188599586 3.03008858927722 45.30396571934088
    endloop
  endfacet
  facet normal -0.09801714032955766 0.9951847266721972 0
    outer loop
      vertex 119.74689188599586 3.03008858927722 45.30396571934088
      vertex 119.74689188599586 3.03008858927722 49
      vertex 120.13519370357989 3.068332980217207 45.30396571934088
    endloop
  endfacet
  facet normal -0.24548549108583023 0.969400264940313 0
    outer loop
      vertex 120.13519370357989 3.068332980217207 45.30396571934088
      vertex 120.13519370357989 3.068332980217207 49
      vertex 120.37535102467535 3.129149074496496 45.30396571934088
    endloop
  endfacet
  facet normal -0.29028467725445706 0.9569403357322105 0
    outer loop
      vertex 120.37535102467535 3.129149074496496 45.30396571934088
      vertex 120.37535102467535 3.129149074496496 49
      vertex 120.7487306211718 3.242412536820339 45.30396571934088
    endloop
  endfacet
  facet normal -0.4016954292016562 0.9157733246598184 0
    outer loop
      vertex 120.7487306211718 3.242412536820339 45.30396571934088
      vertex 120.7487306211718 3.242412536820339 49
      vertex 120.97560250653109 3.341927773734497 45.30396571934088
    endloop
  endfacet
  facet normal -0.47139673682600186 0.8819212643483528 0
    outer loop
      vertex 120.97560250653109 3.341927773734497 45.30396571934088
      vertex 120.97560250653109 3.341927773734497 49
      vertex 121.31971111344026 3.525857656103966 45.30396571934088
    endloop
  endfacet
  facet normal -0.5469481722948649 0.8371664690032126 0
    outer loop
      vertex 121.31971111344026 3.525857656103966 45.30396571934088
      vertex 121.31971111344026 3.525857656103966 49
      vertex 121.52710908846782 3.6613575209206317 45.30396571934088
    endloop
  endfacet
  facet normal -0.6343932841636513 0.7730104533627321 0
    outer loop
      vertex 121.52710908846782 3.6613575209206317 45.30396571934088
      vertex 121.52710908846782 3.6613575209206317 49
      vertex 121.82872280500456 3.908885501105342 45.30396571934088
    endloop
  endfacet
  facet normal -0.08257933616372483 0.996584493778003 0
    outer loop
      vertex 119.74689188599586 3.03008858927722 45.30396571934088
      vertex 119.5 3.0096305466556075 49
      vertex 119.74689188599586 3.03008858927722 49
    endloop
  endfacet
  facet normal -0.09801714032955766 0.9951847266721972 0
    outer loop
      vertex 120.13519370357989 3.068332980217207 45.30396571934088
      vertex 119.74689188599586 3.03008858927722 49
      vertex 120.13519370357989 3.068332980217207 49
    endloop
  endfacet
  facet normal -0.24548549108583023 0.969400264940313 0
    outer loop
      vertex 120.37535102467535 3.129149074496496 45.30396571934088
      vertex 120.13519370357989 3.068332980217207 49
      vertex 120.37535102467535 3.129149074496496 49
    endloop
  endfacet
  facet normal -0.29028467725445706 0.9569403357322105 0
    outer loop
      vertex 120.7487306211718 3.242412536820339 45.30396571934088
      vertex 120.37535102467535 3.129149074496496 49
      vertex 120.7487306211718 3.242412536820339 49
    endloop
  endfacet
  facet normal -0.4016954292016562 0.9157733246598184 0
    outer loop
      vertex 120.97560250653109 3.341927773734497 45.30396571934088
      vertex 120.7487306211718 3.242412536820339 49
      vertex 120.97560250653109 3.341927773734497 49
    endloop
  endfacet
  facet normal -0.47139673682600186 0.8819212643483528 0
    outer loop
      vertex 121.31971111344026 3.525857656103966 45.30396571934088
      vertex 120.97560250653109 3.341927773734497 49
      vertex 121.31971111344026 3.525857656103966 49
    endloop
  endfacet
  facet normal -0.5469481722948649 0.8371664690032126 0
    outer loop
      vertex 121.52710908846782 3.6613575209206317 45.30396571934088
      vertex 121.31971111344026 3.525857656103966 49
      vertex 121.52710908846782 3.6613575209206317 49
    endloop
  endfacet
  facet normal -0.6343932841636513 0.7730104533627321 0
    outer loop
      vertex 121.82872280500456 3.908885501105342 45.30396571934088
      vertex 121.52710908846782 3.6613575209206317 49
      vertex 121.82872280500456 3.908885501105342 49
    endloop
  endfacet
  facet normal -0.6772815505119757 0.7357239301097214 0
    outer loop
      vertex 121.82872280500456 3.908885501105342 45.30396571934088
      vertex 121.82872280500456 3.908885501105342 49
      vertex 122.01098960660025 4.076673902351413 45.30396571934088
    endloop
  endfacet
  facet normal -0.6772815505119757 0.7357239301097214 0
    outer loop
      vertex 122.01098960660025 4.076673902351413 45.30396571934088
      vertex 121.82872280500456 3.908885501105342 49
      vertex 122.01098960660025 4.076673902351413 49
    endloop
  endfacet
  facet normal -0.7730104533627314 0.6343932841636523 0
    outer loop
      vertex 122.01098960660025 4.076673902351413 45.30396571934088
      vertex 122.01098960660025 4.076673902351413 49
      vertex 122.25851758678496 4.378287618888152 45.30396571934088
    endloop
  endfacet
  facet normal -0.7891405158722794 0.6142127043694494 0
    outer loop
      vertex 122.25851758678496 4.378287618888152 45.30396571934088
      vertex 122.25851758678496 4.378287618888152 49
      vertex 122.41068143506587 4.573787739408743 45.30396571934088
    endloop
  endfacet
  facet normal -0.8794737511886749 0.4759473930699911 0
    outer loop
      vertex 122.41068143506587 4.573787739408743 45.30396571934088
      vertex 122.41068143506587 4.573787739408743 49
      vertex 122.528591708439 4.791666841042769 45.30396571934088
    endloop
  endfacet
  facet normal -0.8819212643483588 0.4713967368259904 0
    outer loop
      vertex 122.528591708439 4.791666841042769 45.30396571934088
      vertex 122.528591708439 4.791666841042769 49
      vertex 122.71252159080846 5.1357754479519535 45.30396571934088
    endloop
  endfacet
  facet normal -0.9458172398841561 0.3246994744959047 0
    outer loop
      vertex 122.71252159080846 5.1357754479519535 45.30396571934088
      vertex 122.71252159080846 5.1357754479519535 49
      vertex 122.79296200028999 5.370090351568859 45.30396571934088
    endloop
  endfacet
  facet normal -0.7730104533627314 0.6343932841636523 0
    outer loop
      vertex 122.25851758678496 4.378287618888152 45.30396571934088
      vertex 122.01098960660025 4.076673902351413 49
      vertex 122.25851758678496 4.378287618888152 49
    endloop
  endfacet
  facet normal -0.7891405158722794 0.6142127043694494 0
    outer loop
      vertex 122.41068143506587 4.573787739408743 45.30396571934088
      vertex 122.25851758678496 4.378287618888152 49
      vertex 122.41068143506587 4.573787739408743 49
    endloop
  endfacet
  facet normal -0.8794737511886749 0.4759473930699911 0
    outer loop
      vertex 122.528591708439 4.791666841042769 45.30396571934088
      vertex 122.41068143506587 4.573787739408743 49
      vertex 122.528591708439 4.791666841042769 49
    endloop
  endfacet
  facet normal -0.8819212643483588 0.4713967368259904 0
    outer loop
      vertex 122.71252159080846 5.1357754479519535 45.30396571934088
      vertex 122.528591708439 4.791666841042769 49
      vertex 122.71252159080846 5.1357754479519535 49
    endloop
  endfacet
  facet normal 0 0 1
    outer loop
      vertex 120.5302298784638 5.153292691294077 43.50963054665561
      vertex 119.24689188599586 5.5204580426216125 43.50963054665561
      vertex 119 5.5 43.50963054665561
    endloop
  endfacet
  facet normal 0 0 1
    outer loop
      vertex 120.55993623667727 5.177672069432633 43.50963054665561
      vertex 119.48704920709133 5.581274136900902 43.50963054665561
      vertex 119.24689188599586 5.5204580426216125 43.50963054665561
    endloop
  endfacet
  facet normal 0 0 1
    outer loop
      vertex 119.48704920709133 5.581274136900902 43.50963054665561
      vertex 120.76658241641152 5.375166828892178 43.50963054665561
      vertex 119.71392109245062 5.68078937381506 43.50963054665561
    endloop
  endfacet
  facet normal 0 0 1
    outer loop
      vertex 120.5302298784638 5.153292691294077 43.50963054665561
      vertex 120.55993623667727 5.177672069432633 43.50963054665561
      vertex 119.24689188599586 5.5204580426216125 43.50963054665561
    endloop
  endfacet
  facet normal 0 0 1
    outer loop
      vertex 120.55993623667727 5.177672069432633 43.50963054665561
      vertex 120.74220303827296 5.345460470678704 43.50963054665561
      vertex 119.48704920709133 5.581274136900902 43.50963054665561
    endloop
  endfacet
  facet normal 0 0 1
    outer loop
      vertex 119.48704920709133 5.581274136900902 43.50963054665561
      vertex 120.74220303827296 5.345460470678704 43.50963054665561
      vertex 120.76658241641152 5.375166828892178 43.50963054665561
    endloop
  endfacet
  facet normal -0.15150858185101188 0.12433987975367931 0.980604274887855
    outer loop
      vertex 121.08631164518215 5.161530588309233 43.58611932853558
      vertex 120.76658241641152 5.375166828892178 43.50963054665561
      vertex 120.74220303827296 5.345460470678704 43.50963054665561
    endloop
  endfacet
  facet normal -0.15434195227674813 0.12012916077534783 0.9806872827251369
    outer loop
      vertex 121.08631164518215 5.161530588309233 43.58611932853558
      vertex 121.23847549346306 5.357030708829825 43.58611932853558
      vertex 120.76658241641152 5.375166828892178 43.50963054665561
    endloop
  endfacet
  facet normal -0.15434195227674816 0.12012916077534784 0.9806872827251369
    outer loop
      vertex 120.76658241641152 5.375166828892178 43.50963054665561
      vertex 121.23847549346306 5.357030708829825 43.58611932853558
      vertex 120.91874626469243 5.57066694941277 43.50963054665561
    endloop
  endfacet
  facet normal -0.17229308336242827 0.09324035397248176 0.9806229294772552
    outer loop
      vertex 120.91874626469243 5.57066694941277 43.50963054665561
      vertex 121.23847549346306 5.357030708829825 43.58611932853558
      vertex 121.03665653806556 5.788546051046795 43.50963054665561
    endloop
  endfacet
  facet normal 0 0 1
    outer loop
      vertex 119.71392109245062 5.68078937381506 43.50963054665561
      vertex 120.76658241641152 5.375166828892178 43.50963054665561
      vertex 119.92131906747818 5.816289238631725 43.50963054665561
    endloop
  endfacet
  facet normal 0 0 1
    outer loop
      vertex 119.92131906747818 5.816289238631725 43.50963054665561
      vertex 120.76658241641152 5.375166828892178 43.50963054665561
      vertex 120.91874626469243 5.57066694941277 43.50963054665561
    endloop
  endfacet
  facet normal 0 0 1
    outer loop
      vertex 119.92131906747818 5.816289238631725 43.50963054665561
      vertex 120.91874626469243 5.57066694941277 43.50963054665561
      vertex 120.10358586907387 5.984077639877796 43.50963054665561
    endloop
  endfacet
  facet normal 0 0 1
    outer loop
      vertex 120.91874626469243 5.57066694941277 43.50963054665561
      vertex 121.03665653806556 5.788546051046795 43.50963054665561
      vertex 120.10358586907387 5.984077639877796 43.50963054665561
    endloop
  endfacet
  facet normal 0 0 1
    outer loop
      vertex 121.03665653806556 5.788546051046795 43.50963054665561
      vertex 121.05477205029943 5.822437790648559 43.50963054665561
      vertex 120.10358586907387 5.984077639877796 43.50963054665561
    endloop
  endfacet
  facet normal -0.17229308336242827 0.09324035397248176 0.9806229294772552
    outer loop
      vertex 121.03665653806556 5.788546051046795 43.50963054665561
      vertex 121.23847549346306 5.357030708829825 43.58611932853558
      vertex 121.35638576683618 5.574909810463851 43.58611932853558
    endloop
  endfacet
  facet normal -0.3378058511824271 0.18281138466811803 0.923291505724298
    outer loop
      vertex 121.23847549346306 5.357030708829825 43.58611932853558
      vertex 121.65756411474669 5.373668872186215 43.73615747130329
      vertex 121.35638576683618 5.574909810463851 43.58611932853558
    endloop
  endfacet
  facet normal -0.17285489411485386 0.09239286580795623 0.9806042748878548
    outer loop
      vertex 121.03665653806556 5.788546051046795 43.50963054665561
      vertex 121.35638576683618 5.574909810463851 43.58611932853558
      vertex 121.41003613456198 5.675282588722954 43.58611932853558
    endloop
  endfacet
  facet normal -0.33888902876211846 0.1811399597248453 0.923223992959211
    outer loop
      vertex 121.35638576683618 5.574909810463851 43.58611932853558
      vertex 121.7446875844202 5.536665419523862 43.73615747130329
      vertex 121.41003613456198 5.675282588722954 43.58611932853558
    endloop
  endfacet
  facet normal -0.3625431742806478 0.12446123120511275 0.9236188871549884
    outer loop
      vertex 121.7446875844202 5.536665419523862 43.73615747130329
      vertex 121.4904765440435 5.909597492339859 43.58611932853558
      vertex 121.41003613456198 5.675282588722954 43.58611932853558
    endloop
  endfacet
  facet normal -0.17285489411486069 0.09239286580793438 0.9806042748878557
    outer loop
      vertex 121.03665653806556 5.788546051046795 43.50963054665561
      vertex 121.41003613456198 5.675282588722954 43.58611932853558
      vertex 121.05477205029943 5.822437790648559 43.50963054665561
    endloop
  endfacet
  facet normal -0.18486150510733204 0.06346303601975423 0.9807133459827123
    outer loop
      vertex 121.05477205029943 5.822437790648559 43.50963054665561
      vertex 121.41003613456198 5.675282588722954 43.58611932853558
      vertex 121.4904765440435 5.909597492339859 43.58611932853558
    endloop
  endfacet
  facet normal -0.36771602417270716 0.11154543644213313 0.9232239929592119
    outer loop
      vertex 121.82512799390173 5.770980323140767 43.73615747130329
      vertex 121.523514277365 6.018508303325477 43.58611932853558
      vertex 121.4904765440435 5.909597492339859 43.58611932853558
    endloop
  endfacet
  facet normal -0.3378058511824271 0.18281138466811803 0.923291505724298
    outer loop
      vertex 121.53965384137356 5.15578977055219 43.73615747130329
      vertex 121.65756411474669 5.373668872186215 43.73615747130329
      vertex 121.23847549346306 5.357030708829825 43.58611932853558
    endloop
  endfacet
  facet normal -0.4916045332566051 0.2627680975095267 0.8302276253009047
    outer loop
      vertex 121.92861746678967 5.192556812614679 43.953979093274526
      vertex 122.04586593233071 5.411913263126202 43.953979093274526
      vertex 121.65756411474669 5.373668872186215 43.73615747130329
    endloop
  endfacet
  facet normal -0.33888902876210736 0.1811399597249189 0.9232239929592009
    outer loop
      vertex 121.35638576683618 5.574909810463851 43.58611932853558
      vertex 121.65756411474669 5.373668872186215 43.73615747130329
      vertex 121.7446875844202 5.536665419523862 43.73615747130329
    endloop
  endfacet
  facet normal -0.49160453325660186 0.2627680975095804 0.8302276253008896
    outer loop
      vertex 121.65756411474669 5.373668872186215 43.73615747130329
      vertex 122.04586593233071 5.411913263126202 43.953979093274526
      vertex 121.7446875844202 5.536665419523862 43.73615747130329
    endloop
  endfacet
  facet normal -0.5261667367372804 0.1806332721707898 0.8309754425589934
    outer loop
      vertex 122.04586593233071 5.411913263126202 43.953979093274526
      vertex 122.12630634181224 5.646228166743107 43.953979093274526
      vertex 121.7446875844202 5.536665419523862 43.73615747130329
    endloop
  endfacet
  facet normal -0.36254317428064786 0.12446123120511274 0.9236188871549884
    outer loop
      vertex 121.7446875844202 5.536665419523862 43.73615747130329
      vertex 121.82512799390173 5.770980323140767 43.73615747130329
      vertex 121.4904765440435 5.909597492339859 43.58611932853558
    endloop
  endfacet
  facet normal -0.5261667367372804 0.1806332721707898 0.8309754425589934
    outer loop
      vertex 121.7446875844202 5.536665419523862 43.73615747130329
      vertex 122.12630634181224 5.646228166743107 43.953979093274526
      vertex 121.82512799390173 5.770980323140767 43.73615747130329
    endloop
  endfacet
  facet normal -0.5334220027563096 0.16181179549926464 0.8302276253008881
    outer loop
      vertex 121.82512799390173 5.770980323140767 43.73615747130329
      vertex 122.12630634181224 5.646228166743107 43.953979093274526
      vertex 121.87877836162752 5.947841883279846 43.73615747130329
    endloop
  endfacet
  facet normal 0 0 1
    outer loop
      vertex 121.05477205029943 5.822437790648559 43.50963054665561
      vertex 120.25574971735477 6.179577760398388 43.50963054665561
      vertex 120.10358586907387 5.984077639877796 43.50963054665561
    endloop
  endfacet
  facet normal 0 0 1
    outer loop
      vertex 121.05477205029943 5.822437790648559 43.50963054665561
      vertex 121.13521245978096 6.056752694265464 43.50963054665561
      vertex 120.25574971735477 6.179577760398388 43.50963054665561
    endloop
  endfacet
  facet normal 0 0 1
    outer loop
      vertex 120.25574971735477 6.179577760398388 43.50963054665561
      vertex 121.14636793713433 6.09352737470933 43.50963054665561
      vertex 120.3736599907279 6.3974568620324135 43.50963054665561
    endloop
  endfacet
  facet normal 0 0 1
    outer loop
      vertex 120.25574971735477 6.179577760398388 43.50963054665561
      vertex 121.13521245978096 6.056752694265464 43.50963054665561
      vertex 121.14636793713433 6.09352737470933 43.50963054665561
    endloop
  endfacet
  facet normal 0 0 1
    outer loop
      vertex 120.3736599907279 6.3974568620324135 43.50963054665561
      vertex 121.14636793713433 6.09352737470933 43.50963054665561
      vertex 121.18714427928788 6.337886592293463 43.50963054665561
    endloop
  endfacet
  facet normal 0 0 1
    outer loop
      vertex 120.3736599907279 6.3974568620324135 43.50963054665561
      vertex 121.18714427928788 6.337886592293463 43.50963054665561
      vertex 121.1909110230221 6.376130983233452 43.50963054665561
    endloop
  endfacet
  facet normal 0 0 1
    outer loop
      vertex 120.3736599907279 6.3974568620324135 43.50963054665561
      vertex 121.19603428065912 6.5 43.50963054665561
      vertex 120.45410040020943 6.631771765649319 43.50963054665561
    endloop
  endfacet
  facet normal 0 0 1
    outer loop
      vertex 120.3736599907279 6.3974568620324135 43.50963054665561
      vertex 121.1909110230221 6.376130983233452 43.50963054665561
      vertex 121.19603428065912 6.5 43.50963054665561
    endloop
  endfacet
  facet normal -0.18486150510733204 0.06346303601975421 0.9807133459827123
    outer loop
      vertex 121.05477205029943 5.822437790648559 43.50963054665561
      vertex 121.4904765440435 5.909597492339859 43.58611932853558
      vertex 121.13521245978096 6.056752694265464 43.50963054665561
    endloop
  endfacet
  facet normal -0.18755848973596187 0.05689524584382215 0.9806042748878551
    outer loop
      vertex 121.13521245978096 6.056752694265464 43.50963054665561
      vertex 121.4904765440435 5.909597492339859 43.58611932853558
      vertex 121.14636793713433 6.09352737470933 43.50963054665561
    endloop
  endfacet
  facet normal -0.18755848973595424 0.05689524584383668 0.9806042748878556
    outer loop
      vertex 121.4904765440435 5.909597492339859 43.58611932853558
      vertex 121.523514277365 6.018508303325477 43.58611932853558
      vertex 121.14636793713433 6.09352737470933 43.50963054665561
    endloop
  endfacet
  facet normal -0.19251853533688254 0.032125662151844314 0.9807673298917776
    outer loop
      vertex 121.523514277365 6.018508303325477 43.58611932853558
      vertex 121.18714427928788 6.337886592293463 43.50963054665561
      vertex 121.14636793713433 6.09352737470933 43.50963054665561
    endloop
  endfacet
  facet normal -0.19251853533688254 0.0321256621518443 0.9807673298917776
    outer loop
      vertex 121.523514277365 6.018508303325477 43.58611932853558
      vertex 121.56429061951854 6.2628675209096105 43.58611932853558
      vertex 121.18714427928788 6.337886592293463 43.50963054665561
    endloop
  endfacet
  facet normal -0.3776190104384719 0.06301346896407652 0.923814475792939
    outer loop
      vertex 121.523514277365 6.018508303325477 43.58611932853558
      vertex 121.91955470378107 6.192201100863979 43.73615747130329
      vertex 121.56429061951854 6.2628675209096105 43.58611932853558
    endloop
  endfacet
  facet normal -0.19505431778054963 0.019211173489072628 0.9806042748878556
    outer loop
      vertex 121.18714427928788 6.337886592293463 43.50963054665561
      vertex 121.5754460968719 6.376130983233452 43.58611932853558
      vertex 121.1909110230221 6.376130983233452 43.50963054665561
    endloop
  endfacet
  facet normal -0.1950543177805486 0.01921117348906172 0.980604274887856
    outer loop
      vertex 121.18714427928788 6.337886592293463 43.50963054665561
      vertex 121.56429061951854 6.2628675209096105 43.58611932853558
      vertex 121.5754460968719 6.376130983233452 43.58611932853558
    endloop
  endfacet
  facet normal -0.19508397129581895 0.008068728338143833 0.9807533531762496
    outer loop
      vertex 121.1909110230221 6.376130983233452 43.50963054665561
      vertex 121.58056935450892 6.5 43.58611932853558
      vertex 121.19603428065912 6.5 43.50963054665561
    endloop
  endfacet
  facet normal -0.19508397129581895 0.008068728338143831 0.9807533531762496
    outer loop
      vertex 121.1909110230221 6.376130983233452 43.50963054665561
      vertex 121.5754460968719 6.376130983233452 43.58611932853558
      vertex 121.58056935450892 6.5 43.58611932853558
    endloop
  endfacet
  facet normal -0.3824118989919457 0.037664284592158086 0.9232239929592033
    outer loop
      vertex 121.56429061951854 6.2628675209096105 43.58611932853558
      vertex 121.93767021601496 6.376130983233452 43.73615747130329
      vertex 121.5754460968719 6.376130983233452 43.58611932853558
    endloop
  endfacet
  facet normal -0.38263550600938584 0.015825912964609133 0.9237638280533492
    outer loop
      vertex 121.5754460968719 6.376130983233452 43.58611932853558
      vertex 121.93767021601496 6.376130983233452 43.73615747130329
      vertex 121.58056935450892 6.5 43.58611932853558
    endloop
  endfacet
  facet normal -0.3677160241727665 0.1115454364420526 0.9232239929591982
    outer loop
      vertex 121.82512799390173 5.770980323140767 43.73615747130329
      vertex 121.87877836162752 5.947841883279846 43.73615747130329
      vertex 121.523514277365 6.018508303325477 43.58611932853558
    endloop
  endfacet
  facet normal -0.3776190104384719 0.06301346896407649 0.923814475792939
    outer loop
      vertex 121.523514277365 6.018508303325477 43.58611932853558
      vertex 121.87877836162752 5.947841883279846 43.73615747130329
      vertex 121.91955470378107 6.192201100863979 43.73615747130329
    endloop
  endfacet
  facet normal -0.5481750789639164 0.0914742435373263 0.8313462248498985
    outer loop
      vertex 121.87877836162752 5.947841883279846 43.73615747130329
      vertex 122.2392839325517 6.128603003048742 43.953979093274526
      vertex 121.91955470378107 6.192201100863979 43.73615747130329
    endloop
  endfacet
  facet normal -0.38241189899195666 0.037664284592202696 0.9232239929591968
    outer loop
      vertex 121.91955470378107 6.192201100863979 43.73615747130329
      vertex 121.93767021601496 6.376130983233452 43.73615747130329
      vertex 121.56429061951854 6.2628675209096105 43.58611932853558
    endloop
  endfacet
  facet normal -0.554740363836519 0.054637156933132425 0.8302276253009114
    outer loop
      vertex 121.91955470378107 6.192201100863979 43.73615747130329
      vertex 122.26366331069028 6.376130983233452 43.953979093274526
      vertex 121.93767021601496 6.376130983233452 43.73615747130329
    endloop
  endfacet
  facet normal -0.38263550600938584 0.015825912964609144 0.9237638280533492
    outer loop
      vertex 121.58056935450892 6.5 43.58611932853558
      vertex 121.93767021601496 6.376130983233452 43.73615747130329
      vertex 121.94279347365199 6.5 43.73615747130329
    endloop
  endfacet
  facet normal -0.5554236168131859 0.02297247819432177 0.8312501856431496
    outer loop
      vertex 121.93767021601496 6.376130983233452 43.73615747130329
      vertex 122.26366331069028 6.376130983233452 43.953979093274526
      vertex 121.94279347365199 6.5 43.73615747130329
    endloop
  endfacet
  facet normal 0 0 1
    outer loop
      vertex 121.19603428065912 6.5 43.50963054665561
      vertex 120.49487674236298 6.876130983233452 43.50963054665561
      vertex 120.45410040020943 6.631771765649319 43.50963054665561
    endloop
  endfacet
  facet normal 0 0 1
    outer loop
      vertex 121.19603428065912 6.5 43.50963054665561
      vertex 120.5 7 43.50963054665561
      vertex 120.49487674236298 6.876130983233452 43.50963054665561
    endloop
  endfacet
  facet normal -0.62511574189396 0.334131325300437 0.7053981618131263
    outer loop
      vertex 121.92861746678967 5.192556812614679 43.953979093274526
      vertex 122.30199706328611 5.305820274938521 44.23121343167271
      vertex 122.04586593233071 5.411913263126202 43.953979093274526
    endloop
  endfacet
  facet normal -0.7868847234068053 0.27013787167840037 0.5548314720291738
    outer loop
      vertex 122.50323800156374 5.222463548999237 44.557206526348004
      vertex 122.38243747276763 5.540135178555426 44.23121343167271
      vertex 122.30199706328611 5.305820274938521 44.23121343167271
    endloop
  endfacet
  facet normal -0.6694367034187138 0.2298179147537532 0.706426377037354
    outer loop
      vertex 122.04586593233071 5.411913263126202 43.953979093274526
      vertex 122.30199706328611 5.305820274938521 44.23121343167271
      vertex 122.12630634181224 5.646228166743107 43.953979093274526
    endloop
  endfacet
  facet normal -0.6694367034187138 0.22981791475375318 0.7064263770373539
    outer loop
      vertex 122.12630634181224 5.646228166743107 43.953979093274526
      vertex 122.30199706328611 5.305820274938521 44.23121343167271
      vertex 122.38243747276763 5.540135178555426 44.23121343167271
    endloop
  endfacet
  facet normal -0.5334220027562829 0.1618117954992946 0.8302276253008992
    outer loop
      vertex 121.87877836162752 5.947841883279846 43.73615747130329
      vertex 122.12630634181224 5.646228166743107 43.953979093274526
      vertex 122.19850759039815 5.884243785464609 43.953979093274526
    endloop
  endfacet
  facet normal -0.6782901060464742 0.20575705419286625 0.7053981618131258
    outer loop
      vertex 122.12630634181224 5.646228166743107 43.953979093274526
      vertex 122.38243747276763 5.540135178555426 44.23121343167271
      vertex 122.47041494872143 5.83015804911258 44.23121343167271
    endloop
  endfacet
  facet normal -0.7968491718961516 0.24172155362994963 0.5537166132229925
    outer loop
      vertex 122.38243747276763 5.540135178555426 44.23121343167271
      vertex 122.58367841104527 5.456778452616142 44.557206526348004
      vertex 122.47041494872143 5.83015804911258 44.23121343167271
    endloop
  endfacet
  facet normal -0.6782901060464726 0.20575705419285675 0.70539816181313
    outer loop
      vertex 122.12630634181224 5.646228166743107 43.953979093274526
      vertex 122.47041494872143 5.83015804911258 44.23121343167271
      vertex 122.19850759039815 5.884243785464609 43.953979093274526
    endloop
  endfacet
  facet normal -0.8202510919429343 0.13687570089461285 0.5553856215919102
    outer loop
      vertex 122.47041494872143 5.83015804911258 44.23121343167271
      vertex 122.68405118930437 5.787663158740136 44.557206526348004
      vertex 122.51119129087498 6.074517266696713 44.23121343167271
    endloop
  endfacet
  facet normal -0.5481750789639164 0.09147424353732626 0.8313462248498985
    outer loop
      vertex 121.87877836162752 5.947841883279846 43.73615747130329
      vertex 122.19850759039815 5.884243785464609 43.953979093274526
      vertex 122.2392839325517 6.128603003048742 43.953979093274526
    endloop
  endfacet
  facet normal -0.5547403638365315 0.05463715693316802 0.8302276253009009
    outer loop
      vertex 121.91955470378107 6.192201100863979 43.73615747130329
      vertex 122.2392839325517 6.128603003048742 43.953979093274526
      vertex 122.26366331069028 6.376130983233452 43.953979093274526
    endloop
  endfacet
  facet normal -0.6976303657794645 0.11641392034632318 0.7069368231263743
    outer loop
      vertex 122.19850759039815 5.884243785464609 43.953979093274526
      vertex 122.47041494872143 5.83015804911258 44.23121343167271
      vertex 122.51119129087498 6.074517266696713 44.23121343167271
    endloop
  endfacet
  facet normal -0.6976303657794645 0.11641392034632314 0.7069368231263743
    outer loop
      vertex 122.19850759039815 5.884243785464609 43.953979093274526
      vertex 122.51119129087498 6.074517266696713 44.23121343167271
      vertex 122.2392839325517 6.128603003048742 43.953979093274526
    endloop
  endfacet
  facet normal -0.7053981618130915 0.06947565488259158 0.7053981618131329
    outer loop
      vertex 122.2392839325517 6.128603003048742 43.953979093274526
      vertex 122.51119129087498 6.074517266696713 44.23121343167271
      vertex 122.26366331069028 6.376130983233452 43.953979093274526
    endloop
  endfacet
  facet normal -0.5554236168131859 0.022972478194321706 0.8312501856431496
    outer loop
      vertex 121.94279347365199 6.5 43.73615747130329
      vertex 122.26366331069028 6.376130983233452 43.953979093274526
      vertex 122.2687865683273 6.5 43.953979093274526
    endloop
  endfacet
  facet normal -0.7053981618131236 0.06947565488254007 0.7053981618131057
    outer loop
      vertex 122.26366331069028 6.376130983233452 43.953979093274526
      vertex 122.51119129087498 6.074517266696713 44.23121343167271
      vertex 122.54089764908845 6.376130983233452 44.23121343167271
    endloop
  endfacet
  facet normal -0.7068045679161261 0.029233637232176753 0.7068045679161079
    outer loop
      vertex 122.26366331069028 6.376130983233452 43.953979093274526
      vertex 122.54089764908845 6.376130983233452 44.23121343167271
      vertex 122.2687865683273 6.5 43.953979093274526
    endloop
  endfacet
  facet normal -0.7068045679161261 0.02923363723217678 0.7068045679161079
    outer loop
      vertex 122.2687865683273 6.5 43.953979093274526
      vertex 122.54089764908845 6.376130983233452 44.23121343167271
      vertex 122.54602090672547 6.5 44.23121343167271
    endloop
  endfacet
  facet normal -0.8286954742331494 0.0816193802129554 0.5537166132229994
    outer loop
      vertex 122.51119129087498 6.074517266696713 44.23121343167271
      vertex 122.75871927105969 6.376130983233452 44.557206526348004
      vertex 122.54089764908845 6.376130983233452 44.23121343167271
    endloop
  endfacet
  facet normal -0.8309783752094467 0.03436950109176336 0.5552419988878463
    outer loop
      vertex 122.54089764908845 6.376130983233452 44.23121343167271
      vertex 122.76384252869671 6.5 44.557206526348004
      vertex 122.54602090672547 6.5 44.23121343167271
    endloop
  endfacet
  facet normal -0.7868847234068053 0.27013787167840037 0.5548314720291737
    outer loop
      vertex 122.50323800156374 5.222463548999237 44.557206526348004
      vertex 122.58367841104527 5.456778452616142 44.557206526348004
      vertex 122.38243747276763 5.540135178555426 44.23121343167271
    endloop
  endfacet
  facet normal -0.8740669733432204 0.3000675764310773 0.38205546153065484
    outer loop
      vertex 122.50323800156374 5.222463548999237 44.557206526348004
      vertex 122.72229558024436 5.399361341156112 44.919430645491076
      vertex 122.58367841104527 5.456778452616142 44.557206526348004
    endloop
  endfacet
  facet normal -0.8847201943828515 0.2683769368864713 0.38110890490593996
    outer loop
      vertex 122.58367841104527 5.456778452616142 44.557206526348004
      vertex 122.72229558024436 5.399361341156112 44.919430645491076
      vertex 122.68405118930437 5.787663158740136 44.557206526348004
    endloop
  endfacet
  facet normal -0.8740669733432204 0.3000675764310773 0.38205546153065484
    outer loop
      vertex 122.50323800156374 5.222463548999237 44.557206526348004
      vertex 122.64185517076284 5.165046437539207 44.919430645491076
      vertex 122.72229558024436 5.399361341156112 44.919430645491076
    endloop
  endfacet
  facet normal -0.7968491718961543 0.2417215536299465 0.5537166132229899
    outer loop
      vertex 122.58367841104527 5.456778452616142 44.557206526348004
      vertex 122.68405118930437 5.787663158740136 44.557206526348004
      vertex 122.47041494872143 5.83015804911258 44.23121343167271
    endloop
  endfacet
  facet normal -0.9113431407597249 0.15207627563349038 0.3825264516077897
    outer loop
      vertex 122.68405118930437 5.787663158740136 44.557206526348004
      vertex 122.83120639122998 5.7583921691528825 44.919430645491076
      vertex 122.72482753145792 6.032022376324269 44.557206526348004
    endloop
  endfacet
  facet normal -0.8847201943828433 0.2683769368864821 0.38110890490595073
    outer loop
      vertex 122.68405118930437 5.787663158740136 44.557206526348004
      vertex 122.72229558024436 5.399361341156112 44.919430645491076
      vertex 122.83120639122998 5.7583921691528825 44.919430645491076
    endloop
  endfacet
  facet normal -0.938724637457811 0.2847590055933353 0.19418641498105932
    outer loop
      vertex 122.72229558024436 5.399361341156112 44.919430645491076
      vertex 122.90622546261383 5.743469948065297 45.30396571934088
      vertex 122.83120639122998 5.7583921691528825 44.919430645491076
    endloop
  endfacet
  facet normal -0.9674263367320213 0.16143490597549312 0.1950001387946823
    outer loop
      vertex 122.83120639122998 5.7583921691528825 44.919430645491076
      vertex 122.90622546261383 5.743469948065297 45.30396571934088
      vertex 122.87198273338353 6.002751386737016 44.919430645491076
    endloop
  endfacet
  facet normal -0.9277114172908323 0.31848373763527354 0.19472964615101962
    outer loop
      vertex 122.71252159080846 5.1357754479519535 45.30396571934088
      vertex 122.79296200028999 5.370090351568859 45.30396571934088
      vertex 122.72229558024436 5.399361341156112 44.919430645491076
    endloop
  endfacet
  facet normal -0.938724637457811 0.2847590055933343 0.1941864149810603
    outer loop
      vertex 122.72229558024436 5.399361341156112 44.919430645491076
      vertex 122.79296200028999 5.370090351568859 45.30396571934088
      vertex 122.90622546261383 5.743469948065297 45.30396571934088
    endloop
  endfacet
  facet normal -0.8202510919429343 0.13687570089461285 0.5553856215919102
    outer loop
      vertex 122.68405118930437 5.787663158740136 44.557206526348004
      vertex 122.72482753145792 6.032022376324269 44.557206526348004
      vertex 122.51119129087498 6.074517266696713 44.23121343167271
    endloop
  endfacet
  facet normal -0.8286954742331543 0.08161938021296954 0.5537166132229899
    outer loop
      vertex 122.51119129087498 6.074517266696713 44.23121343167271
      vertex 122.72482753145792 6.032022376324269 44.557206526348004
      vertex 122.75871927105969 6.376130983233452 44.557206526348004
    endloop
  endfacet
  facet normal -0.9200782869650614 0.09061980168166174 0.3811089049059523
    outer loop
      vertex 122.72482753145792 6.032022376324269 44.557206526348004
      vertex 122.87198273338353 6.002751386737016 44.919430645491076
      vertex 122.75871927105969 6.376130983233452 44.557206526348004
    endloop
  endfacet
  facet normal -0.9113431407597249 0.15207627563349044 0.3825264516077897
    outer loop
      vertex 122.72482753145792 6.032022376324269 44.557206526348004
      vertex 122.83120639122998 5.7583921691528825 44.919430645491076
      vertex 122.87198273338353 6.002751386737016 44.919430645491076
    endloop
  endfacet
  facet normal -0.9762410328686756 0.09615134934209338 0.19418641498105915
    outer loop
      vertex 122.87198273338353 6.002751386737016 44.919430645491076
      vertex 122.94700180476738 5.98782916564943 45.30396571934088
      vertex 122.9087574138274 6.376130983233452 44.919430645491076
    endloop
  endfacet
  facet normal -0.8309783752094467 0.034369501091763385 0.5552419988878463
    outer loop
      vertex 122.54089764908845 6.376130983233452 44.23121343167271
      vertex 122.75871927105969 6.376130983233452 44.557206526348004
      vertex 122.76384252869671 6.5 44.557206526348004
    endloop
  endfacet
  facet normal -0.9232057685613674 0.03818405221735719 0.38240435019920654
    outer loop
      vertex 122.75871927105969 6.376130983233452 44.557206526348004
      vertex 122.91388067146443 6.5 44.919430645491076
      vertex 122.76384252869671 6.5 44.557206526348004
    endloop
  endfacet
  facet normal -0.9200782869650649 0.09061980168165437 0.38110890490594584
    outer loop
      vertex 122.75871927105969 6.376130983233452 44.557206526348004
      vertex 122.87198273338353 6.002751386737016 44.919430645491076
      vertex 122.9087574138274 6.376130983233452 44.919430645491076
    endloop
  endfacet
  facet normal -0.9232057685613674 0.038184052217357156 0.38240435019920654
    outer loop
      vertex 122.75871927105969 6.376130983233452 44.557206526348004
      vertex 122.9087574138274 6.376130983233452 44.919430645491076
      vertex 122.91388067146443 6.5 44.919430645491076
    endloop
  endfacet
  facet normal -0.9799793022999012 0.04053222166198081 0.194930003003496
    outer loop
      vertex 122.9087574138274 6.376130983233452 44.919430645491076
      vertex 122.98524619570736 6.376130983233452 45.30396571934088
      vertex 122.91388067146443 6.5 44.919430645491076
    endloop
  endfacet
  facet normal -0.9674263367320213 0.16143490597549312 0.1950001387946823
    outer loop
      vertex 122.90622546261383 5.743469948065297 45.30396571934088
      vertex 122.94700180476738 5.98782916564943 45.30396571934088
      vertex 122.87198273338353 6.002751386737016 44.919430645491076
    endloop
  endfacet
  facet normal -0.9762410328686845 0.09615134934206347 0.19418641498102984
    outer loop
      vertex 122.94700180476738 5.98782916564943 45.30396571934088
      vertex 122.98524619570736 6.376130983233452 45.30396571934088
      vertex 122.9087574138274 6.376130983233452 44.919430645491076
    endloop
  endfacet
  facet normal -0.9799793022999012 0.04053222166198078 0.194930003003496
    outer loop
      vertex 122.91388067146443 6.5 44.919430645491076
      vertex 122.98524619570736 6.376130983233452 45.30396571934088
      vertex 122.99036945334439 6.5 45.30396571934088
    endloop
  endfacet
  facet normal -0.9569403357322082 0.29028467725446466 0
    outer loop
      vertex 122.79296200028999 5.370090351568859 45.30396571934088
      vertex 122.79296200028999 5.370090351568859 49
      vertex 122.90622546261383 5.743469948065297 45.30396571934088
    endloop
  endfacet
  facet normal -0.9863613029409788 0.16459459304781118 0
    outer loop
      vertex 122.90622546261383 5.743469948065297 45.30396571934088
      vertex 122.90622546261383 5.743469948065297 49
      vertex 122.94700180476738 5.98782916564943 45.30396571934088
    endloop
  endfacet
  facet normal -0.995184726672199 0.09801714032953963 0
    outer loop
      vertex 122.94700180476738 5.98782916564943 45.30396571934088
      vertex 122.94700180476738 5.98782916564943 49
      vertex 122.98524619570736 6.376130983233452 45.30396571934088
    endloop
  endfacet
  facet normal -0.999145759317616 0.04132495175586508 0
    outer loop
      vertex 122.98524619570736 6.376130983233452 45.30396571934088
      vertex 122.98524619570736 6.376130983233452 49
      vertex 122.99036945334439 6.5 45.30396571934088
    endloop
  endfacet
  facet normal -0.9458172398841561 0.3246994744959047 0
    outer loop
      vertex 122.71252159080846 5.1357754479519535 49
      vertex 122.79296200028999 5.370090351568859 49
      vertex 122.79296200028999 5.370090351568859 45.30396571934088
    endloop
  endfacet
  facet normal -0.9569403357322082 0.29028467725446466 0
    outer loop
      vertex 122.90622546261383 5.743469948065297 45.30396571934088
      vertex 122.79296200028999 5.370090351568859 49
      vertex 122.90622546261383 5.743469948065297 49
    endloop
  endfacet
  facet normal -0.9863613029409788 0.16459459304781118 0
    outer loop
      vertex 122.94700180476738 5.98782916564943 45.30396571934088
      vertex 122.90622546261383 5.743469948065297 49
      vertex 122.94700180476738 5.98782916564943 49
    endloop
  endfacet
  facet normal -0.995184726672199 0.09801714032953963 0
    outer loop
      vertex 122.98524619570736 6.376130983233452 45.30396571934088
      vertex 122.94700180476738 5.98782916564943 49
      vertex 122.98524619570736 6.376130983233452 49
    endloop
  endfacet
  facet normal -0.999145759317616 0.04132495175586508 0
    outer loop
      vertex 122.99036945334439 6.5 45.30396571934088
      vertex 122.98524619570736 6.376130983233452 49
      vertex 122.99036945334439 6.5 49
    endloop
  endfacet
  facet normal 0 0 1
    outer loop
      vertex 121.19603428065912 6.5 43.50963054665561
      vertex 121.19603428065912 35.5 43.50963054665561
      vertex 120.5 7 43.50963054665561
    endloop
  endfacet
  facet normal -0.19509032201612186 0 0.9807852804032318
    outer loop
      vertex 121.19603428065912 6.5 43.50963054665561
      vertex 121.58056935450892 6.5 43.58611932853558
      vertex 121.19603428065912 35.5 43.50963054665561
    endloop
  endfacet
  facet normal -0.3826834323650905 1.2044515946931163e-19 0.9238795325112864
    outer loop
      vertex 121.58056935450892 6.5 43.58611932853558
      vertex 121.94279347365199 6.5 43.73615747130329
      vertex 121.94279347365199 35.5 43.73615747130329
    endloop
  endfacet
  facet normal -0.5555702330195897 1.6112443788771184e-19 0.8314696123025536
    outer loop
      vertex 121.94279347365199 6.5 43.73615747130329
      vertex 122.2687865683273 6.5 43.953979093274526
      vertex 122.2687865683273 35.5 43.953979093274526
    endloop
  endfacet
  facet normal -0.7071067811865567 0 0.7071067811865385
    outer loop
      vertex 122.2687865683273 6.5 43.953979093274526
      vertex 122.54602090672547 6.5 44.23121343167271
      vertex 122.2687865683273 35.5 43.953979093274526
    endloop
  endfacet
  facet normal -0.8314696123025422 1.0090075923829961e-19 0.5555702330196064
    outer loop
      vertex 122.54602090672547 6.5 44.23121343167271
      vertex 122.76384252869671 6.5 44.557206526348004
      vertex 122.76384252869671 35.5 44.557206526348004
    endloop
  endfacet
  facet normal -0.9238795325112826 0 0.38268343236509955
    outer loop
      vertex 122.76384252869671 6.5 44.557206526348004
      vertex 122.91388067146443 6.5 44.919430645491076
      vertex 122.76384252869671 35.5 44.557206526348004
    endloop
  endfacet
  facet normal -0.9807852804032386 -3.032965087171697e-20 0.19509032201608698
    outer loop
      vertex 122.91388067146443 6.5 44.919430645491076
      vertex 122.99036945334439 6.5 45.30396571934088
      vertex 122.99036945334439 35.5 45.30396571934088
    endloop
  endfacet
  facet normal -1 0 0
    outer loop
      vertex 122.99036945334439 6.5 45.30396571934088
      vertex 122.99036945334439 6.5 49
      vertex 122.99036945334439 35.5 45.30396571934088
    endloop
  endfacet
  facet normal 0 0 1
    outer loop
      vertex 5.2334175835884835 36.624833171107824 43.50963054665561
      vertex 119 36.5 43.50963054665561
      vertex 120.84670730870593 36.5302298784638 43.50963054665561
    endloop
  endfacet
  facet normal 0 0 1
    outer loop
      vertex 5.2334175835884835 36.624833171107824 43.50963054665561
      vertex 120.6545395293213 36.74220303827296 43.50963054665561
      vertex 120.62483317110782 36.76658241641152 43.50963054665561
    endloop
  endfacet
  facet normal 0 0 1
    outer loop
      vertex 5.2334175835884835 36.624833171107824 43.50963054665561
      vertex 120.84670730870593 36.5302298784638 43.50963054665561
      vertex 120.82232793056737 36.559936236677274 43.50963054665561
    endloop
  endfacet
  facet normal 0 0 1
    outer loop
      vertex 5.2334175835884835 36.624833171107824 43.50963054665561
      vertex 120.82232793056737 36.559936236677274 43.50963054665561
      vertex 120.6545395293213 36.74220303827296 43.50963054665561
    endloop
  endfacet
  facet normal 0 0 1
    outer loop
      vertex 5.2334175835884835 36.624833171107824 43.50963054665561
      vertex 119.62386901676655 37.190911023022096 43.50963054665561
      vertex 119.5 37.19603428065912 43.50963054665561
    endloop
  endfacet
  facet normal 0 0 1
    outer loop
      vertex 5.2334175835884835 36.624833171107824 43.50963054665561
      vertex 119.90647262529066 37.14636793713433 43.50963054665561
      vertex 119.66211340770653 37.18714427928788 43.50963054665561
    endloop
  endfacet
  facet normal 0 0 1
    outer loop
      vertex 5.2334175835884835 36.624833171107824 43.50963054665561
      vertex 119.94324730573453 37.13521245978096 43.50963054665561
      vertex 119.90647262529066 37.14636793713433 43.50963054665561
    endloop
  endfacet
  facet normal 0 0 1
    outer loop
      vertex 5.2334175835884835 36.624833171107824 43.50963054665561
      vertex 119.66211340770653 37.18714427928788 43.50963054665561
      vertex 119.62386901676655 37.190911023022096 43.50963054665561
    endloop
  endfacet
  facet normal 0 0 1
    outer loop
      vertex 5.2334175835884835 36.624833171107824 43.50963054665561
      vertex 120.2114539489532 37.03665653806555 43.50963054665561
      vertex 120.17756220935144 37.054772050299434 43.50963054665561
    endloop
  endfacet
  facet normal 0 0 1
    outer loop
      vertex 5.2334175835884835 36.624833171107824 43.50963054665561
      vertex 120.62483317110782 36.76658241641152 43.50963054665561
      vertex 120.42933305058723 36.91874626469242 43.50963054665561
    endloop
  endfacet
  facet normal 0 0 1
    outer loop
      vertex 5.2334175835884835 36.624833171107824 43.50963054665561
      vertex 120.42933305058723 36.91874626469242 43.50963054665561
      vertex 120.2114539489532 37.03665653806555 43.50963054665561
    endloop
  endfacet
  facet normal 0 0 1
    outer loop
      vertex 5.2334175835884835 36.624833171107824 43.50963054665561
      vertex 120.17756220935144 37.054772050299434 43.50963054665561
      vertex 119.94324730573453 37.13521245978096 43.50963054665561
    endloop
  endfacet
  facet normal 0 -0.19509032201612186 0.9807852804032318
    outer loop
      vertex 6.5 37.580569354508924 43.58611932853558
      vertex 119.5 37.19603428065912 43.50963054665561
      vertex 119.5 37.580569354508924 43.58611932853558
    endloop
  endfacet
  facet normal 0 -0.3826834323650841 0.9238795325112891
    outer loop
      vertex 6.5 37.580569354508924 43.58611932853558
      vertex 119.5 37.580569354508924 43.58611932853558
      vertex 119.5 37.942793473651996 43.73615747130329
    endloop
  endfacet
  facet normal 0 -0.5555702330196148 0.8314696123025368
    outer loop
      vertex 6.5 37.942793473651996 43.73615747130329
      vertex 119.5 37.942793473651996 43.73615747130329
      vertex 119.5 38.268786568327286 43.953979093274526
    endloop
  endfacet
  facet normal 0 -0.7071067811865385 0.7071067811865566
    outer loop
      vertex 6.5 38.546020906725474 44.23121343167271
      vertex 119.5 38.268786568327286 43.953979093274526
      vertex 119.5 38.546020906725474 44.23121343167271
    endloop
  endfacet
  facet normal 0 -0.8314696123025423 0.5555702330196065
    outer loop
      vertex 6.5 38.546020906725474 44.23121343167271
      vertex 119.5 38.546020906725474 44.23121343167271
      vertex 119.5 38.76384252869671 44.557206526348004
    endloop
  endfacet
  facet normal 0 -0.9238795325112891 0.3826834323650841
    outer loop
      vertex 6.5 38.76384252869671 44.557206526348004
      vertex 119.5 38.76384252869671 44.557206526348004
      vertex 119.5 38.91388067146442 44.919430645491076
    endloop
  endfacet
  facet normal 0 -0.9807852804032318 0.19509032201612186
    outer loop
      vertex 6.5 38.91388067146442 44.919430645491076
      vertex 119.5 38.91388067146442 44.919430645491076
      vertex 119.5 38.99036945334439 45.30396571934088
    endloop
  endfacet
  facet normal 0 -1 0
    outer loop
      vertex 6.5 38.99036945334439 45.30396571934088
      vertex 119.5 38.99036945334439 45.30396571934088
      vertex 119.5 38.99036945334439 49
    endloop
  endfacet
  facet normal 0 0 1
    outer loop
      vertex 120.5 7 43.50963054665561
      vertex 121.19603428065912 35.5 43.50963054665561
      vertex 120.5 35 43.50963054665561
    endloop
  endfacet
  facet normal -0.19509032201612186 0 0.9807852804032318
    outer loop
      vertex 121.58056935450892 6.5 43.58611932853558
      vertex 121.58056935450892 35.5 43.58611932853558
      vertex 121.19603428065912 35.5 43.50963054665561
    endloop
  endfacet
  facet normal -0.3826834323650905 0 0.9238795325112864
    outer loop
      vertex 121.58056935450892 6.5 43.58611932853558
      vertex 121.94279347365199 35.5 43.73615747130329
      vertex 121.58056935450892 35.5 43.58611932853558
    endloop
  endfacet
  facet normal -0.5555702330195897 0 0.8314696123025536
    outer loop
      vertex 121.94279347365199 6.5 43.73615747130329
      vertex 122.2687865683273 35.5 43.953979093274526
      vertex 121.94279347365199 35.5 43.73615747130329
    endloop
  endfacet
  facet normal -0.7071067811865567 0 0.7071067811865385
    outer loop
      vertex 122.54602090672547 6.5 44.23121343167271
      vertex 122.54602090672547 35.5 44.23121343167271
      vertex 122.2687865683273 35.5 43.953979093274526
    endloop
  endfacet
  facet normal -0.8314696123025422 0 0.5555702330196064
    outer loop
      vertex 122.54602090672547 6.5 44.23121343167271
      vertex 122.76384252869671 35.5 44.557206526348004
      vertex 122.54602090672547 35.5 44.23121343167271
    endloop
  endfacet
  facet normal -0.9238795325112826 0 0.38268343236509955
    outer loop
      vertex 122.91388067146443 6.5 44.919430645491076
      vertex 122.91388067146443 35.5 44.919430645491076
      vertex 122.76384252869671 35.5 44.557206526348004
    endloop
  endfacet
  facet normal -0.9807852804032386 0 0.19509032201608698
    outer loop
      vertex 122.91388067146443 6.5 44.919430645491076
      vertex 122.99036945334439 35.5 45.30396571934088
      vertex 122.91388067146443 35.5 44.919430645491076
    endloop
  endfacet
  facet normal -1 0 0
    outer loop
      vertex 122.99036945334439 6.5 49
      vertex 122.99036945334439 35.5 49
      vertex 122.99036945334439 35.5 45.30396571934088
    endloop
  endfacet
  facet normal 0 0 1
    outer loop
      vertex 120.5 35 43.50963054665561
      vertex 121.19603428065912 35.5 43.50963054665561
      vertex 120.47954195737839 35.246891885995865 43.50963054665561
    endloop
  endfacet
  facet normal 0 0 1
    outer loop
      vertex 120.47954195737839 35.246891885995865 43.50963054665561
      vertex 121.19603428065912 35.5 43.50963054665561
      vertex 120.4187258630991 35.48704920709133 43.50963054665561
    endloop
  endfacet
  facet normal 0 0 1
    outer loop
      vertex 119.82042223960161 36.255749717354774 43.50963054665561
      vertex 120.84670730870593 36.5302298784638 43.50963054665561
      vertex 119.60254313796759 36.3736599907279 43.50963054665561
    endloop
  endfacet
  facet normal 0 0 1
    outer loop
      vertex 119.12386901676655 36.494876742362976 43.50963054665561
      vertex 119.36822823435068 36.45410040020943 43.50963054665561
      vertex 120.84670730870593 36.5302298784638 43.50963054665561
    endloop
  endfacet
  facet normal 0 0 1
    outer loop
      vertex 119 36.5 43.50963054665561
      vertex 119.12386901676655 36.494876742362976 43.50963054665561
      vertex 120.84670730870593 36.5302298784638 43.50963054665561
    endloop
  endfacet
  facet normal 0 0 1
    outer loop
      vertex 119.60254313796759 36.3736599907279 43.50963054665561
      vertex 120.84670730870593 36.5302298784638 43.50963054665561
      vertex 119.36822823435068 36.45410040020943 43.50963054665561
    endloop
  endfacet
  facet normal 0 0 1
    outer loop
      vertex 120.4187258630991 35.48704920709133 43.50963054665561
      vertex 121.19603428065912 35.5 43.50963054665561
      vertex 121.17557623803751 35.746891885995865 43.50963054665561
    endloop
  endfacet
  facet normal 0 0 1
    outer loop
      vertex 120.4187258630991 35.48704920709133 43.50963054665561
      vertex 121.17557623803751 35.746891885995865 43.50963054665561
      vertex 120.31921062618494 35.71392109245062 43.50963054665561
    endloop
  endfacet
  facet normal 0 0 1
    outer loop
      vertex 120.31921062618494 35.71392109245062 43.50963054665561
      vertex 121.17557623803751 35.746891885995865 43.50963054665561
      vertex 121.17180949430329 35.78513627693585 43.50963054665561
    endloop
  endfacet
  facet normal 0 0 1
    outer loop
      vertex 120.31921062618494 35.71392109245062 43.50963054665561
      vertex 121.110993400024 36.02529359803132 43.50963054665561
      vertex 120.18371076136827 35.92131906747818 43.50963054665561
    endloop
  endfacet
  facet normal 0 0 1
    outer loop
      vertex 120.31921062618494 35.71392109245062 43.50963054665561
      vertex 121.17180949430329 35.78513627693585 43.50963054665561
      vertex 121.110993400024 36.02529359803132 43.50963054665561
    endloop
  endfacet
  facet normal 0 0 1
    outer loop
      vertex 120.18371076136827 35.92131906747818 43.50963054665561
      vertex 121.110993400024 36.02529359803132 43.50963054665561
      vertex 121.09983792267063 36.06206827847519 43.50963054665561
    endloop
  endfacet
  facet normal 0 0 1
    outer loop
      vertex 120.18371076136827 35.92131906747818 43.50963054665561
      vertex 121.09983792267063 36.06206827847519 43.50963054665561
      vertex 121.00032268575647 36.288940163834475 43.50963054665561
    endloop
  endfacet
  facet normal -0.19506483572762345 -0.016163531284946357 0.9806571521785562
    outer loop
      vertex 121.19603428065912 35.5 43.50963054665561
      vertex 121.58056935450892 35.5 43.58611932853558
      vertex 121.17557623803751 35.746891885995865 43.50963054665561
    endloop
  endfacet
  facet normal -0.1950543177805496 -0.01921117348907352 0.9806042748878556
    outer loop
      vertex 121.17557623803751 35.746891885995865 43.50963054665561
      vertex 121.56011131188731 35.746891885995865 43.58611932853558
      vertex 121.17180949430329 35.78513627693585 43.50963054665561
    endloop
  endfacet
  facet normal -0.19506483572762345 -0.016163531284946363 0.9806571521785562
    outer loop
      vertex 121.17557623803751 35.746891885995865 43.50963054665561
      vertex 121.58056935450892 35.5 43.58611932853558
      vertex 121.56011131188731 35.746891885995865 43.58611932853558
    endloop
  endfacet
  facet normal -0.38249117803088767 -0.03169411903102297 0.9234153894902288
    outer loop
      vertex 121.56011131188731 35.746891885995865 43.58611932853558
      vertex 121.58056935450892 35.5 43.58611932853558
      vertex 121.92233543103038 35.746891885995865 43.73615747130329
    endloop
  endfacet
  facet normal -0.18936371806617677 -0.047953406868705896 0.9807353634135142
    outer loop
      vertex 121.17180949430329 35.78513627693585 43.50963054665561
      vertex 121.54895583453396 35.86015534831971 43.58611932853558
      vertex 121.110993400024 36.02529359803132 43.50963054665561
    endloop
  endfacet
  facet normal -0.19505431778054852 -0.019211173489061435 0.9806042748878561
    outer loop
      vertex 121.56011131188731 35.746891885995865 43.58611932853558
      vertex 121.54895583453396 35.86015534831971 43.58611932853558
      vertex 121.17180949430329 35.78513627693585 43.50963054665561
    endloop
  endfacet
  facet normal -0.18936371806617677 -0.047953406868705896 0.9807353634135142
    outer loop
      vertex 121.54895583453396 35.86015534831971 43.58611932853558
      vertex 121.48813974025467 36.100312669415175 43.58611932853558
      vertex 121.110993400024 36.02529359803132 43.50963054665561
    endloop
  endfacet
  facet normal -0.38241189899194566 -0.037664284592157496 0.9232239929592032
    outer loop
      vertex 121.56011131188731 35.746891885995865 43.58611932853558
      vertex 121.92233543103038 35.746891885995865 43.73615747130329
      vertex 121.54895583453396 35.86015534831971 43.58611932853558
    endloop
  endfacet
  facet normal -0.3713964710185888 -0.09405036121086287 0.9236986472172863
    outer loop
      vertex 121.54895583453396 35.86015534831971 43.58611932853558
      vertex 121.8434038245172 36.1709790894608 43.73615747130329
      vertex 121.48813974025467 36.100312669415175 43.58611932853558
    endloop
  endfacet
  facet normal -0.38249117803088767 -0.03169411903102295 0.9234153894902288
    outer loop
      vertex 121.58056935450892 35.5 43.58611932853558
      vertex 121.94279347365199 35.5 43.73615747130329
      vertex 121.92233543103038 35.746891885995865 43.73615747130329
    endloop
  endfacet
  facet normal -0.5549824570818808 -0.04598715229312371 0.8305899434470221
    outer loop
      vertex 121.94279347365199 35.5 43.73615747130329
      vertex 122.2687865683273 35.5 43.953979093274526
      vertex 121.92233543103038 35.746891885995865 43.73615747130329
    endloop
  endfacet
  facet normal -0.38241189899195704 -0.03766428459220346 0.9232239929591968
    outer loop
      vertex 121.92233543103038 35.746891885995865 43.73615747130329
      vertex 121.90421991879649 35.930821768365334 43.73615747130329
      vertex 121.54895583453396 35.86015534831971 43.58611932853558
    endloop
  endfacet
  facet normal -0.554740363836519 -0.054637156933133486 0.8302276253009115
    outer loop
      vertex 121.92233543103038 35.746891885995865 43.73615747130329
      vertex 122.24832852570569 35.746891885995865 43.953979093274526
      vertex 121.90421991879649 35.930821768365334 43.73615747130329
    endloop
  endfacet
  facet normal -0.3713964710185888 -0.09405036121086288 0.9236986472172863
    outer loop
      vertex 121.54895583453396 35.86015534831971 43.58611932853558
      vertex 121.90421991879649 35.930821768365334 43.73615747130329
      vertex 121.8434038245172 36.1709790894608 43.73615747130329
    endloop
  endfacet
  facet normal -0.5390672238871819 -0.136510363128865 0.8311266142345535
    outer loop
      vertex 121.90421991879649 35.930821768365334 43.73615747130329
      vertex 122.22394914756711 35.99441986618058 43.953979093274526
      vertex 121.8434038245172 36.1709790894608 43.73615747130329
    endloop
  endfacet
  facet normal 0 0 1
    outer loop
      vertex 119.82042223960161 36.255749717354774 43.50963054665561
      vertex 120.0159223601222 36.10358586907387 43.50963054665561
      vertex 121.00032268575647 36.288940163834475 43.50963054665561
    endloop
  endfacet
  facet normal 0 0 1
    outer loop
      vertex 120.0159223601222 36.10358586907387 43.50963054665561
      vertex 120.18371076136827 35.92131906747818 43.50963054665561
      vertex 121.00032268575647 36.288940163834475 43.50963054665561
    endloop
  endfacet
  facet normal 0 0 1
    outer loop
      vertex 119.82042223960161 36.255749717354774 43.50963054665561
      vertex 120.9822071735226 36.32283190343624 43.50963054665561
      vertex 120.84670730870593 36.5302298784638 43.50963054665561
    endloop
  endfacet
  facet normal 0 0 1
    outer loop
      vertex 119.82042223960161 36.255749717354774 43.50963054665561
      vertex 121.00032268575647 36.288940163834475 43.50963054665561
      vertex 120.9822071735226 36.32283190343624 43.50963054665561
    endloop
  endfacet
  facet normal -0.1633314654901993 -0.10670977617447253 0.9807832869954595
    outer loop
      vertex 120.9822071735226 36.32283190343624 43.50963054665561
      vertex 121.16643653747656 36.74386611904674 43.58611932853558
      vertex 120.84670730870593 36.5302298784638 43.50963054665561
    endloop
  endfacet
  facet normal -0.15150858185101226 -0.12433987975367965 0.9806042748878548
    outer loop
      vertex 120.82232793056737 36.559936236677274 43.50963054665561
      vertex 120.84670730870593 36.5302298784638 43.50963054665561
      vertex 121.16643653747656 36.74386611904674 43.58611932853558
    endloop
  endfacet
  facet normal -0.1515085818510149 -0.12433987975367475 0.980604274887855
    outer loop
      vertex 120.82232793056737 36.559936236677274 43.50963054665561
      vertex 121.16643653747656 36.74386611904674 43.58611932853558
      vertex 121.09423528889063 36.831843595000535 43.58611932853558
    endloop
  endfacet
  facet normal -0.18755848973596367 -0.056895245843817194 0.9806042748878551
    outer loop
      vertex 121.110993400024 36.02529359803132 43.50963054665561
      vertex 121.45510200693317 36.209223480400794 43.58611932853558
      vertex 121.09983792267063 36.06206827847519 43.50963054665561
    endloop
  endfacet
  facet normal -0.17869522635216287 -0.0783829946919273 0.9807773051116522
    outer loop
      vertex 121.09983792267063 36.06206827847519 43.50963054665561
      vertex 121.45510200693317 36.209223480400794 43.58611932853558
      vertex 121.35558677001902 36.43609536576008 43.58611932853558
    endloop
  endfacet
  facet normal -0.18755848973595393 -0.056895245843835686 0.9806042748878558
    outer loop
      vertex 121.110993400024 36.02529359803132 43.50963054665561
      vertex 121.48813974025467 36.100312669415175 43.58611932853558
      vertex 121.45510200693317 36.209223480400794 43.58611932853558
    endloop
  endfacet
  facet normal -0.1786952263521629 -0.07838299469192732 0.9807773051116522
    outer loop
      vertex 121.09983792267063 36.06206827847519 43.50963054665561
      vertex 121.35558677001902 36.43609536576008 43.58611932853558
      vertex 121.00032268575647 36.288940163834475 43.50963054665561
    endloop
  endfacet
  facet normal -0.17285489411486032 -0.09239286580793418 0.9806042748878557
    outer loop
      vertex 121.00032268575647 36.288940163834475 43.50963054665561
      vertex 121.35558677001902 36.43609536576008 43.58611932853558
      vertex 120.9822071735226 36.32283190343624 43.50963054665561
    endloop
  endfacet
  facet normal -0.3505151787360501 -0.15375021457015675 0.9238506269929494
    outer loop
      vertex 121.45510200693317 36.209223480400794 43.58611932853558
      vertex 121.7897534567914 36.34784064959988 43.73615747130329
      vertex 121.35558677001902 36.43609536576008 43.58611932853558
    endloop
  endfacet
  facet normal -0.36771602417270915 -0.11154543644213194 0.9232239929592113
    outer loop
      vertex 121.48813974025467 36.100312669415175 43.58611932853558
      vertex 121.7897534567914 36.34784064959988 43.73615747130329
      vertex 121.45510200693317 36.209223480400794 43.58611932853558
    endloop
  endfacet
  facet normal -0.1728548941148526 -0.09239286580795888 0.9806042748878548
    outer loop
      vertex 120.9822071735226 36.32283190343624 43.50963054665561
      vertex 121.35558677001902 36.43609536576008 43.58611932853558
      vertex 121.30193640229322 36.53646814401918 43.58611932853558
    endloop
  endfacet
  facet normal -0.16333146549019936 -0.10670977617447253 0.9807832869954595
    outer loop
      vertex 120.9822071735226 36.32283190343624 43.50963054665561
      vertex 121.30193640229322 36.53646814401918 43.58611932853558
      vertex 121.16643653747656 36.74386611904674 43.58611932853558
    endloop
  endfacet
  facet normal -0.33888902876211824 -0.1811399597248516 0.9232239929592099
    outer loop
      vertex 121.30193640229322 36.53646814401918 43.58611932853558
      vertex 121.35558677001902 36.43609536576008 43.58611932853558
      vertex 121.69023821987724 36.57471253495917 43.73615747130329
    endloop
  endfacet
  facet normal -0.3203843399947705 -0.20931754397746175 0.9238723074480362
    outer loop
      vertex 121.30193640229322 36.53646814401918 43.58611932853558
      vertex 121.46761488538706 36.94510705732438 43.73615747130329
      vertex 121.16643653747656 36.74386611904674 43.58611932853558
    endloop
  endfacet
  facet normal -0.367716024172768 -0.11154543644205196 0.9232239929591975
    outer loop
      vertex 121.48813974025467 36.100312669415175 43.58611932853558
      vertex 121.8434038245172 36.1709790894608 43.73615747130329
      vertex 121.7897534567914 36.34784064959988 43.73615747130329
    endloop
  endfacet
  facet normal -0.5334220027563096 -0.161811795499263 0.8302276253008883
    outer loop
      vertex 121.8434038245172 36.1709790894608 43.73615747130329
      vertex 122.09093180470191 36.47259280599754 43.953979093274526
      vertex 121.7897534567914 36.34784064959988 43.73615747130329
    endloop
  endfacet
  facet normal -0.5334220027562802 -0.16181179549929622 0.8302276253009009
    outer loop
      vertex 121.8434038245172 36.1709790894608 43.73615747130329
      vertex 122.16313305328782 36.234577187276045 43.953979093274526
      vertex 122.09093180470191 36.47259280599754 43.953979093274526
    endloop
  endfacet
  facet normal -0.3388890287621082 -0.18113995972491742 0.9232239929592008
    outer loop
      vertex 121.30193640229322 36.53646814401918 43.58611932853558
      vertex 121.69023821987724 36.57471253495917 43.73615747130329
      vertex 121.60311475020373 36.73770908229682 43.73615747130329
    endloop
  endfacet
  facet normal -0.3203843399947705 -0.20931754397746175 0.9238723074480362
    outer loop
      vertex 121.30193640229322 36.53646814401918 43.58611932853558
      vertex 121.60311475020373 36.73770908229682 43.73615747130329
      vertex 121.46761488538706 36.94510705732438 43.73615747130329
    endloop
  endfacet
  facet normal -0.3505151787360501 -0.15375021457015675 0.9238506269929494
    outer loop
      vertex 121.7897534567914 36.34784064959988 43.73615747130329
      vertex 121.69023821987724 36.57471253495917 43.73615747130329
      vertex 121.35558677001902 36.43609536576008 43.58611932853558
    endloop
  endfacet
  facet normal -0.5088515334341213 -0.22320298005914269 0.8314147861413467
    outer loop
      vertex 121.7897534567914 36.34784064959988 43.73615747130329
      vertex 121.99141656778775 36.69946469135683 43.953979093274526
      vertex 121.69023821987724 36.57471253495917 43.73615747130329
    endloop
  endfacet
  facet normal -0.5088515334341212 -0.2232029800591427 0.8314147861413467
    outer loop
      vertex 121.7897534567914 36.34784064959988 43.73615747130329
      vertex 122.09093180470191 36.47259280599754 43.953979093274526
      vertex 121.99141656778775 36.69946469135683 43.953979093274526
    endloop
  endfacet
  facet normal -0.491604533256602 -0.26276809750957764 0.8302276253008902
    outer loop
      vertex 121.69023821987724 36.57471253495917 43.73615747130329
      vertex 121.99141656778775 36.69946469135683 43.953979093274526
      vertex 121.60311475020373 36.73770908229682 43.73615747130329
    endloop
  endfacet
  facet normal -0.5549824570818808 -0.04598715229312369 0.8305899434470221
    outer loop
      vertex 121.92233543103038 35.746891885995865 43.73615747130329
      vertex 122.2687865683273 35.5 43.953979093274526
      vertex 122.24832852570569 35.746891885995865 43.953979093274526
    endloop
  endfacet
  facet normal -0.7058961187635155 -0.058492213406870525 0.7058961187634976
    outer loop
      vertex 122.2687865683273 35.5 43.953979093274526
      vertex 122.54602090672547 35.5 44.23121343167271
      vertex 122.24832852570569 35.746891885995865 43.953979093274526
    endloop
  endfacet
  facet normal -0.7058961187635155 -0.058492213406870504 0.7058961187634976
    outer loop
      vertex 122.24832852570569 35.746891885995865 43.953979093274526
      vertex 122.54602090672547 35.5 44.23121343167271
      vertex 122.52556286410386 35.746891885995865 44.23121343167271
    endloop
  endfacet
  facet normal -0.8295031715207434 -0.06873458465143069 0.554256299296475
    outer loop
      vertex 122.54602090672547 35.5 44.23121343167271
      vertex 122.76384252869671 35.5 44.557206526348004
      vertex 122.52556286410386 35.746891885995865 44.23121343167271
    endloop
  endfacet
  facet normal -0.5547403638365307 -0.05463715693316726 0.8302276253009014
    outer loop
      vertex 121.90421991879649 35.930821768365334 43.73615747130329
      vertex 122.24832852570569 35.746891885995865 43.953979093274526
      vertex 122.22394914756711 35.99441986618058 43.953979093274526
    endloop
  endfacet
  facet normal -0.7053981618131235 -0.06947565488254095 0.7053981618131056
    outer loop
      vertex 122.24832852570569 35.746891885995865 43.953979093274526
      vertex 122.52556286410386 35.746891885995865 44.23121343167271
      vertex 122.49585650589039 36.0485056025326 44.23121343167271
    endloop
  endfacet
  facet normal -0.6859270830504341 -0.17370033093819565 0.7066344399828556
    outer loop
      vertex 122.22394914756711 35.99441986618058 43.953979093274526
      vertex 122.49585650589039 36.0485056025326 44.23121343167271
      vertex 122.16313305328782 36.234577187276045 43.953979093274526
    endloop
  endfacet
  facet normal -0.7053981618130926 -0.06947565488259069 0.705398161813132
    outer loop
      vertex 122.24832852570569 35.746891885995865 43.953979093274526
      vertex 122.49585650589039 36.0485056025326 44.23121343167271
      vertex 122.22394914756711 35.99441986618058 43.953979093274526
    endloop
  endfacet
  facet normal -0.8286954742331493 -0.08161938021295637 0.5537166132229994
    outer loop
      vertex 122.52556286410386 35.746891885995865 44.23121343167271
      vertex 122.7433844860751 35.746891885995865 44.557206526348004
      vertex 122.49585650589039 36.0485056025326 44.23121343167271
    endloop
  endfacet
  facet normal -0.5390672238871819 -0.13651036312886497 0.8311266142345535
    outer loop
      vertex 121.8434038245172 36.1709790894608 43.73615747130329
      vertex 122.22394914756711 35.99441986618058 43.953979093274526
      vertex 122.16313305328782 36.234577187276045 43.953979093274526
    endloop
  endfacet
  facet normal -0.6859270830504341 -0.17370033093819565 0.7066344399828556
    outer loop
      vertex 122.49585650589039 36.0485056025326 44.23121343167271
      vertex 122.4350404116111 36.28866292362807 44.23121343167271
      vertex 122.16313305328782 36.234577187276045 43.953979093274526
    endloop
  endfacet
  facet normal -0.806358888274279 -0.20419780645678232 0.5550572935646436
    outer loop
      vertex 122.49585650589039 36.0485056025326 44.23121343167271
      vertex 122.70949274647333 36.091000492905046 44.557206526348004
      vertex 122.4350404116111 36.28866292362807 44.23121343167271
    endloop
  endfacet
  facet normal -0.6782901060464744 -0.2057570541928604 0.7053981618131272
    outer loop
      vertex 122.16313305328782 36.234577187276045 43.953979093274526
      vertex 122.4350404116111 36.28866292362807 44.23121343167271
      vertex 122.09093180470191 36.47259280599754 43.953979093274526
    endloop
  endfacet
  facet normal -0.6782901060464748 -0.20575705419286267 0.7053981618131262
    outer loop
      vertex 122.09093180470191 36.47259280599754 43.953979093274526
      vertex 122.4350404116111 36.28866292362807 44.23121343167271
      vertex 122.3470629356573 36.578685794185226 44.23121343167271
    endloop
  endfacet
  facet normal -0.6476186844760855 -0.2840718968487853 0.7070312559839185
    outer loop
      vertex 121.99141656778775 36.69946469135683 43.953979093274526
      vertex 122.09093180470191 36.47259280599754 43.953979093274526
      vertex 122.3470629356573 36.578685794185226 44.23121343167271
    endloop
  endfacet
  facet normal -0.7968491718961533 -0.24172155362994574 0.5537166132229914
    outer loop
      vertex 122.4350404116111 36.28866292362807 44.23121343167271
      vertex 122.54830387393494 36.66204252012451 44.557206526348004
      vertex 122.3470629356573 36.578685794185226 44.23121343167271
    endloop
  endfacet
  facet normal -0.6476186844760855 -0.28407189684878525 0.7070312559839185
    outer loop
      vertex 121.99141656778775 36.69946469135683 43.953979093274526
      vertex 122.3470629356573 36.578685794185226 44.23121343167271
      vertex 122.24754769874315 36.80555767954451 44.23121343167271
    endloop
  endfacet
  facet normal -0.7614878880304298 -0.33401956114835896 0.5554881899313551
    outer loop
      vertex 122.3470629356573 36.578685794185226 44.23121343167271
      vertex 122.54830387393494 36.66204252012451 44.557206526348004
      vertex 122.24754769874315 36.80555767954451 44.23121343167271
    endloop
  endfacet
  facet normal -0.9211841106843157 -0.07633148300000278 0.38156695208805336
    outer loop
      vertex 122.76384252869671 35.5 44.557206526348004
      vertex 122.91388067146443 35.5 44.919430645491076
      vertex 122.7433844860751 35.746891885995865 44.557206526348004
    endloop
  endfacet
  facet normal -0.8295031715207434 -0.0687345846514307 0.554256299296475
    outer loop
      vertex 122.52556286410386 35.746891885995865 44.23121343167271
      vertex 122.76384252869671 35.5 44.557206526348004
      vertex 122.7433844860751 35.746891885995865 44.557206526348004
    endloop
  endfacet
  facet normal -0.9211841106843157 -0.0763314830000028 0.38156695208805336
    outer loop
      vertex 122.7433844860751 35.746891885995865 44.557206526348004
      vertex 122.91388067146443 35.5 44.919430645491076
      vertex 122.89342262884281 35.746891885995865 44.919430645491076
    endloop
  endfacet
  facet normal -0.9775622715635128 -0.08100311007086593 0.19444922569769169
    outer loop
      vertex 122.91388067146443 35.5 44.919430645491076
      vertex 122.96991141072277 35.746891885995865 45.30396571934088
      vertex 122.89342262884281 35.746891885995865 44.919430645491076
    endloop
  endfacet
  facet normal -0.8286954742331538 -0.08161938021296994 0.5537166132229903
    outer loop
      vertex 122.7433844860751 35.746891885995865 44.557206526348004
      vertex 122.70949274647333 36.091000492905046 44.557206526348004
      vertex 122.49585650589039 36.0485056025326 44.23121343167271
    endloop
  endfacet
  facet normal -0.9200782869650613 -0.0906198016816622 0.38110890490595234
    outer loop
      vertex 122.7433844860751 35.746891885995865 44.557206526348004
      vertex 122.85664794839894 36.1202714824923 44.919430645491076
      vertex 122.70949274647333 36.091000492905046 44.557206526348004
    endloop
  endfacet
  facet normal -0.9200782869650649 -0.09061980168165482 0.38110890490594584
    outer loop
      vertex 122.7433844860751 35.746891885995865 44.557206526348004
      vertex 122.89342262884281 35.746891885995865 44.919430645491076
      vertex 122.85664794839894 36.1202714824923 44.919430645491076
    endloop
  endfacet
  facet normal -0.9762410328686755 -0.09615134934209384 0.1941864149810596
    outer loop
      vertex 122.89342262884281 35.746891885995865 44.919430645491076
      vertex 122.9316670197828 36.13519370357989 45.30396571934088
      vertex 122.85664794839894 36.1202714824923 44.919430645491076
    endloop
  endfacet
  facet normal -0.9775622715635128 -0.08100311007086593 0.19444922569769169
    outer loop
      vertex 122.91388067146443 35.5 44.919430645491076
      vertex 122.99036945334439 35.5 45.30396571934088
      vertex 122.96991141072277 35.746891885995865 45.30396571934088
    endloop
  endfacet
  facet normal -0.9762410328686845 -0.09615134934206347 0.19418641498102984
    outer loop
      vertex 122.89342262884281 35.746891885995865 44.919430645491076
      vertex 122.96991141072277 35.746891885995865 45.30396571934088
      vertex 122.9316670197828 36.13519370357989 45.30396571934088
    endloop
  endfacet
  facet normal -0.806358888274279 -0.20419780645678232 0.5550572935646436
    outer loop
      vertex 122.70949274647333 36.091000492905046 44.557206526348004
      vertex 122.64867665219404 36.33115781400051 44.557206526348004
      vertex 122.4350404116111 36.28866292362807 44.23121343167271
    endloop
  endfacet
  facet normal -0.8957840487359957 -0.2268433330006866 0.38224735486761274
    outer loop
      vertex 122.70949274647333 36.091000492905046 44.557206526348004
      vertex 122.79583185411965 36.360428803587766 44.919430645491076
      vertex 122.64867665219404 36.33115781400051 44.557206526348004
    endloop
  endfacet
  facet normal -0.8957840487359957 -0.22684333300068657 0.38224735486761274
    outer loop
      vertex 122.70949274647333 36.091000492905046 44.557206526348004
      vertex 122.85664794839894 36.1202714824923 44.919430645491076
      vertex 122.79583185411965 36.360428803587766 44.919430645491076
    endloop
  endfacet
  facet normal -0.9508217784958347 -0.2407807792826671 0.19483983644534658
    outer loop
      vertex 122.85664794839894 36.1202714824923 44.919430645491076
      vertex 122.9316670197828 36.13519370357989 45.30396571934088
      vertex 122.79583185411965 36.360428803587766 44.919430645491076
    endloop
  endfacet
  facet normal -0.7968491718961541 -0.2417215536299451 0.5537166132229908
    outer loop
      vertex 122.4350404116111 36.28866292362807 44.23121343167271
      vertex 122.64867665219404 36.33115781400051 44.557206526348004
      vertex 122.54830387393494 36.66204252012451 44.557206526348004
    endloop
  endfacet
  facet normal -0.884720194382851 -0.2683769368864697 0.3811089049059421
    outer loop
      vertex 122.64867665219404 36.33115781400051 44.557206526348004
      vertex 122.68692104313403 36.71945963158454 44.919430645491076
      vertex 122.54830387393494 36.66204252012451 44.557206526348004
    endloop
  endfacet
  facet normal -0.8847201943828443 -0.26837693688647846 0.3811089049059509
    outer loop
      vertex 122.64867665219404 36.33115781400051 44.557206526348004
      vertex 122.79583185411965 36.360428803587766 44.919430645491076
      vertex 122.68692104313403 36.71945963158454 44.919430645491076
    endloop
  endfacet
  facet normal -0.9387246374578119 -0.2847590055933314 0.19418641498106068
    outer loop
      vertex 122.79583185411965 36.360428803587766 44.919430645491076
      vertex 122.8708509255035 36.37535102467535 45.30396571934088
      vertex 122.68692104313403 36.71945963158454 44.919430645491076
    endloop
  endfacet
  facet normal -0.9508217784958347 -0.24078077928266708 0.19483983644534658
    outer loop
      vertex 122.79583185411965 36.360428803587766 44.919430645491076
      vertex 122.9316670197828 36.13519370357989 45.30396571934088
      vertex 122.8708509255035 36.37535102467535 45.30396571934088
    endloop
  endfacet
  facet normal -0.9387246374578113 -0.28475900559333706 0.19418641498105532
    outer loop
      vertex 122.8708509255035 36.37535102467535 45.30396571934088
      vertex 122.75758746317966 36.74873062117179 45.30396571934088
      vertex 122.68692104313403 36.71945963158454 44.919430645491076
    endloop
  endfacet
  facet normal -0.996584493778003 -0.08257933616372483 0
    outer loop
      vertex 122.99036945334439 35.5 45.30396571934088
      vertex 122.99036945334439 35.5 49
      vertex 122.96991141072277 35.746891885995865 45.30396571934088
    endloop
  endfacet
  facet normal -0.995184726672199 -0.09801714032953963 0
    outer loop
      vertex 122.96991141072277 35.746891885995865 45.30396571934088
      vertex 122.96991141072277 35.746891885995865 49
      vertex 122.9316670197828 36.13519370357989 45.30396571934088
    endloop
  endfacet
  facet normal -0.969400264940313 -0.24548549108583023 0
    outer loop
      vertex 122.9316670197828 36.13519370357989 45.30396571934088
      vertex 122.9316670197828 36.13519370357989 49
      vertex 122.8708509255035 36.37535102467535 45.30396571934088
    endloop
  endfacet
  facet normal -0.9569403357322074 -0.29028467725446716 0
    outer loop
      vertex 122.8708509255035 36.37535102467535 45.30396571934088
      vertex 122.8708509255035 36.37535102467535 49
      vertex 122.75758746317966 36.74873062117179 45.30396571934088
    endloop
  endfacet
  facet normal -0.996584493778003 -0.08257933616372483 0
    outer loop
      vertex 122.96991141072277 35.746891885995865 45.30396571934088
      vertex 122.99036945334439 35.5 49
      vertex 122.96991141072277 35.746891885995865 49
    endloop
  endfacet
  facet normal -0.995184726672199 -0.09801714032953963 0
    outer loop
      vertex 122.9316670197828 36.13519370357989 45.30396571934088
      vertex 122.96991141072277 35.746891885995865 49
      vertex 122.9316670197828 36.13519370357989 49
    endloop
  endfacet
  facet normal -0.969400264940313 -0.24548549108583023 0
    outer loop
      vertex 122.8708509255035 36.37535102467535 45.30396571934088
      vertex 122.9316670197828 36.13519370357989 49
      vertex 122.8708509255035 36.37535102467535 49
    endloop
  endfacet
  facet normal -0.9569403357322074 -0.29028467725446716 0
    outer loop
      vertex 122.75758746317966 36.74873062117179 45.30396571934088
      vertex 122.8708509255035 36.37535102467535 49
      vertex 122.75758746317966 36.74873062117179 49
    endloop
  endfacet
  facet normal -0.008068728338143833 -0.19508397129581895 0.9807533531762496
    outer loop
      vertex 119.5 37.19603428065912 43.50963054665561
      vertex 119.62386901676655 37.190911023022096 43.50963054665561
      vertex 119.5 37.580569354508924 43.58611932853558
    endloop
  endfacet
  facet normal -0.06346303601975269 -0.18486150510732757 0.9807133459827132
    outer loop
      vertex 119.94324730573453 37.13521245978096 43.50963054665561
      vertex 120.17756220935144 37.054772050299434 43.50963054665561
      vertex 120.09040250766014 37.49047654404351 43.58611932853558
    endloop
  endfacet
  facet normal -0.019211173489077086 -0.1950543177805496 0.9806042748878556
    outer loop
      vertex 119.62386901676655 37.190911023022096 43.50963054665561
      vertex 119.66211340770653 37.18714427928788 43.50963054665561
      vertex 119.62386901676655 37.5754460968719 43.58611932853558
    endloop
  endfacet
  facet normal -0.03212566215184529 -0.19251853533688845 0.9807673298917765
    outer loop
      vertex 119.66211340770653 37.18714427928788 43.50963054665561
      vertex 119.90647262529066 37.14636793713433 43.50963054665561
      vertex 119.73713247909039 37.56429061951853 43.58611932853558
    endloop
  endfacet
  facet normal -0.05689524584381713 -0.18755848973596348 0.9806042748878551
    outer loop
      vertex 119.90647262529066 37.14636793713433 43.50963054665561
      vertex 119.94324730573453 37.13521245978096 43.50963054665561
      vertex 119.98149169667452 37.52351427736498 43.58611932853558
    endloop
  endfacet
  facet normal -0.05689524584380235 -0.18755848973596503 0.9806042748878556
    outer loop
      vertex 119.94324730573453 37.13521245978096 43.50963054665561
      vertex 120.09040250766014 37.49047654404351 43.58611932853558
      vertex 119.98149169667452 37.52351427736498 43.58611932853558
    endloop
  endfacet
  facet normal -0.008068728338143835 -0.19508397129581895 0.9807533531762496
    outer loop
      vertex 119.62386901676655 37.190911023022096 43.50963054665561
      vertex 119.62386901676655 37.5754460968719 43.58611932853558
      vertex 119.5 37.580569354508924 43.58611932853558
    endloop
  endfacet
  facet normal -0.015825912964608866 -0.38263550600937946 0.9237638280533519
    outer loop
      vertex 119.5 37.580569354508924 43.58611932853558
      vertex 119.62386901676655 37.5754460968719 43.58611932853558
      vertex 119.62386901676655 37.93767021601497 43.73615747130329
    endloop
  endfacet
  facet normal -0.019211173489086127 -0.19505431778055038 0.9806042748878552
    outer loop
      vertex 119.66211340770653 37.18714427928788 43.50963054665561
      vertex 119.73713247909039 37.56429061951853 43.58611932853558
      vertex 119.62386901676655 37.5754460968719 43.58611932853558
    endloop
  endfacet
  facet normal -0.032125662151845265 -0.19251853533688845 0.9807673298917765
    outer loop
      vertex 119.90647262529066 37.14636793713433 43.50963054665561
      vertex 119.98149169667452 37.52351427736498 43.58611932853558
      vertex 119.73713247909039 37.56429061951853 43.58611932853558
    endloop
  endfacet
  facet normal -0.03766428459220478 -0.38241189899193856 0.9232239929592042
    outer loop
      vertex 119.73713247909039 37.56429061951853 43.58611932853558
      vertex 119.62386901676655 37.93767021601497 43.73615747130329
      vertex 119.62386901676655 37.5754460968719 43.58611932853558
    endloop
  endfacet
  facet normal -0.06301346896407248 -0.3776190104384477 0.9238144757929491
    outer loop
      vertex 119.73713247909039 37.56429061951853 43.58611932853558
      vertex 119.98149169667452 37.52351427736498 43.58611932853558
      vertex 119.80779889913602 37.91955470378109 43.73615747130329
    endloop
  endfacet
  facet normal -0.01582591296460889 -0.38263550600937946 0.9237638280533519
    outer loop
      vertex 119.5 37.580569354508924 43.58611932853558
      vertex 119.62386901676655 37.93767021601497 43.73615747130329
      vertex 119.5 37.942793473651996 43.73615747130329
    endloop
  endfacet
  facet normal -0.022972478194322812 -0.5554236168132111 0.8312501856431327
    outer loop
      vertex 119.5 37.942793473651996 43.73615747130329
      vertex 119.62386901676655 37.93767021601497 43.73615747130329
      vertex 119.5 38.268786568327286 43.953979093274526
    endloop
  endfacet
  facet normal -0.03766428459218642 -0.382411898991934 0.9232239929592068
    outer loop
      vertex 119.73713247909039 37.56429061951853 43.58611932853558
      vertex 119.80779889913602 37.91955470378109 43.73615747130329
      vertex 119.62386901676655 37.93767021601497 43.73615747130329
    endloop
  endfacet
  facet normal -0.06301346896407245 -0.3776190104384477 0.9238144757929491
    outer loop
      vertex 119.98149169667452 37.52351427736498 43.58611932853558
      vertex 120.05215811672015 37.87877836162754 43.73615747130329
      vertex 119.80779889913602 37.91955470378109 43.73615747130329
    endloop
  endfacet
  facet normal -0.11154543644209057 -0.3677160241727345 0.9232239929592062
    outer loop
      vertex 119.98149169667452 37.52351427736498 43.58611932853558
      vertex 120.22901967685922 37.825127993901724 43.73615747130329
      vertex 120.05215811672015 37.87877836162754 43.73615747130329
    endloop
  endfacet
  facet normal -0.05463715693311407 -0.5547403638365397 0.830227625300899
    outer loop
      vertex 119.62386901676655 37.93767021601497 43.73615747130329
      vertex 119.80779889913602 37.91955470378109 43.73615747130329
      vertex 119.87139699695126 38.239283932551714 43.953979093274526
    endloop
  endfacet
  facet normal -0.09147424353732607 -0.5481750789639149 0.8313462248498994
    outer loop
      vertex 120.05215811672015 37.87877836162754 43.73615747130329
      vertex 120.1157562145354 38.198507590398165 43.953979093274526
      vertex 119.80779889913602 37.91955470378109 43.73615747130329
    endloop
  endfacet
  facet normal -0.14365065859220758 -0.13223973939367079 0.9807533530970562
    outer loop
      vertex 120.82232793056737 36.559936236677274 43.50963054665561
      vertex 120.92644688764456 37.01411039659622 43.58611932853558
      vertex 120.6545395293213 36.74220303827296 43.50963054665561
    endloop
  endfacet
  facet normal -0.12433987975365632 -0.15150858185102797 0.9806042748878553
    outer loop
      vertex 120.6545395293213 36.74220303827296 43.50963054665561
      vertex 120.83846941169077 37.08631164518214 43.58611932853558
      vertex 120.62483317110782 36.76658241641152 43.50963054665561
    endloop
  endfacet
  facet normal -0.14365065859220755 -0.13223973939367079 0.9807533530970562
    outer loop
      vertex 120.82232793056737 36.559936236677274 43.50963054665561
      vertex 121.09423528889063 36.831843595000535 43.58611932853558
      vertex 120.92644688764456 37.01411039659622 43.58611932853558
    endloop
  endfacet
  facet normal -0.12012916077534815 -0.15434195227674855 0.9806872827251367
    outer loop
      vertex 120.42933305058723 36.91874626469242 43.50963054665561
      vertex 120.62483317110782 36.76658241641152 43.50963054665561
      vertex 120.83846941169077 37.08631164518214 43.58611932853558
    endloop
  endfacet
  facet normal -0.12433987975366799 -0.15150858185102162 0.9806042748878548
    outer loop
      vertex 120.6545395293213 36.74220303827296 43.50963054665561
      vertex 120.92644688764456 37.01411039659622 43.58611932853558
      vertex 120.83846941169077 37.08631164518214 43.58611932853558
    endloop
  endfacet
  facet normal -0.09239286580795007 -0.17285489411485847 0.9806042748878546
    outer loop
      vertex 120.2114539489532 37.03665653806555 43.50963054665561
      vertex 120.42509018953615 37.356385766836176 43.58611932853558
      vertex 120.17756220935144 37.054772050299434 43.50963054665561
    endloop
  endfacet
  facet normal -0.09324035397248195 -0.17229308336242866 0.9806229294772552
    outer loop
      vertex 120.2114539489532 37.03665653806555 43.50963054665561
      vertex 120.42933305058723 36.91874626469242 43.50963054665561
      vertex 120.42509018953615 37.356385766836176 43.58611932853558
    endloop
  endfacet
  facet normal -0.093240353972482 -0.17229308336242863 0.9806229294772549
    outer loop
      vertex 120.42933305058723 36.91874626469242 43.50963054665561
      vertex 120.64296929117017 37.23847549346305 43.58611932853558
      vertex 120.42509018953615 37.356385766836176 43.58611932853558
    endloop
  endfacet
  facet normal -0.06346303601975269 -0.1848615051073276 0.9807133459827132
    outer loop
      vertex 120.09040250766014 37.49047654404351 43.58611932853558
      vertex 120.17756220935144 37.054772050299434 43.50963054665561
      vertex 120.32471741127705 37.410036134561985 43.58611932853558
    endloop
  endfacet
  facet normal -0.09239286580797544 -0.17285489411483793 0.980604274887856
    outer loop
      vertex 120.17756220935144 37.054772050299434 43.50963054665561
      vertex 120.42509018953615 37.356385766836176 43.58611932853558
      vertex 120.32471741127705 37.410036134561985 43.58611932853558
    endloop
  endfacet
  facet normal -0.12012916077534815 -0.15434195227674855 0.9806872827251367
    outer loop
      vertex 120.42933305058723 36.91874626469242 43.50963054665561
      vertex 120.83846941169077 37.08631164518214 43.58611932853558
      vertex 120.64296929117017 37.23847549346305 43.58611932853558
    endloop
  endfacet
  facet normal -0.24377337593995194 -0.2970387180272992 0.9232239929592045
    outer loop
      vertex 120.92644688764456 37.01411039659622 43.58611932853558
      vertex 121.18257801859994 37.27024152755162 43.73615747130329
      vertex 120.83846941169077 37.08631164518214 43.58611932853558
    endloop
  endfacet
  facet normal -0.2355748074252138 -0.30266652535116906 0.9235244904919541
    outer loop
      vertex 120.64296929117017 37.23847549346305 43.58611932853558
      vertex 120.83846941169077 37.08631164518214 43.58611932853558
      vertex 121.0397103499684 37.38748999309266 43.73615747130329
    endloop
  endfacet
  facet normal -0.2970387180272876 -0.24377337593996642 0.9232239929592044
    outer loop
      vertex 121.16643653747656 36.74386611904674 43.58611932853558
      vertex 121.35036641984601 37.08797472595593 43.73615747130329
      vertex 121.09423528889063 36.831843595000535 43.58611932853558
    endloop
  endfacet
  facet normal -0.2817547851895264 -0.25937353668633867 0.9237638277663963
    outer loop
      vertex 120.92644688764456 37.01411039659622 43.58611932853558
      vertex 121.09423528889063 36.831843595000535 43.58611932853558
      vertex 121.35036641984601 37.08797472595593 43.73615747130329
    endloop
  endfacet
  facet normal -0.24377337593994475 -0.2970387180273111 0.9232239929592028
    outer loop
      vertex 120.83846941169077 37.08631164518214 43.58611932853558
      vertex 121.18257801859994 37.27024152755162 43.73615747130329
      vertex 121.0397103499684 37.38748999309266 43.73615747130329
    endloop
  endfacet
  facet normal -0.2355748074252138 -0.30266652535116906 0.9235244904919541
    outer loop
      vertex 120.64296929117017 37.23847549346305 43.58611932853558
      vertex 121.0397103499684 37.38748999309266 43.73615747130329
      vertex 120.84421022944781 37.539653841373564 43.73615747130329
    endloop
  endfacet
  facet normal -0.2970387180273126 -0.24377337593995124 0.9232239929592004
    outer loop
      vertex 121.16643653747656 36.74386611904674 43.58611932853558
      vertex 121.46761488538706 36.94510705732438 43.73615747130329
      vertex 121.35036641984601 37.08797472595593 43.73615747130329
    endloop
  endfacet
  facet normal -0.46512194037931276 -0.3038793413305353 0.8314559077246989
    outer loop
      vertex 121.60311475020373 36.73770908229682 43.73615747130329
      vertex 121.87416810224671 36.91882114186835 43.953979093274526
      vertex 121.46761488538706 36.94510705732438 43.73615747130329
    endloop
  endfacet
  facet normal -0.4916045332566048 -0.26276809750953073 0.8302276253009035
    outer loop
      vertex 121.60311475020373 36.73770908229682 43.73615747130329
      vertex 121.99141656778775 36.69946469135683 43.953979093274526
      vertex 121.87416810224671 36.91882114186835 43.953979093274526
    endloop
  endfacet
  facet normal -0.46512194037931276 -0.30387934133053535 0.8314559077246989
    outer loop
      vertex 121.46761488538706 36.94510705732438 43.73615747130329
      vertex 121.87416810224671 36.91882114186835 43.953979093274526
      vertex 121.73866823743005 37.12621911689591 43.953979093274526
    endloop
  endfacet
  facet normal -0.6251157418939554 -0.3341313253004399 0.7053981618131291
    outer loop
      vertex 121.99141656778775 36.69946469135683 43.953979093274526
      vertex 122.10468003011161 37.07284428785327 44.23121343167271
      vertex 121.87416810224671 36.91882114186835 43.953979093274526
    endloop
  endfacet
  facet normal -0.2817547851895264 -0.25937353668633867 0.9237638277663963
    outer loop
      vertex 120.92644688764456 37.01411039659622 43.58611932853558
      vertex 121.35036641984601 37.08797472595593 43.73615747130329
      vertex 121.18257801859994 37.27024152755162 43.73615747130329
    endloop
  endfacet
  facet normal -0.430894977238864 -0.3536263688945355 0.8302276253009078
    outer loop
      vertex 121.46761488538706 36.94510705732438 43.73615747130329
      vertex 121.58087834771092 37.31848665382081 43.953979093274526
      vertex 121.35036641984601 37.08797472595593 43.73615747130329
    endloop
  endfacet
  facet normal -0.4089878208708027 -0.3764997903746061 0.8312501850990651
    outer loop
      vertex 121.35036641984601 37.08797472595593 43.73615747130329
      vertex 121.58087834771092 37.31848665382081 43.953979093274526
      vertex 121.18257801859994 37.27024152755162 43.73615747130329
    endloop
  endfacet
  facet normal -0.4089878208708027 -0.376499790374606 0.8312501850990651
    outer loop
      vertex 121.18257801859994 37.27024152755162 43.73615747130329
      vertex 121.58087834771092 37.31848665382081 43.953979093274526
      vertex 121.41308994646485 37.5007534554165 43.953979093274526
    endloop
  endfacet
  facet normal -0.4308949772388777 -0.3536263688945289 0.8302276253009037
    outer loop
      vertex 121.46761488538706 36.94510705732438 43.73615747130329
      vertex 121.73866823743005 37.12621911689591 43.953979093274526
      vertex 121.58087834771092 37.31848665382081 43.953979093274526
    endloop
  endfacet
  facet normal -0.5479185303493949 -0.4496651169597371 0.7053981618131318
    outer loop
      vertex 121.73866823743005 37.12621911689591 43.953979093274526
      vertex 121.96918016529494 37.28024226288083 44.23121343167271
      vertex 121.58087834771092 37.31848665382081 43.953979093274526
    endloop
  endfacet
  facet normal -0.5919818920476057 -0.38676108740070836 0.7070879017211075
    outer loop
      vertex 121.87416810224671 36.91882114186835 43.953979093274526
      vertex 121.96918016529494 37.28024226288083 44.23121343167271
      vertex 121.73866823743005 37.12621911689591 43.953979093274526
    endloop
  endfacet
  facet normal -0.5919818920476057 -0.38676108740070847 0.7070879017211075
    outer loop
      vertex 121.87416810224671 36.91882114186835 43.953979093274526
      vertex 122.10468003011161 37.07284428785327 44.23121343167271
      vertex 121.96918016529494 37.28024226288083 44.23121343167271
    endloop
  endfacet
  facet normal -0.5479185303493872 -0.4496651169597707 0.7053981618131163
    outer loop
      vertex 121.58087834771092 37.31848665382081 43.953979093274526
      vertex 121.96918016529494 37.28024226288083 44.23121343167271
      vertex 121.77691262837004 37.51452093447993 44.23121343167271
    endloop
  endfacet
  facet normal -0.6436898065936913 -0.5282625721440672 0.5537166132229647
    outer loop
      vertex 121.96918016529494 37.28024226288083 44.23121343167271
      vertex 122.15029222486646 37.4012574721561 44.557206526348004
      vertex 121.77691262837004 37.51452093447993 44.23121343167271
    endloop
  endfacet
  facet normal -0.12446123120511787 -0.36254317428066285 0.9236188871549819
    outer loop
      vertex 120.09040250766014 37.49047654404351 43.58611932853558
      vertex 120.32471741127705 37.410036134561985 43.58611932853558
      vertex 120.46333458047613 37.7446875844202 43.73615747130329
    endloop
  endfacet
  facet normal -0.18281138466811536 -0.3378058511824222 0.9232915057243004
    outer loop
      vertex 120.42509018953615 37.356385766836176 43.58611932853558
      vertex 120.64296929117017 37.23847549346305 43.58611932853558
      vertex 120.62633112781378 37.65756411474669 43.73615747130329
    endloop
  endfacet
  facet normal -0.18113995972489744 -0.33888902876211424 0.9232239929592025
    outer loop
      vertex 120.42509018953615 37.356385766836176 43.58611932853558
      vertex 120.46333458047613 37.7446875844202 43.73615747130329
      vertex 120.32471741127705 37.410036134561985 43.58611932853558
    endloop
  endfacet
  facet normal -0.11154543644207184 -0.3677160241727483 0.923223992959203
    outer loop
      vertex 120.09040250766014 37.49047654404351 43.58611932853558
      vertex 120.22901967685922 37.825127993901724 43.73615747130329
      vertex 119.98149169667452 37.52351427736498 43.58611932853558
    endloop
  endfacet
  facet normal -0.12446123120511783 -0.36254317428066285 0.923618887154982
    outer loop
      vertex 120.09040250766014 37.49047654404351 43.58611932853558
      vertex 120.46333458047613 37.7446875844202 43.73615747130329
      vertex 120.22901967685922 37.825127993901724 43.73615747130329
    endloop
  endfacet
  facet normal -0.1811399597248979 -0.3388890287621141 0.9232239929592023
    outer loop
      vertex 120.42509018953615 37.356385766836176 43.58611932853558
      vertex 120.62633112781378 37.65756411474669 43.73615747130329
      vertex 120.46333458047613 37.7446875844202 43.73615747130329
    endloop
  endfacet
  facet normal -0.1828113846681153 -0.3378058511824222 0.9232915057243004
    outer loop
      vertex 120.64296929117017 37.23847549346305 43.58611932853558
      vertex 120.84421022944781 37.539653841373564 43.73615747130329
      vertex 120.62633112781378 37.65756411474669 43.73615747130329
    endloop
  endfacet
  facet normal -0.26521414594611153 -0.4900728172897601 0.8303554001412601
    outer loop
      vertex 120.84421022944781 37.539653841373564 43.73615747130329
      vertex 121.02532228901936 37.81070719341655 43.953979093274526
      vertex 120.62633112781378 37.65756411474669 43.73615747130329
    endloop
  endfacet
  facet normal -0.3418561546953423 -0.43921680608567765 0.8307965856627062
    outer loop
      vertex 121.0397103499684 37.38748999309266 43.73615747130329
      vertex 121.02532228901936 37.81070719341655 43.953979093274526
      vertex 120.84421022944781 37.539653841373564 43.73615747130329
    endloop
  endfacet
  facet normal -0.1618117954993204 -0.5334220027562654 0.8302276253009055
    outer loop
      vertex 120.05215811672015 37.87877836162754 43.73615747130329
      vertex 120.22901967685922 37.825127993901724 43.73615747130329
      vertex 120.3537718332569 38.126306341812246 43.953979093274526
    endloop
  endfacet
  facet normal -0.18063327217078268 -0.5261667367372597 0.830975442559008
    outer loop
      vertex 120.22901967685922 37.825127993901724 43.73615747130329
      vertex 120.46333458047613 37.7446875844202 43.73615747130329
      vertex 120.3537718332569 38.126306341812246 43.953979093274526
    endloop
  endfacet
  facet normal -0.18063327217078262 -0.5261667367372597 0.830975442559008
    outer loop
      vertex 120.46333458047613 37.7446875844202 43.73615747130329
      vertex 120.5880867368738 38.04586593233072 43.953979093274526
      vertex 120.3537718332569 38.126306341812246 43.953979093274526
    endloop
  endfacet
  facet normal -0.2627680975095386 -0.4916045332565906 0.8302276253009094
    outer loop
      vertex 120.62633112781378 37.65756411474669 43.73615747130329
      vertex 120.80744318738533 37.928617466789674 43.953979093274526
      vertex 120.46333458047613 37.7446875844202 43.73615747130329
    endloop
  endfacet
  facet normal -0.26521414594611153 -0.4900728172897601 0.8303554001412601
    outer loop
      vertex 120.62633112781378 37.65756411474669 43.73615747130329
      vertex 121.02532228901936 37.81070719341655 43.953979093274526
      vertex 120.80744318738533 37.928617466789674 43.953979093274526
    endloop
  endfacet
  facet normal -0.26276809750953395 -0.49160453325659687 0.8302276253009072
    outer loop
      vertex 120.46333458047613 37.7446875844202 43.73615747130329
      vertex 120.80744318738533 37.928617466789674 43.953979093274526
      vertex 120.5880867368738 38.04586593233072 43.953979093274526
    endloop
  endfacet
  facet normal -0.3372737046999681 -0.623227219160673 0.705573725003428
    outer loop
      vertex 121.02532228901936 37.81070719341655 43.953979093274526
      vertex 120.96146633337023 38.159129394654556 44.23121343167271
      vertex 120.80744318738533 37.928617466789674 43.953979093274526
    endloop
  endfacet
  facet normal -0.33727370469996826 -0.6232272191606731 0.7055737250034279
    outer loop
      vertex 121.02532228901936 37.81070719341655 43.953979093274526
      vertex 121.17934543500425 38.04121912128143 44.23121343167271
      vertex 120.96146633337023 38.159129394654556 44.23121343167271
    endloop
  endfacet
  facet normal -0.35362636889452853 -0.4308949772388649 0.8302276253009103
    outer loop
      vertex 121.0397103499684 37.38748999309266 43.73615747130329
      vertex 121.18257801859994 37.27024152755162 43.73615747130329
      vertex 121.22082240953995 37.65854334513564 43.953979093274526
    endloop
  endfacet
  facet normal -0.35362636889454635 -0.4308949772388602 0.8302276253009052
    outer loop
      vertex 121.18257801859994 37.27024152755162 43.73615747130329
      vertex 121.41308994646485 37.5007534554165 43.953979093274526
      vertex 121.22082240953995 37.65854334513564 43.953979093274526
    endloop
  endfacet
  facet normal -0.3418561546953423 -0.43921680608567765 0.8307965856627062
    outer loop
      vertex 121.0397103499684 37.38748999309266 43.73615747130329
      vertex 121.22082240953995 37.65854334513564 43.953979093274526
      vertex 121.02532228901936 37.81070719341655 43.953979093274526
    endloop
  endfacet
  facet normal -0.5204576311589821 -0.47911497367575934 0.7068045671669485
    outer loop
      vertex 121.58087834771092 37.31848665382081 43.953979093274526
      vertex 121.60912422712397 37.69678773607562 44.23121343167271
      vertex 121.41308994646485 37.5007534554165 43.953979093274526
    endloop
  endfacet
  facet normal -0.44966511695977107 -0.5479185303493869 0.7053981618131163
    outer loop
      vertex 121.41308994646485 37.5007534554165 43.953979093274526
      vertex 121.60912422712397 37.69678773607562 44.23121343167271
      vertex 121.22082240953995 37.65854334513564 43.953979093274526
    endloop
  endfacet
  facet normal -0.5204576311589821 -0.4791149736757593 0.7068045671669484
    outer loop
      vertex 121.58087834771092 37.31848665382081 43.953979093274526
      vertex 121.77691262837004 37.51452093447993 44.23121343167271
      vertex 121.60912422712397 37.69678773607562 44.23121343167271
    endloop
  endfacet
  facet normal -0.6118933806635565 -0.5632875058746878 0.5552419980743508
    outer loop
      vertex 121.77691262837004 37.51452093447993 44.23121343167271
      vertex 121.93093577435494 37.668544080464855 44.557206526348004
      vertex 121.60912422712397 37.69678773607562 44.23121343167271
    endloop
  endfacet
  facet normal -0.43488227983694067 -0.5587367767108434 0.7061803006560025
    outer loop
      vertex 121.02532228901936 37.81070719341655 43.953979093274526
      vertex 121.22082240953995 37.65854334513564 43.953979093274526
      vertex 121.37484555552484 37.88905527300052 44.23121343167271
    endloop
  endfacet
  facet normal -0.4496651169597516 -0.5479185303494302 0.705398161813095
    outer loop
      vertex 121.22082240953995 37.65854334513564 43.953979093274526
      vertex 121.60912422712397 37.69678773607562 44.23121343167271
      vertex 121.37484555552484 37.88905527300052 44.23121343167271
    endloop
  endfacet
  facet normal -0.5282625721440124 -0.6436898065937025 0.5537166132230041
    outer loop
      vertex 121.60912422712397 37.69678773607562 44.23121343167271
      vertex 121.49586076480011 38.07016733257206 44.557206526348004
      vertex 121.37484555552484 37.88905527300052 44.23121343167271
    endloop
  endfacet
  facet normal -0.4348822798369407 -0.5587367767108434 0.7061803006560023
    outer loop
      vertex 121.02532228901936 37.81070719341655 43.953979093274526
      vertex 121.37484555552484 37.88905527300052 44.23121343167271
      vertex 121.17934543500425 38.04121912128143 44.23121343167271
    endloop
  endfacet
  facet normal -0.5111114196329967 -0.6566759796534386 0.5545644908096258
    outer loop
      vertex 121.37484555552484 37.88905527300052 44.23121343167271
      vertex 121.30036064427952 38.22233118085297 44.557206526348004
      vertex 121.17934543500425 38.04121912128143 44.23121343167271
    endloop
  endfacet
  facet normal -0.6436898065936959 -0.5282625721440499 0.5537166132229759
    outer loop
      vertex 121.77691262837004 37.51452093447993 44.23121343167271
      vertex 122.15029222486646 37.4012574721561 44.557206526348004
      vertex 121.93093577435494 37.668544080464855 44.557206526348004
    endloop
  endfacet
  facet normal -0.5111114196329967 -0.6566759796534386 0.5545644908096258
    outer loop
      vertex 121.37484555552484 37.88905527300052 44.23121343167271
      vertex 121.49586076480011 38.07016733257206 44.557206526348004
      vertex 121.30036064427952 38.22233118085297 44.557206526348004
    endloop
  endfacet
  facet normal -0.6118933806635565 -0.5632875058746878 0.5552419980743508
    outer loop
      vertex 121.60912422712397 37.69678773607562 44.23121343167271
      vertex 121.93093577435494 37.668544080464855 44.557206526348004
      vertex 121.76314737310886 37.85081088206054 44.557206526348004
    endloop
  endfacet
  facet normal -0.5282625721440453 -0.6436898065936938 0.5537166132229828
    outer loop
      vertex 121.60912422712397 37.69678773607562 44.23121343167271
      vertex 121.76314737310886 37.85081088206054 44.557206526348004
      vertex 121.49586076480011 38.07016733257206 44.557206526348004
    endloop
  endfacet
  facet normal -0.6798052938944548 -0.625804822505123 0.3824043495076978
    outer loop
      vertex 121.93093577435494 37.668544080464855 44.557206526348004
      vertex 121.86924036129656 37.95690387024822 44.919430645491076
      vertex 121.76314737310886 37.85081088206054 44.557206526348004
    endloop
  endfacet
  facet normal -0.5865157196566252 -0.7146714722143691 0.3811089049059565
    outer loop
      vertex 121.76314737310886 37.85081088206054 44.557206526348004
      vertex 121.57921749073941 38.194919488969724 44.919430645491076
      vertex 121.49586076480011 38.07016733257206 44.557206526348004
    endloop
  endfacet
  facet normal -0.6798052938944548 -0.625804822505123 0.3824043495076978
    outer loop
      vertex 121.93093577435494 37.668544080464855 44.557206526348004
      vertex 122.03702876254263 37.77463706865253 44.919430645491076
      vertex 121.86924036129656 37.95690387024822 44.919430645491076
    endloop
  endfacet
  facet normal -0.7216106529488797 -0.6642893643846677 0.19493000260633445
    outer loop
      vertex 122.03702876254263 37.77463706865253 44.919430645491076
      vertex 122.09111449889465 37.82872280500456 45.30396571934088
      vertex 121.86924036129656 37.95690387024822 44.919430645491076
    endloop
  endfacet
  facet normal -0.5865157196566346 -0.7146714722143657 0.38110890490594834
    outer loop
      vertex 121.76314737310886 37.85081088206054 44.557206526348004
      vertex 121.86924036129656 37.95690387024822 44.919430645491076
      vertex 121.57921749073941 38.194919488969724 44.919430645491076
    endloop
  endfacet
  facet normal -0.6223173832739837 -0.7582959255540193 0.19418641498105613
    outer loop
      vertex 121.86924036129656 37.95690387024822 44.919430645491076
      vertex 121.92332609764858 38.01098960660025 45.30396571934088
      vertex 121.57921749073941 38.194919488969724 44.919430645491076
    endloop
  endfacet
  facet normal -0.7216106529488797 -0.6642893643846677 0.19493000260633445
    outer loop
      vertex 121.86924036129656 37.95690387024822 44.919430645491076
      vertex 122.09111449889465 37.82872280500456 45.30396571934088
      vertex 121.92332609764858 38.01098960660025 45.30396571934088
    endloop
  endfacet
  facet normal -0.022972478194322833 -0.5554236168132111 0.8312501856431327
    outer loop
      vertex 119.62386901676655 37.93767021601497 43.73615747130329
      vertex 119.62386901676655 38.26366331069026 43.953979093274526
      vertex 119.5 38.268786568327286 43.953979093274526
    endloop
  endfacet
  facet normal -0.05463715693310496 -0.554740363836545 0.8302276253008959
    outer loop
      vertex 119.62386901676655 37.93767021601497 43.73615747130329
      vertex 119.87139699695126 38.239283932551714 43.953979093274526
      vertex 119.62386901676655 38.26366331069026 43.953979093274526
    endloop
  endfacet
  facet normal -0.0914742435373261 -0.548175078963915 0.8313462248498994
    outer loop
      vertex 119.80779889913602 37.91955470378109 43.73615747130329
      vertex 120.1157562145354 38.198507590398165 43.953979093274526
      vertex 119.87139699695126 38.239283932551714 43.953979093274526
    endloop
  endfacet
  facet normal -0.029233637232176 -0.7068045679161078 0.7068045679161259
    outer loop
      vertex 119.5 38.268786568327286 43.953979093274526
      vertex 119.62386901676655 38.26366331069026 43.953979093274526
      vertex 119.5 38.546020906725474 44.23121343167271
    endloop
  endfacet
  facet normal -0.06947565488251113 -0.7053981618131071 0.7053981618131252
    outer loop
      vertex 119.62386901676655 38.26366331069026 43.953979093274526
      vertex 119.87139699695126 38.239283932551714 43.953979093274526
      vertex 119.62386901676655 38.54089764908845 44.23121343167271
    endloop
  endfacet
  facet normal -0.1164139203463263 -0.6976303657794836 0.7069368231263549
    outer loop
      vertex 119.87139699695126 38.239283932551714 43.953979093274526
      vertex 120.1157562145354 38.198507590398165 43.953979093274526
      vertex 120.16984195088742 38.47041494872143 44.23121343167271
    endloop
  endfacet
  facet normal -0.02923363723217602 -0.7068045679161078 0.7068045679161259
    outer loop
      vertex 119.62386901676655 38.26366331069026 43.953979093274526
      vertex 119.62386901676655 38.54089764908845 44.23121343167271
      vertex 119.5 38.546020906725474 44.23121343167271
    endloop
  endfacet
  facet normal -0.03436950109176336 -0.8309783752094467 0.5552419988878463
    outer loop
      vertex 119.5 38.546020906725474 44.23121343167271
      vertex 119.62386901676655 38.54089764908845 44.23121343167271
      vertex 119.62386901676655 38.75871927105969 44.557206526348004
    endloop
  endfacet
  facet normal -0.06947565488254036 -0.7053981618131182 0.7053981618131112
    outer loop
      vertex 119.87139699695126 38.239283932551714 43.953979093274526
      vertex 119.92548273330328 38.511191290874976 44.23121343167271
      vertex 119.62386901676655 38.54089764908845 44.23121343167271
    endloop
  endfacet
  facet normal -0.11641392034632624 -0.6976303657794836 0.7069368231263549
    outer loop
      vertex 119.87139699695126 38.239283932551714 43.953979093274526
      vertex 120.16984195088742 38.47041494872143 44.23121343167271
      vertex 119.92548273330328 38.511191290874976 44.23121343167271
    endloop
  endfacet
  facet normal -0.08161938021295707 -0.8286954742331565 0.5537166132229886
    outer loop
      vertex 119.62386901676655 38.54089764908845 44.23121343167271
      vertex 119.92548273330328 38.511191290874976 44.23121343167271
      vertex 119.96797762367572 38.72482753145792 44.557206526348004
    endloop
  endfacet
  facet normal -0.136875700894613 -0.8202510919429353 0.5553856215919086
    outer loop
      vertex 119.92548273330328 38.511191290874976 44.23121343167271
      vertex 120.16984195088742 38.47041494872143 44.23121343167271
      vertex 119.96797762367572 38.72482753145792 44.557206526348004
    endloop
  endfacet
  facet normal -0.16181179549930658 -0.5334220027562777 0.8302276253009004
    outer loop
      vertex 120.05215811672015 37.87877836162754 43.73615747130329
      vertex 120.3537718332569 38.126306341812246 43.953979093274526
      vertex 120.1157562145354 38.198507590398165 43.953979093274526
    endloop
  endfacet
  facet normal -0.22981791475375765 -0.6694367034187266 0.7064263770373402
    outer loop
      vertex 120.5880867368738 38.04586593233072 43.953979093274526
      vertex 120.69417972506147 38.30199706328611 44.23121343167271
      vertex 120.3537718332569 38.126306341812246 43.953979093274526
    endloop
  endfacet
  facet normal -0.20575705419287857 -0.6782901060464878 0.7053981618131091
    outer loop
      vertex 120.1157562145354 38.198507590398165 43.953979093274526
      vertex 120.3537718332569 38.126306341812246 43.953979093274526
      vertex 120.16984195088742 38.47041494872143 44.23121343167271
    endloop
  endfacet
  facet normal -0.2057570541928713 -0.6782901060464865 0.7053981618131124
    outer loop
      vertex 120.3537718332569 38.126306341812246 43.953979093274526
      vertex 120.45986482144457 38.382437472767634 44.23121343167271
      vertex 120.16984195088742 38.47041494872143 44.23121343167271
    endloop
  endfacet
  facet normal -0.22981791475375762 -0.6694367034187267 0.7064263770373402
    outer loop
      vertex 120.3537718332569 38.126306341812246 43.953979093274526
      vertex 120.69417972506147 38.30199706328611 44.23121343167271
      vertex 120.45986482144457 38.382437472767634 44.23121343167271
    endloop
  endfacet
  facet normal -0.33413132530045603 -0.625115741893968 0.7053981618131101
    outer loop
      vertex 120.80744318738533 37.928617466789674 43.953979093274526
      vertex 120.69417972506147 38.30199706328611 44.23121343167271
      vertex 120.5880867368738 38.04586593233072 43.953979093274526
    endloop
  endfacet
  facet normal -0.3341313253004843 -0.6251157418939672 0.7053981618130976
    outer loop
      vertex 120.80744318738533 37.928617466789674 43.953979093274526
      vertex 120.96146633337023 38.159129394654556 44.23121343167271
      vertex 120.69417972506147 38.30199706328611 44.23121343167271
    endloop
  endfacet
  facet normal -0.3962636394646936 -0.7322310711941247 0.5539068391129505
    outer loop
      vertex 121.17934543500425 38.04121912128143 44.23121343167271
      vertex 121.0824815426455 38.340241454226096 44.557206526348004
      vertex 120.96146633337023 38.159129394654556 44.23121343167271
    endloop
  endfacet
  facet normal -0.39253450329997724 -0.7343804027613258 0.5537166132230034
    outer loop
      vertex 120.96146633337023 38.159129394654556 44.23121343167271
      vertex 121.0824815426455 38.340241454226096 44.557206526348004
      vertex 120.69417972506147 38.30199706328611 44.23121343167271
    endloop
  endfacet
  facet normal -0.24172155362995204 -0.7968491718961547 0.5537166132229868
    outer loop
      vertex 120.45986482144457 38.382437472767634 44.23121343167271
      vertex 120.21233684125986 38.68405118930437 44.557206526348004
      vertex 120.16984195088742 38.47041494872143 44.23121343167271
    endloop
  endfacet
  facet normal -0.2701378716783988 -0.7868847234068007 0.5548314720291808
    outer loop
      vertex 120.45986482144457 38.382437472767634 44.23121343167271
      vertex 120.69417972506147 38.30199706328611 44.23121343167271
      vertex 120.54322154738387 38.58367841104527 44.557206526348004
    endloop
  endfacet
  facet normal -0.03436950109176334 -0.8309783752094467 0.5552419988878463
    outer loop
      vertex 119.5 38.546020906725474 44.23121343167271
      vertex 119.62386901676655 38.75871927105969 44.557206526348004
      vertex 119.5 38.76384252869671 44.557206526348004
    endloop
  endfacet
  facet normal -0.08161938021297106 -0.8286954742331483 0.5537166132229986
    outer loop
      vertex 119.62386901676655 38.54089764908845 44.23121343167271
      vertex 119.96797762367572 38.72482753145792 44.557206526348004
      vertex 119.62386901676655 38.75871927105969 44.557206526348004
    endloop
  endfacet
  facet normal -0.03818405221735745 -0.9232057685613737 0.38240435019919106
    outer loop
      vertex 119.5 38.76384252869671 44.557206526348004
      vertex 119.62386901676655 38.75871927105969 44.557206526348004
      vertex 119.62386901676655 38.908757413827395 44.919430645491076
    endloop
  endfacet
  facet normal -0.09061980168166496 -0.9200782869650705 0.3811089049059301
    outer loop
      vertex 119.62386901676655 38.75871927105969 44.557206526348004
      vertex 119.96797762367572 38.72482753145792 44.557206526348004
      vertex 119.62386901676655 38.908757413827395 44.919430645491076
    endloop
  endfacet
  facet normal -0.038184052217357475 -0.9232057685613737 0.38240435019919106
    outer loop
      vertex 119.5 38.76384252869671 44.557206526348004
      vertex 119.62386901676655 38.908757413827395 44.919430645491076
      vertex 119.5 38.91388067146442 44.919430645491076
    endloop
  endfacet
  facet normal -0.040532221661980526 -0.9799793022998944 0.19493000300353086
    outer loop
      vertex 119.5 38.91388067146442 44.919430645491076
      vertex 119.62386901676655 38.908757413827395 44.919430645491076
      vertex 119.62386901676655 38.98524619570737 45.30396571934088
    endloop
  endfacet
  facet normal -0.09061980168163714 -0.9200782869650636 0.38110890490595295
    outer loop
      vertex 119.96797762367572 38.72482753145792 44.557206526348004
      vertex 119.99724861326298 38.87198273338353 44.919430645491076
      vertex 119.62386901676655 38.908757413827395 44.919430645491076
    endloop
  endfacet
  facet normal -0.1520762756334902 -0.9113431407597239 0.3825264516077923
    outer loop
      vertex 119.96797762367572 38.72482753145792 44.557206526348004
      vertex 120.24160783084712 38.83120639122998 44.919430645491076
      vertex 119.99724861326298 38.87198273338353 44.919430645491076
    endloop
  endfacet
  facet normal -0.09615134934207546 -0.9762410328686775 0.19418641498105926
    outer loop
      vertex 119.99724861326298 38.87198273338353 44.919430645491076
      vertex 120.01217083435057 38.94700180476738 45.30396571934088
      vertex 119.62386901676655 38.908757413827395 44.919430645491076
    endloop
  endfacet
  facet normal -0.040532221661980526 -0.9799793022998944 0.19493000300353086
    outer loop
      vertex 119.5 38.91388067146442 44.919430645491076
      vertex 119.62386901676655 38.98524619570737 45.30396571934088
      vertex 119.5 38.99036945334439 45.30396571934088
    endloop
  endfacet
  facet normal -0.09615134934208049 -0.9762410328686758 0.1941864149810642
    outer loop
      vertex 119.62386901676655 38.908757413827395 44.919430645491076
      vertex 120.01217083435057 38.94700180476738 45.30396571934088
      vertex 119.62386901676655 38.98524619570737 45.30396571934088
    endloop
  endfacet
  facet normal -0.16143490597549312 -0.9674263367320213 0.19500013879468306
    outer loop
      vertex 119.99724861326298 38.87198273338353 44.919430645491076
      vertex 120.2565300519347 38.90622546261383 45.30396571934088
      vertex 120.01217083435057 38.94700180476738 45.30396571934088
    endloop
  endfacet
  facet normal -0.39253450329997636 -0.734380402761327 0.5537166132230025
    outer loop
      vertex 120.69417972506147 38.30199706328611 44.23121343167271
      vertex 121.0824815426455 38.340241454226096 44.557206526348004
      vertex 120.77753645100077 38.503238001563744 44.557206526348004
    endloop
  endfacet
  facet normal -0.2417215536299341 -0.7968491718961522 0.5537166132229981
    outer loop
      vertex 120.45986482144457 38.382437472767634 44.23121343167271
      vertex 120.54322154738387 38.58367841104527 44.557206526348004
      vertex 120.21233684125986 38.68405118930437 44.557206526348004
    endloop
  endfacet
  facet normal -0.136875700894613 -0.8202510919429352 0.5553856215919086
    outer loop
      vertex 119.96797762367572 38.72482753145792 44.557206526348004
      vertex 120.16984195088742 38.47041494872143 44.23121343167271
      vertex 120.21233684125986 38.68405118930437 44.557206526348004
    endloop
  endfacet
  facet normal -0.2683769368864574 -0.8847201943828485 0.3811089049059561
    outer loop
      vertex 120.21233684125986 38.68405118930437 44.557206526348004
      vertex 120.54322154738387 38.58367841104527 44.557206526348004
      vertex 120.24160783084712 38.83120639122998 44.919430645491076
    endloop
  endfacet
  facet normal -0.2701378716783988 -0.7868847234068007 0.5548314720291808
    outer loop
      vertex 120.69417972506147 38.30199706328611 44.23121343167271
      vertex 120.77753645100077 38.503238001563744 44.557206526348004
      vertex 120.54322154738387 38.58367841104527 44.557206526348004
    endloop
  endfacet
  facet normal -0.4358204969143027 -0.8153628008872832 0.3811089049059531
    outer loop
      vertex 120.77753645100077 38.503238001563744 44.557206526348004
      vertex 121.0824815426455 38.340241454226096 44.557206526348004
      vertex 121.16583826858479 38.46499361062376 44.919430645491076
    endloop
  endfacet
  facet normal -0.30006757643107895 -0.8740669733432253 0.38205546153064224
    outer loop
      vertex 120.54322154738387 38.58367841104527 44.557206526348004
      vertex 120.77753645100077 38.503238001563744 44.557206526348004
      vertex 120.83495356246078 38.64185517076284 44.919430645491076
    endloop
  endfacet
  facet normal -0.26837693688649084 -0.88472019438285 0.3811089049059293
    outer loop
      vertex 120.54322154738387 38.58367841104527 44.557206526348004
      vertex 120.60063865884388 38.722295580244364 44.919430645491076
      vertex 120.24160783084712 38.83120639122998 44.919430645491076
    endloop
  endfacet
  facet normal -0.4358204969142767 -0.8153628008873116 0.3811089049059222
    outer loop
      vertex 120.77753645100077 38.503238001563744 44.557206526348004
      vertex 121.16583826858479 38.46499361062376 44.919430645491076
      vertex 120.83495356246078 38.64185517076284 44.919430645491076
    endloop
  endfacet
  facet normal -0.30006757643107895 -0.8740669733432253 0.38205546153064224
    outer loop
      vertex 120.54322154738387 38.58367841104527 44.557206526348004
      vertex 120.83495356246078 38.64185517076284 44.919430645491076
      vertex 120.60063865884388 38.722295580244364 44.919430645491076
    endloop
  endfacet
  facet normal -0.46242353295430055 -0.8651335806722893 0.19418641498108577
    outer loop
      vertex 120.83495356246078 38.64185517076284 44.919430645491076
      vertex 121.16583826858479 38.46499361062376 44.919430645491076
      vertex 120.86422455204806 38.712521590808464 45.30396571934088
    endloop
  endfacet
  facet normal -0.3962636394646936 -0.7322310711941247 0.5539068391129505
    outer loop
      vertex 121.17934543500425 38.04121912128143 44.23121343167271
      vertex 121.30036064427952 38.22233118085297 44.557206526348004
      vertex 121.0824815426455 38.340241454226096 44.557206526348004
    endloop
  endfacet
  facet normal -0.5676757280534155 -0.7293498061785226 0.38182866315453085
    outer loop
      vertex 121.30036064427952 38.22233118085297 44.557206526348004
      vertex 121.49586076480011 38.07016733257206 44.557206526348004
      vertex 121.38371737021882 38.34708333725063 44.919430645491076
    endloop
  endfacet
  facet normal -0.43999603930596975 -0.8130414680928301 0.38127031953263163
    outer loop
      vertex 121.30036064427952 38.22233118085297 44.557206526348004
      vertex 121.16583826858479 38.46499361062376 44.919430645491076
      vertex 121.0824815426455 38.340241454226096 44.557206526348004
    endloop
  endfacet
  facet normal -0.5676757280534156 -0.7293498061785226 0.38182866315453085
    outer loop
      vertex 121.49586076480011 38.07016733257206 44.557206526348004
      vertex 121.57921749073941 38.194919488969724 44.919430645491076
      vertex 121.38371737021882 38.34708333725063 44.919430645491076
    endloop
  endfacet
  facet normal -0.43999603930596975 -0.8130414680928301 0.3812703195326317
    outer loop
      vertex 121.30036064427952 38.22233118085297 44.557206526348004
      vertex 121.38371737021882 38.34708333725063 44.919430645491076
      vertex 121.16583826858479 38.46499361062376 44.919430645491076
    endloop
  endfacet
  facet normal -0.6024706743768107 -0.7740543551011647 0.1945994395286661
    outer loop
      vertex 121.38371737021882 38.34708333725063 44.919430645491076
      vertex 121.57921749073941 38.194919488969724 44.919430645491076
      vertex 121.42621226059126 38.41068143506587 45.30396571934088
    endloop
  endfacet
  facet normal -0.4668788392673897 -0.8627165314901161 0.19427901517662285
    outer loop
      vertex 121.38371737021882 38.34708333725063 44.919430645491076
      vertex 121.42621226059126 38.41068143506587 45.30396571934088
      vertex 121.16583826858479 38.46499361062376 44.919430645491076
    endloop
  endfacet
  facet normal -0.3184837376352725 -0.9277114172908292 0.19472964615103666
    outer loop
      vertex 120.83495356246078 38.64185517076284 44.919430645491076
      vertex 120.86422455204806 38.712521590808464 45.30396571934088
      vertex 120.62990964843115 38.79296200028999 45.30396571934088
    endloop
  endfacet
  facet normal -0.6024706743768107 -0.7740543551011647 0.1945994395286661
    outer loop
      vertex 121.57921749073941 38.194919488969724 44.919430645491076
      vertex 121.62171238111185 38.25851758678496 45.30396571934088
      vertex 121.42621226059126 38.41068143506587 45.30396571934088
    endloop
  endfacet
  facet normal -0.6223173832739872 -0.7582959255540149 0.19418641498106143
    outer loop
      vertex 121.92332609764858 38.01098960660025 45.30396571934088
      vertex 121.62171238111185 38.25851758678496 45.30396571934088
      vertex 121.57921749073941 38.194919488969724 44.919430645491076
    endloop
  endfacet
  facet normal -0.4668788392673897 -0.8627165314901161 0.19427901517662283
    outer loop
      vertex 121.16583826858479 38.46499361062376 44.919430645491076
      vertex 121.42621226059126 38.41068143506587 45.30396571934088
      vertex 121.20833315895723 38.528591708438995 45.30396571934088
    endloop
  endfacet
  facet normal -0.46242353295432276 -0.8651335806722822 0.1941864149810639
    outer loop
      vertex 120.86422455204806 38.712521590808464 45.30396571934088
      vertex 121.16583826858479 38.46499361062376 44.919430645491076
      vertex 121.20833315895723 38.528591708438995 45.30396571934088
    endloop
  endfacet
  facet normal -0.15207627563349022 -0.9113431407597239 0.3825264516077923
    outer loop
      vertex 119.96797762367572 38.72482753145792 44.557206526348004
      vertex 120.21233684125986 38.68405118930437 44.557206526348004
      vertex 120.24160783084712 38.83120639122998 44.919430645491076
    endloop
  endfacet
  facet normal -0.16143490597549312 -0.9674263367320213 0.19500013879468306
    outer loop
      vertex 119.99724861326298 38.87198273338353 44.919430645491076
      vertex 120.24160783084712 38.83120639122998 44.919430645491076
      vertex 120.2565300519347 38.90622546261383 45.30396571934088
    endloop
  endfacet
  facet normal -0.28475900559334083 -0.9387246374578061 0.19418641498107567
    outer loop
      vertex 120.24160783084712 38.83120639122998 44.919430645491076
      vertex 120.60063865884388 38.722295580244364 44.919430645491076
      vertex 120.62990964843115 38.79296200028999 45.30396571934088
    endloop
  endfacet
  facet normal -0.3184837376352725 -0.9277114172908292 0.19472964615103663
    outer loop
      vertex 120.83495356246078 38.64185517076284 44.919430645491076
      vertex 120.62990964843115 38.79296200028999 45.30396571934088
      vertex 120.60063865884388 38.722295580244364 44.919430645491076
    endloop
  endfacet
  facet normal -0.2847590055933268 -0.9387246374578132 0.19418641498106076
    outer loop
      vertex 120.24160783084712 38.83120639122998 44.919430645491076
      vertex 120.62990964843115 38.79296200028999 45.30396571934088
      vertex 120.2565300519347 38.90622546261383 45.30396571934088
    endloop
  endfacet
  facet normal -0.6251157418939586 -0.3341313253004375 0.7053981618131273
    outer loop
      vertex 121.99141656778775 36.69946469135683 43.953979093274526
      vertex 122.24754769874315 36.80555767954451 44.23121343167271
      vertex 122.10468003011161 37.07284428785327 44.23121343167271
    endloop
  endfacet
  facet normal -0.7343804027613527 -0.3925345032999422 0.5537166132229925
    outer loop
      vertex 122.24754769874315 36.80555767954451 44.23121343167271
      vertex 122.44878863702078 36.888914405483796 44.557206526348004
      vertex 122.10468003011161 37.07284428785327 44.23121343167271
    endloop
  endfacet
  facet normal -0.6960899517698804 -0.45477828003153786 0.5555497232980694
    outer loop
      vertex 121.96918016529494 37.28024226288083 44.23121343167271
      vertex 122.10468003011161 37.07284428785327 44.23121343167271
      vertex 122.15029222486646 37.4012574721561 44.557206526348004
    endloop
  endfacet
  facet normal -0.7614878880304298 -0.33401956114835896 0.5554881899313551
    outer loop
      vertex 122.54830387393494 36.66204252012451 44.557206526348004
      vertex 122.44878863702078 36.888914405483796 44.557206526348004
      vertex 122.24754769874315 36.80555767954451 44.23121343167271
    endloop
  endfacet
  facet normal -0.8460906931526087 -0.3711297926871975 0.38261366407970315
    outer loop
      vertex 122.54830387393494 36.66204252012451 44.557206526348004
      vertex 122.58740580621988 36.94633151694383 44.919430645491076
      vertex 122.44878863702078 36.888914405483796 44.557206526348004
    endloop
  endfacet
  facet normal -0.7343804027613501 -0.39253450329998746 0.5537166132229641
    outer loop
      vertex 122.10468003011161 37.07284428785327 44.23121343167271
      vertex 122.44878863702078 36.888914405483796 44.557206526348004
      vertex 122.28579208968313 37.193859497128535 44.557206526348004
    endloop
  endfacet
  facet normal -0.8153628008872875 -0.4358204969143036 0.38110890490594285
    outer loop
      vertex 122.44878863702078 36.888914405483796 44.557206526348004
      vertex 122.58740580621988 36.94633151694383 44.919430645491076
      vertex 122.28579208968313 37.193859497128535 44.557206526348004
    endloop
  endfacet
  facet normal -0.8460906931526087 -0.3711297926871975 0.38261366407970304
    outer loop
      vertex 122.54830387393494 36.66204252012451 44.557206526348004
      vertex 122.68692104313403 36.71945963158454 44.919430645491076
      vertex 122.58740580621988 36.94633151694383 44.919430645491076
    endloop
  endfacet
  facet normal -0.8981842976301204 -0.3939801665141798 0.195050239385002
    outer loop
      vertex 122.68692104313403 36.71945963158454 44.919430645491076
      vertex 122.75758746317966 36.74873062117179 45.30396571934088
      vertex 122.58740580621988 36.94633151694383 44.919430645491076
    endloop
  endfacet
  facet normal -0.6960899517698804 -0.45477828003153786 0.5555497232980694
    outer loop
      vertex 122.10468003011161 37.07284428785327 44.23121343167271
      vertex 122.28579208968313 37.193859497128535 44.557206526348004
      vertex 122.15029222486646 37.4012574721561 44.557206526348004
    endloop
  endfacet
  facet normal -0.7734470140934426 -0.5053181731335034 0.38266599050733086
    outer loop
      vertex 122.28579208968313 37.193859497128535 44.557206526348004
      vertex 122.27504438126414 37.48461419809538 44.919430645491076
      vertex 122.15029222486646 37.4012574721561 44.557206526348004
    endloop
  endfacet
  facet normal -0.8153628008872917 -0.4358204969142765 0.38110890490596483
    outer loop
      vertex 122.28579208968313 37.193859497128535 44.557206526348004
      vertex 122.58740580621988 36.94633151694383 44.919430645491076
      vertex 122.4105442460808 37.27721622306782 44.919430645491076
    endloop
  endfacet
  facet normal -0.8651335806722897 -0.46242353295431204 0.19418641498105654
    outer loop
      vertex 122.58740580621988 36.94633151694383 44.919430645491076
      vertex 122.47414234389603 37.31971111344026 45.30396571934088
      vertex 122.4105442460808 37.27721622306782 44.919430645491076
    endloop
  endfacet
  facet normal -0.7734470140934426 -0.5053181731335035 0.38266599050733086
    outer loop
      vertex 122.28579208968313 37.193859497128535 44.557206526348004
      vertex 122.4105442460808 37.27721622306782 44.919430645491076
      vertex 122.27504438126414 37.48461419809538 44.919430645491076
    endloop
  endfacet
  facet normal -0.821082218691605 -0.5364398067112057 0.1950803012200753
    outer loop
      vertex 122.4105442460808 37.27721622306782 44.919430645491076
      vertex 122.47414234389603 37.31971111344026 45.30396571934088
      vertex 122.27504438126414 37.48461419809538 44.919430645491076
    endloop
  endfacet
  facet normal -0.8981842976301204 -0.3939801665141798 0.19505023938500202
    outer loop
      vertex 122.75758746317966 36.74873062117179 45.30396571934088
      vertex 122.6580722262655 36.975602506531075 45.30396571934088
      vertex 122.58740580621988 36.94633151694383 44.919430645491076
    endloop
  endfacet
  facet normal -0.8651335806722922 -0.462423532954309 0.1941864149810528
    outer loop
      vertex 122.58740580621988 36.94633151694383 44.919430645491076
      vertex 122.6580722262655 36.975602506531075 45.30396571934088
      vertex 122.47414234389603 37.31971111344026 45.30396571934088
    endloop
  endfacet
  facet normal -0.714671472214366 -0.586515719656626 0.38110890490596067
    outer loop
      vertex 121.93093577435494 37.668544080464855 44.557206526348004
      vertex 122.15029222486646 37.4012574721561 44.557206526348004
      vertex 122.27504438126414 37.48461419809538 44.919430645491076
    endloop
  endfacet
  facet normal -0.7146714722143634 -0.586515719656633 0.3811089049059547
    outer loop
      vertex 121.93093577435494 37.668544080464855 44.557206526348004
      vertex 122.27504438126414 37.48461419809538 44.919430645491076
      vertex 122.03702876254263 37.77463706865253 44.919430645491076
    endloop
  endfacet
  facet normal -0.7582959255540196 -0.6223173832739839 0.19418641498105368
    outer loop
      vertex 122.03702876254263 37.77463706865253 44.919430645491076
      vertex 122.27504438126414 37.48461419809538 44.919430645491076
      vertex 122.09111449889465 37.82872280500456 45.30396571934088
    endloop
  endfacet
  facet normal -0.821082218691605 -0.5364398067112057 0.19508030122007533
    outer loop
      vertex 122.47414234389603 37.31971111344026 45.30396571934088
      vertex 122.33864247907937 37.527109088467824 45.30396571934088
      vertex 122.27504438126414 37.48461419809538 44.919430645491076
    endloop
  endfacet
  facet normal -0.7582959255540154 -0.6223173832739876 0.19418641498105904
    outer loop
      vertex 122.27504438126414 37.48461419809538 44.919430645491076
      vertex 122.33864247907937 37.527109088467824 45.30396571934088
      vertex 122.09111449889465 37.82872280500456 45.30396571934088
    endloop
  endfacet
  facet normal -0.7357239301097214 -0.6772815505119757 0
    outer loop
      vertex 121.92332609764858 38.01098960660025 45.30396571934088
      vertex 122.09111449889465 37.82872280500456 45.30396571934088
      vertex 122.09111449889465 37.82872280500456 49
    endloop
  endfacet
  facet normal -0.7357239301097214 -0.6772815505119757 0
    outer loop
      vertex 121.92332609764858 38.01098960660025 45.30396571934088
      vertex 122.09111449889465 37.82872280500456 49
      vertex 121.92332609764858 38.01098960660025 49
    endloop
  endfacet
  facet normal -0.04132495175586508 -0.999145759317616 0
    outer loop
      vertex 119.5 38.99036945334439 45.30396571934088
      vertex 119.62386901676655 38.98524619570737 45.30396571934088
      vertex 119.62386901676655 38.98524619570737 49
    endloop
  endfacet
  facet normal -0.09801714032955766 -0.9951847266721972 5.572667659000233e-19
    outer loop
      vertex 119.62386901676655 38.98524619570737 45.30396571934088
      vertex 120.01217083435057 38.94700180476738 45.30396571934088
      vertex 120.01217083435057 38.94700180476738 49
    endloop
  endfacet
  facet normal -0.6142127043694494 -0.7891405158722794 0
    outer loop
      vertex 121.62171238111185 38.25851758678496 45.30396571934088
      vertex 121.62171238111185 38.25851758678496 49
      vertex 121.42621226059126 38.41068143506587 45.30396571934088
    endloop
  endfacet
  facet normal -0.6343932841636567 -0.7730104533627277 0
    outer loop
      vertex 121.92332609764858 38.01098960660025 45.30396571934088
      vertex 121.92332609764858 38.01098960660025 49
      vertex 121.62171238111185 38.25851758678496 45.30396571934088
    endloop
  endfacet
  facet normal -0.4759473930699911 -0.8794737511886749 0
    outer loop
      vertex 121.20833315895723 38.528591708438995 45.30396571934088
      vertex 121.42621226059126 38.41068143506587 45.30396571934088
      vertex 121.42621226059126 38.41068143506587 49
    endloop
  endfacet
  facet normal -0.47139673682600186 -0.8819212643483528 4.010428148137747e-18
    outer loop
      vertex 120.86422455204806 38.712521590808464 45.30396571934088
      vertex 121.20833315895723 38.528591708438995 45.30396571934088
      vertex 121.20833315895723 38.528591708438995 49
    endloop
  endfacet
  facet normal -0.29028467725445706 -0.9569403357322105 2.251885794110577e-18
    outer loop
      vertex 120.2565300519347 38.90622546261383 45.30396571934088
      vertex 120.62990964843115 38.79296200028999 45.30396571934088
      vertex 120.62990964843115 38.79296200028999 49
    endloop
  endfacet
  facet normal -0.16459459304781118 -0.9863613029409788 0
    outer loop
      vertex 120.01217083435057 38.94700180476738 45.30396571934088
      vertex 120.2565300519347 38.90622546261383 45.30396571934088
      vertex 120.2565300519347 38.90622546261383 49
    endloop
  endfacet
  facet normal -0.3246994744959047 -0.9458172398841561 0
    outer loop
      vertex 120.86422455204806 38.712521590808464 45.30396571934088
      vertex 120.86422455204806 38.712521590808464 49
      vertex 120.62990964843115 38.79296200028999 45.30396571934088
    endloop
  endfacet
  facet normal -0.04132495175586508 -0.999145759317616 0
    outer loop
      vertex 119.5 38.99036945334439 45.30396571934088
      vertex 119.62386901676655 38.98524619570737 49
      vertex 119.5 38.99036945334439 49
    endloop
  endfacet
  facet normal -0.09801714032955766 -0.9951847266721972 0
    outer loop
      vertex 119.62386901676655 38.98524619570737 45.30396571934088
      vertex 120.01217083435057 38.94700180476738 49
      vertex 119.62386901676655 38.98524619570737 49
    endloop
  endfacet
  facet normal -0.16459459304781118 -0.9863613029409788 0
    outer loop
      vertex 120.01217083435057 38.94700180476738 45.30396571934088
      vertex 120.2565300519347 38.90622546261383 49
      vertex 120.01217083435057 38.94700180476738 49
    endloop
  endfacet
  facet normal -0.47139673682600186 -0.8819212643483528 0
    outer loop
      vertex 120.86422455204806 38.712521590808464 45.30396571934088
      vertex 121.20833315895723 38.528591708438995 49
      vertex 120.86422455204806 38.712521590808464 49
    endloop
  endfacet
  facet normal -0.6142127043694494 -0.7891405158722794 0
    outer loop
      vertex 121.42621226059126 38.41068143506587 45.30396571934088
      vertex 121.62171238111185 38.25851758678496 49
      vertex 121.42621226059126 38.41068143506587 49
    endloop
  endfacet
  facet normal -0.6343932841636567 -0.7730104533627277 0
    outer loop
      vertex 121.62171238111185 38.25851758678496 45.30396571934088
      vertex 121.92332609764858 38.01098960660025 49
      vertex 121.62171238111185 38.25851758678496 49
    endloop
  endfacet
  facet normal -0.4759473930699911 -0.8794737511886749 0
    outer loop
      vertex 121.20833315895723 38.528591708438995 45.30396571934088
      vertex 121.42621226059126 38.41068143506587 49
      vertex 121.20833315895723 38.528591708438995 49
    endloop
  endfacet
  facet normal -0.29028467725445706 -0.9569403357322105 0
    outer loop
      vertex 120.2565300519347 38.90622546261383 45.30396571934088
      vertex 120.62990964843115 38.79296200028999 49
      vertex 120.2565300519347 38.90622546261383 49
    endloop
  endfacet
  facet normal -0.3246994744959047 -0.9458172398841561 0
    outer loop
      vertex 120.62990964843115 38.79296200028999 45.30396571934088
      vertex 120.86422455204806 38.712521590808464 49
      vertex 120.62990964843115 38.79296200028999 49
    endloop
  endfacet
  facet normal -0.9157733246598184 -0.4016954292016562 0
    outer loop
      vertex 122.75758746317966 36.74873062117179 45.30396571934088
      vertex 122.75758746317966 36.74873062117179 49
      vertex 122.6580722262655 36.975602506531075 45.30396571934088
    endloop
  endfacet
  facet normal -0.8371664690032126 -0.5469481722948649 0
    outer loop
      vertex 122.47414234389603 37.31971111344026 45.30396571934088
      vertex 122.47414234389603 37.31971111344026 49
      vertex 122.33864247907937 37.527109088467824 45.30396571934088
    endloop
  endfacet
  facet normal -0.8819212643483608 -0.47139673682598665 0
    outer loop
      vertex 122.6580722262655 36.975602506531075 45.30396571934088
      vertex 122.6580722262655 36.975602506531075 49
      vertex 122.47414234389603 37.31971111344026 45.30396571934088
    endloop
  endfacet
  facet normal -0.7730104533627277 -0.6343932841636567 0
    outer loop
      vertex 122.33864247907937 37.527109088467824 45.30396571934088
      vertex 122.33864247907937 37.527109088467824 49
      vertex 122.09111449889465 37.82872280500456 45.30396571934088
    endloop
  endfacet
  facet normal -0.9157733246598184 -0.4016954292016562 0
    outer loop
      vertex 122.75758746317966 36.74873062117179 49
      vertex 122.6580722262655 36.975602506531075 49
      vertex 122.6580722262655 36.975602506531075 45.30396571934088
    endloop
  endfacet
  facet normal -0.8819212643483608 -0.47139673682598665 0
    outer loop
      vertex 122.47414234389603 37.31971111344026 45.30396571934088
      vertex 122.6580722262655 36.975602506531075 49
      vertex 122.47414234389603 37.31971111344026 49
    endloop
  endfacet
  facet normal -0.8371664690032126 -0.5469481722948649 0
    outer loop
      vertex 122.33864247907937 37.527109088467824 45.30396571934088
      vertex 122.47414234389603 37.31971111344026 49
      vertex 122.33864247907937 37.527109088467824 49
    endloop
  endfacet
  facet normal -0.7730104533627277 -0.6343932841636567 0
    outer loop
      vertex 122.09111449889465 37.82872280500456 45.30396571934088
      vertex 122.33864247907937 37.527109088467824 49
      vertex 122.09111449889465 37.82872280500456 49
    endloop
  endfacet
  facet normal 0 0 -1
    outer loop
      vertex 1.6530266106128693 0.6411091014742851 4
      vertex 2.125 0.7524047344923019 4
      vertex 1.875 0.5024047344923019 4
    endloop
  endfacet
  facet normal 0 0 -1
    outer loop
      vertex 1.441269464790821 0.7949596717953682 4
      vertex 1.2407602295279503 0.9632069021463394 4
      vertex 1.691269464790821 1.0449596717953682 4
    endloop
  endfacet
  facet normal 0 0 -1
    outer loop
      vertex 1.6530266106128693 0.6411091014742851 4
      vertex 1.441269464790821 0.7949596717953682 4
      vertex 1.9030266106128693 0.8911091014742851 4
    endloop
  endfacet
  facet normal 0 0 -1
    outer loop
      vertex 1.6530266106128693 0.6411091014742851 4
      vertex 1.9030266106128693 0.8911091014742851 4
      vertex 2.125 0.7524047344923019 4
    endloop
  endfacet
  facet normal 0 0 -1
    outer loop
      vertex 1.441269464790821 0.7949596717953682 4
      vertex 1.691269464790821 1.0449596717953682 4
      vertex 1.9030266106128693 0.8911091014742851 4
    endloop
  endfacet
  facet normal 0 0 -1
    outer loop
      vertex 1.2407602295279503 0.9632069021463394 4
      vertex 1.0524757504463196 1.1450311094522476 4
      vertex 1.4907602295279503 1.2132069021463394 4
    endloop
  endfacet
  facet normal 0 0 -1
    outer loop
      vertex 1.2407602295279503 0.9632069021463394 4
      vertex 1.4907602295279503 1.2132069021463394 4
      vertex 1.691269464790821 1.0449596717953682 4
    endloop
  endfacet
  facet normal 0 0 -1
    outer loop
      vertex 1.0524757504463196 1.1450311094522476 4
      vertex 0.8773333355784416 1.3395464643836021 4
      vertex 1.3024757504463196 1.3950311094522476 4
    endloop
  endfacet
  facet normal 0 0 -1
    outer loop
      vertex 1.0524757504463196 1.1450311094522476 4
      vertex 1.3024757504463196 1.3950311094522476 4
      vertex 1.4907602295279503 1.2132069021463394 4
    endloop
  endfacet
  facet normal 0 0 -1
    outer loop
      vertex 2.3452252745628357 0.27306054532527924 4
      vertex 3.3488193303346634 0.3069709241390228 4
      vertex 2.5911862701177597 0.1835380643606186 4
    endloop
  endfacet
  facet normal 0 0 -1
    outer loop
      vertex 2.3452252745628357 0.27306054532527924 4
      vertex 3.0927928909659386 0.36139102280139923 4
      vertex 3.3488193303346634 0.3069709241390228 4
    endloop
  endfacet
  facet normal 0 0 -1
    outer loop
      vertex 1.875 0.5024047344923019 4
      vertex 2.5952252745628357 0.5230605453252792 4
      vertex 2.106108196079731 0.37952232360839844 4
    endloop
  endfacet
  facet normal 0 0 -1
    outer loop
      vertex 2.3452252745628357 0.27306054532527924 4
      vertex 2.106108196079731 0.37952232360839844 4
      vertex 2.8411862701177597 0.4335380643606186 4
    endloop
  endfacet
  facet normal 0 0 -1
    outer loop
      vertex 1.875 0.5024047344923019 4
      vertex 2.125 0.7524047344923019 4
      vertex 2.356108196079731 0.6295223236083984 4
    endloop
  endfacet
  facet normal 0 0 -1
    outer loop
      vertex 1.875 0.5024047344923019 4
      vertex 2.356108196079731 0.6295223236083984 4
      vertex 2.5952252745628357 0.5230605453252792 4
    endloop
  endfacet
  facet normal 0 0 -1
    outer loop
      vertex 2.106108196079731 0.37952232360839844 4
      vertex 2.5952252745628357 0.5230605453252792 4
      vertex 2.8411862701177597 0.4335380643606186 4
    endloop
  endfacet
  facet normal 0 0 -1
    outer loop
      vertex 2.3452252745628357 0.27306054532527924 4
      vertex 2.8411862701177597 0.4335380643606186 4
      vertex 3.0927928909659386 0.36139102280139923 4
    endloop
  endfacet
  facet normal 0 0 -1
    outer loop
      vertex 2.8427928909659386 0.11139102280139923 4
      vertex 2.5911862701177597 0.1835380643606186 4
      vertex 4 0.25 4
    endloop
  endfacet
  facet normal 0 0 -1
    outer loop
      vertex 2.5911862701177597 0.1835380643606186 4
      vertex 3.3488193303346634 0.3069709241390228 4
      vertex 3.6080182641744614 0.2705428898334503 4
    endloop
  endfacet
  facet normal 0 0 -1
    outer loop
      vertex 2.5911862701177597 0.1835380643606186 4
      vertex 3.6080182641744614 0.2705428898334503 4
      vertex 3.8691268861293793 0.252284400165081 4
    endloop
  endfacet
  facet normal 0 0 -1
    outer loop
      vertex 2.5911862701177597 0.1835380643606186 4
      vertex 3.8691268861293793 0.252284400165081 4
      vertex 4 0.25 4
    endloop
  endfacet
  facet normal 0 0 -1
    outer loop
      vertex 0.8773333355784416 1.3395464643836021 4
      vertex 0.7161862701177597 1.5458053052425385 4
      vertex 1.1273333355784416 1.5895464643836021 4
    endloop
  endfacet
  facet normal 0 0 -1
    outer loop
      vertex 0.7161862701177597 1.5458053052425385 4
      vertex 0.5698196366429329 1.7628027573227882 4
      vertex 0.9661862701177597 1.7958053052425385 4
    endloop
  endfacet
  facet normal 0 0 -1
    outer loop
      vertex 0.7161862701177597 1.5458053052425385 4
      vertex 0.9661862701177597 1.7958053052425385 4
      vertex 1.1273333355784416 1.5895464643836021 4
    endloop
  endfacet
  facet normal 0 0 -1
    outer loop
      vertex 0.5698196366429329 1.7628027573227882 4
      vertex 0.43894653022289276 1.9894816428422928 4
      vertex 0.8198196366429329 2.0128027573227882 4
    endloop
  endfacet
  facet normal 0 0 -1
    outer loop
      vertex 0.5698196366429329 1.7628027573227882 4
      vertex 0.8198196366429329 2.0128027573227882 4
      vertex 0.9661862701177597 1.7958053052425385 4
    endloop
  endfacet
  facet normal 0 0 -1
    outer loop
      vertex 0.8773333355784416 1.3395464643836021 4
      vertex 1.1273333355784416 1.5895464643836021 4
      vertex 1.3024757504463196 1.3950311094522476 4
    endloop
  endfacet
  facet normal 0 0 -1
    outer loop
      vertex 0.43894653022289276 1.9894816428422928 4
      vertex 0.32420453429222107 2.2247375920414925 4
      vertex 0.6889465302228928 2.239481642842293 4
    endloop
  endfacet
  facet normal 0 0 -1
    outer loop
      vertex 0.43894653022289276 1.9894816428422928 4
      vertex 0.6889465302228928 2.239481642842293 4
      vertex 0.8198196366429329 2.0128027573227882 4
    endloop
  endfacet
  facet normal 0 0 -1
    outer loop
      vertex 0.32420453429222107 2.2247375920414925 4
      vertex 0.2261526733636856 2.4674244597554207 4
      vertex 0.5742045342922211 2.4747375920414925 4
    endloop
  endfacet
  facet normal 0 0 -1
    outer loop
      vertex 0.2261526733636856 2.4674244597554207 4
      vertex 0.4761526733636856 2.7174244597554207 4
      vertex 0.5742045342922211 2.4747375920414925 4
    endloop
  endfacet
  facet normal 0 0 -1
    outer loop
      vertex 0.32420453429222107 2.2247375920414925 4
      vertex 0.5742045342922211 2.4747375920414925 4
      vertex 0.6889465302228928 2.239481642842293 4
    endloop
  endfacet
  facet normal 0 0 -1
    outer loop
      vertex 0.2261526733636856 2.4674244597554207 4
      vertex 0.14526864141225815 2.7163599133491516 4
      vertex 0.39526864141225815 2.9663599133491516 4
    endloop
  endfacet
  facet normal 0 0 -1
    outer loop
      vertex 0.2261526733636856 2.4674244597554207 4
      vertex 0.39526864141225815 2.9663599133491516 4
      vertex 0.4761526733636856 2.7174244597554207 4
    endloop
  endfacet
  facet normal 0 0 -1
    outer loop
      vertex 0.14526864141225815 2.7163599133491516 4
      vertex 0.08194649964570999 2.970331162214279 4
      vertex 0.33194649964571 3.220331162214279 4
    endloop
  endfacet
  facet normal 0 0 -1
    outer loop
      vertex 0.14526864141225815 2.7163599133491516 4
      vertex 0.33194649964571 3.220331162214279 4
      vertex 0.39526864141225815 2.9663599133491516 4
    endloop
  endfacet
  facet normal 0 0 -1
    outer loop
      vertex 0.08194649964570999 2.970331162214279 4
      vertex 0.03649473935365677 3.228100873529911 4
      vertex 0.33194649964571 3.220331162214279 4
    endloop
  endfacet
  facet normal 0 0 -1
    outer loop
      vertex 0.03649473935365677 3.228100873529911 4
      vertex 0.28649473935365677 3.478100873529911 4
      vertex 0.33194649964571 3.220331162214279 4
    endloop
  endfacet
  facet normal 0 0 -1
    outer loop
      vertex 0.03649473935365677 3.228100873529911 4
      vertex 0.009134814143180847 3.4884132221341133 4
      vertex 0.28649473935365677 3.478100873529911 4
    endloop
  endfacet
  facet normal 0 0 -1
    outer loop
      vertex 0.009134814143180847 3.4884132221341133 4
      vertex 0.25913481414318085 3.7384132221341133 4
      vertex 0.28649473935365677 3.478100873529911 4
    endloop
  endfacet
  facet normal 0 0 -1
    outer loop
      vertex 0.009134814143180847 3.4884132221341133 4
      vertex 0 3.75 4
      vertex 0.25913481414318085 3.7384132221341133 4
    endloop
  endfacet
  facet normal 0 0 -1
    outer loop
      vertex 0 3.75 4
      vertex 0.25 4 4
      vertex 0.25913481414318085 3.7384132221341133 4
    endloop
  endfacet
  facet normal 0 0 -1
    outer loop
      vertex 2.8427928909659386 0.11139102280139923 4
      vertex 4 0.25 4
      vertex 38 0.25 4
    endloop
  endfacet
  facet normal 0 0 -1
    outer loop
      vertex 2.8427928909659386 0.11139102280139923 4
      vertex 38 0.25 4
      vertex 45.60801826417446 0.2705428898334503 4
    endloop
  endfacet
  facet normal 0 0 -1
    outer loop
      vertex 2.8427928909659386 0.11139102280139923 4
      vertex 87.86912688612938 0.252284400165081 4
      vertex 3.0988193303346634 0.05697092413902283 4
    endloop
  endfacet
  facet normal 0 0 -1
    outer loop
      vertex 2.8427928909659386 0.11139102280139923 4
      vertex 45.60801826417446 0.2705428898334503 4
      vertex 45.86912688612938 0.252284400165081 4
    endloop
  endfacet
  facet normal -0.46947157259700467 -0.882947587642265 0
    outer loop
      vertex 1.875 0.5024047344923019 4
      vertex 2.106108196079731 0.37952232360839844 4
      vertex 1.875 0.5024047344923019 49
    endloop
  endfacet
  facet normal -0.5299192615254837 -0.8480480978483979 0
    outer loop
      vertex 1.6530266106128693 0.6411091014742851 4
      vertex 1.875 0.5024047344923019 4
      vertex 1.6530266106128693 0.6411091014742851 49
    endloop
  endfacet
  facet normal -0.743144820519614 -0.669130611865031 0
    outer loop
      vertex 1.0524757504463196 1.1450311094522476 4
      vertex 0.8773333355784416 1.3395464643836021 49
      vertex 0.8773333355784416 1.3395464643836021 4
    endloop
  endfacet
  facet normal -0.6427876208834568 -0.7660444337236486 0
    outer loop
      vertex 1.441269464790821 0.7949596717953682 4
      vertex 1.2407602295279503 0.9632069021463394 49
      vertex 1.2407602295279503 0.9632069021463394 4
    endloop
  endfacet
  facet normal -0.5877852479723605 -0.8090169975136929 0
    outer loop
      vertex 1.6530266106128693 0.6411091014742851 4
      vertex 1.441269464790821 0.7949596717953682 49
      vertex 1.441269464790821 0.7949596717953682 4
    endloop
  endfacet
  facet normal -0.6946583692459236 -0.7193398015101028 0
    outer loop
      vertex 1.2407602295279503 0.9632069021463394 4
      vertex 1.0524757504463196 1.1450311094522476 49
      vertex 1.0524757504463196 1.1450311094522476 4
    endloop
  endfacet
  facet normal -0.3420201426245933 -0.939692621041079 0
    outer loop
      vertex 2.3452252745628357 0.27306054532527924 4
      vertex 2.5911862701177597 0.1835380643606186 4
      vertex 2.3452252745628357 0.27306054532527924 49
    endloop
  endfacet
  facet normal -0.2756373699542879 -0.9612616918845164 0
    outer loop
      vertex 2.8427928909659386 0.11139102280139923 4
      vertex 2.5911862701177597 0.1835380643606186 49
      vertex 2.5911862701177597 0.1835380643606186 4
    endloop
  endfacet
  facet normal -0.20791168721191455 -0.9781476015002515 0
    outer loop
      vertex 2.8427928909659386 0.11139102280139923 4
      vertex 3.0988193303346634 0.05697092413902283 4
      vertex 2.8427928909659386 0.11139102280139923 49
    endloop
  endfacet
  facet normal -0.40673662966921503 -0.913545463611597 0
    outer loop
      vertex 2.3452252745628357 0.27306054532527924 4
      vertex 2.106108196079731 0.37952232360839844 49
      vertex 2.106108196079731 0.37952232360839844 4
    endloop
  endfacet
  facet normal -0.13917310017239254 -0.9902680688522705 0
    outer loop
      vertex 3.0988193303346634 0.05697092413902283 4
      vertex 3.3580182641744614 0.020542889833450317 4
      vertex 3.0988193303346634 0.05697092413902283 49
    endloop
  endfacet
  facet normal -0.06975645916039604 -0.9975640512796179 0
    outer loop
      vertex 3.3580182641744614 0.020542889833450317 4
      vertex 3.6191268861293793 0.002284400165081024 4
      vertex 3.3580182641744614 0.020542889833450317 49
    endloop
  endfacet
  facet normal -0.01745241762706844 -0.9998476949610728 0
    outer loop
      vertex 3.6191268861293793 0.002284400165081024 4
      vertex 3.75 0 4
      vertex 3.6191268861293793 0.002284400165081024 49
    endloop
  endfacet
  facet normal -0.7880107577629124 -0.615661470005977 0
    outer loop
      vertex 0.8773333355784416 1.3395464643836021 4
      vertex 0.7161862701177597 1.5458053052425385 49
      vertex 0.7161862701177597 1.5458053052425385 4
    endloop
  endfacet
  facet normal -0.8660254189285214 -0.4999999737696784 0
    outer loop
      vertex 0.5698196366429329 1.7628027573227882 4
      vertex 0.43894653022289276 1.9894816428422928 49
      vertex 0.43894653022289276 1.9894816428422928 4
    endloop
  endfacet
  facet normal -0.8290375656234815 -0.559192913747207 0
    outer loop
      vertex 0.7161862701177597 1.5458053052425385 4
      vertex 0.5698196366429329 1.7628027573227882 49
      vertex 0.5698196366429329 1.7628027573227882 4
    endloop
  endfacet
  facet normal -0.8987940420057225 -0.4383711555919429 0
    outer loop
      vertex 0.43894653022289276 1.9894816428422928 4
      vertex 0.32420453429222107 2.2247375920414925 49
      vertex 0.32420453429222107 2.2247375920414925 4
    endloop
  endfacet
  facet normal -0.9271838523025518 -0.3746065990200918 0
    outer loop
      vertex 0.32420453429222107 2.2247375920414925 4
      vertex 0.2261526733636856 2.4674244597554207 49
      vertex 0.2261526733636856 2.4674244597554207 4
    endloop
  endfacet
  facet normal -0.951056516308457 -0.3090169943340035 0
    outer loop
      vertex 0.2261526733636856 2.4674244597554207 4
      vertex 0.14526864141225815 2.7163599133491516 49
      vertex 0.14526864141225815 2.7163599133491516 4
    endloop
  endfacet
  facet normal -0.9702957285113611 -0.2419218866341092 0
    outer loop
      vertex 0.14526864141225815 2.7163599133491516 4
      vertex 0.08194649964570999 2.970331162214279 49
      vertex 0.08194649964570999 2.970331162214279 4
    endloop
  endfacet
  facet normal -0.9848077494987412 -0.17364819759278963 0
    outer loop
      vertex 0.08194649964570999 2.970331162214279 4
      vertex 0.03649473935365677 3.228100873529911 49
      vertex 0.03649473935365677 3.228100873529911 4
    endloop
  endfacet
  facet normal -0.9945218974016594 -0.10452844392127601 0
    outer loop
      vertex 0.03649473935365677 3.228100873529911 4
      vertex 0.009134814143180847 3.4884132221341133 49
      vertex 0.009134814143180847 3.4884132221341133 4
    endloop
  endfacet
  facet normal -0.9993908266764728 -0.03489950651393371 0
    outer loop
      vertex 0.009134814143180847 3.4884132221341133 4
      vertex 0 3.75 49
      vertex 0 3.75 4
    endloop
  endfacet
  facet normal 0 0 -1
    outer loop
      vertex 0 3.75 4
      vertex 0.25 38 4
      vertex 0.25 4 4
    endloop
  endfacet
  facet normal 0 0 -1
    outer loop
      vertex 2.8427928909659386 0.11139102280139923 4
      vertex 45.86912688612938 0.252284400165081 4
      vertex 46 0.25 4
    endloop
  endfacet
  facet normal 0 0 -1
    outer loop
      vertex 38.26158677786589 0.25913481414318085 4
      vertex 45.60801826417446 0.2705428898334503 4
      vertex 38 0.25 4
    endloop
  endfacet
  facet normal 0 0 -1
    outer loop
      vertex 38.52189912647009 0.28649473935365677 4
      vertex 45.34881933033466 0.3069709241390228 4
      vertex 38.26158677786589 0.25913481414318085 4
    endloop
  endfacet
  facet normal 0 0 -1
    outer loop
      vertex 38.77966883778572 0.33194649964571 4
      vertex 45.09279289096594 0.36139102280139923 4
      vertex 38.52189912647009 0.28649473935365677 4
    endloop
  endfacet
  facet normal 0 0 -1
    outer loop
      vertex 38.77966883778572 0.33194649964571 4
      vertex 39.03364008665085 0.39526864141225815 4
      vertex 44.84118627011776 0.4335380643606186 4
    endloop
  endfacet
  facet normal 0 0 -1
    outer loop
      vertex 39.03364008665085 0.39526864141225815 4
      vertex 39.28257554024458 0.4761526733636856 4
      vertex 44.595225274562836 0.5230605453252792 4
    endloop
  endfacet
  facet normal 0 0 -1
    outer loop
      vertex 39.52526240795851 0.5742045342922211 4
      vertex 44.35610819607973 0.6295223236083984 4
      vertex 39.28257554024458 0.4761526733636856 4
    endloop
  endfacet
  facet normal 0 0 -1
    outer loop
      vertex 39.76051835715771 0.6889465302228928 4
      vertex 44.125 0.7524047344923019 4
      vertex 39.52526240795851 0.5742045342922211 4
    endloop
  endfacet
  facet normal 0 0 -1
    outer loop
      vertex 39.98719724267721 0.8198196366429329 4
      vertex 43.90302661061287 0.8911091014742851 4
      vertex 39.76051835715771 0.6889465302228928 4
    endloop
  endfacet
  facet normal 0 0 -1
    outer loop
      vertex 40.20419469475746 0.9661862701177597 4
      vertex 43.69126946479082 1.0449596717953682 4
      vertex 39.98719724267721 0.8198196366429329 4
    endloop
  endfacet
  facet normal 0 0 -1
    outer loop
      vertex 2.8427928909659386 0.11139102280139923 4
      vertex 46 0.25 4
      vertex 80 0.25 4
    endloop
  endfacet
  facet normal 0 0 -1
    outer loop
      vertex 45.34881933033466 0.3069709241390228 4
      vertex 38.52189912647009 0.28649473935365677 4
      vertex 45.09279289096594 0.36139102280139923 4
    endloop
  endfacet
  facet normal 0 0 -1
    outer loop
      vertex 45.34881933033466 0.3069709241390228 4
      vertex 45.60801826417446 0.2705428898334503 4
      vertex 38.26158677786589 0.25913481414318085 4
    endloop
  endfacet
  facet normal 0 0 -1
    outer loop
      vertex 39.28257554024458 0.4761526733636856 4
      vertex 44.35610819607973 0.6295223236083984 4
      vertex 44.595225274562836 0.5230605453252792 4
    endloop
  endfacet
  facet normal 0 0 -1
    outer loop
      vertex 44.35610819607973 0.6295223236083984 4
      vertex 39.52526240795851 0.5742045342922211 4
      vertex 44.125 0.7524047344923019 4
    endloop
  endfacet
  facet normal 0 0 -1
    outer loop
      vertex 45.09279289096594 0.36139102280139923 4
      vertex 38.77966883778572 0.33194649964571 4
      vertex 44.84118627011776 0.4335380643606186 4
    endloop
  endfacet
  facet normal 0 0 -1
    outer loop
      vertex 39.03364008665085 0.39526864141225815 4
      vertex 44.595225274562836 0.5230605453252792 4
      vertex 44.84118627011776 0.4335380643606186 4
    endloop
  endfacet
  facet normal 0 0 -1
    outer loop
      vertex 40.4104535356164 1.1273333355784416 4
      vertex 43.49076022952795 1.2132069021463394 4
      vertex 40.20419469475746 0.9661862701177597 4
    endloop
  endfacet
  facet normal 0 0 -1
    outer loop
      vertex 40.60496889054775 1.3024757504463196 4
      vertex 43.49076022952795 1.2132069021463394 4
      vertex 40.4104535356164 1.1273333355784416 4
    endloop
  endfacet
  facet normal 0 0 -1
    outer loop
      vertex 44.125 0.7524047344923019 4
      vertex 39.76051835715771 0.6889465302228928 4
      vertex 43.90302661061287 0.8911091014742851 4
    endloop
  endfacet
  facet normal 0 0 -1
    outer loop
      vertex 39.98719724267721 0.8198196366429329 4
      vertex 43.69126946479082 1.0449596717953682 4
      vertex 43.90302661061287 0.8911091014742851 4
    endloop
  endfacet
  facet normal 0 0 -1
    outer loop
      vertex 43.49076022952795 1.2132069021463394 4
      vertex 43.69126946479082 1.0449596717953682 4
      vertex 40.20419469475746 0.9661862701177597 4
    endloop
  endfacet
  facet normal 0 0 -1
    outer loop
      vertex 40.60496889054775 1.3024757504463196 4
      vertex 43.30247575044632 1.3950311094522476 4
      vertex 43.49076022952795 1.2132069021463394 4
    endloop
  endfacet
  facet normal 0 0 -1
    outer loop
      vertex 40.60496889054775 1.3024757504463196 4
      vertex 40.78679309785366 1.4907602295279503 4
      vertex 43.12733333557844 1.5895464643836021 4
    endloop
  endfacet
  facet normal 0 0 -1
    outer loop
      vertex 43.12733333557844 1.5895464643836021 4
      vertex 40.78679309785366 1.4907602295279503 4
      vertex 42.96618627011776 1.7958053052425385 4
    endloop
  endfacet
  facet normal 0 0 -1
    outer loop
      vertex 40.95504032820463 1.691269464790821 4
      vertex 42.96618627011776 1.7958053052425385 4
      vertex 40.78679309785366 1.4907602295279503 4
    endloop
  endfacet
  facet normal 0 0 -1
    outer loop
      vertex 41.108890898525715 1.9030266106128693 4
      vertex 42.81981963664293 2.0128027573227882 4
      vertex 40.95504032820463 1.691269464790821 4
    endloop
  endfacet
  facet normal 0 0 -1
    outer loop
      vertex 42.96618627011776 1.7958053052425385 4
      vertex 40.95504032820463 1.691269464790821 4
      vertex 42.81981963664293 2.0128027573227882 4
    endloop
  endfacet
  facet normal 0 0 -1
    outer loop
      vertex 40.60496889054775 1.3024757504463196 4
      vertex 43.12733333557844 1.5895464643836021 4
      vertex 43.30247575044632 1.3950311094522476 4
    endloop
  endfacet
  facet normal 0 0 -1
    outer loop
      vertex 41.2475952655077 2.125 4
      vertex 42.68894653022289 2.239481642842293 4
      vertex 41.108890898525715 1.9030266106128693 4
    endloop
  endfacet
  facet normal 0 0 -1
    outer loop
      vertex 42.81981963664293 2.0128027573227882 4
      vertex 41.108890898525715 1.9030266106128693 4
      vertex 42.68894653022289 2.239481642842293 4
    endloop
  endfacet
  facet normal 0 0 -1
    outer loop
      vertex 42.68894653022289 2.239481642842293 4
      vertex 41.2475952655077 2.125 4
      vertex 42.57420453429222 2.4747375920414925 4
    endloop
  endfacet
  facet normal 0 0 -1
    outer loop
      vertex 41.3704776763916 2.356108196079731 4
      vertex 42.57420453429222 2.4747375920414925 4
      vertex 41.2475952655077 2.125 4
    endloop
  endfacet
  facet normal 0 0 -1
    outer loop
      vertex 41.3704776763916 2.356108196079731 4
      vertex 41.47693945467472 2.5952252745628357 4
      vertex 42.476152673363686 2.7174244597554207 4
    endloop
  endfacet
  facet normal 0 0 -1
    outer loop
      vertex 42.57420453429222 2.4747375920414925 4
      vertex 41.3704776763916 2.356108196079731 4
      vertex 42.476152673363686 2.7174244597554207 4
    endloop
  endfacet
  facet normal 0 0 -1
    outer loop
      vertex 3.3580182641744614 0.020542889833450317 4
      vertex 123.28364008665085 0.14526864141225815 4
      vertex 3.6191268861293793 0.002284400165081024 4
    endloop
  endfacet
  facet normal 0 0 -1
    outer loop
      vertex 3.6191268861293793 0.002284400165081024 4
      vertex 123.02966883778572 0.08194649964570999 4
      vertex 3.75 0 4
    endloop
  endfacet
  facet normal 0 0 -1
    outer loop
      vertex 3.0988193303346634 0.05697092413902283 4
      vertex 123.53257554024458 0.2261526733636856 4
      vertex 3.3580182641744614 0.020542889833450317 4
    endloop
  endfacet
  facet normal 0 0 -1
    outer loop
      vertex 41.47693945467472 2.5952252745628357 4
      vertex 41.56646193563938 2.8411862701177597 4
      vertex 42.39526864141226 2.9663599133491516 4
    endloop
  endfacet
  facet normal 0 0 -1
    outer loop
      vertex 42.476152673363686 2.7174244597554207 4
      vertex 41.47693945467472 2.5952252745628357 4
      vertex 42.39526864141226 2.9663599133491516 4
    endloop
  endfacet
  facet normal 0 0 -1
    outer loop
      vertex 42.33194649964571 3.220331162214279 4
      vertex 41.56646193563938 2.8411862701177597 4
      vertex 41.6386089771986 3.0927928909659386 4
    endloop
  endfacet
  facet normal 0 0 -1
    outer loop
      vertex 41.56646193563938 2.8411862701177597 4
      vertex 42.33194649964571 3.220331162214279 4
      vertex 42.39526864141226 2.9663599133491516 4
    endloop
  endfacet
  facet normal 0 0 -1
    outer loop
      vertex 42.33194649964571 3.220331162214279 4
      vertex 41.6386089771986 3.0927928909659386 4
      vertex 42.28649473935366 3.478100873529911 4
    endloop
  endfacet
  facet normal 0 0 -1
    outer loop
      vertex 41.69302907586098 3.3488193303346634 4
      vertex 42.28649473935366 3.478100873529911 4
      vertex 41.6386089771986 3.0927928909659386 4
    endloop
  endfacet
  facet normal 0 0 -1
    outer loop
      vertex 41.72945711016655 3.6080182641744614 4
      vertex 42.28649473935366 3.478100873529911 4
      vertex 41.69302907586098 3.3488193303346634 4
    endloop
  endfacet
  facet normal 0 0 -1
    outer loop
      vertex 41.72945711016655 3.6080182641744614 4
      vertex 42.25913481414318 3.7384132221341133 4
      vertex 42.28649473935366 3.478100873529911 4
    endloop
  endfacet
  facet normal 0 0 -1
    outer loop
      vertex 41.74771559983492 3.8691268861293793 4
      vertex 42.25 4 4
      vertex 41.72945711016655 3.6080182641744614 4
    endloop
  endfacet
  facet normal 0 0 -1
    outer loop
      vertex 42.25 4 4
      vertex 42.25913481414318 3.7384132221341133 4
      vertex 41.72945711016655 3.6080182641744614 4
    endloop
  endfacet
  facet normal 0 0 -1
    outer loop
      vertex 41.74771559983492 3.8691268861293793 4
      vertex 41.75 4 4
      vertex 42.25 4 4
    endloop
  endfacet
  facet normal 0 0 -1
    outer loop
      vertex 2.8427928909659386 0.11139102280139923 4
      vertex 80 0.25 4
      vertex 87.86912688612938 0.252284400165081 4
    endloop
  endfacet
  facet normal 0 0 -1
    outer loop
      vertex 3.0988193303346634 0.05697092413902283 4
      vertex 87.86912688612938 0.252284400165081 4
      vertex 88 0.25 4
    endloop
  endfacet
  facet normal 0 -1 0
    outer loop
      vertex 3.75 0 4
      vertex 122.25 0 4
      vertex 3.75 0 49
    endloop
  endfacet
  facet normal 0 0 -1
    outer loop
      vertex 41.75 4 4
      vertex 42.25 38 4
      vertex 42.25 4 4
    endloop
  endfacet
  facet normal -0.5299192615254837 -0.8480480978483979 0
    outer loop
      vertex 1.875 0.5024047344923019 4
      vertex 1.875 0.5024047344923019 49
      vertex 1.6530266106128693 0.6411091014742851 49
    endloop
  endfacet
  facet normal -0.6427876208834568 -0.7660444337236486 0
    outer loop
      vertex 1.441269464790821 0.7949596717953682 4
      vertex 1.441269464790821 0.7949596717953682 49
      vertex 1.2407602295279503 0.9632069021463394 49
    endloop
  endfacet
  facet normal -0.5877852479723605 -0.8090169975136929 0
    outer loop
      vertex 1.6530266106128693 0.6411091014742851 4
      vertex 1.6530266106128693 0.6411091014742851 49
      vertex 1.441269464790821 0.7949596717953682 49
    endloop
  endfacet
  facet normal -0.6946583692459236 -0.7193398015101028 0
    outer loop
      vertex 1.2407602295279503 0.9632069021463394 4
      vertex 1.2407602295279503 0.9632069021463394 49
      vertex 1.0524757504463196 1.1450311094522476 49
    endloop
  endfacet
  facet normal -0.743144820519614 -0.669130611865031 0
    outer loop
      vertex 1.0524757504463196 1.1450311094522476 4
      vertex 1.0524757504463196 1.1450311094522476 49
      vertex 0.8773333355784416 1.3395464643836021 49
    endloop
  endfacet
  facet normal -0.40673662966921503 -0.913545463611597 0
    outer loop
      vertex 2.3452252745628357 0.27306054532527924 4
      vertex 2.3452252745628357 0.27306054532527924 49
      vertex 2.106108196079731 0.37952232360839844 49
    endloop
  endfacet
  facet normal -0.2756373699542879 -0.9612616918845164 0
    outer loop
      vertex 2.8427928909659386 0.11139102280139923 4
      vertex 2.8427928909659386 0.11139102280139923 49
      vertex 2.5911862701177597 0.1835380643606186 49
    endloop
  endfacet
  facet normal -0.3420201426245933 -0.939692621041079 0
    outer loop
      vertex 2.5911862701177597 0.1835380643606186 4
      vertex 2.5911862701177597 0.1835380643606186 49
      vertex 2.3452252745628357 0.27306054532527924 49
    endloop
  endfacet
  facet normal -0.46947157259700467 -0.882947587642265 0
    outer loop
      vertex 2.106108196079731 0.37952232360839844 4
      vertex 2.106108196079731 0.37952232360839844 49
      vertex 1.875 0.5024047344923019 49
    endloop
  endfacet
  facet normal -0.20791168721191455 -0.9781476015002515 0
    outer loop
      vertex 3.0988193303346634 0.05697092413902283 4
      vertex 3.0988193303346634 0.05697092413902283 49
      vertex 2.8427928909659386 0.11139102280139923 49
    endloop
  endfacet
  facet normal -0.13917310017239254 -0.9902680688522705 0
    outer loop
      vertex 3.3580182641744614 0.020542889833450317 4
      vertex 3.3580182641744614 0.020542889833450317 49
      vertex 3.0988193303346634 0.05697092413902283 49
    endloop
  endfacet
  facet normal -0.06975645916039604 -0.9975640512796179 0
    outer loop
      vertex 3.6191268861293793 0.002284400165081024 4
      vertex 3.6191268861293793 0.002284400165081024 49
      vertex 3.3580182641744614 0.020542889833450317 49
    endloop
  endfacet
  facet normal -0.01745241762706844 -0.9998476949610728 0
    outer loop
      vertex 3.75 0 4
      vertex 3.75 0 49
      vertex 3.6191268861293793 0.002284400165081024 49
    endloop
  endfacet
  facet normal -0.7880107577629124 -0.615661470005977 0
    outer loop
      vertex 0.8773333355784416 1.3395464643836021 4
      vertex 0.8773333355784416 1.3395464643836021 49
      vertex 0.7161862701177597 1.5458053052425385 49
    endloop
  endfacet
  facet normal -0.8290375656234815 -0.559192913747207 0
    outer loop
      vertex 0.7161862701177597 1.5458053052425385 4
      vertex 0.7161862701177597 1.5458053052425385 49
      vertex 0.5698196366429329 1.7628027573227882 49
    endloop
  endfacet
  facet normal -0.8660254189285214 -0.4999999737696784 0
    outer loop
      vertex 0.5698196366429329 1.7628027573227882 4
      vertex 0.5698196366429329 1.7628027573227882 49
      vertex 0.43894653022289276 1.9894816428422928 49
    endloop
  endfacet
  facet normal -0.8987940420057225 -0.4383711555919429 0
    outer loop
      vertex 0.43894653022289276 1.9894816428422928 4
      vertex 0.43894653022289276 1.9894816428422928 49
      vertex 0.32420453429222107 2.2247375920414925 49
    endloop
  endfacet
  facet normal -0.9271838523025518 -0.3746065990200918 0
    outer loop
      vertex 0.32420453429222107 2.2247375920414925 4
      vertex 0.32420453429222107 2.2247375920414925 49
      vertex 0.2261526733636856 2.4674244597554207 49
    endloop
  endfacet
  facet normal -0.951056516308457 -0.3090169943340035 0
    outer loop
      vertex 0.2261526733636856 2.4674244597554207 4
      vertex 0.2261526733636856 2.4674244597554207 49
      vertex 0.14526864141225815 2.7163599133491516 49
    endloop
  endfacet
  facet normal -0.9702957285113611 -0.2419218866341092 0
    outer loop
      vertex 0.14526864141225815 2.7163599133491516 4
      vertex 0.14526864141225815 2.7163599133491516 49
      vertex 0.08194649964570999 2.970331162214279 49
    endloop
  endfacet
  facet normal -0.9848077494987412 -0.17364819759278963 0
    outer loop
      vertex 0.08194649964570999 2.970331162214279 4
      vertex 0.08194649964570999 2.970331162214279 49
      vertex 0.03649473935365677 3.228100873529911 49
    endloop
  endfacet
  facet normal -0.9945218974016594 -0.10452844392127601 0
    outer loop
      vertex 0.03649473935365677 3.228100873529911 4
      vertex 0.03649473935365677 3.228100873529911 49
      vertex 0.009134814143180847 3.4884132221341133 49
    endloop
  endfacet
  facet normal -0.9993908266764728 -0.03489950651393371 0
    outer loop
      vertex 0.009134814143180847 3.4884132221341133 4
      vertex 0.009134814143180847 3.4884132221341133 49
      vertex 0 3.75 49
    endloop
  endfacet
  facet normal 0 0 1
    outer loop
      vertex 0.32420453429222107 2.2247375920414925 49
      vertex 6.5 3.0096305466556075 49
      vertex 0.2261526733636856 2.4674244597554207 49
    endloop
  endfacet
  facet normal 0 0 1
    outer loop
      vertex 0.08194649964570999 2.970331162214279 49
      vertex 5.13577544795195 3.287478409191536 49
      vertex 0.03649473935365677 3.228100873529911 49
    endloop
  endfacet
  facet normal 0 0 1
    outer loop
      vertex 0.03649473935365677 3.228100873529911 49
      vertex 3.6613575209206317 4.4728909115321756 49
      vertex 0.009134814143180847 3.4884132221341133 49
    endloop
  endfacet
  facet normal 0 0 1
    outer loop
      vertex 0.2261526733636856 2.4674244597554207 49
      vertex 6.5 3.0096305466556075 49
      vertex 0.14526864141225815 2.7163599133491516 49
    endloop
  endfacet
  facet normal 0 0 1
    outer loop
      vertex 0.14526864141225815 2.7163599133491516 49
      vertex 6.5 3.0096305466556075 49
      vertex 0.08194649964570999 2.970331162214279 49
    endloop
  endfacet
  facet normal 0 0 1
    outer loop
      vertex 0.08194649964570999 2.970331162214279 49
      vertex 5.743469948065297 3.0937745373861674 49
      vertex 5.370090351568855 3.2070379997100105 49
    endloop
  endfacet
  facet normal 0 0 1
    outer loop
      vertex 0.08194649964570999 2.970331162214279 49
      vertex 5.370090351568855 3.2070379997100105 49
      vertex 5.13577544795195 3.287478409191536 49
    endloop
  endfacet
  facet normal 0 0 1
    outer loop
      vertex 0.03649473935365677 3.228100873529911 49
      vertex 4.378287618888152 3.7414824132150386 49
      vertex 4.076673902351416 3.9890103933997487 49
    endloop
  endfacet
  facet normal 0 0 1
    outer loop
      vertex 0.03649473935365677 3.228100873529911 49
      vertex 4.076673902351416 3.9890103933997487 49
      vertex 3.9088855011053454 4.171277194995437 49
    endloop
  endfacet
  facet normal 0 0 1
    outer loop
      vertex 0.03649473935365677 3.228100873529911 49
      vertex 4.791666841042769 3.471408291561005 49
      vertex 4.573787739408743 3.589318564934132 49
    endloop
  endfacet
  facet normal 0 0 1
    outer loop
      vertex 0.03649473935365677 3.228100873529911 49
      vertex 5.13577544795195 3.287478409191536 49
      vertex 4.791666841042769 3.471408291561005 49
    endloop
  endfacet
  facet normal 0 0 1
    outer loop
      vertex 0.03649473935365677 3.228100873529911 49
      vertex 4.573787739408743 3.589318564934132 49
      vertex 4.378287618888152 3.7414824132150386 49
    endloop
  endfacet
  facet normal 0 0 1
    outer loop
      vertex 0.009134814143180847 3.4884132221341133 49
      vertex 3.525857656103966 4.680288886559737 49
      vertex 0 3.75 49
    endloop
  endfacet
  facet normal 0 0 1
    outer loop
      vertex 0.009134814143180847 3.4884132221341133 49
      vertex 3.6613575209206317 4.4728909115321756 49
      vertex 3.525857656103966 4.680288886559737 49
    endloop
  endfacet
  facet normal 0 0 1
    outer loop
      vertex 0.03649473935365677 3.228100873529911 49
      vertex 3.9088855011053454 4.171277194995437 49
      vertex 3.6613575209206317 4.4728909115321756 49
    endloop
  endfacet
  facet normal 0 0 1
    outer loop
      vertex 0 3.75 49
      vertex 3.525857656103966 4.680288886559737 49
      vertex 3.341927773734497 5.024397493468921 49
    endloop
  endfacet
  facet normal 0 0 1
    outer loop
      vertex 0 3.75 49
      vertex 3.341927773734497 5.024397493468921 49
      vertex 3.242412536820339 5.2512693788282085 49
    endloop
  endfacet
  facet normal 0 0 1
    outer loop
      vertex 0 3.75 49
      vertex 3.242412536820339 5.2512693788282085 49
      vertex 3.129149074496496 5.6246489753246465 49
    endloop
  endfacet
  facet normal 0 0 1
    outer loop
      vertex 0 3.75 49
      vertex 3.129149074496496 5.6246489753246465 49
      vertex 3.068332980217207 5.864806296420113 49
    endloop
  endfacet
  facet normal 0 0 1
    outer loop
      vertex 0.08194649964570999 2.970331162214279 49
      vertex 6.376130983233452 3.0147538042926314 49
      vertex 5.98782916564943 3.052998195232618 49
    endloop
  endfacet
  facet normal 0 0 1
    outer loop
      vertex 0.08194649964570999 2.970331162214279 49
      vertex 5.98782916564943 3.052998195232618 49
      vertex 5.743469948065297 3.0937745373861674 49
    endloop
  endfacet
  facet normal 0 0 1
    outer loop
      vertex 0.08194649964570999 2.970331162214279 49
      vertex 6.5 3.0096305466556075 49
      vertex 6.376130983233452 3.0147538042926314 49
    endloop
  endfacet
  facet normal 0 0 1
    outer loop
      vertex 0 3.75 49
      vertex 3.068332980217207 5.864806296420113 49
      vertex 3.03008858927722 6.253108114004135 49
    endloop
  endfacet
  facet normal 0 0 1
    outer loop
      vertex 0 3.75 49
      vertex 3.03008858927722 6.253108114004135 49
      vertex 3.0096305466556075 6.5 49
    endloop
  endfacet
  facet normal -1 0 0
    outer loop
      vertex 0 3.75 4
      vertex 0 3.75 49
      vertex 0 38.25 49
    endloop
  endfacet
  facet normal 0 0 1
    outer loop
      vertex 0 3.75 49
      vertex 3.0096305466556075 6.5 49
      vertex 3.0096305466556075 35.5 49
    endloop
  endfacet
  facet normal 0 0 1
    outer loop
      vertex 2.8427928909659386 0.11139102280139923 49
      vertex 124.01051835715771 0.43894653022289276 49
      vertex 2.5911862701177597 0.1835380643606186 49
    endloop
  endfacet
  facet normal 0 0 1
    outer loop
      vertex 2.8427928909659386 0.11139102280139923 49
      vertex 3.0988193303346634 0.05697092413902283 49
      vertex 123.77526240795851 0.32420453429222107 49
    endloop
  endfacet
  facet normal 0 0 1
    outer loop
      vertex 2.3452252745628357 0.27306054532527924 49
      vertex 2.5911862701177597 0.1835380643606186 49
      vertex 124.23719724267721 0.5698196366429329 49
    endloop
  endfacet
  facet normal 0 0 1
    outer loop
      vertex 2.3452252745628357 0.27306054532527924 49
      vertex 124.45419469475746 0.7161862701177597 49
      vertex 2.106108196079731 0.37952232360839844 49
    endloop
  endfacet
  facet normal 0 0 1
    outer loop
      vertex 1.875 0.5024047344923019 49
      vertex 2.106108196079731 0.37952232360839844 49
      vertex 124.6604535356164 0.8773333355784416 49
    endloop
  endfacet
  facet normal 0 0 1
    outer loop
      vertex 1.6530266106128693 0.6411091014742851 49
      vertex 1.875 0.5024047344923019 49
      vertex 124.85496889054775 1.0524757504463196 49
    endloop
  endfacet
  facet normal 0 0 1
    outer loop
      vertex 1.6530266106128693 0.6411091014742851 49
      vertex 125.03679309785366 1.2407602295279503 49
      vertex 1.441269464790821 0.7949596717953682 49
    endloop
  endfacet
  facet normal 0 0 1
    outer loop
      vertex 1.441269464790821 0.7949596717953682 49
      vertex 125.20504032820463 1.441269464790821 49
      vertex 1.2407602295279503 0.9632069021463394 49
    endloop
  endfacet
  facet normal 0 0 1
    outer loop
      vertex 1.2407602295279503 0.9632069021463394 49
      vertex 125.35889089852571 1.6530266106128693 49
      vertex 1.0524757504463196 1.1450311094522476 49
    endloop
  endfacet
  facet normal 0 0 1
    outer loop
      vertex 1.0524757504463196 1.1450311094522476 49
      vertex 125.4975952655077 1.875 49
      vertex 0.8773333355784416 1.3395464643836021 49
    endloop
  endfacet
  facet normal 0 0 1
    outer loop
      vertex 0.8773333355784416 1.3395464643836021 49
      vertex 125.6204776763916 2.106108196079731 49
      vertex 0.7161862701177597 1.5458053052425385 49
    endloop
  endfacet
  facet normal 0 0 1
    outer loop
      vertex 0.7161862701177597 1.5458053052425385 49
      vertex 125.72693945467472 2.3452252745628357 49
      vertex 0.5698196366429329 1.7628027573227882 49
    endloop
  endfacet
  facet normal 0 0 1
    outer loop
      vertex 0.5698196366429329 1.7628027573227882 49
      vertex 125.81646193563938 2.5911862701177597 49
      vertex 0.43894653022289276 1.9894816428422928 49
    endloop
  endfacet
  facet normal 0 0 1
    outer loop
      vertex 0.43894653022289276 1.9894816428422928 49
      vertex 125.8886089771986 2.8427928909659386 49
      vertex 0.32420453429222107 2.2247375920414925 49
    endloop
  endfacet
  facet normal 0 0 1
    outer loop
      vertex 3.3580182641744614 0.020542889833450317 49
      vertex 3.6191268861293793 0.002284400165081024 49
      vertex 123.28364008665085 0.14526864141225815 49
    endloop
  endfacet
  facet normal 0 0 1
    outer loop
      vertex 3.6191268861293793 0.002284400165081024 49
      vertex 3.75 0 49
      vertex 123.02966883778572 0.08194649964570999 49
    endloop
  endfacet
  facet normal 0 0 1
    outer loop
      vertex 3.0988193303346634 0.05697092413902283 49
      vertex 3.3580182641744614 0.020542889833450317 49
      vertex 123.53257554024458 0.2261526733636856 49
    endloop
  endfacet
  facet normal 0 0 1
    outer loop
      vertex 0.32420453429222107 2.2247375920414925 49
      vertex 119.5 3.0096305466556075 49
      vertex 6.5 3.0096305466556075 49
    endloop
  endfacet
  facet normal 0 0 -1
    outer loop
      vertex 0 3.75 4
      vertex 0 38.25 4
      vertex 0.25 38 4
    endloop
  endfacet
  facet normal -1 0 0
    outer loop
      vertex 0 3.75 4
      vertex 0 38.25 49
      vertex 0 38.25 4
    endloop
  endfacet
  facet normal 0 0 -1
    outer loop
      vertex 0 38.25 4
      vertex 0.252284400165081 38.13087311387062 4
      vertex 0.25 38 4
    endloop
  endfacet
  facet normal 0 0 -1
    outer loop
      vertex 0 38.25 4
      vertex 0.2705428898334503 38.39198173582554 4
      vertex 0.252284400165081 38.13087311387062 4
    endloop
  endfacet
  facet normal 0 0 -1
    outer loop
      vertex 0 38.25 4
      vertex 0.002284400165081024 38.38087311387062 4
      vertex 0.2705428898334503 38.39198173582554 4
    endloop
  endfacet
  facet normal 0 0 -1
    outer loop
      vertex 0.002284400165081024 38.38087311387062 4
      vertex 0.020542889833450317 38.64198173582554 4
      vertex 0.2705428898334503 38.39198173582554 4
    endloop
  endfacet
  facet normal 0 0 -1
    outer loop
      vertex 0.020542889833450317 38.64198173582554 4
      vertex 0.3069709241390228 38.65118066966534 4
      vertex 0.2705428898334503 38.39198173582554 4
    endloop
  endfacet
  facet normal 0 0 -1
    outer loop
      vertex 0.020542889833450317 38.64198173582554 4
      vertex 0.05697092413902283 38.90118066966534 4
      vertex 0.3069709241390228 38.65118066966534 4
    endloop
  endfacet
  facet normal 0 0 -1
    outer loop
      vertex 0.05697092413902283 38.90118066966534 4
      vertex 0.36139102280139923 38.90720710903406 4
      vertex 0.3069709241390228 38.65118066966534 4
    endloop
  endfacet
  facet normal 0 0 -1
    outer loop
      vertex 0.05697092413902283 38.90118066966534 4
      vertex 0.11139102280139923 39.15720710903406 4
      vertex 0.36139102280139923 38.90720710903406 4
    endloop
  endfacet
  facet normal 0 0 -1
    outer loop
      vertex 0.11139102280139923 39.15720710903406 4
      vertex 0.4335380643606186 39.15881372988224 4
      vertex 0.36139102280139923 38.90720710903406 4
    endloop
  endfacet
  facet normal 0 0 -1
    outer loop
      vertex 0.11139102280139923 39.15720710903406 4
      vertex 0.5230605453252792 39.404774725437164 4
      vertex 0.4335380643606186 39.15881372988224 4
    endloop
  endfacet
  facet normal 0 0 -1
    outer loop
      vertex 0.11139102280139923 39.15720710903406 4
      vertex 0.1835380643606186 39.40881372988224 4
      vertex 0.5230605453252792 39.404774725437164 4
    endloop
  endfacet
  facet normal 0 0 -1
    outer loop
      vertex 0.1835380643606186 39.40881372988224 4
      vertex 0.6295223236083984 39.64389180392027 4
      vertex 0.5230605453252792 39.404774725437164 4
    endloop
  endfacet
  facet normal 0 0 -1
    outer loop
      vertex 0.1835380643606186 39.40881372988224 4
      vertex 0.27306054532527924 39.654774725437164 4
      vertex 0.6295223236083984 39.64389180392027 4
    endloop
  endfacet
  facet normal 0 0 -1
    outer loop
      vertex 0.27306054532527924 39.654774725437164 4
      vertex 0.37952232360839844 39.89389180392027 4
      vertex 0.7524047344923019 39.875 4
    endloop
  endfacet
  facet normal 0 0 -1
    outer loop
      vertex 0.27306054532527924 39.654774725437164 4
      vertex 0.7524047344923019 39.875 4
      vertex 0.6295223236083984 39.64389180392027 4
    endloop
  endfacet
  facet normal 0 0 -1
    outer loop
      vertex 0.37952232360839844 39.89389180392027 4
      vertex 0.8911091014742851 40.09697338938713 4
      vertex 0.7524047344923019 39.875 4
    endloop
  endfacet
  facet normal 0 0 -1
    outer loop
      vertex 0.37952232360839844 39.89389180392027 4
      vertex 0.5024047344923019 40.125 4
      vertex 0.8911091014742851 40.09697338938713 4
    endloop
  endfacet
  facet normal 0 0 -1
    outer loop
      vertex 0.5024047344923019 40.125 4
      vertex 1.0449596717953682 40.30873053520918 4
      vertex 0.8911091014742851 40.09697338938713 4
    endloop
  endfacet
  facet normal 0 0 -1
    outer loop
      vertex 0.5024047344923019 40.125 4
      vertex 0.6411091014742851 40.34697338938713 4
      vertex 1.0449596717953682 40.30873053520918 4
    endloop
  endfacet
  facet normal 0 0 -1
    outer loop
      vertex 0.6411091014742851 40.34697338938713 4
      vertex 1.2132069021463394 40.50923977047205 4
      vertex 1.0449596717953682 40.30873053520918 4
    endloop
  endfacet
  facet normal 0 0 -1
    outer loop
      vertex 0.6411091014742851 40.34697338938713 4
      vertex 0.7949596717953682 40.55873053520918 4
      vertex 1.2132069021463394 40.50923977047205 4
    endloop
  endfacet
  facet normal 0 0 -1
    outer loop
      vertex 0.7949596717953682 40.55873053520918 4
      vertex 1.3950311094522476 40.69752424955368 4
      vertex 1.2132069021463394 40.50923977047205 4
    endloop
  endfacet
  facet normal 0 0 -1
    outer loop
      vertex 0.7949596717953682 40.55873053520918 4
      vertex 0.9632069021463394 40.75923977047205 4
      vertex 1.3950311094522476 40.69752424955368 4
    endloop
  endfacet
  facet normal 0 0 -1
    outer loop
      vertex 0.9632069021463394 40.75923977047205 4
      vertex 1.5895464643836021 40.87266666442156 4
      vertex 1.3950311094522476 40.69752424955368 4
    endloop
  endfacet
  facet normal 0 0 -1
    outer loop
      vertex 0.9632069021463394 40.75923977047205 4
      vertex 1.1450311094522476 40.94752424955368 4
      vertex 1.5895464643836021 40.87266666442156 4
    endloop
  endfacet
  facet normal 0 0 -1
    outer loop
      vertex 1.1450311094522476 40.94752424955368 4
      vertex 1.7958053052425385 41.03381372988224 4
      vertex 1.5895464643836021 40.87266666442156 4
    endloop
  endfacet
  facet normal 0 0 -1
    outer loop
      vertex 1.1450311094522476 40.94752424955368 4
      vertex 1.3395464643836021 41.12266666442156 4
      vertex 1.7958053052425385 41.03381372988224 4
    endloop
  endfacet
  facet normal 0 0 -1
    outer loop
      vertex 1.3395464643836021 41.12266666442156 4
      vertex 2.0128027573227882 41.18018036335707 4
      vertex 1.7958053052425385 41.03381372988224 4
    endloop
  endfacet
  facet normal 0 0 -1
    outer loop
      vertex 1.3395464643836021 41.12266666442156 4
      vertex 1.5458053052425385 41.28381372988224 4
      vertex 2.0128027573227882 41.18018036335707 4
    endloop
  endfacet
  facet normal 0 0 -1
    outer loop
      vertex 1.5458053052425385 41.28381372988224 4
      vertex 2.239481642842293 41.31105346977711 4
      vertex 2.0128027573227882 41.18018036335707 4
    endloop
  endfacet
  facet normal 0 0 -1
    outer loop
      vertex 1.5458053052425385 41.28381372988224 4
      vertex 1.7628027573227882 41.43018036335707 4
      vertex 2.239481642842293 41.31105346977711 4
    endloop
  endfacet
  facet normal 0 0 -1
    outer loop
      vertex 1.7628027573227882 41.43018036335707 4
      vertex 2.4747375920414925 41.42579546570778 4
      vertex 2.239481642842293 41.31105346977711 4
    endloop
  endfacet
  facet normal 0 0 -1
    outer loop
      vertex 1.7628027573227882 41.43018036335707 4
      vertex 1.9894816428422928 41.56105346977711 4
      vertex 2.7174244597554207 41.523847326636314 4
    endloop
  endfacet
  facet normal 0 0 -1
    outer loop
      vertex 1.7628027573227882 41.43018036335707 4
      vertex 2.7174244597554207 41.523847326636314 4
      vertex 2.4747375920414925 41.42579546570778 4
    endloop
  endfacet
  facet normal 0 0 -1
    outer loop
      vertex 1.9894816428422928 41.56105346977711 4
      vertex 2.2247375920414925 41.67579546570778 4
      vertex 2.9663599133491516 41.60473135858774 4
    endloop
  endfacet
  facet normal 0 0 -1
    outer loop
      vertex 1.9894816428422928 41.56105346977711 4
      vertex 2.9663599133491516 41.60473135858774 4
      vertex 2.7174244597554207 41.523847326636314 4
    endloop
  endfacet
  facet normal 0 0 -1
    outer loop
      vertex 2.2247375920414925 41.67579546570778 4
      vertex 3.220331162214279 41.66805350035429 4
      vertex 2.9663599133491516 41.60473135858774 4
    endloop
  endfacet
  facet normal 0 0 -1
    outer loop
      vertex 2.2247375920414925 41.67579546570778 4
      vertex 2.4674244597554207 41.773847326636314 4
      vertex 3.478100873529911 41.71350526064634 4
    endloop
  endfacet
  facet normal 0 0 -1
    outer loop
      vertex 2.2247375920414925 41.67579546570778 4
      vertex 3.478100873529911 41.71350526064634 4
      vertex 3.220331162214279 41.66805350035429 4
    endloop
  endfacet
  facet normal 0 0 -1
    outer loop
      vertex 2.4674244597554207 41.773847326636314 4
      vertex 3.7384132221341133 41.74086518585682 4
      vertex 3.478100873529911 41.71350526064634 4
    endloop
  endfacet
  facet normal 0 0 -1
    outer loop
      vertex 2.4674244597554207 41.773847326636314 4
      vertex 4 41.75 4
      vertex 3.7384132221341133 41.74086518585682 4
    endloop
  endfacet
  facet normal 0 0 -1
    outer loop
      vertex 3.228100873529911 41.96350526064634 4
      vertex 3.4884132221341133 41.99086518585682 4
      vertex 3.75 42 4
    endloop
  endfacet
  facet normal 0 0 -1
    outer loop
      vertex 2.4674244597554207 41.773847326636314 4
      vertex 38 41.75 4
      vertex 4 41.75 4
    endloop
  endfacet
  facet normal -0.9998476949610728 0.01745241762706844 0
    outer loop
      vertex 0 38.25 4
      vertex 0.002284400165081024 38.38087311387062 49
      vertex 0.002284400165081024 38.38087311387062 4
    endloop
  endfacet
  facet normal -0.9975640512796179 0.06975645916039604 0
    outer loop
      vertex 0.002284400165081024 38.38087311387062 4
      vertex 0.020542889833450317 38.64198173582554 49
      vertex 0.020542889833450317 38.64198173582554 4
    endloop
  endfacet
  facet normal -0.9902680688522705 0.13917310017239254 0
    outer loop
      vertex 0.020542889833450317 38.64198173582554 4
      vertex 0.05697092413902283 38.90118066966534 49
      vertex 0.05697092413902283 38.90118066966534 4
    endloop
  endfacet
  facet normal -0.9781476015002515 0.20791168721191455 0
    outer loop
      vertex 0.05697092413902283 38.90118066966534 4
      vertex 0.11139102280139923 39.15720710903406 49
      vertex 0.11139102280139923 39.15720710903406 4
    endloop
  endfacet
  facet normal -0.9612616918845164 0.2756373699542879 0
    outer loop
      vertex 0.11139102280139923 39.15720710903406 4
      vertex 0.1835380643606186 39.40881372988224 49
      vertex 0.1835380643606186 39.40881372988224 4
    endloop
  endfacet
  facet normal -0.939692621041079 0.3420201426245933 0
    outer loop
      vertex 0.1835380643606186 39.40881372988224 4
      vertex 0.27306054532527924 39.654774725437164 49
      vertex 0.27306054532527924 39.654774725437164 4
    endloop
  endfacet
  facet normal -0.913545463611597 0.40673662966921503 0
    outer loop
      vertex 0.27306054532527924 39.654774725437164 4
      vertex 0.37952232360839844 39.89389180392027 49
      vertex 0.37952232360839844 39.89389180392027 4
    endloop
  endfacet
  facet normal -0.882947587642265 0.46947157259700467 0
    outer loop
      vertex 0.37952232360839844 39.89389180392027 4
      vertex 0.5024047344923019 40.125 49
      vertex 0.5024047344923019 40.125 4
    endloop
  endfacet
  facet normal -0.8480480978483979 0.5299192615254837 0
    outer loop
      vertex 0.5024047344923019 40.125 4
      vertex 0.6411091014742851 40.34697338938713 49
      vertex 0.6411091014742851 40.34697338938713 4
    endloop
  endfacet
  facet normal -0.8090169975136929 0.5877852479723605 0
    outer loop
      vertex 0.6411091014742851 40.34697338938713 4
      vertex 0.7949596717953682 40.55873053520918 49
      vertex 0.7949596717953682 40.55873053520918 4
    endloop
  endfacet
  facet normal -0.7660444337236486 0.6427876208834568 0
    outer loop
      vertex 0.7949596717953682 40.55873053520918 4
      vertex 0.9632069021463394 40.75923977047205 49
      vertex 0.9632069021463394 40.75923977047205 4
    endloop
  endfacet
  facet normal -0.7193398015101028 0.6946583692459236 0
    outer loop
      vertex 0.9632069021463394 40.75923977047205 4
      vertex 1.1450311094522476 40.94752424955368 49
      vertex 1.1450311094522476 40.94752424955368 4
    endloop
  endfacet
  facet normal -0.669130611865031 0.743144820519614 0
    outer loop
      vertex 1.1450311094522476 40.94752424955368 4
      vertex 1.3395464643836021 41.12266666442156 49
      vertex 1.3395464643836021 41.12266666442156 4
    endloop
  endfacet
  facet normal -0.615661470005977 0.7880107577629124 0
    outer loop
      vertex 1.3395464643836021 41.12266666442156 4
      vertex 1.5458053052425385 41.28381372988224 49
      vertex 1.5458053052425385 41.28381372988224 4
    endloop
  endfacet
  facet normal -0.559192913747207 0.8290375656234815 0
    outer loop
      vertex 1.5458053052425385 41.28381372988224 4
      vertex 1.7628027573227882 41.43018036335707 49
      vertex 1.7628027573227882 41.43018036335707 4
    endloop
  endfacet
  facet normal -0.4999999737696784 0.8660254189285214 0
    outer loop
      vertex 1.7628027573227882 41.43018036335707 4
      vertex 1.9894816428422928 41.56105346977711 49
      vertex 1.9894816428422928 41.56105346977711 4
    endloop
  endfacet
  facet normal -0.4383711555919429 0.8987940420057225 0
    outer loop
      vertex 1.9894816428422928 41.56105346977711 4
      vertex 2.2247375920414925 41.67579546570778 49
      vertex 2.2247375920414925 41.67579546570778 4
    endloop
  endfacet
  facet normal -0.3746065990200918 0.9271838523025518 0
    outer loop
      vertex 2.2247375920414925 41.67579546570778 4
      vertex 2.4674244597554207 41.773847326636314 49
      vertex 2.4674244597554207 41.773847326636314 4
    endloop
  endfacet
  facet normal -0.3090169943340035 0.951056516308457 0
    outer loop
      vertex 2.4674244597554207 41.773847326636314 4
      vertex 2.7163599133491516 41.85473135858774 49
      vertex 2.7163599133491516 41.85473135858774 4
    endloop
  endfacet
  facet normal -0.2419218866341092 0.9702957285113611 0
    outer loop
      vertex 2.7163599133491516 41.85473135858774 4
      vertex 2.970331162214279 41.91805350035429 49
      vertex 2.970331162214279 41.91805350035429 4
    endloop
  endfacet
  facet normal -0.17364819759278963 0.9848077494987412 0
    outer loop
      vertex 2.970331162214279 41.91805350035429 4
      vertex 3.228100873529911 41.96350526064634 49
      vertex 3.228100873529911 41.96350526064634 4
    endloop
  endfacet
  facet normal -0.10452844392127601 0.9945218974016594 0
    outer loop
      vertex 3.228100873529911 41.96350526064634 4
      vertex 3.4884132221341133 41.99086518585682 49
      vertex 3.4884132221341133 41.99086518585682 4
    endloop
  endfacet
  facet normal -0.03489950651393371 0.9993908266764728 0
    outer loop
      vertex 3.4884132221341133 41.99086518585682 4
      vertex 3.75 42 49
      vertex 3.75 42 4
    endloop
  endfacet
  facet normal 0 0 -1
    outer loop
      vertex 41.75 4 4
      vertex 41.75 38 4
      vertex 42.25 38 4
    endloop
  endfacet
  facet normal 0 0 -1
    outer loop
      vertex 41.75 38 4
      vertex 42.25228440016508 38.13087311387062 4
      vertex 42.25 38 4
    endloop
  endfacet
  facet normal 0 0 -1
    outer loop
      vertex 41.75 38 4
      vertex 41.74086518585682 38.26158677786589 4
      vertex 42.27054288983345 38.39198173582554 4
    endloop
  endfacet
  facet normal 0 0 -1
    outer loop
      vertex 41.75 38 4
      vertex 42.27054288983345 38.39198173582554 4
      vertex 42.25228440016508 38.13087311387062 4
    endloop
  endfacet
  facet normal 0 0 -1
    outer loop
      vertex 41.71350526064634 38.52189912647009 4
      vertex 42.30697092413902 38.65118066966534 4
      vertex 41.74086518585682 38.26158677786589 4
    endloop
  endfacet
  facet normal 0 0 -1
    outer loop
      vertex 42.27054288983345 38.39198173582554 4
      vertex 41.74086518585682 38.26158677786589 4
      vertex 42.30697092413902 38.65118066966534 4
    endloop
  endfacet
  facet normal 0 0 -1
    outer loop
      vertex 42.30697092413902 38.65118066966534 4
      vertex 41.71350526064634 38.52189912647009 4
      vertex 42.3613910228014 38.90720710903406 4
    endloop
  endfacet
  facet normal 0 0 -1
    outer loop
      vertex 41.66805350035429 38.77966883778572 4
      vertex 42.3613910228014 38.90720710903406 4
      vertex 41.71350526064634 38.52189912647009 4
    endloop
  endfacet
  facet normal 0 0 -1
    outer loop
      vertex 41.66805350035429 38.77966883778572 4
      vertex 41.60473135858774 39.03364008665085 4
      vertex 42.43353806436062 39.15881372988224 4
    endloop
  endfacet
  facet normal 0 0 -1
    outer loop
      vertex 42.3613910228014 38.90720710903406 4
      vertex 41.66805350035429 38.77966883778572 4
      vertex 42.43353806436062 39.15881372988224 4
    endloop
  endfacet
  facet normal 0 0 -1
    outer loop
      vertex 42.43353806436062 39.15881372988224 4
      vertex 41.60473135858774 39.03364008665085 4
      vertex 42.52306054532528 39.404774725437164 4
    endloop
  endfacet
  facet normal 0 0 -1
    outer loop
      vertex 41.60473135858774 39.03364008665085 4
      vertex 41.523847326636314 39.28257554024458 4
      vertex 42.52306054532528 39.404774725437164 4
    endloop
  endfacet
  facet normal 0 0 -1
    outer loop
      vertex 41.523847326636314 39.28257554024458 4
      vertex 41.42579546570778 39.52526240795851 4
      vertex 42.6295223236084 39.64389180392027 4
    endloop
  endfacet
  facet normal 0 0 -1
    outer loop
      vertex 42.52306054532528 39.404774725437164 4
      vertex 41.523847326636314 39.28257554024458 4
      vertex 42.6295223236084 39.64389180392027 4
    endloop
  endfacet
  facet normal 0 0 -1
    outer loop
      vertex 42.6295223236084 39.64389180392027 4
      vertex 41.42579546570778 39.52526240795851 4
      vertex 42.7524047344923 39.875 4
    endloop
  endfacet
  facet normal 0 0 -1
    outer loop
      vertex 41.31105346977711 39.76051835715771 4
      vertex 42.7524047344923 39.875 4
      vertex 41.42579546570778 39.52526240795851 4
    endloop
  endfacet
  facet normal 0 0 -1
    outer loop
      vertex 41.18018036335707 39.98719724267721 4
      vertex 42.891109101474285 40.09697338938713 4
      vertex 41.31105346977711 39.76051835715771 4
    endloop
  endfacet
  facet normal 0 0 -1
    outer loop
      vertex 42.7524047344923 39.875 4
      vertex 41.31105346977711 39.76051835715771 4
      vertex 42.891109101474285 40.09697338938713 4
    endloop
  endfacet
  facet normal 0 0 -1
    outer loop
      vertex 41.03381372988224 40.20419469475746 4
      vertex 43.04495967179537 40.30873053520918 4
      vertex 41.18018036335707 39.98719724267721 4
    endloop
  endfacet
  facet normal 0 0 -1
    outer loop
      vertex 40.87266666442156 40.4104535356164 4
      vertex 43.21320690214634 40.50923977047205 4
      vertex 41.03381372988224 40.20419469475746 4
    endloop
  endfacet
  facet normal 0 0 -1
    outer loop
      vertex 40.69752424955368 40.60496889054775 4
      vertex 43.39503110945225 40.69752424955368 4
      vertex 40.87266666442156 40.4104535356164 4
    endloop
  endfacet
  facet normal 0 0 -1
    outer loop
      vertex 42.891109101474285 40.09697338938713 4
      vertex 41.18018036335707 39.98719724267721 4
      vertex 43.04495967179537 40.30873053520918 4
    endloop
  endfacet
  facet normal 0 0 -1
    outer loop
      vertex 43.21320690214634 40.50923977047205 4
      vertex 43.04495967179537 40.30873053520918 4
      vertex 41.03381372988224 40.20419469475746 4
    endloop
  endfacet
  facet normal 0 0 -1
    outer loop
      vertex 43.21320690214634 40.50923977047205 4
      vertex 40.87266666442156 40.4104535356164 4
      vertex 43.39503110945225 40.69752424955368 4
    endloop
  endfacet
  facet normal 0 0 -1
    outer loop
      vertex 39.875 41.2475952655077 4
      vertex 39.64389180392027 41.3704776763916 4
      vertex 44.23948164284229 41.31105346977711 4
    endloop
  endfacet
  facet normal 0 0 -1
    outer loop
      vertex 39.64389180392027 41.3704776763916 4
      vertex 39.404774725437164 41.47693945467472 4
      vertex 44.71742445975542 41.523847326636314 4
    endloop
  endfacet
  facet normal 0 0 -1
    outer loop
      vertex 38.90720710903406 41.6386089771986 4
      vertex 45.22033116221428 41.66805350035429 4
      vertex 39.15881372988224 41.56646193563938 4
    endloop
  endfacet
  facet normal 0 0 -1
    outer loop
      vertex 39.15881372988224 41.56646193563938 4
      vertex 44.96635991334915 41.60473135858774 4
      vertex 39.404774725437164 41.47693945467472 4
    endloop
  endfacet
  facet normal 0 0 -1
    outer loop
      vertex 38.39198173582554 41.72945711016655 4
      vertex 45.47810087352991 41.71350526064634 4
      vertex 38.65118066966534 41.69302907586098 4
    endloop
  endfacet
  facet normal 0 0 -1
    outer loop
      vertex 38.39198173582554 41.72945711016655 4
      vertex 38.13087311387062 41.74771559983492 4
      vertex 45.73841322213411 41.74086518585682 4
    endloop
  endfacet
  facet normal 0 0 -1
    outer loop
      vertex 38.90720710903406 41.6386089771986 4
      vertex 38.65118066966534 41.69302907586098 4
      vertex 45.47810087352991 41.71350526064634 4
    endloop
  endfacet
  facet normal 0 0 -1
    outer loop
      vertex 40.50923977047205 40.78679309785366 4
      vertex 43.5895464643836 40.87266666442156 4
      vertex 40.69752424955368 40.60496889054775 4
    endloop
  endfacet
  facet normal 0 0 -1
    outer loop
      vertex 40.30873053520918 40.95504032820463 4
      vertex 43.79580530524254 41.03381372988224 4
      vertex 40.50923977047205 40.78679309785366 4
    endloop
  endfacet
  facet normal 0 0 -1
    outer loop
      vertex 40.09697338938713 41.108890898525715 4
      vertex 44.01280275732279 41.18018036335707 4
      vertex 40.30873053520918 40.95504032820463 4
    endloop
  endfacet
  facet normal 0 0 -1
    outer loop
      vertex 39.875 41.2475952655077 4
      vertex 44.23948164284229 41.31105346977711 4
      vertex 40.09697338938713 41.108890898525715 4
    endloop
  endfacet
  facet normal 0 0 -1
    outer loop
      vertex 40.69752424955368 40.60496889054775 4
      vertex 43.5895464643836 40.87266666442156 4
      vertex 43.39503110945225 40.69752424955368 4
    endloop
  endfacet
  facet normal 0 0 -1
    outer loop
      vertex 43.5895464643836 40.87266666442156 4
      vertex 40.50923977047205 40.78679309785366 4
      vertex 43.79580530524254 41.03381372988224 4
    endloop
  endfacet
  facet normal 0 0 -1
    outer loop
      vertex 40.30873053520918 40.95504032820463 4
      vertex 44.01280275732279 41.18018036335707 4
      vertex 43.79580530524254 41.03381372988224 4
    endloop
  endfacet
  facet normal 0 0 -1
    outer loop
      vertex 44.23948164284229 41.31105346977711 4
      vertex 44.01280275732279 41.18018036335707 4
      vertex 40.09697338938713 41.108890898525715 4
    endloop
  endfacet
  facet normal 0 0 -1
    outer loop
      vertex 44.23948164284229 41.31105346977711 4
      vertex 39.64389180392027 41.3704776763916 4
      vertex 44.47473759204149 41.42579546570778 4
    endloop
  endfacet
  facet normal 0 0 -1
    outer loop
      vertex 44.47473759204149 41.42579546570778 4
      vertex 39.64389180392027 41.3704776763916 4
      vertex 44.71742445975542 41.523847326636314 4
    endloop
  endfacet
  facet normal 0 0 -1
    outer loop
      vertex 44.71742445975542 41.523847326636314 4
      vertex 39.404774725437164 41.47693945467472 4
      vertex 44.96635991334915 41.60473135858774 4
    endloop
  endfacet
  facet normal 0 0 -1
    outer loop
      vertex 45.22033116221428 41.66805350035429 4
      vertex 44.96635991334915 41.60473135858774 4
      vertex 39.15881372988224 41.56646193563938 4
    endloop
  endfacet
  facet normal 0 0 -1
    outer loop
      vertex 2.4674244597554207 41.773847326636314 4
      vertex 2.7163599133491516 41.85473135858774 4
      vertex 122.64198173582554 41.97945711016655 4
    endloop
  endfacet
  facet normal 0 0 -1
    outer loop
      vertex 2.7163599133491516 41.85473135858774 4
      vertex 2.970331162214279 41.91805350035429 4
      vertex 122.38087311387062 41.99771559983492 4
    endloop
  endfacet
  facet normal 0 0 -1
    outer loop
      vertex 2.970331162214279 41.91805350035429 4
      vertex 3.228100873529911 41.96350526064634 4
      vertex 122.25 42 4
    endloop
  endfacet
  facet normal 0 0 -1
    outer loop
      vertex 45.22033116221428 41.66805350035429 4
      vertex 38.90720710903406 41.6386089771986 4
      vertex 45.47810087352991 41.71350526064634 4
    endloop
  endfacet
  facet normal 0 0 -1
    outer loop
      vertex 38.39198173582554 41.72945711016655 4
      vertex 45.73841322213411 41.74086518585682 4
      vertex 45.47810087352991 41.71350526064634 4
    endloop
  endfacet
  facet normal 0 0 -1
    outer loop
      vertex 46 41.75 4
      vertex 45.73841322213411 41.74086518585682 4
      vertex 38.13087311387062 41.74771559983492 4
    endloop
  endfacet
  facet normal 0 0 -1
    outer loop
      vertex 3.228100873529911 41.96350526064634 4
      vertex 3.75 42 4
      vertex 122.25 42 4
    endloop
  endfacet
  facet normal 0 0 -1
    outer loop
      vertex 2.4674244597554207 41.773847326636314 4
      vertex 122.90118066966534 41.94302907586098 4
      vertex 38 41.75 4
    endloop
  endfacet
  facet normal 0 0 1
    outer loop
      vertex 0 3.75 49
      vertex 3.0096305466556075 35.5 49
      vertex 0 38.25 49
    endloop
  endfacet
  facet normal -0.9998476949610728 0.01745241762706844 0
    outer loop
      vertex 0 38.25 4
      vertex 0 38.25 49
      vertex 0.002284400165081024 38.38087311387062 49
    endloop
  endfacet
  facet normal -0.9975640512796179 0.06975645916039604 0
    outer loop
      vertex 0.002284400165081024 38.38087311387062 4
      vertex 0.002284400165081024 38.38087311387062 49
      vertex 0.020542889833450317 38.64198173582554 49
    endloop
  endfacet
  facet normal -0.9902680688522705 0.13917310017239254 0
    outer loop
      vertex 0.020542889833450317 38.64198173582554 4
      vertex 0.020542889833450317 38.64198173582554 49
      vertex 0.05697092413902283 38.90118066966534 49
    endloop
  endfacet
  facet normal -0.9781476015002515 0.20791168721191455 0
    outer loop
      vertex 0.05697092413902283 38.90118066966534 4
      vertex 0.05697092413902283 38.90118066966534 49
      vertex 0.11139102280139923 39.15720710903406 49
    endloop
  endfacet
  facet normal -0.9612616918845164 0.2756373699542879 0
    outer loop
      vertex 0.11139102280139923 39.15720710903406 4
      vertex 0.11139102280139923 39.15720710903406 49
      vertex 0.1835380643606186 39.40881372988224 49
    endloop
  endfacet
  facet normal -0.939692621041079 0.3420201426245933 0
    outer loop
      vertex 0.1835380643606186 39.40881372988224 4
      vertex 0.1835380643606186 39.40881372988224 49
      vertex 0.27306054532527924 39.654774725437164 49
    endloop
  endfacet
  facet normal -0.913545463611597 0.40673662966921503 0
    outer loop
      vertex 0.27306054532527924 39.654774725437164 4
      vertex 0.27306054532527924 39.654774725437164 49
      vertex 0.37952232360839844 39.89389180392027 49
    endloop
  endfacet
  facet normal -0.882947587642265 0.46947157259700467 0
    outer loop
      vertex 0.37952232360839844 39.89389180392027 4
      vertex 0.37952232360839844 39.89389180392027 49
      vertex 0.5024047344923019 40.125 49
    endloop
  endfacet
  facet normal -0.8480480978483979 0.5299192615254837 0
    outer loop
      vertex 0.5024047344923019 40.125 4
      vertex 0.5024047344923019 40.125 49
      vertex 0.6411091014742851 40.34697338938713 49
    endloop
  endfacet
  facet normal -0.8090169975136929 0.5877852479723605 0
    outer loop
      vertex 0.6411091014742851 40.34697338938713 4
      vertex 0.6411091014742851 40.34697338938713 49
      vertex 0.7949596717953682 40.55873053520918 49
    endloop
  endfacet
  facet normal -0.7660444337236486 0.6427876208834568 0
    outer loop
      vertex 0.7949596717953682 40.55873053520918 4
      vertex 0.7949596717953682 40.55873053520918 49
      vertex 0.9632069021463394 40.75923977047205 49
    endloop
  endfacet
  facet normal -0.7193398015101028 0.6946583692459236 0
    outer loop
      vertex 0.9632069021463394 40.75923977047205 4
      vertex 0.9632069021463394 40.75923977047205 49
      vertex 1.1450311094522476 40.94752424955368 49
    endloop
  endfacet
  facet normal -0.669130611865031 0.743144820519614 0
    outer loop
      vertex 1.1450311094522476 40.94752424955368 4
      vertex 1.1450311094522476 40.94752424955368 49
      vertex 1.3395464643836021 41.12266666442156 49
    endloop
  endfacet
  facet normal -0.615661470005977 0.7880107577629124 0
    outer loop
      vertex 1.3395464643836021 41.12266666442156 4
      vertex 1.3395464643836021 41.12266666442156 49
      vertex 1.5458053052425385 41.28381372988224 49
    endloop
  endfacet
  facet normal -0.559192913747207 0.8290375656234815 0
    outer loop
      vertex 1.5458053052425385 41.28381372988224 4
      vertex 1.5458053052425385 41.28381372988224 49
      vertex 1.7628027573227882 41.43018036335707 49
    endloop
  endfacet
  facet normal -0.4999999737696784 0.8660254189285214 0
    outer loop
      vertex 1.7628027573227882 41.43018036335707 4
      vertex 1.7628027573227882 41.43018036335707 49
      vertex 1.9894816428422928 41.56105346977711 49
    endloop
  endfacet
  facet normal -0.4383711555919429 0.8987940420057225 0
    outer loop
      vertex 1.9894816428422928 41.56105346977711 4
      vertex 1.9894816428422928 41.56105346977711 49
      vertex 2.2247375920414925 41.67579546570778 49
    endloop
  endfacet
  facet normal -0.3746065990200918 0.9271838523025518 0
    outer loop
      vertex 2.2247375920414925 41.67579546570778 4
      vertex 2.2247375920414925 41.67579546570778 49
      vertex 2.4674244597554207 41.773847326636314 49
    endloop
  endfacet
  facet normal -0.3090169943340035 0.951056516308457 0
    outer loop
      vertex 2.4674244597554207 41.773847326636314 4
      vertex 2.4674244597554207 41.773847326636314 49
      vertex 2.7163599133491516 41.85473135858774 49
    endloop
  endfacet
  facet normal -0.2419218866341092 0.9702957285113611 0
    outer loop
      vertex 2.7163599133491516 41.85473135858774 4
      vertex 2.7163599133491516 41.85473135858774 49
      vertex 2.970331162214279 41.91805350035429 49
    endloop
  endfacet
  facet normal -0.17364819759278963 0.9848077494987412 0
    outer loop
      vertex 2.970331162214279 41.91805350035429 4
      vertex 2.970331162214279 41.91805350035429 49
      vertex 3.228100873529911 41.96350526064634 49
    endloop
  endfacet
  facet normal -0.10452844392127601 0.9945218974016594 0
    outer loop
      vertex 3.228100873529911 41.96350526064634 4
      vertex 3.228100873529911 41.96350526064634 49
      vertex 3.4884132221341133 41.99086518585682 49
    endloop
  endfacet
  facet normal -0.03489950651393371 0.9993908266764728 0
    outer loop
      vertex 3.4884132221341133 41.99086518585682 4
      vertex 3.4884132221341133 41.99086518585682 49
      vertex 3.75 42 49
    endloop
  endfacet
  facet normal 0 0 1
    outer loop
      vertex 3.0096305466556075 35.5 49
      vertex 3.0147538042926314 35.62386901676655 49
      vertex 0 38.25 49
    endloop
  endfacet
  facet normal 0 0 1
    outer loop
      vertex 3.0147538042926314 35.62386901676655 49
      vertex 3.052998195232618 36.01217083435057 49
      vertex 0 38.25 49
    endloop
  endfacet
  facet normal 0 0 1
    outer loop
      vertex 3.052998195232618 36.01217083435057 49
      vertex 3.0937745373861674 36.2565300519347 49
      vertex 0 38.25 49
    endloop
  endfacet
  facet normal 0 0 1
    outer loop
      vertex 3.0937745373861674 36.2565300519347 49
      vertex 3.2070379997100105 36.62990964843114 49
      vertex 0 38.25 49
    endloop
  endfacet
  facet normal 0 0 1
    outer loop
      vertex 3.2070379997100105 36.62990964843114 49
      vertex 3.287478409191536 36.86422455204804 49
      vertex 0 38.25 49
    endloop
  endfacet
  facet normal 0 0 1
    outer loop
      vertex 3.287478409191536 36.86422455204804 49
      vertex 3.471408291561005 37.20833315895723 49
      vertex 0 38.25 49
    endloop
  endfacet
  facet normal 0 0 1
    outer loop
      vertex 3.471408291561005 37.20833315895723 49
      vertex 3.589318564934132 37.42621226059126 49
      vertex 0 38.25 49
    endloop
  endfacet
  facet normal 0 0 1
    outer loop
      vertex 3.589318564934132 37.42621226059126 49
      vertex 3.7414824132150386 37.62171238111185 49
      vertex 0 38.25 49
    endloop
  endfacet
  facet normal 0 0 1
    outer loop
      vertex 3.7414824132150386 37.62171238111185 49
      vertex 3.9890103933997523 37.923326097648584 49
      vertex 0 38.25 49
    endloop
  endfacet
  facet normal 0 0 1
    outer loop
      vertex 0 38.25 49
      vertex 4.4728909115321756 38.33864247907937 49
      vertex 0.002284400165081024 38.38087311387062 49
    endloop
  endfacet
  facet normal 0 0 1
    outer loop
      vertex 0.002284400165081024 38.38087311387062 49
      vertex 4.680288886559737 38.474142343896034 49
      vertex 0.020542889833450317 38.64198173582554 49
    endloop
  endfacet
  facet normal 0 0 1
    outer loop
      vertex 0.020542889833450317 38.64198173582554 49
      vertex 5.251269378828205 38.75758746317966 49
      vertex 0.05697092413902283 38.90118066966534 49
    endloop
  endfacet
  facet normal 0 0 1
    outer loop
      vertex 0 38.25 49
      vertex 3.9890103933997523 37.923326097648584 49
      vertex 4.17127719499544 38.091114498894655 49
    endloop
  endfacet
  facet normal 0 0 1
    outer loop
      vertex 0 38.25 49
      vertex 4.17127719499544 38.091114498894655 49
      vertex 4.4728909115321756 38.33864247907937 49
    endloop
  endfacet
  facet normal 0 0 1
    outer loop
      vertex 0.002284400165081024 38.38087311387062 49
      vertex 4.4728909115321756 38.33864247907937 49
      vertex 4.680288886559737 38.474142343896034 49
    endloop
  endfacet
  facet normal 0 0 1
    outer loop
      vertex 0.020542889833450317 38.64198173582554 49
      vertex 4.680288886559737 38.474142343896034 49
      vertex 5.024397493468918 38.6580722262655 49
    endloop
  endfacet
  facet normal 0 0 1
    outer loop
      vertex 0.020542889833450317 38.64198173582554 49
      vertex 5.024397493468918 38.6580722262655 49
      vertex 5.251269378828205 38.75758746317966 49
    endloop
  endfacet
  facet normal 0 0 1
    outer loop
      vertex 0.05697092413902283 38.90118066966534 49
      vertex 6.253108114004135 38.96991141072278 49
      vertex 0.11139102280139923 39.15720710903406 49
    endloop
  endfacet
  facet normal 0 0 1
    outer loop
      vertex 0.05697092413902283 38.90118066966534 49
      vertex 5.251269378828205 38.75758746317966 49
      vertex 5.6246489753246465 38.870850925503504 49
    endloop
  endfacet
  facet normal 0 0 1
    outer loop
      vertex 0.05697092413902283 38.90118066966534 49
      vertex 5.6246489753246465 38.870850925503504 49
      vertex 5.864806296420113 38.93166701978279 49
    endloop
  endfacet
  facet normal 0 0 1
    outer loop
      vertex 0.05697092413902283 38.90118066966534 49
      vertex 5.864806296420113 38.93166701978279 49
      vertex 6.253108114004135 38.96991141072278 49
    endloop
  endfacet
  facet normal 0 0 1
    outer loop
      vertex 0.11139102280139923 39.15720710903406 49
      vertex 6.253108114004135 38.96991141072278 49
      vertex 6.5 38.99036945334439 49
    endloop
  endfacet
  facet normal 0 0 1
    outer loop
      vertex 3.228100873529911 41.96350526064634 49
      vertex 3.75 42 49
      vertex 3.4884132221341133 41.99086518585682 49
    endloop
  endfacet
  facet normal 0 1 0
    outer loop
      vertex 3.75 42 4
      vertex 3.75 42 49
      vertex 122.25 42 49
    endloop
  endfacet
  facet normal 0 0 1
    outer loop
      vertex 0.11139102280139923 39.15720710903406 49
      vertex 6.5 38.99036945334439 49
      vertex 125.67579546570778 39.77526240795851 49
    endloop
  endfacet
  facet normal 0 0 1
    outer loop
      vertex 0.11139102280139923 39.15720710903406 49
      vertex 125.56105346977711 40.01051835715771 49
      vertex 0.1835380643606186 39.40881372988224 49
    endloop
  endfacet
  facet normal 0 0 1
    outer loop
      vertex 0.1835380643606186 39.40881372988224 49
      vertex 125.43018036335707 40.23719724267721 49
      vertex 0.27306054532527924 39.654774725437164 49
    endloop
  endfacet
  facet normal 0 0 1
    outer loop
      vertex 0.27306054532527924 39.654774725437164 49
      vertex 125.28381372988224 40.45419469475746 49
      vertex 0.37952232360839844 39.89389180392027 49
    endloop
  endfacet
  facet normal 0 0 1
    outer loop
      vertex 0.37952232360839844 39.89389180392027 49
      vertex 125.12266666442156 40.6604535356164 49
      vertex 0.5024047344923019 40.125 49
    endloop
  endfacet
  facet normal 0 0 1
    outer loop
      vertex 0.5024047344923019 40.125 49
      vertex 124.94752424955368 40.85496889054775 49
      vertex 0.6411091014742851 40.34697338938713 49
    endloop
  endfacet
  facet normal 0 0 1
    outer loop
      vertex 0.6411091014742851 40.34697338938713 49
      vertex 124.75923977047205 41.03679309785366 49
      vertex 0.7949596717953682 40.55873053520918 49
    endloop
  endfacet
  facet normal 0 0 1
    outer loop
      vertex 0.7949596717953682 40.55873053520918 49
      vertex 124.55873053520918 41.20504032820463 49
      vertex 0.9632069021463394 40.75923977047205 49
    endloop
  endfacet
  facet normal 0 0 1
    outer loop
      vertex 0.9632069021463394 40.75923977047205 49
      vertex 124.34697338938713 41.358890898525715 49
      vertex 1.1450311094522476 40.94752424955368 49
    endloop
  endfacet
  facet normal 0 0 1
    outer loop
      vertex 1.1450311094522476 40.94752424955368 49
      vertex 124.125 41.4975952655077 49
      vertex 1.3395464643836021 41.12266666442156 49
    endloop
  endfacet
  facet normal 0 0 1
    outer loop
      vertex 1.3395464643836021 41.12266666442156 49
      vertex 123.89389180392027 41.6204776763916 49
      vertex 1.5458053052425385 41.28381372988224 49
    endloop
  endfacet
  facet normal 0 0 1
    outer loop
      vertex 1.5458053052425385 41.28381372988224 49
      vertex 123.65477472543716 41.72693945467472 49
      vertex 1.7628027573227882 41.43018036335707 49
    endloop
  endfacet
  facet normal 0 0 1
    outer loop
      vertex 1.7628027573227882 41.43018036335707 49
      vertex 123.40881372988224 41.81646193563938 49
      vertex 1.9894816428422928 41.56105346977711 49
    endloop
  endfacet
  facet normal 0 0 1
    outer loop
      vertex 1.9894816428422928 41.56105346977711 49
      vertex 123.15720710903406 41.8886089771986 49
      vertex 2.2247375920414925 41.67579546570778 49
    endloop
  endfacet
  facet normal 0 0 1
    outer loop
      vertex 2.2247375920414925 41.67579546570778 49
      vertex 122.90118066966534 41.94302907586098 49
      vertex 2.4674244597554207 41.773847326636314 49
    endloop
  endfacet
  facet normal 0 0 1
    outer loop
      vertex 2.4674244597554207 41.773847326636314 49
      vertex 122.64198173582554 41.97945711016655 49
      vertex 2.7163599133491516 41.85473135858774 49
    endloop
  endfacet
  facet normal 0 0 1
    outer loop
      vertex 2.7163599133491516 41.85473135858774 49
      vertex 122.38087311387062 41.99771559983492 49
      vertex 2.970331162214279 41.91805350035429 49
    endloop
  endfacet
  facet normal 0 0 1
    outer loop
      vertex 2.970331162214279 41.91805350035429 49
      vertex 122.25 42 49
      vertex 3.228100873529911 41.96350526064634 49
    endloop
  endfacet
  facet normal 0 0 1
    outer loop
      vertex 3.228100873529911 41.96350526064634 49
      vertex 122.25 42 49
      vertex 3.75 42 49
    endloop
  endfacet
  facet normal 0 0 -1
    outer loop
      vertex 3.0988193303346634 0.05697092413902283 4
      vertex 88 0.25 4
      vertex 123.53257554024458 0.2261526733636856 4
    endloop
  endfacet
  facet normal 0 0 -1
    outer loop
      vertex 3.75 0 4
      vertex 122.77189912647009 0.03649473935365677 4
      vertex 122.25 0 4
    endloop
  endfacet
  facet normal 0 0 -1
    outer loop
      vertex 80.52189912647009 0.28649473935365677 4
      vertex 87.60801826417446 0.2705428898334503 4
      vertex 80.26158677786589 0.25913481414318085 4
    endloop
  endfacet
  facet normal 0 0 -1
    outer loop
      vertex 80 0.25 4
      vertex 80.26158677786589 0.25913481414318085 4
      vertex 87.86912688612938 0.252284400165081 4
    endloop
  endfacet
  facet normal 0 0 -1
    outer loop
      vertex 80.77966883778572 0.33194649964571 4
      vertex 87.09279289096594 0.36139102280139923 4
      vertex 80.52189912647009 0.28649473935365677 4
    endloop
  endfacet
  facet normal 0 0 -1
    outer loop
      vertex 3.75 0 4
      vertex 123.02966883778572 0.08194649964570999 4
      vertex 122.77189912647009 0.03649473935365677 4
    endloop
  endfacet
  facet normal 0 0 -1
    outer loop
      vertex 3.6191268861293793 0.002284400165081024 4
      vertex 123.28364008665085 0.14526864141225815 4
      vertex 123.02966883778572 0.08194649964570999 4
    endloop
  endfacet
  facet normal 0 0 -1
    outer loop
      vertex 3.3580182641744614 0.020542889833450317 4
      vertex 123.53257554024458 0.2261526733636856 4
      vertex 123.28364008665085 0.14526864141225815 4
    endloop
  endfacet
  facet normal 0 0 -1
    outer loop
      vertex 80.77966883778572 0.33194649964571 4
      vertex 81.03364008665085 0.39526864141225815 4
      vertex 86.84118627011776 0.4335380643606186 4
    endloop
  endfacet
  facet normal 0 0 -1
    outer loop
      vertex 81.28257554024458 0.4761526733636856 4
      vertex 86.59522527456284 0.5230605453252792 4
      vertex 81.03364008665085 0.39526864141225815 4
    endloop
  endfacet
  facet normal 0 0 -1
    outer loop
      vertex 81.52526240795851 0.5742045342922211 4
      vertex 86.35610819607973 0.6295223236083984 4
      vertex 81.28257554024458 0.4761526733636856 4
    endloop
  endfacet
  facet normal 0 0 -1
    outer loop
      vertex 81.52526240795851 0.5742045342922211 4
      vertex 81.76051835715771 0.6889465302228928 4
      vertex 86.125 0.7524047344923019 4
    endloop
  endfacet
  facet normal 0 0 -1
    outer loop
      vertex 81.98719724267721 0.8198196366429329 4
      vertex 85.90302661061287 0.8911091014742851 4
      vertex 81.76051835715771 0.6889465302228928 4
    endloop
  endfacet
  facet normal 0 0 -1
    outer loop
      vertex 81.98719724267721 0.8198196366429329 4
      vertex 82.20419469475746 0.9661862701177597 4
      vertex 85.69126946479082 1.0449596717953682 4
    endloop
  endfacet
  facet normal 0 0 -1
    outer loop
      vertex 82.4104535356164 1.1273333355784416 4
      vertex 85.49076022952795 1.2132069021463394 4
      vertex 82.20419469475746 0.9661862701177597 4
    endloop
  endfacet
  facet normal 0 0 -1
    outer loop
      vertex 82.60496889054775 1.3024757504463196 4
      vertex 85.30247575044632 1.3950311094522476 4
      vertex 82.4104535356164 1.1273333355784416 4
    endloop
  endfacet
  facet normal 0 0 -1
    outer loop
      vertex 86.125 0.7524047344923019 4
      vertex 81.76051835715771 0.6889465302228928 4
      vertex 85.90302661061287 0.8911091014742851 4
    endloop
  endfacet
  facet normal 0 0 -1
    outer loop
      vertex 85.90302661061287 0.8911091014742851 4
      vertex 81.98719724267721 0.8198196366429329 4
      vertex 85.69126946479082 1.0449596717953682 4
    endloop
  endfacet
  facet normal 0 0 -1
    outer loop
      vertex 85.69126946479082 1.0449596717953682 4
      vertex 82.20419469475746 0.9661862701177597 4
      vertex 85.49076022952795 1.2132069021463394 4
    endloop
  endfacet
  facet normal 0 0 -1
    outer loop
      vertex 85.49076022952795 1.2132069021463394 4
      vertex 82.4104535356164 1.1273333355784416 4
      vertex 85.30247575044632 1.3950311094522476 4
    endloop
  endfacet
  facet normal 0 0 -1
    outer loop
      vertex 87.34881933033466 0.3069709241390228 4
      vertex 80.52189912647009 0.28649473935365677 4
      vertex 87.09279289096594 0.36139102280139923 4
    endloop
  endfacet
  facet normal 0 0 -1
    outer loop
      vertex 80.26158677786589 0.25913481414318085 4
      vertex 87.60801826417446 0.2705428898334503 4
      vertex 87.86912688612938 0.252284400165081 4
    endloop
  endfacet
  facet normal 0 0 -1
    outer loop
      vertex 80.52189912647009 0.28649473935365677 4
      vertex 87.34881933033466 0.3069709241390228 4
      vertex 87.60801826417446 0.2705428898334503 4
    endloop
  endfacet
  facet normal 0 0 -1
    outer loop
      vertex 86.84118627011776 0.4335380643606186 4
      vertex 81.03364008665085 0.39526864141225815 4
      vertex 86.59522527456284 0.5230605453252792 4
    endloop
  endfacet
  facet normal 0 0 -1
    outer loop
      vertex 80.77966883778572 0.33194649964571 4
      vertex 86.84118627011776 0.4335380643606186 4
      vertex 87.09279289096594 0.36139102280139923 4
    endloop
  endfacet
  facet normal 0 0 -1
    outer loop
      vertex 86.35610819607973 0.6295223236083984 4
      vertex 86.59522527456284 0.5230605453252792 4
      vertex 81.28257554024458 0.4761526733636856 4
    endloop
  endfacet
  facet normal 0 0 -1
    outer loop
      vertex 81.52526240795851 0.5742045342922211 4
      vertex 86.125 0.7524047344923019 4
      vertex 86.35610819607973 0.6295223236083984 4
    endloop
  endfacet
  facet normal 0 0 -1
    outer loop
      vertex 82.78679309785366 1.4907602295279503 4
      vertex 85.12733333557844 1.5895464643836021 4
      vertex 82.60496889054775 1.3024757504463196 4
    endloop
  endfacet
  facet normal 0 0 -1
    outer loop
      vertex 82.95504032820463 1.691269464790821 4
      vertex 84.96618627011776 1.7958053052425385 4
      vertex 82.78679309785366 1.4907602295279503 4
    endloop
  endfacet
  facet normal 0 0 -1
    outer loop
      vertex 83.10889089852571 1.9030266106128693 4
      vertex 84.81981963664293 2.0128027573227882 4
      vertex 82.95504032820463 1.691269464790821 4
    endloop
  endfacet
  facet normal 0 0 -1
    outer loop
      vertex 85.30247575044632 1.3950311094522476 4
      vertex 82.60496889054775 1.3024757504463196 4
      vertex 85.12733333557844 1.5895464643836021 4
    endloop
  endfacet
  facet normal 0 0 -1
    outer loop
      vertex 85.12733333557844 1.5895464643836021 4
      vertex 82.78679309785366 1.4907602295279503 4
      vertex 84.96618627011776 1.7958053052425385 4
    endloop
  endfacet
  facet normal 0 0 -1
    outer loop
      vertex 84.96618627011776 1.7958053052425385 4
      vertex 82.95504032820463 1.691269464790821 4
      vertex 84.81981963664293 2.0128027573227882 4
    endloop
  endfacet
  facet normal 0 0 -1
    outer loop
      vertex 83.2475952655077 2.125 4
      vertex 84.68894653022289 2.239481642842293 4
      vertex 83.10889089852571 1.9030266106128693 4
    endloop
  endfacet
  facet normal 0 0 -1
    outer loop
      vertex 84.81981963664293 2.0128027573227882 4
      vertex 83.10889089852571 1.9030266106128693 4
      vertex 84.68894653022289 2.239481642842293 4
    endloop
  endfacet
  facet normal 0 0 -1
    outer loop
      vertex 84.68894653022289 2.239481642842293 4
      vertex 83.2475952655077 2.125 4
      vertex 84.57420453429222 2.4747375920414925 4
    endloop
  endfacet
  facet normal 0 0 -1
    outer loop
      vertex 83.3704776763916 2.356108196079731 4
      vertex 84.57420453429222 2.4747375920414925 4
      vertex 83.2475952655077 2.125 4
    endloop
  endfacet
  facet normal 0 0 -1
    outer loop
      vertex 83.47693945467472 2.5952252745628357 4
      vertex 84.47615267336369 2.7174244597554207 4
      vertex 83.3704776763916 2.356108196079731 4
    endloop
  endfacet
  facet normal 0 0 -1
    outer loop
      vertex 83.3704776763916 2.356108196079731 4
      vertex 84.47615267336369 2.7174244597554207 4
      vertex 84.57420453429222 2.4747375920414925 4
    endloop
  endfacet
  facet normal 0 0 -1
    outer loop
      vertex 83.47693945467472 2.5952252745628357 4
      vertex 84.39526864141226 2.9663599133491516 4
      vertex 84.47615267336369 2.7174244597554207 4
    endloop
  endfacet
  facet normal 0 0 -1
    outer loop
      vertex 83.56646193563938 2.8411862701177597 4
      vertex 84.39526864141226 2.9663599133491516 4
      vertex 83.47693945467472 2.5952252745628357 4
    endloop
  endfacet
  facet normal 0 0 -1
    outer loop
      vertex 83.6386089771986 3.0927928909659386 4
      vertex 84.33194649964571 3.220331162214279 4
      vertex 83.56646193563938 2.8411862701177597 4
    endloop
  endfacet
  facet normal 0 0 -1
    outer loop
      vertex 83.56646193563938 2.8411862701177597 4
      vertex 84.33194649964571 3.220331162214279 4
      vertex 84.39526864141226 2.9663599133491516 4
    endloop
  endfacet
  facet normal 0 0 -1
    outer loop
      vertex 84.33194649964571 3.220331162214279 4
      vertex 83.6386089771986 3.0927928909659386 4
      vertex 84.28649473935366 3.478100873529911 4
    endloop
  endfacet
  facet normal 0 0 -1
    outer loop
      vertex 83.69302907586098 3.3488193303346634 4
      vertex 84.28649473935366 3.478100873529911 4
      vertex 83.6386089771986 3.0927928909659386 4
    endloop
  endfacet
  facet normal 0 0 -1
    outer loop
      vertex 83.72945711016655 3.6080182641744614 4
      vertex 84.25913481414318 3.7384132221341133 4
      vertex 83.69302907586098 3.3488193303346634 4
    endloop
  endfacet
  facet normal 0 0 -1
    outer loop
      vertex 84.28649473935366 3.478100873529911 4
      vertex 83.69302907586098 3.3488193303346634 4
      vertex 84.25913481414318 3.7384132221341133 4
    endloop
  endfacet
  facet normal 0 0 -1
    outer loop
      vertex 83.74771559983492 3.8691268861293793 4
      vertex 84.25 4 4
      vertex 83.72945711016655 3.6080182641744614 4
    endloop
  endfacet
  facet normal 0 0 -1
    outer loop
      vertex 84.25 4 4
      vertex 84.25913481414318 3.7384132221341133 4
      vertex 83.72945711016655 3.6080182641744614 4
    endloop
  endfacet
  facet normal 0 0 -1
    outer loop
      vertex 83.74771559983492 3.8691268861293793 4
      vertex 83.75 4 4
      vertex 84.25 4 4
    endloop
  endfacet
  facet normal 0 0 -1
    outer loop
      vertex 83.75 4 4
      vertex 84.25 38 4
      vertex 84.25 4 4
    endloop
  endfacet
  facet normal 0 0 -1
    outer loop
      vertex 123.53257554024458 0.2261526733636856 4
      vertex 88 0.25 4
      vertex 122 0.25 4
    endloop
  endfacet
  facet normal 0 0 -1
    outer loop
      vertex 122.25 0 4
      vertex 122.77189912647009 0.03649473935365677 4
      vertex 122.51158677786589 0.009134814143180847 4
    endloop
  endfacet
  facet normal 0 0 -1
    outer loop
      vertex 123.53257554024458 0.2261526733636856 4
      vertex 122 0.25 4
      vertex 122.26158677786589 0.25913481414318085 4
    endloop
  endfacet
  facet normal 0 0 -1
    outer loop
      vertex 123.53257554024458 0.2261526733636856 4
      vertex 122.26158677786589 0.25913481414318085 4
      vertex 122.52189912647009 0.28649473935365677 4
    endloop
  endfacet
  facet normal 0 0 -1
    outer loop
      vertex 123.77526240795851 0.32420453429222107 4
      vertex 122.52189912647009 0.28649473935365677 4
      vertex 122.77966883778572 0.33194649964571 4
    endloop
  endfacet
  facet normal 0 0 -1
    outer loop
      vertex 123.53257554024458 0.2261526733636856 4
      vertex 122.52189912647009 0.28649473935365677 4
      vertex 123.77526240795851 0.32420453429222107 4
    endloop
  endfacet
  facet normal 0 0 -1
    outer loop
      vertex 123.77526240795851 0.32420453429222107 4
      vertex 122.77966883778572 0.33194649964571 4
      vertex 123.03364008665085 0.39526864141225815 4
    endloop
  endfacet
  facet normal 0 0 -1
    outer loop
      vertex 124.01051835715771 0.43894653022289276 4
      vertex 123.03364008665085 0.39526864141225815 4
      vertex 123.28257554024458 0.4761526733636856 4
    endloop
  endfacet
  facet normal 0 0 -1
    outer loop
      vertex 123.77526240795851 0.32420453429222107 4
      vertex 123.03364008665085 0.39526864141225815 4
      vertex 124.01051835715771 0.43894653022289276 4
    endloop
  endfacet
  facet normal 0 0 -1
    outer loop
      vertex 124.23719724267721 0.5698196366429329 4
      vertex 123.28257554024458 0.4761526733636856 4
      vertex 123.52526240795851 0.5742045342922211 4
    endloop
  endfacet
  facet normal 0 0 -1
    outer loop
      vertex 124.01051835715771 0.43894653022289276 4
      vertex 123.28257554024458 0.4761526733636856 4
      vertex 124.23719724267721 0.5698196366429329 4
    endloop
  endfacet
  facet normal 0 0 -1
    outer loop
      vertex 124.23719724267721 0.5698196366429329 4
      vertex 123.52526240795851 0.5742045342922211 4
      vertex 123.76051835715771 0.6889465302228928 4
    endloop
  endfacet
  facet normal 0 0 -1
    outer loop
      vertex 124.23719724267721 0.5698196366429329 4
      vertex 123.76051835715771 0.6889465302228928 4
      vertex 124.45419469475746 0.7161862701177597 4
    endloop
  endfacet
  facet normal 0 0 -1
    outer loop
      vertex 124.45419469475746 0.7161862701177597 4
      vertex 123.76051835715771 0.6889465302228928 4
      vertex 123.98719724267721 0.8198196366429329 4
    endloop
  endfacet
  facet normal 0 0 -1
    outer loop
      vertex 124.45419469475746 0.7161862701177597 4
      vertex 123.98719724267721 0.8198196366429329 4
      vertex 124.6604535356164 0.8773333355784416 4
    endloop
  endfacet
  facet normal 0 0 -1
    outer loop
      vertex 124.6604535356164 0.8773333355784416 4
      vertex 123.98719724267721 0.8198196366429329 4
      vertex 124.20419469475746 0.9661862701177597 4
    endloop
  endfacet
  facet normal 0 0 -1
    outer loop
      vertex 124.6604535356164 0.8773333355784416 4
      vertex 124.20419469475746 0.9661862701177597 4
      vertex 124.85496889054775 1.0524757504463196 4
    endloop
  endfacet
  facet normal 0 0 -1
    outer loop
      vertex 124.85496889054775 1.0524757504463196 4
      vertex 124.20419469475746 0.9661862701177597 4
      vertex 124.4104535356164 1.1273333355784416 4
    endloop
  endfacet
  facet normal 0 0 -1
    outer loop
      vertex 124.85496889054775 1.0524757504463196 4
      vertex 124.4104535356164 1.1273333355784416 4
      vertex 125.03679309785366 1.2407602295279503 4
    endloop
  endfacet
  facet normal 0 0 -1
    outer loop
      vertex 125.03679309785366 1.2407602295279503 4
      vertex 124.4104535356164 1.1273333355784416 4
      vertex 124.60496889054775 1.3024757504463196 4
    endloop
  endfacet
  facet normal 0 0 -1
    outer loop
      vertex 125.03679309785366 1.2407602295279503 4
      vertex 124.60496889054775 1.3024757504463196 4
      vertex 125.20504032820463 1.441269464790821 4
    endloop
  endfacet
  facet normal 0 0 -1
    outer loop
      vertex 125.20504032820463 1.441269464790821 4
      vertex 124.60496889054775 1.3024757504463196 4
      vertex 124.78679309785366 1.4907602295279503 4
    endloop
  endfacet
  facet normal 0 0 -1
    outer loop
      vertex 125.20504032820463 1.441269464790821 4
      vertex 124.78679309785366 1.4907602295279503 4
      vertex 125.35889089852571 1.6530266106128693 4
    endloop
  endfacet
  facet normal 0 0 -1
    outer loop
      vertex 125.35889089852571 1.6530266106128693 4
      vertex 124.78679309785366 1.4907602295279503 4
      vertex 124.95504032820463 1.691269464790821 4
    endloop
  endfacet
  facet normal 0 0 -1
    outer loop
      vertex 125.35889089852571 1.6530266106128693 4
      vertex 124.95504032820463 1.691269464790821 4
      vertex 125.4975952655077 1.875 4
    endloop
  endfacet
  facet normal 0 0 -1
    outer loop
      vertex 125.4975952655077 1.875 4
      vertex 124.95504032820463 1.691269464790821 4
      vertex 125.10889089852571 1.9030266106128693 4
    endloop
  endfacet
  facet normal 0 0 -1
    outer loop
      vertex 125.4975952655077 1.875 4
      vertex 125.10889089852571 1.9030266106128693 4
      vertex 125.6204776763916 2.106108196079731 4
    endloop
  endfacet
  facet normal 0 0 -1
    outer loop
      vertex 125.6204776763916 2.106108196079731 4
      vertex 125.10889089852571 1.9030266106128693 4
      vertex 125.2475952655077 2.125 4
    endloop
  endfacet
  facet normal 0 0 -1
    outer loop
      vertex 125.72693945467472 2.3452252745628357 4
      vertex 125.2475952655077 2.125 4
      vertex 125.3704776763916 2.356108196079731 4
    endloop
  endfacet
  facet normal 0 0 -1
    outer loop
      vertex 125.6204776763916 2.106108196079731 4
      vertex 125.2475952655077 2.125 4
      vertex 125.72693945467472 2.3452252745628357 4
    endloop
  endfacet
  facet normal 0 0 -1
    outer loop
      vertex 125.72693945467472 2.3452252745628357 4
      vertex 125.3704776763916 2.356108196079731 4
      vertex 125.81646193563938 2.5911862701177597 4
    endloop
  endfacet
  facet normal 0 0 -1
    outer loop
      vertex 125.81646193563938 2.5911862701177597 4
      vertex 125.3704776763916 2.356108196079731 4
      vertex 125.47693945467472 2.5952252745628357 4
    endloop
  endfacet
  facet normal 0 0 -1
    outer loop
      vertex 125.81646193563938 2.5911862701177597 4
      vertex 125.47693945467472 2.5952252745628357 4
      vertex 125.8886089771986 2.8427928909659386 4
    endloop
  endfacet
  facet normal 0 0 -1
    outer loop
      vertex 125.8886089771986 2.8427928909659386 4
      vertex 125.47693945467472 2.5952252745628357 4
      vertex 125.56646193563938 2.8411862701177597 4
    endloop
  endfacet
  facet normal 0 0 -1
    outer loop
      vertex 125.8886089771986 2.8427928909659386 4
      vertex 125.56646193563938 2.8411862701177597 4
      vertex 125.6386089771986 3.0927928909659386 4
    endloop
  endfacet
  facet normal 0 0 -1
    outer loop
      vertex 125.8886089771986 2.8427928909659386 4
      vertex 125.6386089771986 3.0927928909659386 4
      vertex 125.94302907586098 3.0988193303346634 4
    endloop
  endfacet
  facet normal 0 0 -1
    outer loop
      vertex 125.94302907586098 3.0988193303346634 4
      vertex 125.6386089771986 3.0927928909659386 4
      vertex 125.69302907586098 3.3488193303346634 4
    endloop
  endfacet
  facet normal 0 0 -1
    outer loop
      vertex 125.94302907586098 3.0988193303346634 4
      vertex 125.69302907586098 3.3488193303346634 4
      vertex 125.97945711016655 3.3580182641744614 4
    endloop
  endfacet
  facet normal 0 0 -1
    outer loop
      vertex 125.97945711016655 3.3580182641744614 4
      vertex 125.69302907586098 3.3488193303346634 4
      vertex 125.72945711016655 3.6080182641744614 4
    endloop
  endfacet
  facet normal 0 0 -1
    outer loop
      vertex 125.97945711016655 3.3580182641744614 4
      vertex 125.72945711016655 3.6080182641744614 4
      vertex 125.99771559983492 3.6191268861293793 4
    endloop
  endfacet
  facet normal 0 0 -1
    outer loop
      vertex 125.99771559983492 3.6191268861293793 4
      vertex 125.72945711016655 3.6080182641744614 4
      vertex 126 3.75 4
    endloop
  endfacet
  facet normal 0 0 -1
    outer loop
      vertex 126 3.75 4
      vertex 125.72945711016655 3.6080182641744614 4
      vertex 125.74771559983492 3.8691268861293793 4
    endloop
  endfacet
  facet normal 0 0 -1
    outer loop
      vertex 126 3.75 4
      vertex 125.74771559983492 3.8691268861293793 4
      vertex 125.75 4 4
    endloop
  endfacet
  facet normal 0.03489950651393371 -0.9993908266764728 0
    outer loop
      vertex 122.25 0 4
      vertex 122.51158677786589 0.009134814143180847 4
      vertex 122.25 0 49
    endloop
  endfacet
  facet normal 0.10452844392127601 -0.9945218974016594 0
    outer loop
      vertex 122.51158677786589 0.009134814143180847 4
      vertex 122.77189912647009 0.03649473935365677 4
      vertex 122.51158677786589 0.009134814143180847 49
    endloop
  endfacet
  facet normal 0.17364819759278963 -0.9848077494987412 0
    outer loop
      vertex 122.77189912647009 0.03649473935365677 4
      vertex 123.02966883778572 0.08194649964570999 4
      vertex 122.77189912647009 0.03649473935365677 49
    endloop
  endfacet
  facet normal 0.2419218866341092 -0.9702957285113611 0
    outer loop
      vertex 123.02966883778572 0.08194649964570999 4
      vertex 123.28364008665085 0.14526864141225815 4
      vertex 123.02966883778572 0.08194649964570999 49
    endloop
  endfacet
  facet normal 0.3090169943340035 -0.951056516308457 0
    outer loop
      vertex 123.28364008665085 0.14526864141225815 4
      vertex 123.53257554024458 0.2261526733636856 4
      vertex 123.28364008665085 0.14526864141225815 49
    endloop
  endfacet
  facet normal 0.3746065990200918 -0.9271838523025518 0
    outer loop
      vertex 123.53257554024458 0.2261526733636856 4
      vertex 123.77526240795851 0.32420453429222107 4
      vertex 123.53257554024458 0.2261526733636856 49
    endloop
  endfacet
  facet normal 0.4383711555919429 -0.8987940420057225 0
    outer loop
      vertex 123.77526240795851 0.32420453429222107 4
      vertex 124.01051835715771 0.43894653022289276 4
      vertex 123.77526240795851 0.32420453429222107 49
    endloop
  endfacet
  facet normal 0.4999999737696784 -0.8660254189285214 0
    outer loop
      vertex 124.01051835715771 0.43894653022289276 4
      vertex 124.23719724267721 0.5698196366429329 4
      vertex 124.01051835715771 0.43894653022289276 49
    endloop
  endfacet
  facet normal 0.559192913747207 -0.8290375656234815 0
    outer loop
      vertex 124.23719724267721 0.5698196366429329 4
      vertex 124.45419469475746 0.7161862701177597 4
      vertex 124.23719724267721 0.5698196366429329 49
    endloop
  endfacet
  facet normal 0.615661470005977 -0.7880107577629124 0
    outer loop
      vertex 124.45419469475746 0.7161862701177597 4
      vertex 124.6604535356164 0.8773333355784416 4
      vertex 124.45419469475746 0.7161862701177597 49
    endloop
  endfacet
  facet normal 0.669130611865031 -0.743144820519614 0
    outer loop
      vertex 124.6604535356164 0.8773333355784416 4
      vertex 124.85496889054775 1.0524757504463196 4
      vertex 124.6604535356164 0.8773333355784416 49
    endloop
  endfacet
  facet normal 0.7193398015101028 -0.6946583692459236 0
    outer loop
      vertex 124.85496889054775 1.0524757504463196 4
      vertex 125.03679309785366 1.2407602295279503 4
      vertex 124.85496889054775 1.0524757504463196 49
    endloop
  endfacet
  facet normal 0.7660444337236486 -0.6427876208834568 0
    outer loop
      vertex 125.03679309785366 1.2407602295279503 4
      vertex 125.20504032820463 1.441269464790821 4
      vertex 125.03679309785366 1.2407602295279503 49
    endloop
  endfacet
  facet normal 0.8090169975136929 -0.5877852479723605 0
    outer loop
      vertex 125.20504032820463 1.441269464790821 4
      vertex 125.35889089852571 1.6530266106128693 4
      vertex 125.20504032820463 1.441269464790821 49
    endloop
  endfacet
  facet normal 0.8480480978483979 -0.5299192615254837 0
    outer loop
      vertex 125.35889089852571 1.6530266106128693 4
      vertex 125.4975952655077 1.875 4
      vertex 125.35889089852571 1.6530266106128693 49
    endloop
  endfacet
  facet normal 0.882947587642265 -0.46947157259700467 0
    outer loop
      vertex 125.4975952655077 1.875 4
      vertex 125.6204776763916 2.106108196079731 4
      vertex 125.4975952655077 1.875 49
    endloop
  endfacet
  facet normal 0.913545463611597 -0.40673662966921503 0
    outer loop
      vertex 125.6204776763916 2.106108196079731 4
      vertex 125.72693945467472 2.3452252745628357 4
      vertex 125.6204776763916 2.106108196079731 49
    endloop
  endfacet
  facet normal 0.939692621041079 -0.3420201426245933 0
    outer loop
      vertex 125.72693945467472 2.3452252745628357 4
      vertex 125.81646193563938 2.5911862701177597 4
      vertex 125.72693945467472 2.3452252745628357 49
    endloop
  endfacet
  facet normal 0.9612616918845164 -0.2756373699542879 0
    outer loop
      vertex 125.81646193563938 2.5911862701177597 4
      vertex 125.8886089771986 2.8427928909659386 4
      vertex 125.81646193563938 2.5911862701177597 49
    endloop
  endfacet
  facet normal 0.9781476015002515 -0.20791168721191455 0
    outer loop
      vertex 125.8886089771986 2.8427928909659386 4
      vertex 125.94302907586098 3.0988193303346634 4
      vertex 125.8886089771986 2.8427928909659386 49
    endloop
  endfacet
  facet normal 0.9902680688522705 -0.13917310017239254 0
    outer loop
      vertex 125.94302907586098 3.0988193303346634 4
      vertex 125.97945711016655 3.3580182641744614 4
      vertex 125.94302907586098 3.0988193303346634 49
    endloop
  endfacet
  facet normal 0.9975640512796179 -0.06975645916039604 0
    outer loop
      vertex 125.97945711016655 3.3580182641744614 4
      vertex 125.99771559983492 3.6191268861293793 4
      vertex 125.97945711016655 3.3580182641744614 49
    endloop
  endfacet
  facet normal 0.9998476949610728 -0.01745241762706844 0
    outer loop
      vertex 125.99771559983492 3.6191268861293793 4
      vertex 126 3.75 4
      vertex 125.99771559983492 3.6191268861293793 49
    endloop
  endfacet
  facet normal 0 0 -1
    outer loop
      vertex 126 3.75 4
      vertex 125.75 4 4
      vertex 126 38.25 4
    endloop
  endfacet
  facet normal 1 0 0
    outer loop
      vertex 126 3.75 4
      vertex 126 38.25 4
      vertex 126 3.75 49
    endloop
  endfacet
  facet normal 0 -1 0
    outer loop
      vertex 3.75 0 49
      vertex 122.25 0 4
      vertex 122.25 0 49
    endloop
  endfacet
  facet normal 0 0 1
    outer loop
      vertex 3.75 0 49
      vertex 122.25 0 49
      vertex 122.77189912647009 0.03649473935365677 49
    endloop
  endfacet
  facet normal 0 0 1
    outer loop
      vertex 3.75 0 49
      vertex 122.77189912647009 0.03649473935365677 49
      vertex 123.02966883778572 0.08194649964570999 49
    endloop
  endfacet
  facet normal 0 0 1
    outer loop
      vertex 3.6191268861293793 0.002284400165081024 49
      vertex 123.02966883778572 0.08194649964570999 49
      vertex 123.28364008665085 0.14526864141225815 49
    endloop
  endfacet
  facet normal 0 0 1
    outer loop
      vertex 3.3580182641744614 0.020542889833450317 49
      vertex 123.28364008665085 0.14526864141225815 49
      vertex 123.53257554024458 0.2261526733636856 49
    endloop
  endfacet
  facet normal 0 0 1
    outer loop
      vertex 3.0988193303346634 0.05697092413902283 49
      vertex 123.53257554024458 0.2261526733636856 49
      vertex 123.77526240795851 0.32420453429222107 49
    endloop
  endfacet
  facet normal 0 0 1
    outer loop
      vertex 2.8427928909659386 0.11139102280139923 49
      vertex 123.77526240795851 0.32420453429222107 49
      vertex 124.01051835715771 0.43894653022289276 49
    endloop
  endfacet
  facet normal 0 0 1
    outer loop
      vertex 2.5911862701177597 0.1835380643606186 49
      vertex 124.01051835715771 0.43894653022289276 49
      vertex 124.23719724267721 0.5698196366429329 49
    endloop
  endfacet
  facet normal 0 0 1
    outer loop
      vertex 2.3452252745628357 0.27306054532527924 49
      vertex 124.23719724267721 0.5698196366429329 49
      vertex 124.45419469475746 0.7161862701177597 49
    endloop
  endfacet
  facet normal 0 0 1
    outer loop
      vertex 2.106108196079731 0.37952232360839844 49
      vertex 124.45419469475746 0.7161862701177597 49
      vertex 124.6604535356164 0.8773333355784416 49
    endloop
  endfacet
  facet normal 0 0 1
    outer loop
      vertex 1.875 0.5024047344923019 49
      vertex 124.6604535356164 0.8773333355784416 49
      vertex 124.85496889054775 1.0524757504463196 49
    endloop
  endfacet
  facet normal 0 0 1
    outer loop
      vertex 1.6530266106128693 0.6411091014742851 49
      vertex 124.85496889054775 1.0524757504463196 49
      vertex 125.03679309785366 1.2407602295279503 49
    endloop
  endfacet
  facet normal 0 0 1
    outer loop
      vertex 1.441269464790821 0.7949596717953682 49
      vertex 125.03679309785366 1.2407602295279503 49
      vertex 125.20504032820463 1.441269464790821 49
    endloop
  endfacet
  facet normal 0 0 1
    outer loop
      vertex 1.2407602295279503 0.9632069021463394 49
      vertex 125.20504032820463 1.441269464790821 49
      vertex 125.35889089852571 1.6530266106128693 49
    endloop
  endfacet
  facet normal 0 0 1
    outer loop
      vertex 1.0524757504463196 1.1450311094522476 49
      vertex 125.35889089852571 1.6530266106128693 49
      vertex 125.4975952655077 1.875 49
    endloop
  endfacet
  facet normal 0 0 1
    outer loop
      vertex 0.8773333355784416 1.3395464643836021 49
      vertex 125.4975952655077 1.875 49
      vertex 125.6204776763916 2.106108196079731 49
    endloop
  endfacet
  facet normal 0 0 1
    outer loop
      vertex 0.7161862701177597 1.5458053052425385 49
      vertex 125.6204776763916 2.106108196079731 49
      vertex 125.72693945467472 2.3452252745628357 49
    endloop
  endfacet
  facet normal 0 0 1
    outer loop
      vertex 0.5698196366429329 1.7628027573227882 49
      vertex 125.72693945467472 2.3452252745628357 49
      vertex 125.81646193563938 2.5911862701177597 49
    endloop
  endfacet
  facet normal 0 0 1
    outer loop
      vertex 0.43894653022289276 1.9894816428422928 49
      vertex 125.81646193563938 2.5911862701177597 49
      vertex 125.8886089771986 2.8427928909659386 49
    endloop
  endfacet
  facet normal 0 0 1
    outer loop
      vertex 0.32420453429222107 2.2247375920414925 49
      vertex 125.8886089771986 2.8427928909659386 49
      vertex 119.5 3.0096305466556075 49
    endloop
  endfacet
  facet normal 0.03489950651393371 -0.9993908266764728 0
    outer loop
      vertex 122.51158677786589 0.009134814143180847 4
      vertex 122.51158677786589 0.009134814143180847 49
      vertex 122.25 0 49
    endloop
  endfacet
  facet normal 0.10452844392127601 -0.9945218974016594 0
    outer loop
      vertex 122.77189912647009 0.03649473935365677 4
      vertex 122.77189912647009 0.03649473935365677 49
      vertex 122.51158677786589 0.009134814143180847 49
    endloop
  endfacet
  facet normal 0.17364819759278963 -0.9848077494987412 0
    outer loop
      vertex 123.02966883778572 0.08194649964570999 4
      vertex 123.02966883778572 0.08194649964570999 49
      vertex 122.77189912647009 0.03649473935365677 49
    endloop
  endfacet
  facet normal 0.2419218866341092 -0.9702957285113611 0
    outer loop
      vertex 123.28364008665085 0.14526864141225815 4
      vertex 123.28364008665085 0.14526864141225815 49
      vertex 123.02966883778572 0.08194649964570999 49
    endloop
  endfacet
  facet normal 0.3090169943340035 -0.951056516308457 0
    outer loop
      vertex 123.53257554024458 0.2261526733636856 4
      vertex 123.53257554024458 0.2261526733636856 49
      vertex 123.28364008665085 0.14526864141225815 49
    endloop
  endfacet
  facet normal 0.3746065990200918 -0.9271838523025518 0
    outer loop
      vertex 123.77526240795851 0.32420453429222107 4
      vertex 123.77526240795851 0.32420453429222107 49
      vertex 123.53257554024458 0.2261526733636856 49
    endloop
  endfacet
  facet normal 0.4383711555919429 -0.8987940420057225 0
    outer loop
      vertex 124.01051835715771 0.43894653022289276 4
      vertex 124.01051835715771 0.43894653022289276 49
      vertex 123.77526240795851 0.32420453429222107 49
    endloop
  endfacet
  facet normal 0.4999999737696784 -0.8660254189285214 0
    outer loop
      vertex 124.23719724267721 0.5698196366429329 4
      vertex 124.23719724267721 0.5698196366429329 49
      vertex 124.01051835715771 0.43894653022289276 49
    endloop
  endfacet
  facet normal 0.559192913747207 -0.8290375656234815 0
    outer loop
      vertex 124.45419469475746 0.7161862701177597 4
      vertex 124.45419469475746 0.7161862701177597 49
      vertex 124.23719724267721 0.5698196366429329 49
    endloop
  endfacet
  facet normal 0.615661470005977 -0.7880107577629124 0
    outer loop
      vertex 124.6604535356164 0.8773333355784416 4
      vertex 124.6604535356164 0.8773333355784416 49
      vertex 124.45419469475746 0.7161862701177597 49
    endloop
  endfacet
  facet normal 0.669130611865031 -0.743144820519614 0
    outer loop
      vertex 124.85496889054775 1.0524757504463196 4
      vertex 124.85496889054775 1.0524757504463196 49
      vertex 124.6604535356164 0.8773333355784416 49
    endloop
  endfacet
  facet normal 0.7193398015101028 -0.6946583692459236 0
    outer loop
      vertex 125.03679309785366 1.2407602295279503 4
      vertex 125.03679309785366 1.2407602295279503 49
      vertex 124.85496889054775 1.0524757504463196 49
    endloop
  endfacet
  facet normal 0.7660444337236486 -0.6427876208834568 0
    outer loop
      vertex 125.20504032820463 1.441269464790821 4
      vertex 125.20504032820463 1.441269464790821 49
      vertex 125.03679309785366 1.2407602295279503 49
    endloop
  endfacet
  facet normal 0.8090169975136929 -0.5877852479723605 0
    outer loop
      vertex 125.35889089852571 1.6530266106128693 4
      vertex 125.35889089852571 1.6530266106128693 49
      vertex 125.20504032820463 1.441269464790821 49
    endloop
  endfacet
  facet normal 0.8480480978483979 -0.5299192615254837 0
    outer loop
      vertex 125.4975952655077 1.875 4
      vertex 125.4975952655077 1.875 49
      vertex 125.35889089852571 1.6530266106128693 49
    endloop
  endfacet
  facet normal 0.882947587642265 -0.46947157259700467 0
    outer loop
      vertex 125.6204776763916 2.106108196079731 4
      vertex 125.6204776763916 2.106108196079731 49
      vertex 125.4975952655077 1.875 49
    endloop
  endfacet
  facet normal 0.913545463611597 -0.40673662966921503 0
    outer loop
      vertex 125.72693945467472 2.3452252745628357 4
      vertex 125.72693945467472 2.3452252745628357 49
      vertex 125.6204776763916 2.106108196079731 49
    endloop
  endfacet
  facet normal 0.939692621041079 -0.3420201426245933 0
    outer loop
      vertex 125.81646193563938 2.5911862701177597 4
      vertex 125.81646193563938 2.5911862701177597 49
      vertex 125.72693945467472 2.3452252745628357 49
    endloop
  endfacet
  facet normal 0.9612616918845164 -0.2756373699542879 0
    outer loop
      vertex 125.8886089771986 2.8427928909659386 4
      vertex 125.8886089771986 2.8427928909659386 49
      vertex 125.81646193563938 2.5911862701177597 49
    endloop
  endfacet
  facet normal 0.9781476015002515 -0.20791168721191455 0
    outer loop
      vertex 125.94302907586098 3.0988193303346634 4
      vertex 125.94302907586098 3.0988193303346634 49
      vertex 125.8886089771986 2.8427928909659386 49
    endloop
  endfacet
  facet normal 0.9902680688522705 -0.13917310017239254 0
    outer loop
      vertex 125.97945711016655 3.3580182641744614 4
      vertex 125.97945711016655 3.3580182641744614 49
      vertex 125.94302907586098 3.0988193303346634 49
    endloop
  endfacet
  facet normal 0.9975640512796179 -0.06975645916039604 0
    outer loop
      vertex 125.99771559983492 3.6191268861293793 4
      vertex 125.99771559983492 3.6191268861293793 49
      vertex 125.97945711016655 3.3580182641744614 49
    endloop
  endfacet
  facet normal 0.9998476949610728 -0.01745241762706844 0
    outer loop
      vertex 126 3.75 4
      vertex 126 3.75 49
      vertex 125.99771559983492 3.6191268861293793 49
    endloop
  endfacet
  facet normal 0 0 1
    outer loop
      vertex 122.25 0 49
      vertex 122.51158677786589 0.009134814143180847 49
      vertex 122.77189912647009 0.03649473935365677 49
    endloop
  endfacet
  facet normal 0 0 1
    outer loop
      vertex 119.5 3.0096305466556075 49
      vertex 125.8886089771986 2.8427928909659386 49
      vertex 119.74689188599586 3.03008858927722 49
    endloop
  endfacet
  facet normal 0 0 1
    outer loop
      vertex 119.74689188599586 3.03008858927722 49
      vertex 125.94302907586098 3.0988193303346634 49
      vertex 120.13519370357989 3.068332980217207 49
    endloop
  endfacet
  facet normal 0 0 1
    outer loop
      vertex 120.13519370357989 3.068332980217207 49
      vertex 125.94302907586098 3.0988193303346634 49
      vertex 120.37535102467535 3.129149074496496 49
    endloop
  endfacet
  facet normal 0 0 1
    outer loop
      vertex 120.37535102467535 3.129149074496496 49
      vertex 125.94302907586098 3.0988193303346634 49
      vertex 120.7487306211718 3.242412536820339 49
    endloop
  endfacet
  facet normal 0 0 1
    outer loop
      vertex 119.74689188599586 3.03008858927722 49
      vertex 125.8886089771986 2.8427928909659386 49
      vertex 125.94302907586098 3.0988193303346634 49
    endloop
  endfacet
  facet normal 0 0 1
    outer loop
      vertex 120.7487306211718 3.242412536820339 49
      vertex 125.97945711016655 3.3580182641744614 49
      vertex 120.97560250653109 3.341927773734497 49
    endloop
  endfacet
  facet normal 0 0 1
    outer loop
      vertex 120.97560250653109 3.341927773734497 49
      vertex 125.97945711016655 3.3580182641744614 49
      vertex 121.31971111344026 3.525857656103966 49
    endloop
  endfacet
  facet normal 0 0 1
    outer loop
      vertex 121.31971111344026 3.525857656103966 49
      vertex 125.99771559983492 3.6191268861293793 49
      vertex 121.52710908846782 3.6613575209206317 49
    endloop
  endfacet
  facet normal 0 0 1
    outer loop
      vertex 121.52710908846782 3.6613575209206317 49
      vertex 126 3.75 49
      vertex 121.82872280500456 3.908885501105342 49
    endloop
  endfacet
  facet normal 0 0 1
    outer loop
      vertex 121.82872280500456 3.908885501105342 49
      vertex 126 3.75 49
      vertex 122.01098960660025 4.076673902351413 49
    endloop
  endfacet
  facet normal 0 0 1
    outer loop
      vertex 120.7487306211718 3.242412536820339 49
      vertex 125.94302907586098 3.0988193303346634 49
      vertex 125.97945711016655 3.3580182641744614 49
    endloop
  endfacet
  facet normal 0 0 1
    outer loop
      vertex 121.31971111344026 3.525857656103966 49
      vertex 125.97945711016655 3.3580182641744614 49
      vertex 125.99771559983492 3.6191268861293793 49
    endloop
  endfacet
  facet normal 0 0 1
    outer loop
      vertex 121.52710908846782 3.6613575209206317 49
      vertex 125.99771559983492 3.6191268861293793 49
      vertex 126 3.75 49
    endloop
  endfacet
  facet normal 0 0 1
    outer loop
      vertex 122.01098960660025 4.076673902351413 49
      vertex 126 3.75 49
      vertex 122.25851758678496 4.378287618888152 49
    endloop
  endfacet
  facet normal 0 0 1
    outer loop
      vertex 126 3.75 49
      vertex 122.41068143506587 4.573787739408743 49
      vertex 122.25851758678496 4.378287618888152 49
    endloop
  endfacet
  facet normal 0 0 1
    outer loop
      vertex 126 3.75 49
      vertex 122.528591708439 4.791666841042769 49
      vertex 122.41068143506587 4.573787739408743 49
    endloop
  endfacet
  facet normal 0 0 1
    outer loop
      vertex 126 3.75 49
      vertex 122.71252159080846 5.1357754479519535 49
      vertex 122.528591708439 4.791666841042769 49
    endloop
  endfacet
  facet normal 0 0 1
    outer loop
      vertex 126 3.75 49
      vertex 122.79296200028999 5.370090351568859 49
      vertex 122.71252159080846 5.1357754479519535 49
    endloop
  endfacet
  facet normal 0 0 1
    outer loop
      vertex 126 3.75 49
      vertex 122.90622546261383 5.743469948065297 49
      vertex 122.79296200028999 5.370090351568859 49
    endloop
  endfacet
  facet normal 0 0 1
    outer loop
      vertex 126 3.75 49
      vertex 122.94700180476738 5.98782916564943 49
      vertex 122.90622546261383 5.743469948065297 49
    endloop
  endfacet
  facet normal 0 0 1
    outer loop
      vertex 126 3.75 49
      vertex 122.98524619570736 6.376130983233452 49
      vertex 122.94700180476738 5.98782916564943 49
    endloop
  endfacet
  facet normal 0 0 1
    outer loop
      vertex 126 3.75 49
      vertex 122.99036945334439 6.5 49
      vertex 122.98524619570736 6.376130983233452 49
    endloop
  endfacet
  facet normal 0 0 1
    outer loop
      vertex 126 3.75 49
      vertex 126 38.25 49
      vertex 122.99036945334439 6.5 49
    endloop
  endfacet
  facet normal 0 0 -1
    outer loop
      vertex 83.75 4 4
      vertex 83.75 38 4
      vertex 84.25 38 4
    endloop
  endfacet
  facet normal 0 0 -1
    outer loop
      vertex 122.90118066966534 41.94302907586098 4
      vertex 38.13087311387062 41.74771559983492 4
      vertex 38 41.75 4
    endloop
  endfacet
  facet normal 0 0 -1
    outer loop
      vertex 123.15720710903406 41.8886089771986 4
      vertex 46 41.75 4
      vertex 38.13087311387062 41.74771559983492 4
    endloop
  endfacet
  facet normal 0 0 -1
    outer loop
      vertex 83.75 38 4
      vertex 84.25228440016508 38.13087311387062 4
      vertex 84.25 38 4
    endloop
  endfacet
  facet normal 0 0 -1
    outer loop
      vertex 83.75 38 4
      vertex 83.74086518585682 38.26158677786589 4
      vertex 84.27054288983345 38.39198173582554 4
    endloop
  endfacet
  facet normal 0 0 -1
    outer loop
      vertex 83.75 38 4
      vertex 84.27054288983345 38.39198173582554 4
      vertex 84.25228440016508 38.13087311387062 4
    endloop
  endfacet
  facet normal 0 0 -1
    outer loop
      vertex 83.71350526064634 38.52189912647009 4
      vertex 84.27054288983345 38.39198173582554 4
      vertex 83.74086518585682 38.26158677786589 4
    endloop
  endfacet
  facet normal 0 0 -1
    outer loop
      vertex 83.71350526064634 38.52189912647009 4
      vertex 84.30697092413902 38.65118066966534 4
      vertex 84.27054288983345 38.39198173582554 4
    endloop
  endfacet
  facet normal 0 0 -1
    outer loop
      vertex 84.30697092413902 38.65118066966534 4
      vertex 83.71350526064634 38.52189912647009 4
      vertex 84.3613910228014 38.90720710903406 4
    endloop
  endfacet
  facet normal 0 0 -1
    outer loop
      vertex 83.66805350035429 38.77966883778572 4
      vertex 84.3613910228014 38.90720710903406 4
      vertex 83.71350526064634 38.52189912647009 4
    endloop
  endfacet
  facet normal 0 0 -1
    outer loop
      vertex 84.43353806436062 39.15881372988224 4
      vertex 83.66805350035429 38.77966883778572 4
      vertex 83.60473135858774 39.03364008665085 4
    endloop
  endfacet
  facet normal 0 0 -1
    outer loop
      vertex 83.66805350035429 38.77966883778572 4
      vertex 84.43353806436062 39.15881372988224 4
      vertex 84.3613910228014 38.90720710903406 4
    endloop
  endfacet
  facet normal 0 0 -1
    outer loop
      vertex 83.52384732663631 39.28257554024458 4
      vertex 84.52306054532528 39.404774725437164 4
      vertex 83.60473135858774 39.03364008665085 4
    endloop
  endfacet
  facet normal 0 0 -1
    outer loop
      vertex 83.60473135858774 39.03364008665085 4
      vertex 84.52306054532528 39.404774725437164 4
      vertex 84.43353806436062 39.15881372988224 4
    endloop
  endfacet
  facet normal 0 0 -1
    outer loop
      vertex 2.4674244597554207 41.773847326636314 4
      vertex 122.64198173582554 41.97945711016655 4
      vertex 122.90118066966534 41.94302907586098 4
    endloop
  endfacet
  facet normal 0 0 -1
    outer loop
      vertex 2.970331162214279 41.91805350035429 4
      vertex 122.25 42 4
      vertex 122.38087311387062 41.99771559983492 4
    endloop
  endfacet
  facet normal 0 0 -1
    outer loop
      vertex 2.7163599133491516 41.85473135858774 4
      vertex 122.38087311387062 41.99771559983492 4
      vertex 122.64198173582554 41.97945711016655 4
    endloop
  endfacet
  facet normal 0 0 -1
    outer loop
      vertex 83.42579546570778 39.52526240795851 4
      vertex 84.6295223236084 39.64389180392027 4
      vertex 83.52384732663631 39.28257554024458 4
    endloop
  endfacet
  facet normal 0 0 -1
    outer loop
      vertex 83.52384732663631 39.28257554024458 4
      vertex 84.6295223236084 39.64389180392027 4
      vertex 84.52306054532528 39.404774725437164 4
    endloop
  endfacet
  facet normal 0 0 -1
    outer loop
      vertex 84.7524047344923 39.875 4
      vertex 84.6295223236084 39.64389180392027 4
      vertex 83.42579546570778 39.52526240795851 4
    endloop
  endfacet
  facet normal 0 0 -1
    outer loop
      vertex 83.31105346977711 39.76051835715771 4
      vertex 84.7524047344923 39.875 4
      vertex 83.42579546570778 39.52526240795851 4
    endloop
  endfacet
  facet normal 0 0 -1
    outer loop
      vertex 83.18018036335707 39.98719724267721 4
      vertex 84.89110910147429 40.09697338938713 4
      vertex 83.31105346977711 39.76051835715771 4
    endloop
  endfacet
  facet normal 0 0 -1
    outer loop
      vertex 83.31105346977711 39.76051835715771 4
      vertex 84.89110910147429 40.09697338938713 4
      vertex 84.7524047344923 39.875 4
    endloop
  endfacet
  facet normal 0 0 -1
    outer loop
      vertex 82.87266666442156 40.4104535356164 4
      vertex 82.69752424955368 40.60496889054775 4
      vertex 85.21320690214634 40.50923977047205 4
    endloop
  endfacet
  facet normal 0 0 -1
    outer loop
      vertex 83.03381372988224 40.20419469475746 4
      vertex 85.04495967179537 40.30873053520918 4
      vertex 83.18018036335707 39.98719724267721 4
    endloop
  endfacet
  facet normal 0 0 -1
    outer loop
      vertex 85.04495967179537 40.30873053520918 4
      vertex 84.89110910147429 40.09697338938713 4
      vertex 83.18018036335707 39.98719724267721 4
    endloop
  endfacet
  facet normal 0 0 -1
    outer loop
      vertex 83.03381372988224 40.20419469475746 4
      vertex 85.21320690214634 40.50923977047205 4
      vertex 85.04495967179537 40.30873053520918 4
    endloop
  endfacet
  facet normal 0 0 -1
    outer loop
      vertex 82.87266666442156 40.4104535356164 4
      vertex 85.21320690214634 40.50923977047205 4
      vertex 83.03381372988224 40.20419469475746 4
    endloop
  endfacet
  facet normal 0 0 -1
    outer loop
      vertex 85.21320690214634 40.50923977047205 4
      vertex 82.69752424955368 40.60496889054775 4
      vertex 85.39503110945225 40.69752424955368 4
    endloop
  endfacet
  facet normal 0 0 -1
    outer loop
      vertex 82.50923977047205 40.78679309785366 4
      vertex 85.5895464643836 40.87266666442156 4
      vertex 82.69752424955368 40.60496889054775 4
    endloop
  endfacet
  facet normal 0 0 -1
    outer loop
      vertex 82.50923977047205 40.78679309785366 4
      vertex 82.30873053520918 40.95504032820463 4
      vertex 85.79580530524254 41.03381372988224 4
    endloop
  endfacet
  facet normal 0 0 -1
    outer loop
      vertex 82.30873053520918 40.95504032820463 4
      vertex 82.09697338938713 41.108890898525715 4
      vertex 86.01280275732279 41.18018036335707 4
    endloop
  endfacet
  facet normal 0 0 -1
    outer loop
      vertex 81.875 41.2475952655077 4
      vertex 86.23948164284229 41.31105346977711 4
      vertex 82.09697338938713 41.108890898525715 4
    endloop
  endfacet
  facet normal 0 0 -1
    outer loop
      vertex 85.5895464643836 40.87266666442156 4
      vertex 85.39503110945225 40.69752424955368 4
      vertex 82.69752424955368 40.60496889054775 4
    endloop
  endfacet
  facet normal 0 0 -1
    outer loop
      vertex 85.5895464643836 40.87266666442156 4
      vertex 82.50923977047205 40.78679309785366 4
      vertex 85.79580530524254 41.03381372988224 4
    endloop
  endfacet
  facet normal 0 0 -1
    outer loop
      vertex 81.40477472543716 41.47693945467472 4
      vertex 81.15881372988224 41.56646193563938 4
      vertex 86.71742445975542 41.523847326636314 4
    endloop
  endfacet
  facet normal 0 0 -1
    outer loop
      vertex 80.90720710903406 41.6386089771986 4
      vertex 87.22033116221428 41.66805350035429 4
      vertex 81.15881372988224 41.56646193563938 4
    endloop
  endfacet
  facet normal 0 0 -1
    outer loop
      vertex 81.64389180392027 41.3704776763916 4
      vertex 86.47473759204149 41.42579546570778 4
      vertex 81.875 41.2475952655077 4
    endloop
  endfacet
  facet normal 0 0 -1
    outer loop
      vertex 81.40477472543716 41.47693945467472 4
      vertex 86.71742445975542 41.523847326636314 4
      vertex 81.64389180392027 41.3704776763916 4
    endloop
  endfacet
  facet normal 0 0 -1
    outer loop
      vertex 80.65118066966534 41.69302907586098 4
      vertex 80.39198173582554 41.72945711016655 4
      vertex 87.73841322213411 41.74086518585682 4
    endloop
  endfacet
  facet normal 0 0 -1
    outer loop
      vertex 80.65118066966534 41.69302907586098 4
      vertex 87.47810087352991 41.71350526064634 4
      vertex 80.90720710903406 41.6386089771986 4
    endloop
  endfacet
  facet normal 0 0 -1
    outer loop
      vertex 123.15720710903406 41.8886089771986 4
      vertex 80 41.75 4
      vertex 46 41.75 4
    endloop
  endfacet
  facet normal 0 0 -1
    outer loop
      vertex 85.79580530524254 41.03381372988224 4
      vertex 82.30873053520918 40.95504032820463 4
      vertex 86.01280275732279 41.18018036335707 4
    endloop
  endfacet
  facet normal 0 0 -1
    outer loop
      vertex 86.23948164284229 41.31105346977711 4
      vertex 86.01280275732279 41.18018036335707 4
      vertex 82.09697338938713 41.108890898525715 4
    endloop
  endfacet
  facet normal 0 0 -1
    outer loop
      vertex 86.23948164284229 41.31105346977711 4
      vertex 81.875 41.2475952655077 4
      vertex 86.47473759204149 41.42579546570778 4
    endloop
  endfacet
  facet normal 0 0 -1
    outer loop
      vertex 81.64389180392027 41.3704776763916 4
      vertex 86.71742445975542 41.523847326636314 4
      vertex 86.47473759204149 41.42579546570778 4
    endloop
  endfacet
  facet normal 0 0 -1
    outer loop
      vertex 86.71742445975542 41.523847326636314 4
      vertex 81.15881372988224 41.56646193563938 4
      vertex 86.96635991334915 41.60473135858774 4
    endloop
  endfacet
  facet normal 0 0 -1
    outer loop
      vertex 87.22033116221428 41.66805350035429 4
      vertex 86.96635991334915 41.60473135858774 4
      vertex 81.15881372988224 41.56646193563938 4
    endloop
  endfacet
  facet normal 0 0 -1
    outer loop
      vertex 87.22033116221428 41.66805350035429 4
      vertex 80.90720710903406 41.6386089771986 4
      vertex 87.47810087352991 41.71350526064634 4
    endloop
  endfacet
  facet normal 0 0 -1
    outer loop
      vertex 87.73841322213411 41.74086518585682 4
      vertex 80.39198173582554 41.72945711016655 4
      vertex 88 41.75 4
    endloop
  endfacet
  facet normal 0 0 -1
    outer loop
      vertex 87.47810087352991 41.71350526064634 4
      vertex 80.65118066966534 41.69302907586098 4
      vertex 87.73841322213411 41.74086518585682 4
    endloop
  endfacet
  facet normal 0 0 -1
    outer loop
      vertex 123.15720710903406 41.8886089771986 4
      vertex 80.13087311387062 41.74771559983492 4
      vertex 80 41.75 4
    endloop
  endfacet
  facet normal 0 1 0
    outer loop
      vertex 3.75 42 4
      vertex 122.25 42 49
      vertex 122.25 42 4
    endloop
  endfacet
  facet normal 0 0 -1
    outer loop
      vertex 126 38.25 4
      vertex 125.75 4 4
      vertex 125.75 38 4
    endloop
  endfacet
  facet normal 0 0 -1
    outer loop
      vertex 123.15720710903406 41.8886089771986 4
      vertex 80.39198173582554 41.72945711016655 4
      vertex 80.13087311387062 41.74771559983492 4
    endloop
  endfacet
  facet normal 0 0 -1
    outer loop
      vertex 122.90118066966534 41.94302907586098 4
      vertex 123.15720710903406 41.8886089771986 4
      vertex 38.13087311387062 41.74771559983492 4
    endloop
  endfacet
  facet normal 0 0 -1
    outer loop
      vertex 123.15720710903406 41.8886089771986 4
      vertex 88 41.75 4
      vertex 80.39198173582554 41.72945711016655 4
    endloop
  endfacet
  facet normal 0 0 -1
    outer loop
      vertex 123.15720710903406 41.8886089771986 4
      vertex 122 41.75 4
      vertex 88 41.75 4
    endloop
  endfacet
  facet normal 0 0 -1
    outer loop
      vertex 126 38.25 4
      vertex 125.75 38 4
      vertex 125.74086518585682 38.26158677786589 4
    endloop
  endfacet
  facet normal 0 0 -1
    outer loop
      vertex 126 38.25 4
      vertex 125.74086518585682 38.26158677786589 4
      vertex 125.99086518585682 38.51158677786589 4
    endloop
  endfacet
  facet normal 0 0 -1
    outer loop
      vertex 125.99086518585682 38.51158677786589 4
      vertex 125.74086518585682 38.26158677786589 4
      vertex 125.71350526064634 38.52189912647009 4
    endloop
  endfacet
  facet normal 0 0 -1
    outer loop
      vertex 125.99086518585682 38.51158677786589 4
      vertex 125.71350526064634 38.52189912647009 4
      vertex 125.96350526064634 38.77189912647009 4
    endloop
  endfacet
  facet normal 0 0 -1
    outer loop
      vertex 125.96350526064634 38.77189912647009 4
      vertex 125.71350526064634 38.52189912647009 4
      vertex 125.66805350035429 38.77966883778572 4
    endloop
  endfacet
  facet normal 0 0 -1
    outer loop
      vertex 125.96350526064634 38.77189912647009 4
      vertex 125.66805350035429 38.77966883778572 4
      vertex 125.91805350035429 39.02966883778572 4
    endloop
  endfacet
  facet normal 0 0 -1
    outer loop
      vertex 125.91805350035429 39.02966883778572 4
      vertex 125.66805350035429 38.77966883778572 4
      vertex 125.60473135858774 39.03364008665085 4
    endloop
  endfacet
  facet normal 0 0 -1
    outer loop
      vertex 125.91805350035429 39.02966883778572 4
      vertex 125.60473135858774 39.03364008665085 4
      vertex 125.85473135858774 39.28364008665085 4
    endloop
  endfacet
  facet normal 0 0 -1
    outer loop
      vertex 125.85473135858774 39.28364008665085 4
      vertex 125.60473135858774 39.03364008665085 4
      vertex 125.77384732663631 39.53257554024458 4
    endloop
  endfacet
  facet normal 0 0 -1
    outer loop
      vertex 125.77384732663631 39.53257554024458 4
      vertex 125.60473135858774 39.03364008665085 4
      vertex 125.52384732663631 39.28257554024458 4
    endloop
  endfacet
  facet normal 0 0 -1
    outer loop
      vertex 125.67579546570778 39.77526240795851 4
      vertex 125.42579546570778 39.52526240795851 4
      vertex 125.31105346977711 39.76051835715771 4
    endloop
  endfacet
  facet normal 0 0 -1
    outer loop
      vertex 125.77384732663631 39.53257554024458 4
      vertex 125.52384732663631 39.28257554024458 4
      vertex 125.42579546570778 39.52526240795851 4
    endloop
  endfacet
  facet normal 0 0 -1
    outer loop
      vertex 125.77384732663631 39.53257554024458 4
      vertex 125.42579546570778 39.52526240795851 4
      vertex 125.67579546570778 39.77526240795851 4
    endloop
  endfacet
  facet normal 0 0 -1
    outer loop
      vertex 125.56105346977711 40.01051835715771 4
      vertex 125.31105346977711 39.76051835715771 4
      vertex 125.18018036335707 39.98719724267721 4
    endloop
  endfacet
  facet normal 0 0 -1
    outer loop
      vertex 125.67579546570778 39.77526240795851 4
      vertex 125.31105346977711 39.76051835715771 4
      vertex 125.56105346977711 40.01051835715771 4
    endloop
  endfacet
  facet normal 0 0 -1
    outer loop
      vertex 125.12266666442156 40.6604535356164 4
      vertex 124.87266666442156 40.4104535356164 4
      vertex 124.69752424955368 40.60496889054775 4
    endloop
  endfacet
  facet normal 0 0 -1
    outer loop
      vertex 125.43018036335707 40.23719724267721 4
      vertex 125.18018036335707 39.98719724267721 4
      vertex 125.03381372988224 40.20419469475746 4
    endloop
  endfacet
  facet normal 0 0 -1
    outer loop
      vertex 125.56105346977711 40.01051835715771 4
      vertex 125.18018036335707 39.98719724267721 4
      vertex 125.43018036335707 40.23719724267721 4
    endloop
  endfacet
  facet normal 0 0 -1
    outer loop
      vertex 125.28381372988224 40.45419469475746 4
      vertex 125.03381372988224 40.20419469475746 4
      vertex 124.87266666442156 40.4104535356164 4
    endloop
  endfacet
  facet normal 0 0 -1
    outer loop
      vertex 125.43018036335707 40.23719724267721 4
      vertex 125.03381372988224 40.20419469475746 4
      vertex 125.28381372988224 40.45419469475746 4
    endloop
  endfacet
  facet normal 0 0 -1
    outer loop
      vertex 125.28381372988224 40.45419469475746 4
      vertex 124.87266666442156 40.4104535356164 4
      vertex 125.12266666442156 40.6604535356164 4
    endloop
  endfacet
  facet normal 0 0 -1
    outer loop
      vertex 123.40881372988224 41.81646193563938 4
      vertex 122.13087311387062 41.74771559983492 4
      vertex 122 41.75 4
    endloop
  endfacet
  facet normal 0 0 -1
    outer loop
      vertex 123.40881372988224 41.81646193563938 4
      vertex 122.39198173582554 41.72945711016655 4
      vertex 122.13087311387062 41.74771559983492 4
    endloop
  endfacet
  facet normal 0 0 -1
    outer loop
      vertex 123.40881372988224 41.81646193563938 4
      vertex 122.65118066966534 41.69302907586098 4
      vertex 122.39198173582554 41.72945711016655 4
    endloop
  endfacet
  facet normal 0 0 -1
    outer loop
      vertex 123.40881372988224 41.81646193563938 4
      vertex 122 41.75 4
      vertex 123.15720710903406 41.8886089771986 4
    endloop
  endfacet
  facet normal 0 0 -1
    outer loop
      vertex 123.65477472543716 41.72693945467472 4
      vertex 123.15881372988224 41.56646193563938 4
      vertex 122.90720710903406 41.6386089771986 4
    endloop
  endfacet
  facet normal 0 0 -1
    outer loop
      vertex 123.89389180392027 41.6204776763916 4
      vertex 123.40477472543716 41.47693945467472 4
      vertex 123.15881372988224 41.56646193563938 4
    endloop
  endfacet
  facet normal 0 0 -1
    outer loop
      vertex 124.125 41.4975952655077 4
      vertex 123.64389180392027 41.3704776763916 4
      vertex 123.40477472543716 41.47693945467472 4
    endloop
  endfacet
  facet normal 0 0 -1
    outer loop
      vertex 124.125 41.4975952655077 4
      vertex 123.875 41.2475952655077 4
      vertex 123.64389180392027 41.3704776763916 4
    endloop
  endfacet
  facet normal 0 0 -1
    outer loop
      vertex 123.89389180392027 41.6204776763916 4
      vertex 123.15881372988224 41.56646193563938 4
      vertex 123.65477472543716 41.72693945467472 4
    endloop
  endfacet
  facet normal 0 0 -1
    outer loop
      vertex 123.89389180392027 41.6204776763916 4
      vertex 124.125 41.4975952655077 4
      vertex 123.40477472543716 41.47693945467472 4
    endloop
  endfacet
  facet normal 0 0 -1
    outer loop
      vertex 123.65477472543716 41.72693945467472 4
      vertex 122.90720710903406 41.6386089771986 4
      vertex 122.65118066966534 41.69302907586098 4
    endloop
  endfacet
  facet normal 0 0 -1
    outer loop
      vertex 123.40881372988224 41.81646193563938 4
      vertex 123.65477472543716 41.72693945467472 4
      vertex 122.65118066966534 41.69302907586098 4
    endloop
  endfacet
  facet normal 0 0 -1
    outer loop
      vertex 124.94752424955368 40.85496889054775 4
      vertex 124.69752424955368 40.60496889054775 4
      vertex 124.50923977047205 40.78679309785366 4
    endloop
  endfacet
  facet normal 0 0 -1
    outer loop
      vertex 125.12266666442156 40.6604535356164 4
      vertex 124.69752424955368 40.60496889054775 4
      vertex 124.94752424955368 40.85496889054775 4
    endloop
  endfacet
  facet normal 0 0 -1
    outer loop
      vertex 124.75923977047205 41.03679309785366 4
      vertex 124.50923977047205 40.78679309785366 4
      vertex 124.30873053520918 40.95504032820463 4
    endloop
  endfacet
  facet normal 0 0 -1
    outer loop
      vertex 124.94752424955368 40.85496889054775 4
      vertex 124.50923977047205 40.78679309785366 4
      vertex 124.75923977047205 41.03679309785366 4
    endloop
  endfacet
  facet normal 0 0 -1
    outer loop
      vertex 124.55873053520918 41.20504032820463 4
      vertex 124.30873053520918 40.95504032820463 4
      vertex 124.09697338938713 41.108890898525715 4
    endloop
  endfacet
  facet normal 0 0 -1
    outer loop
      vertex 124.34697338938713 41.358890898525715 4
      vertex 124.09697338938713 41.108890898525715 4
      vertex 123.875 41.2475952655077 4
    endloop
  endfacet
  facet normal 0 0 -1
    outer loop
      vertex 124.55873053520918 41.20504032820463 4
      vertex 124.09697338938713 41.108890898525715 4
      vertex 124.34697338938713 41.358890898525715 4
    endloop
  endfacet
  facet normal 0 0 -1
    outer loop
      vertex 124.75923977047205 41.03679309785366 4
      vertex 124.30873053520918 40.95504032820463 4
      vertex 124.55873053520918 41.20504032820463 4
    endloop
  endfacet
  facet normal 0 0 -1
    outer loop
      vertex 124.125 41.4975952655077 4
      vertex 124.34697338938713 41.358890898525715 4
      vertex 123.875 41.2475952655077 4
    endloop
  endfacet
  facet normal 0.9993908266764728 0.03489950651393371 0
    outer loop
      vertex 126 38.25 4
      vertex 125.99086518585682 38.51158677786589 4
      vertex 126 38.25 49
    endloop
  endfacet
  facet normal 0.9945218974016594 0.10452844392127601 0
    outer loop
      vertex 125.99086518585682 38.51158677786589 4
      vertex 125.96350526064634 38.77189912647009 4
      vertex 125.99086518585682 38.51158677786589 49
    endloop
  endfacet
  facet normal 0.9848077494987412 0.17364819759278963 0
    outer loop
      vertex 125.96350526064634 38.77189912647009 4
      vertex 125.91805350035429 39.02966883778572 4
      vertex 125.96350526064634 38.77189912647009 49
    endloop
  endfacet
  facet normal 0.9702957285113611 0.2419218866341092 0
    outer loop
      vertex 125.91805350035429 39.02966883778572 4
      vertex 125.85473135858774 39.28364008665085 4
      vertex 125.91805350035429 39.02966883778572 49
    endloop
  endfacet
  facet normal 0.951056516308457 0.3090169943340035 0
    outer loop
      vertex 125.85473135858774 39.28364008665085 4
      vertex 125.77384732663631 39.53257554024458 4
      vertex 125.85473135858774 39.28364008665085 49
    endloop
  endfacet
  facet normal 0.9271838523025518 0.3746065990200918 0
    outer loop
      vertex 125.77384732663631 39.53257554024458 4
      vertex 125.67579546570778 39.77526240795851 4
      vertex 125.77384732663631 39.53257554024458 49
    endloop
  endfacet
  facet normal 0.8987940420057225 0.4383711555919429 0
    outer loop
      vertex 125.67579546570778 39.77526240795851 4
      vertex 125.56105346977711 40.01051835715771 4
      vertex 125.67579546570778 39.77526240795851 49
    endloop
  endfacet
  facet normal 0.8290375656234815 0.559192913747207 0
    outer loop
      vertex 125.43018036335707 40.23719724267721 4
      vertex 125.28381372988224 40.45419469475746 4
      vertex 125.43018036335707 40.23719724267721 49
    endloop
  endfacet
  facet normal 0.8660254189285214 0.4999999737696784 0
    outer loop
      vertex 125.56105346977711 40.01051835715771 4
      vertex 125.43018036335707 40.23719724267721 4
      vertex 125.56105346977711 40.01051835715771 49
    endloop
  endfacet
  facet normal 0.7880107577629124 0.615661470005977 0
    outer loop
      vertex 125.28381372988224 40.45419469475746 4
      vertex 125.12266666442156 40.6604535356164 4
      vertex 125.28381372988224 40.45419469475746 49
    endloop
  endfacet
  facet normal 0.01745241762706844 0.9998476949610728 0
    outer loop
      vertex 122.25 42 4
      vertex 122.38087311387062 41.99771559983492 49
      vertex 122.38087311387062 41.99771559983492 4
    endloop
  endfacet
  facet normal 0.06975645916039604 0.9975640512796179 0
    outer loop
      vertex 122.38087311387062 41.99771559983492 4
      vertex 122.64198173582554 41.97945711016655 49
      vertex 122.64198173582554 41.97945711016655 4
    endloop
  endfacet
  facet normal 0.13917310017239254 0.9902680688522705 0
    outer loop
      vertex 122.64198173582554 41.97945711016655 4
      vertex 122.90118066966534 41.94302907586098 49
      vertex 122.90118066966534 41.94302907586098 4
    endloop
  endfacet
  facet normal 0.40673662966921503 0.913545463611597 0
    outer loop
      vertex 123.89389180392027 41.6204776763916 4
      vertex 123.65477472543716 41.72693945467472 4
      vertex 123.89389180392027 41.6204776763916 49
    endloop
  endfacet
  facet normal 0.20791168721191455 0.9781476015002515 0
    outer loop
      vertex 122.90118066966534 41.94302907586098 4
      vertex 123.15720710903406 41.8886089771986 49
      vertex 123.15720710903406 41.8886089771986 4
    endloop
  endfacet
  facet normal 0.2756373699542879 0.9612616918845164 0
    outer loop
      vertex 123.40881372988224 41.81646193563938 4
      vertex 123.15720710903406 41.8886089771986 4
      vertex 123.40881372988224 41.81646193563938 49
    endloop
  endfacet
  facet normal 0.3420201426245933 0.939692621041079 0
    outer loop
      vertex 123.40881372988224 41.81646193563938 4
      vertex 123.65477472543716 41.72693945467472 49
      vertex 123.65477472543716 41.72693945467472 4
    endloop
  endfacet
  facet normal 0.6946583692459236 0.7193398015101028 0
    outer loop
      vertex 124.94752424955368 40.85496889054775 4
      vertex 124.75923977047205 41.03679309785366 4
      vertex 124.94752424955368 40.85496889054775 49
    endloop
  endfacet
  facet normal 0.5877852479723605 0.8090169975136929 0
    outer loop
      vertex 124.55873053520918 41.20504032820463 4
      vertex 124.34697338938713 41.358890898525715 4
      vertex 124.55873053520918 41.20504032820463 49
    endloop
  endfacet
  facet normal 0.6427876208834568 0.7660444337236486 0
    outer loop
      vertex 124.75923977047205 41.03679309785366 4
      vertex 124.55873053520918 41.20504032820463 4
      vertex 124.75923977047205 41.03679309785366 49
    endloop
  endfacet
  facet normal 0.743144820519614 0.669130611865031 0
    outer loop
      vertex 125.12266666442156 40.6604535356164 4
      vertex 124.94752424955368 40.85496889054775 4
      vertex 125.12266666442156 40.6604535356164 49
    endloop
  endfacet
  facet normal 0.5299192615254837 0.8480480978483979 0
    outer loop
      vertex 124.125 41.4975952655077 4
      vertex 124.34697338938713 41.358890898525715 49
      vertex 124.34697338938713 41.358890898525715 4
    endloop
  endfacet
  facet normal 0.46947157259700467 0.882947587642265 0
    outer loop
      vertex 123.89389180392027 41.6204776763916 4
      vertex 124.125 41.4975952655077 49
      vertex 124.125 41.4975952655077 4
    endloop
  endfacet
  facet normal 0 0 1
    outer loop
      vertex 6.5 38.99036945334439 49
      vertex 119.5 38.99036945334439 49
      vertex 125.67579546570778 39.77526240795851 49
    endloop
  endfacet
  facet normal 0 0 1
    outer loop
      vertex 2.4674244597554207 41.773847326636314 49
      vertex 122.90118066966534 41.94302907586098 49
      vertex 122.64198173582554 41.97945711016655 49
    endloop
  endfacet
  facet normal 0 0 1
    outer loop
      vertex 2.970331162214279 41.91805350035429 49
      vertex 122.38087311387062 41.99771559983492 49
      vertex 122.25 42 49
    endloop
  endfacet
  facet normal 0 0 1
    outer loop
      vertex 2.7163599133491516 41.85473135858774 49
      vertex 122.64198173582554 41.97945711016655 49
      vertex 122.38087311387062 41.99771559983492 49
    endloop
  endfacet
  facet normal 0 0 1
    outer loop
      vertex 0.11139102280139923 39.15720710903406 49
      vertex 125.67579546570778 39.77526240795851 49
      vertex 125.56105346977711 40.01051835715771 49
    endloop
  endfacet
  facet normal 0 0 1
    outer loop
      vertex 0.1835380643606186 39.40881372988224 49
      vertex 125.56105346977711 40.01051835715771 49
      vertex 125.43018036335707 40.23719724267721 49
    endloop
  endfacet
  facet normal 0 0 1
    outer loop
      vertex 0.27306054532527924 39.654774725437164 49
      vertex 125.43018036335707 40.23719724267721 49
      vertex 125.28381372988224 40.45419469475746 49
    endloop
  endfacet
  facet normal 0 0 1
    outer loop
      vertex 0.37952232360839844 39.89389180392027 49
      vertex 125.28381372988224 40.45419469475746 49
      vertex 125.12266666442156 40.6604535356164 49
    endloop
  endfacet
  facet normal 0 0 1
    outer loop
      vertex 0.5024047344923019 40.125 49
      vertex 125.12266666442156 40.6604535356164 49
      vertex 124.94752424955368 40.85496889054775 49
    endloop
  endfacet
  facet normal 0 0 1
    outer loop
      vertex 0.6411091014742851 40.34697338938713 49
      vertex 124.94752424955368 40.85496889054775 49
      vertex 124.75923977047205 41.03679309785366 49
    endloop
  endfacet
  facet normal 0 0 1
    outer loop
      vertex 0.7949596717953682 40.55873053520918 49
      vertex 124.75923977047205 41.03679309785366 49
      vertex 124.55873053520918 41.20504032820463 49
    endloop
  endfacet
  facet normal 0 0 1
    outer loop
      vertex 0.9632069021463394 40.75923977047205 49
      vertex 124.55873053520918 41.20504032820463 49
      vertex 124.34697338938713 41.358890898525715 49
    endloop
  endfacet
  facet normal 0 0 1
    outer loop
      vertex 1.1450311094522476 40.94752424955368 49
      vertex 124.34697338938713 41.358890898525715 49
      vertex 124.125 41.4975952655077 49
    endloop
  endfacet
  facet normal 0 0 1
    outer loop
      vertex 1.3395464643836021 41.12266666442156 49
      vertex 124.125 41.4975952655077 49
      vertex 123.89389180392027 41.6204776763916 49
    endloop
  endfacet
  facet normal 0 0 1
    outer loop
      vertex 1.5458053052425385 41.28381372988224 49
      vertex 123.89389180392027 41.6204776763916 49
      vertex 123.65477472543716 41.72693945467472 49
    endloop
  endfacet
  facet normal 0 0 1
    outer loop
      vertex 1.7628027573227882 41.43018036335707 49
      vertex 123.65477472543716 41.72693945467472 49
      vertex 123.40881372988224 41.81646193563938 49
    endloop
  endfacet
  facet normal 0 0 1
    outer loop
      vertex 2.2247375920414925 41.67579546570778 49
      vertex 123.15720710903406 41.8886089771986 49
      vertex 122.90118066966534 41.94302907586098 49
    endloop
  endfacet
  facet normal 0 0 1
    outer loop
      vertex 1.9894816428422928 41.56105346977711 49
      vertex 123.40881372988224 41.81646193563938 49
      vertex 123.15720710903406 41.8886089771986 49
    endloop
  endfacet
  facet normal 1 0 0
    outer loop
      vertex 126 3.75 49
      vertex 126 38.25 4
      vertex 126 38.25 49
    endloop
  endfacet
  facet normal 0 0 1
    outer loop
      vertex 122.99036945334439 6.5 49
      vertex 126 38.25 49
      vertex 122.99036945334439 35.5 49
    endloop
  endfacet
  facet normal 0.9993908266764728 0.03489950651393371 0
    outer loop
      vertex 125.99086518585682 38.51158677786589 4
      vertex 125.99086518585682 38.51158677786589 49
      vertex 126 38.25 49
    endloop
  endfacet
  facet normal 0.9945218974016594 0.10452844392127601 0
    outer loop
      vertex 125.96350526064634 38.77189912647009 4
      vertex 125.96350526064634 38.77189912647009 49
      vertex 125.99086518585682 38.51158677786589 49
    endloop
  endfacet
  facet normal 0.9848077494987412 0.17364819759278963 0
    outer loop
      vertex 125.91805350035429 39.02966883778572 4
      vertex 125.91805350035429 39.02966883778572 49
      vertex 125.96350526064634 38.77189912647009 49
    endloop
  endfacet
  facet normal 0.9702957285113611 0.2419218866341092 0
    outer loop
      vertex 125.85473135858774 39.28364008665085 4
      vertex 125.85473135858774 39.28364008665085 49
      vertex 125.91805350035429 39.02966883778572 49
    endloop
  endfacet
  facet normal 0.951056516308457 0.3090169943340035 0
    outer loop
      vertex 125.77384732663631 39.53257554024458 4
      vertex 125.77384732663631 39.53257554024458 49
      vertex 125.85473135858774 39.28364008665085 49
    endloop
  endfacet
  facet normal 0.9271838523025518 0.3746065990200918 0
    outer loop
      vertex 125.67579546570778 39.77526240795851 4
      vertex 125.67579546570778 39.77526240795851 49
      vertex 125.77384732663631 39.53257554024458 49
    endloop
  endfacet
  facet normal 0.8987940420057225 0.4383711555919429 0
    outer loop
      vertex 125.56105346977711 40.01051835715771 4
      vertex 125.56105346977711 40.01051835715771 49
      vertex 125.67579546570778 39.77526240795851 49
    endloop
  endfacet
  facet normal 0.8660254189285214 0.4999999737696784 0
    outer loop
      vertex 125.43018036335707 40.23719724267721 4
      vertex 125.43018036335707 40.23719724267721 49
      vertex 125.56105346977711 40.01051835715771 49
    endloop
  endfacet
  facet normal 0.8290375656234815 0.559192913747207 0
    outer loop
      vertex 125.28381372988224 40.45419469475746 4
      vertex 125.28381372988224 40.45419469475746 49
      vertex 125.43018036335707 40.23719724267721 49
    endloop
  endfacet
  facet normal 0.7880107577629124 0.615661470005977 0
    outer loop
      vertex 125.12266666442156 40.6604535356164 4
      vertex 125.12266666442156 40.6604535356164 49
      vertex 125.28381372988224 40.45419469475746 49
    endloop
  endfacet
  facet normal 0.01745241762706844 0.9998476949610728 0
    outer loop
      vertex 122.25 42 4
      vertex 122.25 42 49
      vertex 122.38087311387062 41.99771559983492 49
    endloop
  endfacet
  facet normal 0.06975645916039604 0.9975640512796179 0
    outer loop
      vertex 122.38087311387062 41.99771559983492 4
      vertex 122.38087311387062 41.99771559983492 49
      vertex 122.64198173582554 41.97945711016655 49
    endloop
  endfacet
  facet normal 0.13917310017239254 0.9902680688522705 0
    outer loop
      vertex 122.64198173582554 41.97945711016655 4
      vertex 122.64198173582554 41.97945711016655 49
      vertex 122.90118066966534 41.94302907586098 49
    endloop
  endfacet
  facet normal 0.20791168721191455 0.9781476015002515 0
    outer loop
      vertex 122.90118066966534 41.94302907586098 4
      vertex 122.90118066966534 41.94302907586098 49
      vertex 123.15720710903406 41.8886089771986 49
    endloop
  endfacet
  facet normal 0.46947157259700467 0.882947587642265 0
    outer loop
      vertex 123.89389180392027 41.6204776763916 4
      vertex 123.89389180392027 41.6204776763916 49
      vertex 124.125 41.4975952655077 49
    endloop
  endfacet
  facet normal 0.3420201426245933 0.939692621041079 0
    outer loop
      vertex 123.40881372988224 41.81646193563938 4
      vertex 123.40881372988224 41.81646193563938 49
      vertex 123.65477472543716 41.72693945467472 49
    endloop
  endfacet
  facet normal 0.2756373699542879 0.9612616918845164 0
    outer loop
      vertex 123.15720710903406 41.8886089771986 4
      vertex 123.15720710903406 41.8886089771986 49
      vertex 123.40881372988224 41.81646193563938 49
    endloop
  endfacet
  facet normal 0.40673662966921503 0.913545463611597 0
    outer loop
      vertex 123.65477472543716 41.72693945467472 4
      vertex 123.65477472543716 41.72693945467472 49
      vertex 123.89389180392027 41.6204776763916 49
    endloop
  endfacet
  facet normal 0.743144820519614 0.669130611865031 0
    outer loop
      vertex 124.94752424955368 40.85496889054775 4
      vertex 124.94752424955368 40.85496889054775 49
      vertex 125.12266666442156 40.6604535356164 49
    endloop
  endfacet
  facet normal 0.6946583692459236 0.7193398015101028 0
    outer loop
      vertex 124.75923977047205 41.03679309785366 4
      vertex 124.75923977047205 41.03679309785366 49
      vertex 124.94752424955368 40.85496889054775 49
    endloop
  endfacet
  facet normal 0.5877852479723605 0.8090169975136929 0
    outer loop
      vertex 124.34697338938713 41.358890898525715 4
      vertex 124.34697338938713 41.358890898525715 49
      vertex 124.55873053520918 41.20504032820463 49
    endloop
  endfacet
  facet normal 0.6427876208834568 0.7660444337236486 0
    outer loop
      vertex 124.55873053520918 41.20504032820463 4
      vertex 124.55873053520918 41.20504032820463 49
      vertex 124.75923977047205 41.03679309785366 49
    endloop
  endfacet
  facet normal 0.5299192615254837 0.8480480978483979 0
    outer loop
      vertex 124.125 41.4975952655077 4
      vertex 124.125 41.4975952655077 49
      vertex 124.34697338938713 41.358890898525715 49
    endloop
  endfacet
  facet normal 0 0 1
    outer loop
      vertex 122.99036945334439 35.5 49
      vertex 126 38.25 49
      vertex 122.96991141072277 35.746891885995865 49
    endloop
  endfacet
  facet normal 0 0 1
    outer loop
      vertex 122.96991141072277 35.746891885995865 49
      vertex 126 38.25 49
      vertex 122.9316670197828 36.13519370357989 49
    endloop
  endfacet
  facet normal 0 0 1
    outer loop
      vertex 119.5 38.99036945334439 49
      vertex 119.62386901676655 38.98524619570737 49
      vertex 125.91805350035429 39.02966883778572 49
    endloop
  endfacet
  facet normal 0 0 1
    outer loop
      vertex 120.01217083435057 38.94700180476738 49
      vertex 120.2565300519347 38.90622546261383 49
      vertex 125.91805350035429 39.02966883778572 49
    endloop
  endfacet
  facet normal 0 0 1
    outer loop
      vertex 119.62386901676655 38.98524619570737 49
      vertex 120.01217083435057 38.94700180476738 49
      vertex 125.91805350035429 39.02966883778572 49
    endloop
  endfacet
  facet normal 0 0 1
    outer loop
      vertex 122.9316670197828 36.13519370357989 49
      vertex 126 38.25 49
      vertex 122.8708509255035 36.37535102467535 49
    endloop
  endfacet
  facet normal 0 0 1
    outer loop
      vertex 122.8708509255035 36.37535102467535 49
      vertex 126 38.25 49
      vertex 122.75758746317966 36.74873062117179 49
    endloop
  endfacet
  facet normal 0 0 1
    outer loop
      vertex 122.75758746317966 36.74873062117179 49
      vertex 126 38.25 49
      vertex 122.6580722262655 36.975602506531075 49
    endloop
  endfacet
  facet normal 0 0 1
    outer loop
      vertex 122.6580722262655 36.975602506531075 49
      vertex 126 38.25 49
      vertex 122.47414234389603 37.31971111344026 49
    endloop
  endfacet
  facet normal 0 0 1
    outer loop
      vertex 122.33864247907937 37.527109088467824 49
      vertex 125.96350526064634 38.77189912647009 49
      vertex 122.09111449889465 37.82872280500456 49
    endloop
  endfacet
  facet normal 0 0 1
    outer loop
      vertex 122.47414234389603 37.31971111344026 49
      vertex 125.99086518585682 38.51158677786589 49
      vertex 122.33864247907937 37.527109088467824 49
    endloop
  endfacet
  facet normal 0 0 1
    outer loop
      vertex 122.47414234389603 37.31971111344026 49
      vertex 126 38.25 49
      vertex 125.99086518585682 38.51158677786589 49
    endloop
  endfacet
  facet normal 0 0 1
    outer loop
      vertex 121.62171238111185 38.25851758678496 49
      vertex 125.96350526064634 38.77189912647009 49
      vertex 121.42621226059126 38.41068143506587 49
    endloop
  endfacet
  facet normal 0 0 1
    outer loop
      vertex 120.86422455204806 38.712521590808464 49
      vertex 121.20833315895723 38.528591708438995 49
      vertex 125.96350526064634 38.77189912647009 49
    endloop
  endfacet
  facet normal 0 0 1
    outer loop
      vertex 121.20833315895723 38.528591708438995 49
      vertex 121.42621226059126 38.41068143506587 49
      vertex 125.96350526064634 38.77189912647009 49
    endloop
  endfacet
  facet normal 0 0 1
    outer loop
      vertex 121.92332609764858 38.01098960660025 49
      vertex 122.09111449889465 37.82872280500456 49
      vertex 125.96350526064634 38.77189912647009 49
    endloop
  endfacet
  facet normal 0 0 1
    outer loop
      vertex 121.92332609764858 38.01098960660025 49
      vertex 125.96350526064634 38.77189912647009 49
      vertex 121.62171238111185 38.25851758678496 49
    endloop
  endfacet
  facet normal 0 0 1
    outer loop
      vertex 120.86422455204806 38.712521590808464 49
      vertex 125.91805350035429 39.02966883778572 49
      vertex 120.62990964843115 38.79296200028999 49
    endloop
  endfacet
  facet normal 0 0 1
    outer loop
      vertex 120.2565300519347 38.90622546261383 49
      vertex 120.62990964843115 38.79296200028999 49
      vertex 125.91805350035429 39.02966883778572 49
    endloop
  endfacet
  facet normal 0 0 1
    outer loop
      vertex 119.5 38.99036945334439 49
      vertex 125.91805350035429 39.02966883778572 49
      vertex 125.85473135858774 39.28364008665085 49
    endloop
  endfacet
  facet normal 0 0 1
    outer loop
      vertex 119.5 38.99036945334439 49
      vertex 125.85473135858774 39.28364008665085 49
      vertex 125.77384732663631 39.53257554024458 49
    endloop
  endfacet
  facet normal 0 0 1
    outer loop
      vertex 122.33864247907937 37.527109088467824 49
      vertex 125.99086518585682 38.51158677786589 49
      vertex 125.96350526064634 38.77189912647009 49
    endloop
  endfacet
  facet normal 0 0 1
    outer loop
      vertex 120.86422455204806 38.712521590808464 49
      vertex 125.96350526064634 38.77189912647009 49
      vertex 125.91805350035429 39.02966883778572 49
    endloop
  endfacet
  facet normal 0 0 1
    outer loop
      vertex 119.5 38.99036945334439 49
      vertex 125.77384732663631 39.53257554024458 49
      vertex 125.67579546570778 39.77526240795851 49
    endloop
  endfacet
  facet normal 0.7357239301097214 0.6772815505119756 0
    outer loop
      vertex 5.816289238631725 6.07868093252182 43.50963054665561
      vertex 5.984077639877796 5.896414130926132 7.01
      vertex 5.816289238631725 6.07868093252182 7.01
    endloop
  endfacet
  facet normal 0.8371664690032127 0.5469481722948649 0
    outer loop
      vertex 5.68078937381506 6.286078907549381 43.50963054665561
      vertex 5.816289238631725 6.07868093252182 7.01
      vertex 5.68078937381506 6.286078907549381 7.01
    endloop
  endfacet
  facet normal 0.9157733246598183 0.4016954292016562 0
    outer loop
      vertex 5.581274136900902 6.5129507929086685 43.50963054665561
      vertex 5.68078937381506 6.286078907549381 7.01
      vertex 5.581274136900902 6.5129507929086685 7.01
    endloop
  endfacet
  facet normal 0.1645945930478112 0.9863613029409789 0
    outer loop
      vertex 6.631771765649319 5.545899599790573 43.50963054665561
      vertex 6.876130983233452 5.505123257637024 7.01
      vertex 6.631771765649319 5.545899599790573 7.01
    endloop
  endfacet
  facet normal 0.4759473930699913 0.879473751188675 0
    outer loop
      vertex 6.179577760398388 5.7442502826452255 43.50963054665561
      vertex 6.3974568620324135 5.6263400092720985 7.01
      vertex 6.179577760398388 5.7442502826452255 7.01
    endloop
  endfacet
  facet normal 0.6142127043694494 0.7891405158722793 0
    outer loop
      vertex 5.984077639877796 5.896414130926132 43.50963054665561
      vertex 6.179577760398388 5.7442502826452255 7.01
      vertex 5.984077639877796 5.896414130926132 7.01
    endloop
  endfacet
  facet normal 0.3246994744959047 0.9458172398841561 0
    outer loop
      vertex 6.3974568620324135 5.6263400092720985 43.50963054665561
      vertex 6.631771765649319 5.545899599790573 7.01
      vertex 6.3974568620324135 5.6263400092720985 7.01
    endloop
  endfacet
  facet normal 0.041324951755865084 0.9991457593176161 0
    outer loop
      vertex 6.876130983233452 5.505123257637024 43.50963054665561
      vertex 7 5.5 7.01
      vertex 6.876130983233452 5.505123257637024 7.01
    endloop
  endfacet
  facet normal 0.9694002649403128 0.24548549108583023 0
    outer loop
      vertex 5.5204580426216125 6.753108114004135 43.50963054665561
      vertex 5.581274136900902 6.5129507929086685 7.01
      vertex 5.5204580426216125 6.753108114004135 7.01
    endloop
  endfacet
  facet normal 0.996584493778003 0.08257933616372483 0
    outer loop
      vertex 5.5 7 43.50963054665561
      vertex 5.5204580426216125 6.753108114004135 7.01
      vertex 5.5 7 7.01
    endloop
  endfacet
  facet normal 0 1 0
    outer loop
      vertex 7 5.5 43.50963054665561
      vertex 41.75 5.5 7.01
      vertex 7 5.5 7.01
    endloop
  endfacet
  facet normal 0 1 0
    outer loop
      vertex 7 5.5 43.50963054665561
      vertex 42.25 5.5 7.01
      vertex 41.75 5.5 7.01
    endloop
  endfacet
  facet normal 0 1 0
    outer loop
      vertex 41.75 5.5 7.01
      vertex 42.25 5.5 7.01
      vertex 41.75 5.5 7
    endloop
  endfacet
  facet normal 0 1 0
    outer loop
      vertex 42.25 5.5 7.01
      vertex 42.25 5.5 7
      vertex 41.75 5.5 7
    endloop
  endfacet
  facet normal 0 1 0
    outer loop
      vertex 7 5.5 43.50963054665561
      vertex 83.75 5.5 7.01
      vertex 42.25 5.5 7.01
    endloop
  endfacet
  facet normal 0 1 0
    outer loop
      vertex 7 5.5 43.50963054665561
      vertex 84.25 5.5 7.01
      vertex 83.75 5.5 7.01
    endloop
  endfacet
  facet normal 0 0 1
    outer loop
      vertex 42.25 5.5 7
      vertex 41.75 36.5 7
      vertex 41.75 5.5 7
    endloop
  endfacet
  facet normal 0.8371664690032127 0.5469481722948649 0
    outer loop
      vertex 5.816289238631725 6.07868093252182 43.50963054665561
      vertex 5.816289238631725 6.07868093252182 7.01
      vertex 5.68078937381506 6.286078907549381 43.50963054665561
    endloop
  endfacet
  facet normal 0.9157733246598183 0.4016954292016562 0
    outer loop
      vertex 5.68078937381506 6.286078907549381 43.50963054665561
      vertex 5.68078937381506 6.286078907549381 7.01
      vertex 5.581274136900902 6.5129507929086685 43.50963054665561
    endloop
  endfacet
  facet normal 0.3246994744959047 0.9458172398841561 0
    outer loop
      vertex 6.631771765649319 5.545899599790573 43.50963054665561
      vertex 6.631771765649319 5.545899599790573 7.01
      vertex 6.3974568620324135 5.6263400092720985 43.50963054665561
    endloop
  endfacet
  facet normal 0.1645945930478112 0.9863613029409789 0
    outer loop
      vertex 6.631771765649319 5.545899599790573 43.50963054665561
      vertex 6.876130983233452 5.505123257637024 43.50963054665561
      vertex 6.876130983233452 5.505123257637024 7.01
    endloop
  endfacet
  facet normal 0.4759473930699913 0.879473751188675 0
    outer loop
      vertex 6.3974568620324135 5.6263400092720985 43.50963054665561
      vertex 6.3974568620324135 5.6263400092720985 7.01
      vertex 6.179577760398388 5.7442502826452255 43.50963054665561
    endloop
  endfacet
  facet normal 0.6142127043694494 0.7891405158722793 0
    outer loop
      vertex 5.984077639877796 5.896414130926132 43.50963054665561
      vertex 6.179577760398388 5.7442502826452255 43.50963054665561
      vertex 6.179577760398388 5.7442502826452255 7.01
    endloop
  endfacet
  facet normal 0.041324951755865084 0.9991457593176161 0
    outer loop
      vertex 6.876130983233452 5.505123257637024 43.50963054665561
      vertex 7 5.5 43.50963054665561
      vertex 7 5.5 7.01
    endloop
  endfacet
  facet normal 0.7357239301097214 0.6772815505119756 0
    outer loop
      vertex 5.816289238631725 6.07868093252182 43.50963054665561
      vertex 5.984077639877796 5.896414130926132 43.50963054665561
      vertex 5.984077639877796 5.896414130926132 7.01
    endloop
  endfacet
  facet normal 0.9694002649403128 0.24548549108583023 0
    outer loop
      vertex 5.581274136900902 6.5129507929086685 43.50963054665561
      vertex 5.581274136900902 6.5129507929086685 7.01
      vertex 5.5204580426216125 6.753108114004135 43.50963054665561
    endloop
  endfacet
  facet normal 0.996584493778003 0.08257933616372483 0
    outer loop
      vertex 5.5204580426216125 6.753108114004135 43.50963054665561
      vertex 5.5204580426216125 6.753108114004135 7.01
      vertex 5.5 7 43.50963054665561
    endloop
  endfacet
  facet normal 1 0 0
    outer loop
      vertex 5.5 7 43.50963054665561
      vertex 5.5 7 7.01
      vertex 5.5 35 43.50963054665561
    endloop
  endfacet
  facet normal 1 0 0
    outer loop
      vertex 5.5 35 43.50963054665561
      vertex 5.5 7 7.01
      vertex 5.5 35 7.01
    endloop
  endfacet
  facet normal 0.9991457593176161 -0.041324951755865084 0
    outer loop
      vertex 5.505123257637024 35.12386901676655 43.50963054665561
      vertex 5.5 35 7.01
      vertex 5.505123257637024 35.12386901676655 7.01
    endloop
  endfacet
  facet normal 0.9863613029409789 -0.1645945930478112 0
    outer loop
      vertex 5.545899599790573 35.36822823435068 43.50963054665561
      vertex 5.505123257637024 35.12386901676655 7.01
      vertex 5.545899599790573 35.36822823435068 7.01
    endloop
  endfacet
  facet normal 0.9458172398841561 -0.3246994744959047 0
    outer loop
      vertex 5.6263400092720985 35.60254313796759 43.50963054665561
      vertex 5.545899599790573 35.36822823435068 7.01
      vertex 5.6263400092720985 35.60254313796759 7.01
    endloop
  endfacet
  facet normal 0.879473751188675 -0.4759473930699913 0
    outer loop
      vertex 5.7442502826452255 35.82042223960161 43.50963054665561
      vertex 5.6263400092720985 35.60254313796759 7.01
      vertex 5.7442502826452255 35.82042223960161 7.01
    endloop
  endfacet
  facet normal 0.7891405158722793 -0.6142127043694494 0
    outer loop
      vertex 5.896414130926132 36.015922360122204 43.50963054665561
      vertex 5.7442502826452255 35.82042223960161 7.01
      vertex 5.896414130926132 36.015922360122204 7.01
    endloop
  endfacet
  facet normal 0.6772815505119756 -0.7357239301097214 0
    outer loop
      vertex 6.07868093252182 36.183710761368275 43.50963054665561
      vertex 5.896414130926132 36.015922360122204 7.01
      vertex 6.07868093252182 36.183710761368275 7.01
    endloop
  endfacet
  facet normal 0.5469481722948649 -0.8371664690032127 0
    outer loop
      vertex 6.286078907549381 36.31921062618494 43.50963054665561
      vertex 6.07868093252182 36.183710761368275 7.01
      vertex 6.286078907549381 36.31921062618494 7.01
    endloop
  endfacet
  facet normal 0.4016954292016562 -0.9157733246598183 0
    outer loop
      vertex 6.5129507929086685 36.4187258630991 43.50963054665561
      vertex 6.286078907549381 36.31921062618494 7.01
      vertex 6.5129507929086685 36.4187258630991 7.01
    endloop
  endfacet
  facet normal 0.24548549108583023 -0.9694002649403128 0
    outer loop
      vertex 6.753108114004135 36.47954195737839 43.50963054665561
      vertex 6.5129507929086685 36.4187258630991 7.01
      vertex 6.753108114004135 36.47954195737839 7.01
    endloop
  endfacet
  facet normal 0.08257933616372483 -0.996584493778003 0
    outer loop
      vertex 7 36.5 43.50963054665561
      vertex 6.753108114004135 36.47954195737839 7.01
      vertex 7 36.5 7.01
    endloop
  endfacet
  facet normal 0 0 1
    outer loop
      vertex 42.25 5.5 7
      vertex 42.25 36.5 7
      vertex 41.75 36.5 7
    endloop
  endfacet
  facet normal 0 -1 0
    outer loop
      vertex 41.75 36.5 7.01
      vertex 41.75 36.5 7
      vertex 42.25 36.5 7
    endloop
  endfacet
  facet normal 0 -1 0
    outer loop
      vertex 41.75 36.5 7.01
      vertex 42.25 36.5 7
      vertex 42.25 36.5 7.01
    endloop
  endfacet
  facet normal 0 -1 0
    outer loop
      vertex 119 36.5 43.50963054665561
      vertex 7 36.5 7.01
      vertex 41.75 36.5 7.01
    endloop
  endfacet
  facet normal 0.9991457593176161 -0.041324951755865084 0
    outer loop
      vertex 5.5 35 43.50963054665561
      vertex 5.5 35 7.01
      vertex 5.505123257637024 35.12386901676655 43.50963054665561
    endloop
  endfacet
  facet normal 0.9863613029409789 -0.1645945930478112 0
    outer loop
      vertex 5.505123257637024 35.12386901676655 43.50963054665561
      vertex 5.505123257637024 35.12386901676655 7.01
      vertex 5.545899599790573 35.36822823435068 43.50963054665561
    endloop
  endfacet
  facet normal 0.9458172398841561 -0.3246994744959047 0
    outer loop
      vertex 5.545899599790573 35.36822823435068 43.50963054665561
      vertex 5.545899599790573 35.36822823435068 7.01
      vertex 5.6263400092720985 35.60254313796759 43.50963054665561
    endloop
  endfacet
  facet normal 0.879473751188675 -0.4759473930699913 0
    outer loop
      vertex 5.6263400092720985 35.60254313796759 43.50963054665561
      vertex 5.6263400092720985 35.60254313796759 7.01
      vertex 5.7442502826452255 35.82042223960161 43.50963054665561
    endloop
  endfacet
  facet normal 0.7891405158722793 -0.6142127043694494 0
    outer loop
      vertex 5.7442502826452255 35.82042223960161 43.50963054665561
      vertex 5.7442502826452255 35.82042223960161 7.01
      vertex 5.896414130926132 36.015922360122204 43.50963054665561
    endloop
  endfacet
  facet normal 0.6772815505119756 -0.7357239301097214 0
    outer loop
      vertex 5.896414130926132 36.015922360122204 43.50963054665561
      vertex 5.896414130926132 36.015922360122204 7.01
      vertex 6.07868093252182 36.183710761368275 43.50963054665561
    endloop
  endfacet
  facet normal 0.5469481722948649 -0.8371664690032127 0
    outer loop
      vertex 6.07868093252182 36.183710761368275 43.50963054665561
      vertex 6.07868093252182 36.183710761368275 7.01
      vertex 6.286078907549381 36.31921062618494 43.50963054665561
    endloop
  endfacet
  facet normal 0.4016954292016562 -0.9157733246598183 0
    outer loop
      vertex 6.286078907549381 36.31921062618494 43.50963054665561
      vertex 6.286078907549381 36.31921062618494 7.01
      vertex 6.5129507929086685 36.4187258630991 43.50963054665561
    endloop
  endfacet
  facet normal 0.24548549108583023 -0.9694002649403128 0
    outer loop
      vertex 6.5129507929086685 36.4187258630991 43.50963054665561
      vertex 6.5129507929086685 36.4187258630991 7.01
      vertex 6.753108114004135 36.47954195737839 43.50963054665561
    endloop
  endfacet
  facet normal 0.08257933616372483 -0.996584493778003 0
    outer loop
      vertex 6.753108114004135 36.47954195737839 43.50963054665561
      vertex 6.753108114004135 36.47954195737839 7.01
      vertex 7 36.5 43.50963054665561
    endloop
  endfacet
  facet normal 0 -1 0
    outer loop
      vertex 7 36.5 43.50963054665561
      vertex 7 36.5 7.01
      vertex 119 36.5 43.50963054665561
    endloop
  endfacet
  facet normal 0 1 0
    outer loop
      vertex 83.75 5.5 7.01
      vertex 84.25 5.5 7.01
      vertex 83.75 5.5 7
    endloop
  endfacet
  facet normal 0 1 0
    outer loop
      vertex 84.25 5.5 7.01
      vertex 84.25 5.5 7
      vertex 83.75 5.5 7
    endloop
  endfacet
  facet normal 0 1 0
    outer loop
      vertex 7 5.5 43.50963054665561
      vertex 119 5.5 7.01
      vertex 84.25 5.5 7.01
    endloop
  endfacet
  facet normal 0 0 1
    outer loop
      vertex 84.25 5.5 7
      vertex 83.75 36.5 7
      vertex 83.75 5.5 7
    endloop
  endfacet
  facet normal -0.08257933616372483 0.996584493778003 0
    outer loop
      vertex 119 5.5 43.50963054665561
      vertex 119.24689188599586 5.5204580426216125 7.01
      vertex 119 5.5 7.01
    endloop
  endfacet
  facet normal -0.24548549108583023 0.9694002649403128 0
    outer loop
      vertex 119.24689188599586 5.5204580426216125 43.50963054665561
      vertex 119.48704920709133 5.581274136900902 7.01
      vertex 119.24689188599586 5.5204580426216125 7.01
    endloop
  endfacet
  facet normal -0.4016954292016562 0.9157733246598183 0
    outer loop
      vertex 119.48704920709133 5.581274136900902 43.50963054665561
      vertex 119.71392109245062 5.68078937381506 7.01
      vertex 119.48704920709133 5.581274136900902 7.01
    endloop
  endfacet
  facet normal -0.5469481722948649 0.8371664690032127 0
    outer loop
      vertex 119.71392109245062 5.68078937381506 43.50963054665561
      vertex 119.92131906747818 5.816289238631725 7.01
      vertex 119.71392109245062 5.68078937381506 7.01
    endloop
  endfacet
  facet normal -0.6772815505119756 0.7357239301097214 0
    outer loop
      vertex 119.92131906747818 5.816289238631725 43.50963054665561
      vertex 120.10358586907387 5.984077639877796 7.01
      vertex 119.92131906747818 5.816289238631725 7.01
    endloop
  endfacet
  facet normal -0.7891405158722793 0.6142127043694494 0
    outer loop
      vertex 120.10358586907387 5.984077639877796 43.50963054665561
      vertex 120.25574971735477 6.179577760398388 7.01
      vertex 120.10358586907387 5.984077639877796 7.01
    endloop
  endfacet
  facet normal -0.879473751188675 0.4759473930699913 0
    outer loop
      vertex 120.25574971735477 6.179577760398388 43.50963054665561
      vertex 120.3736599907279 6.3974568620324135 7.01
      vertex 120.25574971735477 6.179577760398388 7.01
    endloop
  endfacet
  facet normal -0.9458172398841561 0.3246994744959047 0
    outer loop
      vertex 120.3736599907279 6.3974568620324135 43.50963054665561
      vertex 120.45410040020943 6.631771765649319 7.01
      vertex 120.3736599907279 6.3974568620324135 7.01
    endloop
  endfacet
  facet normal -0.9863613029409789 0.1645945930478112 0
    outer loop
      vertex 120.45410040020943 6.631771765649319 43.50963054665561
      vertex 120.49487674236298 6.876130983233452 7.01
      vertex 120.45410040020943 6.631771765649319 7.01
    endloop
  endfacet
  facet normal -0.9991457593176161 0.041324951755865084 0
    outer loop
      vertex 120.49487674236298 6.876130983233452 43.50963054665561
      vertex 120.5 7 7.01
      vertex 120.49487674236298 6.876130983233452 7.01
    endloop
  endfacet
  facet normal -1 0 0
    outer loop
      vertex 120.5 7 43.50963054665561
      vertex 120.5 35 7.01
      vertex 120.5 7 7.01
    endloop
  endfacet
  facet normal 0 1 0
    outer loop
      vertex 7 5.5 43.50963054665561
      vertex 119 5.5 43.50963054665561
      vertex 119 5.5 7.01
    endloop
  endfacet
  facet normal -0.08257933616372483 0.996584493778003 0
    outer loop
      vertex 119 5.5 43.50963054665561
      vertex 119.24689188599586 5.5204580426216125 43.50963054665561
      vertex 119.24689188599586 5.5204580426216125 7.01
    endloop
  endfacet
  facet normal -0.24548549108583023 0.9694002649403128 0
    outer loop
      vertex 119.24689188599586 5.5204580426216125 43.50963054665561
      vertex 119.48704920709133 5.581274136900902 43.50963054665561
      vertex 119.48704920709133 5.581274136900902 7.01
    endloop
  endfacet
  facet normal -0.4016954292016562 0.9157733246598183 0
    outer loop
      vertex 119.48704920709133 5.581274136900902 43.50963054665561
      vertex 119.71392109245062 5.68078937381506 43.50963054665561
      vertex 119.71392109245062 5.68078937381506 7.01
    endloop
  endfacet
  facet normal -0.5469481722948649 0.8371664690032127 0
    outer loop
      vertex 119.71392109245062 5.68078937381506 43.50963054665561
      vertex 119.92131906747818 5.816289238631725 43.50963054665561
      vertex 119.92131906747818 5.816289238631725 7.01
    endloop
  endfacet
  facet normal -0.6772815505119756 0.7357239301097214 0
    outer loop
      vertex 119.92131906747818 5.816289238631725 43.50963054665561
      vertex 120.10358586907387 5.984077639877796 43.50963054665561
      vertex 120.10358586907387 5.984077639877796 7.01
    endloop
  endfacet
  facet normal -0.7891405158722793 0.6142127043694494 0
    outer loop
      vertex 120.10358586907387 5.984077639877796 43.50963054665561
      vertex 120.25574971735477 6.179577760398388 43.50963054665561
      vertex 120.25574971735477 6.179577760398388 7.01
    endloop
  endfacet
  facet normal -0.879473751188675 0.4759473930699913 0
    outer loop
      vertex 120.25574971735477 6.179577760398388 43.50963054665561
      vertex 120.3736599907279 6.3974568620324135 43.50963054665561
      vertex 120.3736599907279 6.3974568620324135 7.01
    endloop
  endfacet
  facet normal -0.9458172398841561 0.3246994744959047 0
    outer loop
      vertex 120.3736599907279 6.3974568620324135 43.50963054665561
      vertex 120.45410040020943 6.631771765649319 43.50963054665561
      vertex 120.45410040020943 6.631771765649319 7.01
    endloop
  endfacet
  facet normal -0.9863613029409789 0.1645945930478112 0
    outer loop
      vertex 120.45410040020943 6.631771765649319 43.50963054665561
      vertex 120.49487674236298 6.876130983233452 43.50963054665561
      vertex 120.49487674236298 6.876130983233452 7.01
    endloop
  endfacet
  facet normal -0.9991457593176161 0.041324951755865084 0
    outer loop
      vertex 120.49487674236298 6.876130983233452 43.50963054665561
      vertex 120.5 7 43.50963054665561
      vertex 120.5 7 7.01
    endloop
  endfacet
  facet normal 0 0 1
    outer loop
      vertex 84.25 5.5 7
      vertex 84.25 36.5 7
      vertex 83.75 36.5 7
    endloop
  endfacet
  facet normal 0 -1 0
    outer loop
      vertex 83.75 36.5 7.01
      vertex 83.75 36.5 7
      vertex 84.25 36.5 7
    endloop
  endfacet
  facet normal 0 -1 0
    outer loop
      vertex 83.75 36.5 7.01
      vertex 84.25 36.5 7
      vertex 84.25 36.5 7.01
    endloop
  endfacet
  facet normal 0 -1 0
    outer loop
      vertex 119 36.5 43.50963054665561
      vertex 41.75 36.5 7.01
      vertex 42.25 36.5 7.01
    endloop
  endfacet
  facet normal 0 -1 0
    outer loop
      vertex 119 36.5 43.50963054665561
      vertex 42.25 36.5 7.01
      vertex 83.75 36.5 7.01
    endloop
  endfacet
  facet normal 0 -1 0
    outer loop
      vertex 119 36.5 43.50963054665561
      vertex 83.75 36.5 7.01
      vertex 84.25 36.5 7.01
    endloop
  endfacet
  facet normal 0 -1 0
    outer loop
      vertex 119 36.5 43.50963054665561
      vertex 84.25 36.5 7.01
      vertex 119 36.5 7.01
    endloop
  endfacet
  facet normal -0.996584493778003 -0.08257933616372483 0
    outer loop
      vertex 120.5 35 43.50963054665561
      vertex 120.47954195737839 35.246891885995865 7.01
      vertex 120.5 35 7.01
    endloop
  endfacet
  facet normal -0.9694002649403128 -0.24548549108583023 0
    outer loop
      vertex 120.47954195737839 35.246891885995865 43.50963054665561
      vertex 120.4187258630991 35.48704920709133 7.01
      vertex 120.47954195737839 35.246891885995865 7.01
    endloop
  endfacet
  facet normal -0.041324951755865084 -0.9991457593176161 0
    outer loop
      vertex 119.12386901676655 36.494876742362976 43.50963054665561
      vertex 119 36.5 7.01
      vertex 119.12386901676655 36.494876742362976 7.01
    endloop
  endfacet
  facet normal -0.3246994744959047 -0.9458172398841561 0
    outer loop
      vertex 119.60254313796759 36.3736599907279 43.50963054665561
      vertex 119.36822823435068 36.45410040020943 7.01
      vertex 119.60254313796759 36.3736599907279 7.01
    endloop
  endfacet
  facet normal -0.6142127043694494 -0.7891405158722793 0
    outer loop
      vertex 120.0159223601222 36.10358586907387 43.50963054665561
      vertex 119.82042223960161 36.255749717354774 7.01
      vertex 120.0159223601222 36.10358586907387 7.01
    endloop
  endfacet
  facet normal -0.4759473930699913 -0.879473751188675 0
    outer loop
      vertex 119.82042223960161 36.255749717354774 43.50963054665561
      vertex 119.60254313796759 36.3736599907279 7.01
      vertex 119.82042223960161 36.255749717354774 7.01
    endloop
  endfacet
  facet normal -0.1645945930478112 -0.9863613029409789 0
    outer loop
      vertex 119.36822823435068 36.45410040020943 43.50963054665561
      vertex 119.12386901676655 36.494876742362976 7.01
      vertex 119.36822823435068 36.45410040020943 7.01
    endloop
  endfacet
  facet normal -0.9157733246598183 -0.4016954292016562 0
    outer loop
      vertex 120.4187258630991 35.48704920709133 43.50963054665561
      vertex 120.31921062618494 35.71392109245062 7.01
      vertex 120.4187258630991 35.48704920709133 7.01
    endloop
  endfacet
  facet normal -0.8371664690032127 -0.5469481722948649 0
    outer loop
      vertex 120.31921062618494 35.71392109245062 43.50963054665561
      vertex 120.18371076136827 35.92131906747818 7.01
      vertex 120.31921062618494 35.71392109245062 7.01
    endloop
  endfacet
  facet normal -0.7357239301097214 -0.6772815505119756 0
    outer loop
      vertex 120.18371076136827 35.92131906747818 43.50963054665561
      vertex 120.0159223601222 36.10358586907387 7.01
      vertex 120.18371076136827 35.92131906747818 7.01
    endloop
  endfacet
  facet normal -1 0 0
    outer loop
      vertex 120.5 7 43.50963054665561
      vertex 120.5 35 43.50963054665561
      vertex 120.5 35 7.01
    endloop
  endfacet
  facet normal -0.996584493778003 -0.08257933616372483 0
    outer loop
      vertex 120.5 35 43.50963054665561
      vertex 120.47954195737839 35.246891885995865 43.50963054665561
      vertex 120.47954195737839 35.246891885995865 7.01
    endloop
  endfacet
  facet normal -0.9694002649403128 -0.24548549108583023 0
    outer loop
      vertex 120.47954195737839 35.246891885995865 43.50963054665561
      vertex 120.4187258630991 35.48704920709133 43.50963054665561
      vertex 120.4187258630991 35.48704920709133 7.01
    endloop
  endfacet
  facet normal -0.7357239301097214 -0.6772815505119756 0
    outer loop
      vertex 120.0159223601222 36.10358586907387 43.50963054665561
      vertex 120.0159223601222 36.10358586907387 7.01
      vertex 120.18371076136827 35.92131906747818 43.50963054665561
    endloop
  endfacet
  facet normal -0.041324951755865084 -0.9991457593176161 0
    outer loop
      vertex 119 36.5 43.50963054665561
      vertex 119 36.5 7.01
      vertex 119.12386901676655 36.494876742362976 43.50963054665561
    endloop
  endfacet
  facet normal -0.6142127043694494 -0.7891405158722793 0
    outer loop
      vertex 119.82042223960161 36.255749717354774 43.50963054665561
      vertex 119.82042223960161 36.255749717354774 7.01
      vertex 120.0159223601222 36.10358586907387 43.50963054665561
    endloop
  endfacet
  facet normal -0.4759473930699913 -0.879473751188675 0
    outer loop
      vertex 119.82042223960161 36.255749717354774 43.50963054665561
      vertex 119.60254313796759 36.3736599907279 43.50963054665561
      vertex 119.60254313796759 36.3736599907279 7.01
    endloop
  endfacet
  facet normal -0.1645945930478112 -0.9863613029409789 0
    outer loop
      vertex 119.12386901676655 36.494876742362976 43.50963054665561
      vertex 119.12386901676655 36.494876742362976 7.01
      vertex 119.36822823435068 36.45410040020943 43.50963054665561
    endloop
  endfacet
  facet normal -0.3246994744959047 -0.9458172398841561 0
    outer loop
      vertex 119.60254313796759 36.3736599907279 43.50963054665561
      vertex 119.36822823435068 36.45410040020943 43.50963054665561
      vertex 119.36822823435068 36.45410040020943 7.01
    endloop
  endfacet
  facet normal -0.9157733246598183 -0.4016954292016562 0
    outer loop
      vertex 120.4187258630991 35.48704920709133 43.50963054665561
      vertex 120.31921062618494 35.71392109245062 43.50963054665561
      vertex 120.31921062618494 35.71392109245062 7.01
    endloop
  endfacet
  facet normal -0.8371664690032127 -0.5469481722948649 0
    outer loop
      vertex 120.31921062618494 35.71392109245062 43.50963054665561
      vertex 120.18371076136827 35.92131906747818 43.50963054665561
      vertex 120.18371076136827 35.92131906747818 7.01
    endloop
  endfacet
endsolid OpenSCAD_Model
