solid OpenSCAD_Model
  facet normal -0.13734150997370176 -0.6461410148159339 -0.7507590150046674
    outer loop
      vertex 3.9402159228920937 3.2022369652986526 0
      vertex 3.3488193303346634 0.3069709241390228 2.6
      vertex 3.0927928909659386 0.36139102280139923 2.6
    endloop
  endfacet
  facet normal -0.09203199542746929 -0.6548416775346022 -0.7501416460784632
    outer loop
      vertex 3.9402159228920937 3.2022369652986526 0
      vertex 3.6080182641744614 0.2705428898334503 2.6
      vertex 3.3488193303346634 0.3069709241390228 2.6
    endloop
  endfacet
  facet normal -0.04614305890705155 -0.6598766241261054 -0.7499557713936436
    outer loop
      vertex 3.9402159228920937 3.2022369652986526 0
      vertex 3.8691268861293793 0.252284400165081 2.6
      vertex 3.6080182641744614 0.2705428898334503 2.6
    endloop
  endfacet
  facet normal -0.011540544927629483 -0.6611569520653913 -0.7501588502166558
    outer loop
      vertex 4 3.2000000029802322 0
      vertex 4 0.25 2.6
      vertex 3.8691268861293793 0.252284400165081 2.6
    endloop
  endfacet
  facet normal -0.14690138878237063 -0.6436171015062688 -0.7511171736969406
    outer loop
      vertex 3.7077271789312363 3.255300998687744 0
      vertex 3.9402159228920937 3.2022369652986526 0
      vertex 3.0927928909659386 0.36139102280139923 2.6
    endloop
  endfacet
  facet normal -0.024720510651599845 -0.6606695619198683 -0.7502697023775742
    outer loop
      vertex 3.9402159228920937 3.2022369652986526 0
      vertex 4 3.2000000029802322 0
      vertex 3.8691268861293793 0.252284400165081 2.6
    endloop
  endfacet
  facet normal -0.3300375060053738 -0.5716417116387702 -0.7511997059001355
    outer loop
      vertex 3.501208156347275 3.3745348155498505 0
      vertex 3.7077271789312363 3.255300998687744 0
      vertex 2.125 0.7524047344923019 2.6
    endloop
  endfacet
  facet normal -0.35018455971527596 -0.5604124464310255 -0.7505389157280329
    outer loop
      vertex 3.501208156347275 3.3745348155498505 0
      vertex 2.125 0.7524047344923019 2.6
      vertex 1.9030266106128693 0.8911091014742851 2.6
    endloop
  endfacet
  facet normal -0.3887538560978599 -0.5350737850551673 -0.7500443213009356
    outer loop
      vertex 3.501208156347275 3.3745348155498505 0
      vertex 1.9030266106128693 0.8911091014742851 2.6
      vertex 1.691269464790821 1.0449596717953682 2.6
    endloop
  endfacet
  facet normal -0.42517691631556775 -0.5067061024661205 -0.7499823434961506
    outer loop
      vertex 3.501208156347275 3.3745348155498505 0
      vertex 1.691269464790821 1.0449596717953682 2.6
      vertex 1.4907602295279503 1.2132069021463394 2.6
    endloop
  endfacet
  facet normal -0.4909037739660256 -0.4420117500261441 -0.7507590142946927
    outer loop
      vertex 3.33900897949934 3.549343951046467 0
      vertex 1.3024757504463196 1.3950311094522476 2.6
      vertex 1.1273333355784416 1.5895464643836021 2.6
    endloop
  endfacet
  facet normal -0.45919457599114055 -0.47550990497178247 -0.7503536977013195
    outer loop
      vertex 3.501208156347275 3.3745348155498505 0
      vertex 1.4907602295279503 1.2132069021463394 2.6
      vertex 1.3024757504463196 1.3950311094522476 2.6
    endloop
  endfacet
  facet normal -0.5210935336051183 -0.40712288220621007 -0.750141645303765
    outer loop
      vertex 3.33900897949934 3.549343951046467 0
      vertex 1.1273333355784416 1.5895464643836021 2.6
      vertex 0.9661862701177597 1.7958053052425385 2.6
    endloop
  endfacet
  facet normal -0.5483983808383063 -0.3698993883885071 -0.7499557709383482
    outer loop
      vertex 3.33900897949934 3.549343951046467 0
      vertex 0.9661862701177597 1.7958053052425385 2.6
      vertex 0.8198196366429329 2.0128027573227882 2.6
    endloop
  endfacet
  facet normal -0.5726220421271676 -0.33060346704113863 -0.7502035353492351
    outer loop
      vertex 3.33900897949934 3.549343951046467 0
      vertex 0.8198196366429329 2.0128027573227882 2.6
      vertex 0.6889465302228928 2.239481642842293 2.6
    endloop
  endfacet
  facet normal -0.26901055082833886 -0.6042076135919919 -0.7500443208374448
    outer loop
      vertex 3.7077271789312363 3.255300998687744 0
      vertex 2.5952252745628357 0.5230605453252792 2.6
      vertex 2.356108196079731 0.6295223236083984 2.6
    endloop
  endfacet
  facet normal -0.18220637777348891 -0.6354291183366749 -0.7503536975777095
    outer loop
      vertex 3.7077271789312363 3.255300998687744 0
      vertex 3.0927928909659386 0.36139102280139923 2.6
      vertex 2.8411862701177597 0.4335380643606186 2.6
    endloop
  endfacet
  facet normal -0.2262319076404371 -0.621567059245122 -0.7499823430099802
    outer loop
      vertex 3.7077271789312363 3.255300998687744 0
      vertex 2.8411862701177597 0.4335380643606186 2.6
      vertex 2.5952252745628357 0.5230605453252792 2.6
    endloop
  endfacet
  facet normal -0.3102391400397355 -0.5834749456181296 -0.7505389155955379
    outer loop
      vertex 3.7077271789312363 3.255300998687744 0
      vertex 2.356108196079731 0.6295223236083984 2.6
      vertex 2.125 0.7524047344923019 2.6
    endloop
  endfacet
  facet normal -0.40673662966921503 -0.913545463611597 0
    outer loop
      vertex 2.5952252745628357 0.5230605453252792 2.6
      vertex 2.356108196079731 0.6295223236083984 4
      vertex 2.356108196079731 0.6295223236083984 2.6
    endloop
  endfacet
  facet normal -0.40673662966921503 -0.913545463611597 0
    outer loop
      vertex 2.5952252745628357 0.5230605453252792 2.6
      vertex 2.5952252745628357 0.5230605453252792 4
      vertex 2.356108196079731 0.6295223236083984 4
    endloop
  endfacet
  facet normal -0.46947157259700467 -0.882947587642265 0
    outer loop
      vertex 2.125 0.7524047344923019 2.6
      vertex 2.356108196079731 0.6295223236083984 2.6
      vertex 2.125 0.7524047344923019 4
    endloop
  endfacet
  facet normal -0.5299192615254839 -0.8480480978483979 0
    outer loop
      vertex 2.125 0.7524047344923019 2.6
      vertex 1.9030266106128693 0.8911091014742851 4
      vertex 1.9030266106128693 0.8911091014742851 2.6
    endloop
  endfacet
  facet normal -0.5877852479723605 -0.8090169975136928 0
    outer loop
      vertex 1.9030266106128693 0.8911091014742851 2.6
      vertex 1.9030266106128693 0.8911091014742851 4
      vertex 1.691269464790821 1.0449596717953682 4
    endloop
  endfacet
  facet normal -0.46947157259700467 -0.882947587642265 0
    outer loop
      vertex 2.356108196079731 0.6295223236083984 2.6
      vertex 2.356108196079731 0.6295223236083984 4
      vertex 2.125 0.7524047344923019 4
    endloop
  endfacet
  facet normal -0.5299192615254839 -0.8480480978483979 0
    outer loop
      vertex 2.125 0.7524047344923019 2.6
      vertex 2.125 0.7524047344923019 4
      vertex 1.9030266106128693 0.8911091014742851 4
    endloop
  endfacet
  facet normal -0.5877852479723605 -0.8090169975136928 0
    outer loop
      vertex 1.9030266106128693 0.8911091014742851 2.6
      vertex 1.691269464790821 1.0449596717953682 4
      vertex 1.691269464790821 1.0449596717953682 2.6
    endloop
  endfacet
  facet normal -0.6427876208834568 -0.7660444337236486 0
    outer loop
      vertex 1.4907602295279503 1.2132069021463394 2.6
      vertex 1.691269464790821 1.0449596717953682 2.6
      vertex 1.4907602295279503 1.2132069021463394 4
    endloop
  endfacet
  facet normal -0.6427876208834568 -0.7660444337236486 0
    outer loop
      vertex 1.691269464790821 1.0449596717953682 2.6
      vertex 1.691269464790821 1.0449596717953682 4
      vertex 1.4907602295279503 1.2132069021463394 4
    endloop
  endfacet
  facet normal -0.6946583692459235 -0.7193398015101028 0
    outer loop
      vertex 1.4907602295279503 1.2132069021463394 2.6
      vertex 1.4907602295279503 1.2132069021463394 4
      vertex 1.3024757504463196 1.3950311094522476 4
    endloop
  endfacet
  facet normal -0.13917310017239254 -0.9902680688522706 0
    outer loop
      vertex 3.3488193303346634 0.3069709241390228 2.6
      vertex 3.6080182641744614 0.2705428898334503 2.6
      vertex 3.3488193303346634 0.3069709241390228 4
    endloop
  endfacet
  facet normal -0.06975645916039604 -0.9975640512796179 0
    outer loop
      vertex 3.6080182641744614 0.2705428898334503 2.6
      vertex 3.8691268861293793 0.252284400165081 2.6
      vertex 3.6080182641744614 0.2705428898334503 4
    endloop
  endfacet
  facet normal -0.017452417627068444 -0.9998476949610728 0
    outer loop
      vertex 3.8691268861293793 0.252284400165081 2.6
      vertex 4 0.25 2.6
      vertex 3.8691268861293793 0.252284400165081 4
    endloop
  endfacet
  facet normal -0.20791168721191458 -0.9781476015002516 0
    outer loop
      vertex 3.3488193303346634 0.3069709241390228 2.6
      vertex 3.3488193303346634 0.3069709241390228 4
      vertex 3.0927928909659386 0.36139102280139923 4
    endloop
  endfacet
  facet normal -0.13917310017239254 -0.9902680688522706 0
    outer loop
      vertex 3.6080182641744614 0.2705428898334503 2.6
      vertex 3.6080182641744614 0.2705428898334503 4
      vertex 3.3488193303346634 0.3069709241390228 4
    endloop
  endfacet
  facet normal -0.06975645916039604 -0.9975640512796179 0
    outer loop
      vertex 3.8691268861293793 0.252284400165081 2.6
      vertex 3.8691268861293793 0.252284400165081 4
      vertex 3.6080182641744614 0.2705428898334503 4
    endloop
  endfacet
  facet normal -0.27563736995428795 -0.9612616918845166 0
    outer loop
      vertex 2.8411862701177597 0.4335380643606186 2.6
      vertex 3.0927928909659386 0.36139102280139923 2.6
      vertex 2.8411862701177597 0.4335380643606186 4
    endloop
  endfacet
  facet normal -0.20791168721191458 -0.9781476015002516 0
    outer loop
      vertex 3.0927928909659386 0.36139102280139923 2.6
      vertex 3.3488193303346634 0.3069709241390228 2.6
      vertex 3.0927928909659386 0.36139102280139923 4
    endloop
  endfacet
  facet normal -0.34202014262459324 -0.939692621041079 0
    outer loop
      vertex 2.8411862701177597 0.4335380643606186 2.6
      vertex 2.5952252745628357 0.5230605453252792 4
      vertex 2.5952252745628357 0.5230605453252792 2.6
    endloop
  endfacet
  facet normal -0.34202014262459324 -0.939692621041079 0
    outer loop
      vertex 2.8411862701177597 0.4335380643606186 2.6
      vertex 2.8411862701177597 0.4335380643606186 4
      vertex 2.5952252745628357 0.5230605453252792 4
    endloop
  endfacet
  facet normal -0.27563736995428795 -0.9612616918845166 0
    outer loop
      vertex 3.0927928909659386 0.36139102280139923 2.6
      vertex 3.0927928909659386 0.36139102280139923 4
      vertex 2.8411862701177597 0.4335380643606186 4
    endloop
  endfacet
  facet normal -0.017452417627068444 -0.9998476949610728 0
    outer loop
      vertex 4 0.25 2.6
      vertex 4 0.25 4
      vertex 3.8691268861293793 0.252284400165081 4
    endloop
  endfacet
  facet normal -0.743144820519614 -0.6691306118650311 0
    outer loop
      vertex 1.3024757504463196 1.3950311094522476 2.6
      vertex 1.1273333355784416 1.5895464643836021 4
      vertex 1.1273333355784416 1.5895464643836021 2.6
    endloop
  endfacet
  facet normal -0.743144820519614 -0.6691306118650311 0
    outer loop
      vertex 1.3024757504463196 1.3950311094522476 2.6
      vertex 1.3024757504463196 1.3950311094522476 4
      vertex 1.1273333355784416 1.5895464643836021 4
    endloop
  endfacet
  facet normal -0.7880107577629124 -0.615661470005977 0
    outer loop
      vertex 1.1273333355784416 1.5895464643836021 2.6
      vertex 0.9661862701177597 1.7958053052425385 4
      vertex 0.9661862701177597 1.7958053052425385 2.6
    endloop
  endfacet
  facet normal -0.8290375656234816 -0.559192913747207 0
    outer loop
      vertex 0.9661862701177597 1.7958053052425385 2.6
      vertex 0.8198196366429329 2.0128027573227882 4
      vertex 0.8198196366429329 2.0128027573227882 2.6
    endloop
  endfacet
  facet normal -0.7880107577629124 -0.615661470005977 0
    outer loop
      vertex 1.1273333355784416 1.5895464643836021 2.6
      vertex 1.1273333355784416 1.5895464643836021 4
      vertex 0.9661862701177597 1.7958053052425385 4
    endloop
  endfacet
  facet normal -0.8290375656234816 -0.559192913747207 0
    outer loop
      vertex 0.9661862701177597 1.7958053052425385 2.6
      vertex 0.9661862701177597 1.7958053052425385 4
      vertex 0.8198196366429329 2.0128027573227882 4
    endloop
  endfacet
  facet normal -0.6946583692459235 -0.7193398015101028 0
    outer loop
      vertex 1.4907602295279503 1.2132069021463394 2.6
      vertex 1.3024757504463196 1.3950311094522476 4
      vertex 1.3024757504463196 1.3950311094522476 2.6
    endloop
  endfacet
  facet normal -0.8660254189285214 -0.4999999737696784 0
    outer loop
      vertex 0.8198196366429329 2.0128027573227882 2.6
      vertex 0.6889465302228928 2.239481642842293 4
      vertex 0.6889465302228928 2.239481642842293 2.6
    endloop
  endfacet
  facet normal -0.8660254189285214 -0.4999999737696784 0
    outer loop
      vertex 0.8198196366429329 2.0128027573227882 2.6
      vertex 0.8198196366429329 2.0128027573227882 4
      vertex 0.6889465302228928 2.239481642842293 4
    endloop
  endfacet
  facet normal -0.8987940420057225 -0.438371155591943 0
    outer loop
      vertex 0.6889465302228928 2.239481642842293 2.6
      vertex 0.5742045342922211 2.4747375920414925 4
      vertex 0.5742045342922211 2.4747375920414925 2.6
    endloop
  endfacet
  facet normal -0.8987940420057225 -0.438371155591943 0
    outer loop
      vertex 0.6889465302228928 2.239481642842293 2.6
      vertex 0.6889465302228928 2.239481642842293 4
      vertex 0.5742045342922211 2.4747375920414925 4
    endloop
  endfacet
  facet normal -0.9271838523025517 -0.37460659902009175 0
    outer loop
      vertex 0.5742045342922211 2.4747375920414925 2.6
      vertex 0.5742045342922211 2.4747375920414925 4
      vertex 0.4761526733636856 2.7174244597554207 4
    endloop
  endfacet
  facet normal -0.5948974174167716 -0.286487497430482 -0.7510139656270547
    outer loop
      vertex 3.33900897949934 3.549343951046467 0
      vertex 0.5742045342922211 2.4747375920414925 2.6
      vertex 3.2355417534708977 3.7641958594322205 0
    endloop
  endfacet
  facet normal -0.652725721776262 -0.09838255887429205 -0.7511790760138385
    outer loop
      vertex 3.2355417534708977 3.7641958594322205 0
      vertex 0.28649473935365677 3.478100873529911 2.6
      vertex 3.2000000029802322 4 0
    endloop
  endfacet
  facet normal -0.4839380527972963 -0.44902889992630385 -0.7511171733396427
    outer loop
      vertex 3.501208156347275 3.3745348155498505 0
      vertex 1.3024757504463196 1.3950311094522476 2.6
      vertex 3.33900897949934 3.549343951046467 0
    endloop
  endfacet
  facet normal 0 0 -1
    outer loop
      vertex 3.9402159228920937 3.2022369652986526 0
      vertex 3.2355417534708977 3.7641958594322205 0
      vertex 4 3.2000000029802322 0
    endloop
  endfacet
  facet normal 0 0 -1
    outer loop
      vertex 3.7077271789312363 3.255300998687744 0
      vertex 3.2355417534708977 3.7641958594322205 0
      vertex 3.9402159228920937 3.2022369652986526 0
    endloop
  endfacet
  facet normal 0 0 -1
    outer loop
      vertex 3.501208156347275 3.3745348155498505 0
      vertex 3.2355417534708977 3.7641958594322205 0
      vertex 3.7077271789312363 3.255300998687744 0
    endloop
  endfacet
  facet normal 0 0 -1
    outer loop
      vertex 3.501208156347275 3.3745348155498505 0
      vertex 3.33900897949934 3.549343951046467 0
      vertex 3.2355417534708977 3.7641958594322205 0
    endloop
  endfacet
  facet normal -0.593596208234837 -0.28951622240197766 -0.7508820803130895
    outer loop
      vertex 3.33900897949934 3.549343951046467 0
      vertex 0.6889465302228928 2.239481642842293 2.6
      vertex 0.5742045342922211 2.4747375920414925 2.6
    endloop
  endfacet
  facet normal -0.6129860525499159 -0.2476624456112128 -0.7502742248092661
    outer loop
      vertex 3.2355417534708977 3.7641958594322205 0
      vertex 0.5742045342922211 2.4747375920414925 2.6
      vertex 0.4761526733636856 2.7174244597554207 2.6
    endloop
  endfacet
  facet normal -0.6291028982933601 -0.20440792258277643 -0.7499646288621136
    outer loop
      vertex 3.2355417534708977 3.7641958594322205 0
      vertex 0.4761526733636856 2.7174244597554207 2.6
      vertex 0.39526864141225815 2.9663599133491516 2.6
    endloop
  endfacet
  facet normal -0.6506685687698543 -0.11473043774754481 -0.7506446164925489
    outer loop
      vertex 3.2355417534708977 3.7641958594322205 0
      vertex 0.33194649964571 3.220331162214279 2.6
      vertex 0.28649473935365677 3.478100873529911 2.6
    endloop
  endfacet
  facet normal -0.6573157055259183 -0.06908665162944173 -0.7504419350193569
    outer loop
      vertex 3.2000000029802322 4 0
      vertex 0.28649473935365677 3.478100873529911 2.6
      vertex 0.25913481414318085 3.7384132221341133 2.6
    endloop
  endfacet
  facet normal -0.6610248009930202 -0.02308350120127349 -0.7500089095766989
    outer loop
      vertex 3.2000000029802322 4 0
      vertex 0.25913481414318085 3.7384132221341133 2.6
      vertex 0.25 4 2.6
    endloop
  endfacet
  facet normal -0.6416928406221822 -0.1599919880932484 -0.7500885694637698
    outer loop
      vertex 3.2355417534708977 3.7641958594322205 0
      vertex 0.39526864141225815 2.9663599133491516 2.6
      vertex 0.33194649964571 3.220331162214279 2.6
    endloop
  endfacet
  facet normal -0.9271838523025517 -0.37460659902009175 0
    outer loop
      vertex 0.5742045342922211 2.4747375920414925 2.6
      vertex 0.4761526733636856 2.7174244597554207 4
      vertex 0.4761526733636856 2.7174244597554207 2.6
    endloop
  endfacet
  facet normal -0.9510565163084571 -0.3090169943340034 0
    outer loop
      vertex 0.4761526733636856 2.7174244597554207 2.6
      vertex 0.39526864141225815 2.9663599133491516 4
      vertex 0.39526864141225815 2.9663599133491516 2.6
    endloop
  endfacet
  facet normal -0.9510565163084571 -0.3090169943340034 0
    outer loop
      vertex 0.4761526733636856 2.7174244597554207 2.6
      vertex 0.4761526733636856 2.7174244597554207 4
      vertex 0.39526864141225815 2.9663599133491516 4
    endloop
  endfacet
  facet normal -0.9702957285113611 -0.24192188663410924 0
    outer loop
      vertex 0.39526864141225815 2.9663599133491516 2.6
      vertex 0.33194649964571 3.220331162214279 4
      vertex 0.33194649964571 3.220331162214279 2.6
    endloop
  endfacet
  facet normal -0.9702957285113611 -0.24192188663410924 0
    outer loop
      vertex 0.39526864141225815 2.9663599133491516 2.6
      vertex 0.39526864141225815 2.9663599133491516 4
      vertex 0.33194649964571 3.220331162214279 4
    endloop
  endfacet
  facet normal -0.9848077494987413 -0.1736481975927896 0
    outer loop
      vertex 0.33194649964571 3.220331162214279 2.6
      vertex 0.28649473935365677 3.478100873529911 4
      vertex 0.28649473935365677 3.478100873529911 2.6
    endloop
  endfacet
  facet normal -0.9848077494987413 -0.1736481975927896 0
    outer loop
      vertex 0.33194649964571 3.220331162214279 2.6
      vertex 0.33194649964571 3.220331162214279 4
      vertex 0.28649473935365677 3.478100873529911 4
    endloop
  endfacet
  facet normal -0.9945218974016594 -0.10452844392127603 0
    outer loop
      vertex 0.28649473935365677 3.478100873529911 2.6
      vertex 0.28649473935365677 3.478100873529911 4
      vertex 0.25913481414318085 3.7384132221341133 4
    endloop
  endfacet
  facet normal -0.9945218974016594 -0.10452844392127603 0
    outer loop
      vertex 0.28649473935365677 3.478100873529911 2.6
      vertex 0.25913481414318085 3.7384132221341133 4
      vertex 0.25913481414318085 3.7384132221341133 2.6
    endloop
  endfacet
  facet normal -0.9993908266764729 -0.03489950651393371 0
    outer loop
      vertex 0.25913481414318085 3.7384132221341133 2.6
      vertex 0.25 4 4
      vertex 0.25 4 2.6
    endloop
  endfacet
  facet normal -0.9993908266764729 -0.03489950651393371 0
    outer loop
      vertex 0.25913481414318085 3.7384132221341133 2.6
      vertex 0.25913481414318085 3.7384132221341133 4
      vertex 0.25 4 4
    endloop
  endfacet
  facet normal 0 -0.6612009842860757 -0.7502088098517137
    outer loop
      vertex 4 3.2000000029802322 0
      vertex 38 3.2000000029802322 0
      vertex 4 0.25 2.6
    endloop
  endfacet
  facet normal 0 -1 0
    outer loop
      vertex 4 0.25 2.6
      vertex 38 0.25 2.6
      vertex 4 0.25 4
    endloop
  endfacet
  facet normal 0 0 -1
    outer loop
      vertex 4 3.2000000029802322 0
      vertex 3.2355417534708977 3.7641958594322205 0
      vertex 38 3.2000000029802322 0
    endloop
  endfacet
  facet normal 2.0261951996587174e-18 -0.6612009842860757 -0.7502088098517137
    outer loop
      vertex 38 3.2000000029802322 0
      vertex 38 0.25 2.6
      vertex 4 0.25 2.6
    endloop
  endfacet
  facet normal 0 -1 0
    outer loop
      vertex 38 0.25 2.6
      vertex 38 0.25 4
      vertex 4 0.25 4
    endloop
  endfacet
  facet normal 0 0 -1
    outer loop
      vertex 3.2355417534708977 3.7641958594322205 0
      vertex 38.23580414056778 3.2355417534708977 0
      vertex 38 3.2000000029802322 0
    endloop
  endfacet
  facet normal 0 0 -1
    outer loop
      vertex 3.2355417534708977 3.7641958594322205 0
      vertex 38.45065604895353 3.33900897949934 0
      vertex 38.23580414056778 3.2355417534708977 0
    endloop
  endfacet
  facet normal 0 0 -1
    outer loop
      vertex 3.2355417534708977 3.7641958594322205 0
      vertex 38.62546518445015 3.501208156347275 0
      vertex 38.45065604895353 3.33900897949934 0
    endloop
  endfacet
  facet normal 0 0 -1
    outer loop
      vertex 3.2355417534708977 3.7641958594322205 0
      vertex 38.744699001312256 3.7077271789312363 0
      vertex 38.62546518445015 3.501208156347275 0
    endloop
  endfacet
  facet normal 0 0 -1
    outer loop
      vertex 3.2355417534708977 3.7641958594322205 0
      vertex 38.79776303470135 3.9402159228920937 0
      vertex 38.744699001312256 3.7077271789312363 0
    endloop
  endfacet
  facet normal 0 0 -1
    outer loop
      vertex 3.2355417534708977 3.7641958594322205 0
      vertex 38.79999999701977 4 0
      vertex 38.79776303470135 3.9402159228920937 0
    endloop
  endfacet
  facet normal 0.02308350120127333 -0.6610248009930202 -0.7500089095766989
    outer loop
      vertex 38 3.2000000029802322 0
      vertex 38.26158677786589 0.25913481414318085 2.6
      vertex 38 0.25 2.6
    endloop
  endfacet
  facet normal 0.0690866516294414 -0.6573157055259183 -0.7504419350193569
    outer loop
      vertex 38 3.2000000029802322 0
      vertex 38.52189912647009 0.28649473935365677 2.6
      vertex 38.26158677786589 0.25913481414318085 2.6
    endloop
  endfacet
  facet normal 0.11473043774754482 -0.6506685687698543 -0.7506446164925489
    outer loop
      vertex 38.23580414056778 3.2355417534708977 0
      vertex 38.77966883778572 0.33194649964571 2.6
      vertex 38.52189912647009 0.28649473935365677 2.6
    endloop
  endfacet
  facet normal 0.09838255887429205 -0.652725721776262 -0.7511790760138385
    outer loop
      vertex 38 3.2000000029802322 0
      vertex 38.23580414056778 3.2355417534708977 0
      vertex 38.52189912647009 0.28649473935365677 2.6
    endloop
  endfacet
  facet normal 0.286487497430482 -0.5948974174167716 -0.7510139656270547
    outer loop
      vertex 38.23580414056778 3.2355417534708977 0
      vertex 38.45065604895353 3.33900897949934 0
      vertex 39.52526240795851 0.5742045342922211 2.6
    endloop
  endfacet
  facet normal 0.15999198809324827 -0.6416928406221822 -0.7500885694637698
    outer loop
      vertex 38.23580414056778 3.2355417534708977 0
      vertex 39.03364008665085 0.39526864141225815 2.6
      vertex 38.77966883778572 0.33194649964571 2.6
    endloop
  endfacet
  facet normal 0.20440792258277624 -0.6291028982933601 -0.7499646288621137
    outer loop
      vertex 38.23580414056778 3.2355417534708977 0
      vertex 39.28257554024458 0.4761526733636856 2.6
      vertex 39.03364008665085 0.39526864141225815 2.6
    endloop
  endfacet
  facet normal 0.2476624456112128 -0.612986052549916 -0.7502742248092659
    outer loop
      vertex 38.23580414056778 3.2355417534708977 0
      vertex 39.52526240795851 0.5742045342922211 2.6
      vertex 39.28257554024458 0.4761526733636856 2.6
    endloop
  endfacet
  facet normal 0.28951622240197755 -0.5935962082348373 -0.7508820803130892
    outer loop
      vertex 38.45065604895353 3.33900897949934 0
      vertex 39.76051835715771 0.6889465302228928 2.6
      vertex 39.52526240795851 0.5742045342922211 2.6
    endloop
  endfacet
  facet normal 0.3306034670411384 -0.5726220421271677 -0.7502035353492352
    outer loop
      vertex 38.45065604895353 3.33900897949934 0
      vertex 39.98719724267721 0.8198196366429329 2.6
      vertex 39.76051835715771 0.6889465302228928 2.6
    endloop
  endfacet
  facet normal 0.36989938838850717 -0.5483983808383065 -0.7499557709383481
    outer loop
      vertex 38.45065604895353 3.33900897949934 0
      vertex 40.20419469475746 0.9661862701177597 2.6
      vertex 39.98719724267721 0.8198196366429329 2.6
    endloop
  endfacet
  facet normal 0.4071228822062101 -0.5210935336051186 -0.7501416453037648
    outer loop
      vertex 38.45065604895353 3.33900897949934 0
      vertex 40.4104535356164 1.1273333355784416 2.6
      vertex 40.20419469475746 0.9661862701177597 2.6
    endloop
  endfacet
  facet normal 0.44201175002614423 -0.49090377396602536 -0.7507590142946928
    outer loop
      vertex 38.45065604895353 3.33900897949934 0
      vertex 40.60496889054775 1.3024757504463196 2.6
      vertex 40.4104535356164 1.1273333355784416 2.6
    endloop
  endfacet
  facet normal 0.47550990497178275 -0.45919457599114016 -0.7503536977013194
    outer loop
      vertex 38.62546518445015 3.501208156347275 0
      vertex 40.78679309785366 1.4907602295279503 2.6
      vertex 40.60496889054775 1.3024757504463196 2.6
    endloop
  endfacet
  facet normal 0.5067061024661204 -0.42517691631556814 -0.7499823434961506
    outer loop
      vertex 38.62546518445015 3.501208156347275 0
      vertex 40.95504032820463 1.691269464790821 2.6
      vertex 40.78679309785366 1.4907602295279503 2.6
    endloop
  endfacet
  facet normal 0.5350737850551668 -0.3887538560978602 -0.7500443213009357
    outer loop
      vertex 38.62546518445015 3.501208156347275 0
      vertex 41.108890898525715 1.9030266106128693 2.6
      vertex 40.95504032820463 1.691269464790821 2.6
    endloop
  endfacet
  facet normal 0.5604124464310254 -0.3501845597152763 -0.7505389157280328
    outer loop
      vertex 38.62546518445015 3.501208156347275 0
      vertex 41.2475952655077 2.125 2.6
      vertex 41.108890898525715 1.9030266106128693 2.6
    endloop
  endfacet
  facet normal 0.03489950651393371 -0.9993908266764729 0
    outer loop
      vertex 38 0.25 2.6
      vertex 38.26158677786589 0.25913481414318085 2.6
      vertex 38 0.25 4
    endloop
  endfacet
  facet normal 0.10452844392127603 -0.9945218974016594 0
    outer loop
      vertex 38.26158677786589 0.25913481414318085 2.6
      vertex 38.52189912647009 0.28649473935365677 2.6
      vertex 38.26158677786589 0.25913481414318085 4
    endloop
  endfacet
  facet normal 0.1736481975927896 -0.9848077494987413 0
    outer loop
      vertex 38.52189912647009 0.28649473935365677 2.6
      vertex 38.77966883778572 0.33194649964571 2.6
      vertex 38.52189912647009 0.28649473935365677 4
    endloop
  endfacet
  facet normal 0.03489950651393371 -0.9993908266764729 0
    outer loop
      vertex 38.26158677786589 0.25913481414318085 2.6
      vertex 38.26158677786589 0.25913481414318085 4
      vertex 38 0.25 4
    endloop
  endfacet
  facet normal 0.10452844392127603 -0.9945218974016594 0
    outer loop
      vertex 38.52189912647009 0.28649473935365677 2.6
      vertex 38.52189912647009 0.28649473935365677 4
      vertex 38.26158677786589 0.25913481414318085 4
    endloop
  endfacet
  facet normal 0.1736481975927896 -0.9848077494987413 0
    outer loop
      vertex 38.77966883778572 0.33194649964571 2.6
      vertex 38.77966883778572 0.33194649964571 4
      vertex 38.52189912647009 0.28649473935365677 4
    endloop
  endfacet
  facet normal 0.24192188663410924 -0.9702957285113611 0
    outer loop
      vertex 38.77966883778572 0.33194649964571 2.6
      vertex 39.03364008665085 0.39526864141225815 2.6
      vertex 38.77966883778572 0.33194649964571 4
    endloop
  endfacet
  facet normal 0.3090169943340034 -0.9510565163084571 0
    outer loop
      vertex 39.03364008665085 0.39526864141225815 2.6
      vertex 39.28257554024458 0.4761526733636856 2.6
      vertex 39.03364008665085 0.39526864141225815 4
    endloop
  endfacet
  facet normal 0.37460659902009175 -0.9271838523025517 0
    outer loop
      vertex 39.28257554024458 0.4761526733636856 2.6
      vertex 39.52526240795851 0.5742045342922211 2.6
      vertex 39.28257554024458 0.4761526733636856 4
    endloop
  endfacet
  facet normal 0.24192188663410924 -0.9702957285113611 0
    outer loop
      vertex 39.03364008665085 0.39526864141225815 2.6
      vertex 39.03364008665085 0.39526864141225815 4
      vertex 38.77966883778572 0.33194649964571 4
    endloop
  endfacet
  facet normal 0.3090169943340034 -0.9510565163084571 0
    outer loop
      vertex 39.28257554024458 0.4761526733636856 2.6
      vertex 39.28257554024458 0.4761526733636856 4
      vertex 39.03364008665085 0.39526864141225815 4
    endloop
  endfacet
  facet normal 0.438371155591943 -0.8987940420057225 0
    outer loop
      vertex 39.52526240795851 0.5742045342922211 2.6
      vertex 39.76051835715771 0.6889465302228928 2.6
      vertex 39.52526240795851 0.5742045342922211 4
    endloop
  endfacet
  facet normal 0.37460659902009175 -0.9271838523025517 0
    outer loop
      vertex 39.52526240795851 0.5742045342922211 2.6
      vertex 39.52526240795851 0.5742045342922211 4
      vertex 39.28257554024458 0.4761526733636856 4
    endloop
  endfacet
  facet normal 0.438371155591943 -0.8987940420057225 0
    outer loop
      vertex 39.76051835715771 0.6889465302228928 2.6
      vertex 39.76051835715771 0.6889465302228928 4
      vertex 39.52526240795851 0.5742045342922211 4
    endloop
  endfacet
  facet normal 0.4999999737696784 -0.8660254189285214 0
    outer loop
      vertex 39.76051835715771 0.6889465302228928 2.6
      vertex 39.98719724267721 0.8198196366429329 2.6
      vertex 39.76051835715771 0.6889465302228928 4
    endloop
  endfacet
  facet normal 0.559192913747207 -0.8290375656234816 0
    outer loop
      vertex 39.98719724267721 0.8198196366429329 2.6
      vertex 40.20419469475746 0.9661862701177597 2.6
      vertex 39.98719724267721 0.8198196366429329 4
    endloop
  endfacet
  facet normal 0.4999999737696784 -0.8660254189285214 0
    outer loop
      vertex 39.98719724267721 0.8198196366429329 2.6
      vertex 39.98719724267721 0.8198196366429329 4
      vertex 39.76051835715771 0.6889465302228928 4
    endloop
  endfacet
  facet normal 0.559192913747207 -0.8290375656234816 0
    outer loop
      vertex 40.20419469475746 0.9661862701177597 2.6
      vertex 40.20419469475746 0.9661862701177597 4
      vertex 39.98719724267721 0.8198196366429329 4
    endloop
  endfacet
  facet normal 0.615661470005977 -0.7880107577629124 0
    outer loop
      vertex 40.20419469475746 0.9661862701177597 2.6
      vertex 40.4104535356164 1.1273333355784416 2.6
      vertex 40.20419469475746 0.9661862701177597 4
    endloop
  endfacet
  facet normal 0.6691306118650311 -0.743144820519614 0
    outer loop
      vertex 40.4104535356164 1.1273333355784416 2.6
      vertex 40.60496889054775 1.3024757504463196 2.6
      vertex 40.4104535356164 1.1273333355784416 4
    endloop
  endfacet
  facet normal 0.615661470005977 -0.7880107577629124 0
    outer loop
      vertex 40.4104535356164 1.1273333355784416 2.6
      vertex 40.4104535356164 1.1273333355784416 4
      vertex 40.20419469475746 0.9661862701177597 4
    endloop
  endfacet
  facet normal 0.6691306118650311 -0.743144820519614 0
    outer loop
      vertex 40.60496889054775 1.3024757504463196 2.6
      vertex 40.60496889054775 1.3024757504463196 4
      vertex 40.4104535356164 1.1273333355784416 4
    endloop
  endfacet
  facet normal 0.7193398015101028 -0.6946583692459235 0
    outer loop
      vertex 40.60496889054775 1.3024757504463196 2.6
      vertex 40.78679309785366 1.4907602295279503 2.6
      vertex 40.60496889054775 1.3024757504463196 4
    endloop
  endfacet
  facet normal 0.7660444337236486 -0.6427876208834568 0
    outer loop
      vertex 40.78679309785366 1.4907602295279503 2.6
      vertex 40.95504032820463 1.691269464790821 2.6
      vertex 40.78679309785366 1.4907602295279503 4
    endloop
  endfacet
  facet normal 0.7193398015101028 -0.6946583692459235 0
    outer loop
      vertex 40.78679309785366 1.4907602295279503 2.6
      vertex 40.78679309785366 1.4907602295279503 4
      vertex 40.60496889054775 1.3024757504463196 4
    endloop
  endfacet
  facet normal 0.7660444337236486 -0.6427876208834568 0
    outer loop
      vertex 40.95504032820463 1.691269464790821 2.6
      vertex 40.95504032820463 1.691269464790821 4
      vertex 40.78679309785366 1.4907602295279503 4
    endloop
  endfacet
  facet normal 0.8090169975136928 -0.5877852479723605 0
    outer loop
      vertex 40.95504032820463 1.691269464790821 2.6
      vertex 41.108890898525715 1.9030266106128693 2.6
      vertex 40.95504032820463 1.691269464790821 4
    endloop
  endfacet
  facet normal 0.8090169975136928 -0.5877852479723605 0
    outer loop
      vertex 41.108890898525715 1.9030266106128693 2.6
      vertex 41.108890898525715 1.9030266106128693 4
      vertex 40.95504032820463 1.691269464790821 4
    endloop
  endfacet
  facet normal 0.8480480978483979 -0.5299192615254839 0
    outer loop
      vertex 41.108890898525715 1.9030266106128693 2.6
      vertex 41.2475952655077 2.125 2.6
      vertex 41.108890898525715 1.9030266106128693 4
    endloop
  endfacet
  facet normal 0.882947587642265 -0.46947157259700467 0
    outer loop
      vertex 41.2475952655077 2.125 2.6
      vertex 41.3704776763916 2.356108196079731 2.6
      vertex 41.2475952655077 2.125 4
    endloop
  endfacet
  facet normal 0.8480480978483979 -0.5299192615254839 0
    outer loop
      vertex 41.2475952655077 2.125 2.6
      vertex 41.2475952655077 2.125 4
      vertex 41.108890898525715 1.9030266106128693 4
    endloop
  endfacet
  facet normal 0.882947587642265 -0.46947157259700467 0
    outer loop
      vertex 41.3704776763916 2.356108196079731 2.6
      vertex 41.3704776763916 2.356108196079731 4
      vertex 41.2475952655077 2.125 4
    endloop
  endfacet
  facet normal 0.913545463611597 -0.40673662966921503 0
    outer loop
      vertex 41.3704776763916 2.356108196079731 2.6
      vertex 41.47693945467472 2.5952252745628357 2.6
      vertex 41.3704776763916 2.356108196079731 4
    endloop
  endfacet
  facet normal 0.913545463611597 -0.40673662966921503 0
    outer loop
      vertex 41.47693945467472 2.5952252745628357 2.6
      vertex 41.47693945467472 2.5952252745628357 4
      vertex 41.3704776763916 2.356108196079731 4
    endloop
  endfacet
  facet normal 0.44902889992630385 -0.4839380527972963 -0.7511171733396427
    outer loop
      vertex 38.45065604895353 3.33900897949934 0
      vertex 38.62546518445015 3.501208156347275 0
      vertex 40.60496889054775 1.3024757504463196 2.6
    endloop
  endfacet
  facet normal 0.5716417116387702 -0.3300375060053738 -0.7511997059001355
    outer loop
      vertex 38.62546518445015 3.501208156347275 0
      vertex 38.744699001312256 3.7077271789312363 0
      vertex 41.2475952655077 2.125 2.6
    endloop
  endfacet
  facet normal 0.6436171015062688 -0.14690138878237063 -0.7511171736969406
    outer loop
      vertex 38.744699001312256 3.7077271789312363 0
      vertex 38.79776303470135 3.9402159228920937 0
      vertex 41.6386089771986 3.0927928909659386 2.6
    endloop
  endfacet
  facet normal 0.6606695619198683 -0.024720510651599845 -0.7502697023775742
    outer loop
      vertex 38.79776303470135 3.9402159228920937 0
      vertex 38.79999999701977 4 0
      vertex 41.74771559983492 3.8691268861293793 2.6
    endloop
  endfacet
  facet normal 0.5834749456181297 -0.3102391400397356 -0.750538915595538
    outer loop
      vertex 38.744699001312256 3.7077271789312363 0
      vertex 41.3704776763916 2.356108196079731 2.6
      vertex 41.2475952655077 2.125 2.6
    endloop
  endfacet
  facet normal 0.6042076135919919 -0.269010550828339 -0.7500443208374447
    outer loop
      vertex 38.744699001312256 3.7077271789312363 0
      vertex 41.47693945467472 2.5952252745628357 2.6
      vertex 41.3704776763916 2.356108196079731 2.6
    endloop
  endfacet
  facet normal 0.621567059245122 -0.22623190764043685 -0.7499823430099802
    outer loop
      vertex 38.744699001312256 3.7077271789312363 0
      vertex 41.56646193563938 2.8411862701177597 2.6
      vertex 41.47693945467472 2.5952252745628357 2.6
    endloop
  endfacet
  facet normal 0.6354291183366749 -0.1822063777734888 -0.7503536975777096
    outer loop
      vertex 38.744699001312256 3.7077271789312363 0
      vertex 41.6386089771986 3.0927928909659386 2.6
      vertex 41.56646193563938 2.8411862701177597 2.6
    endloop
  endfacet
  facet normal 0.6461410148159342 -0.1373415099737018 -0.7507590150046672
    outer loop
      vertex 38.79776303470135 3.9402159228920937 0
      vertex 41.69302907586098 3.3488193303346634 2.6
      vertex 41.6386089771986 3.0927928909659386 2.6
    endloop
  endfacet
  facet normal 0.6548416775346021 -0.09203199542746929 -0.7501416460784631
    outer loop
      vertex 38.79776303470135 3.9402159228920937 0
      vertex 41.72945711016655 3.6080182641744614 2.6
      vertex 41.69302907586098 3.3488193303346634 2.6
    endloop
  endfacet
  facet normal 0.6598766241261053 -0.04614305890705173 -0.7499557713936437
    outer loop
      vertex 38.79776303470135 3.9402159228920937 0
      vertex 41.74771559983492 3.8691268861293793 2.6
      vertex 41.72945711016655 3.6080182641744614 2.6
    endloop
  endfacet
  facet normal 0.6611569520653913 -0.011540544927629846 -0.7501588502166558
    outer loop
      vertex 38.79999999701977 4 0
      vertex 41.75 4 2.6
      vertex 41.74771559983492 3.8691268861293793 2.6
    endloop
  endfacet
  facet normal 0.939692621041079 -0.34202014262459324 0
    outer loop
      vertex 41.47693945467472 2.5952252745628357 2.6
      vertex 41.56646193563938 2.8411862701177597 2.6
      vertex 41.47693945467472 2.5952252745628357 4
    endloop
  endfacet
  facet normal 0.9612616918845166 -0.27563736995428795 0
    outer loop
      vertex 41.56646193563938 2.8411862701177597 2.6
      vertex 41.6386089771986 3.0927928909659386 2.6
      vertex 41.56646193563938 2.8411862701177597 4
    endloop
  endfacet
  facet normal 0.939692621041079 -0.34202014262459324 0
    outer loop
      vertex 41.56646193563938 2.8411862701177597 2.6
      vertex 41.56646193563938 2.8411862701177597 4
      vertex 41.47693945467472 2.5952252745628357 4
    endloop
  endfacet
  facet normal 0.9781476015002516 -0.20791168721191458 0
    outer loop
      vertex 41.6386089771986 3.0927928909659386 2.6
      vertex 41.69302907586098 3.3488193303346634 2.6
      vertex 41.6386089771986 3.0927928909659386 4
    endloop
  endfacet
  facet normal 0.9612616918845166 -0.27563736995428795 0
    outer loop
      vertex 41.6386089771986 3.0927928909659386 2.6
      vertex 41.6386089771986 3.0927928909659386 4
      vertex 41.56646193563938 2.8411862701177597 4
    endloop
  endfacet
  facet normal 0.9781476015002516 -0.20791168721191458 0
    outer loop
      vertex 41.69302907586098 3.3488193303346634 2.6
      vertex 41.69302907586098 3.3488193303346634 4
      vertex 41.6386089771986 3.0927928909659386 4
    endloop
  endfacet
  facet normal 0.9902680688522706 -0.13917310017239254 0
    outer loop
      vertex 41.69302907586098 3.3488193303346634 2.6
      vertex 41.72945711016655 3.6080182641744614 2.6
      vertex 41.69302907586098 3.3488193303346634 4
    endloop
  endfacet
  facet normal 0.9902680688522706 -0.13917310017239254 0
    outer loop
      vertex 41.72945711016655 3.6080182641744614 2.6
      vertex 41.72945711016655 3.6080182641744614 4
      vertex 41.69302907586098 3.3488193303346634 4
    endloop
  endfacet
  facet normal 0.9975640512796179 -0.06975645916039604 0
    outer loop
      vertex 41.72945711016655 3.6080182641744614 2.6
      vertex 41.74771559983492 3.8691268861293793 2.6
      vertex 41.72945711016655 3.6080182641744614 4
    endloop
  endfacet
  facet normal 0.9998476949610728 -0.017452417627068444 0
    outer loop
      vertex 41.74771559983492 3.8691268861293793 2.6
      vertex 41.75 4 2.6
      vertex 41.74771559983492 3.8691268861293793 4
    endloop
  endfacet
  facet normal 0.9975640512796179 -0.06975645916039604 0
    outer loop
      vertex 41.74771559983492 3.8691268861293793 2.6
      vertex 41.74771559983492 3.8691268861293793 4
      vertex 41.72945711016655 3.6080182641744614 4
    endloop
  endfacet
  facet normal 0.9998476949610728 -0.017452417627068444 0
    outer loop
      vertex 41.75 4 2.6
      vertex 41.75 4 4
      vertex 41.74771559983492 3.8691268861293793 4
    endloop
  endfacet
  facet normal 0 0 -1
    outer loop
      vertex 3.2355417534708977 3.7641958594322205 0
      vertex 3.2000000029802322 4 0
      vertex 3.2000000029802322 38 0
    endloop
  endfacet
  facet normal -0.6612009842860757 2.0261951996587174e-18 -0.7502088098517137
    outer loop
      vertex 3.2000000029802322 4 0
      vertex 0.25 4 2.6
      vertex 0.25 38 2.6
    endloop
  endfacet
  facet normal -1 0 0
    outer loop
      vertex 0.25 4 2.6
      vertex 0.25 4 4
      vertex 0.25 38 4
    endloop
  endfacet
  facet normal 0 0 1
    outer loop
      vertex 6.631771765649319 5.545899599790573 7.01
      vertex 6.876130983233452 5.505123257637024 7.01
      vertex 6.07868093252182 36.183710761368275 7.01
    endloop
  endfacet
  facet normal 0 0 1
    outer loop
      vertex 6.876130983233452 5.505123257637024 7.01
      vertex 7 5.5 7.01
      vertex 6.07868093252182 36.183710761368275 7.01
    endloop
  endfacet
  facet normal 0 0 1
    outer loop
      vertex 41.75 5.5 7.01
      vertex 6.07868093252182 36.183710761368275 7.01
      vertex 7 5.5 7.01
    endloop
  endfacet
  facet normal 0 0 1
    outer loop
      vertex 5.816289238631725 6.07868093252182 7.01
      vertex 5.984077639877796 5.896414130926132 7.01
      vertex 5.896414130926132 36.015922360122204 7.01
    endloop
  endfacet
  facet normal 0 0 1
    outer loop
      vertex 5.68078937381506 6.286078907549381 7.01
      vertex 5.816289238631725 6.07868093252182 7.01
      vertex 5.7442502826452255 35.82042223960161 7.01
    endloop
  endfacet
  facet normal 0 0 1
    outer loop
      vertex 6.179577760398388 5.7442502826452255 7.01
      vertex 6.3974568620324135 5.6263400092720985 7.01
      vertex 6.07868093252182 36.183710761368275 7.01
    endloop
  endfacet
  facet normal 0 0 1
    outer loop
      vertex 6.3974568620324135 5.6263400092720985 7.01
      vertex 6.631771765649319 5.545899599790573 7.01
      vertex 6.07868093252182 36.183710761368275 7.01
    endloop
  endfacet
  facet normal 0 0 1
    outer loop
      vertex 5.984077639877796 5.896414130926132 7.01
      vertex 6.179577760398388 5.7442502826452255 7.01
      vertex 6.07868093252182 36.183710761368275 7.01
    endloop
  endfacet
  facet normal 0 0 1
    outer loop
      vertex 5.5204580426216125 6.753108114004135 7.01
      vertex 5.581274136900902 6.5129507929086685 7.01
      vertex 5.545899599790573 35.36822823435068 7.01
    endloop
  endfacet
  facet normal 0 0 1
    outer loop
      vertex 5.581274136900902 6.5129507929086685 7.01
      vertex 5.68078937381506 6.286078907549381 7.01
      vertex 5.6263400092720985 35.60254313796759 7.01
    endloop
  endfacet
  facet normal 0 0 1
    outer loop
      vertex 5.5 7 7.01
      vertex 5.5204580426216125 6.753108114004135 7.01
      vertex 5.505123257637024 35.12386901676655 7.01
    endloop
  endfacet
  facet normal 0 0 -1
    outer loop
      vertex 3.2355417534708977 3.7641958594322205 0
      vertex 38.79999999701977 38 0
      vertex 38.79999999701977 4 0
    endloop
  endfacet
  facet normal 0.6612009842860757 0 -0.7502088098517137
    outer loop
      vertex 38.79999999701977 4 0
      vertex 38.79999999701977 38 0
      vertex 41.75 4 2.6
    endloop
  endfacet
  facet normal 1 0 0
    outer loop
      vertex 41.75 4 2.6
      vertex 41.75 38 2.6
      vertex 41.75 4 4
    endloop
  endfacet
  facet normal 1 0 0
    outer loop
      vertex 41.75 5.5 7.01
      vertex 41.75 5.5 7
      vertex 41.75 36.5 7
    endloop
  endfacet
  facet normal 0 0 1
    outer loop
      vertex 5.5 7 7.01
      vertex 5.505123257637024 35.12386901676655 7.01
      vertex 5.5 35 7.01
    endloop
  endfacet
  facet normal 0 0 1
    outer loop
      vertex 5.5204580426216125 6.753108114004135 7.01
      vertex 5.545899599790573 35.36822823435068 7.01
      vertex 5.505123257637024 35.12386901676655 7.01
    endloop
  endfacet
  facet normal 0 0 1
    outer loop
      vertex 5.581274136900902 6.5129507929086685 7.01
      vertex 5.6263400092720985 35.60254313796759 7.01
      vertex 5.545899599790573 35.36822823435068 7.01
    endloop
  endfacet
  facet normal 0 0 1
    outer loop
      vertex 5.68078937381506 6.286078907549381 7.01
      vertex 5.7442502826452255 35.82042223960161 7.01
      vertex 5.6263400092720985 35.60254313796759 7.01
    endloop
  endfacet
  facet normal 0 0 1
    outer loop
      vertex 5.816289238631725 6.07868093252182 7.01
      vertex 5.896414130926132 36.015922360122204 7.01
      vertex 5.7442502826452255 35.82042223960161 7.01
    endloop
  endfacet
  facet normal 0 0 1
    outer loop
      vertex 5.984077639877796 5.896414130926132 7.01
      vertex 6.07868093252182 36.183710761368275 7.01
      vertex 5.896414130926132 36.015922360122204 7.01
    endloop
  endfacet
  facet normal 0 0 1
    outer loop
      vertex 41.75 5.5 7.01
      vertex 6.286078907549381 36.31921062618494 7.01
      vertex 6.07868093252182 36.183710761368275 7.01
    endloop
  endfacet
  facet normal 0 0 1
    outer loop
      vertex 41.75 5.5 7.01
      vertex 6.5129507929086685 36.4187258630991 7.01
      vertex 6.286078907549381 36.31921062618494 7.01
    endloop
  endfacet
  facet normal 0 0 1
    outer loop
      vertex 41.75 5.5 7.01
      vertex 6.753108114004135 36.47954195737839 7.01
      vertex 6.5129507929086685 36.4187258630991 7.01
    endloop
  endfacet
  facet normal 0 0 1
    outer loop
      vertex 41.75 5.5 7.01
      vertex 7 36.5 7.01
      vertex 6.753108114004135 36.47954195737839 7.01
    endloop
  endfacet
  facet normal -0.6612009842860757 0 -0.7502088098517137
    outer loop
      vertex 3.2000000029802322 4 0
      vertex 0.25 38 2.6
      vertex 3.2000000029802322 38 0
    endloop
  endfacet
  facet normal 0 0 -1
    outer loop
      vertex 3.2355417534708977 3.7641958594322205 0
      vertex 3.2000000029802322 38 0
      vertex 3.2022369652986526 38.059784077107906 0
    endloop
  endfacet
  facet normal 0 0 -1
    outer loop
      vertex 3.2355417534708977 3.7641958594322205 0
      vertex 3.2022369652986526 38.059784077107906 0
      vertex 3.255300998687744 38.292272821068764 0
    endloop
  endfacet
  facet normal 0 0 -1
    outer loop
      vertex 3.2355417534708977 3.7641958594322205 0
      vertex 3.255300998687744 38.292272821068764 0
      vertex 3.3745348155498505 38.498791843652725 0
    endloop
  endfacet
  facet normal 0 0 -1
    outer loop
      vertex 3.2355417534708977 3.7641958594322205 0
      vertex 3.3745348155498505 38.498791843652725 0
      vertex 3.549343951046467 38.66099102050066 0
    endloop
  endfacet
  facet normal 0 0 -1
    outer loop
      vertex 3.2355417534708977 3.7641958594322205 0
      vertex 3.549343951046467 38.66099102050066 0
      vertex 3.7641958594322205 38.7644582465291 0
    endloop
  endfacet
  facet normal 0 0 -1
    outer loop
      vertex 3.2355417534708977 3.7641958594322205 0
      vertex 3.7641958594322205 38.7644582465291 0
      vertex 4 38.79999999701977 0
    endloop
  endfacet
  facet normal -1 0 0
    outer loop
      vertex 0.25 4 2.6
      vertex 0.25 38 4
      vertex 0.25 38 2.6
    endloop
  endfacet
  facet normal 0 0 -1
    outer loop
      vertex 3.2355417534708977 3.7641958594322205 0
      vertex 4 38.79999999701977 0
      vertex 38 38.79999999701977 0
    endloop
  endfacet
  facet normal 0 0 1
    outer loop
      vertex 41.75 5.5 7.01
      vertex 41.75 36.5 7.01
      vertex 7 36.5 7.01
    endloop
  endfacet
  facet normal 1 0 0
    outer loop
      vertex 41.75 5.5 7.01
      vertex 41.75 36.5 7
      vertex 41.75 36.5 7.01
    endloop
  endfacet
  facet normal 0 0 -1
    outer loop
      vertex 3.2355417534708977 3.7641958594322205 0
      vertex 38.66099102050066 38.45065604895353 0
      vertex 38.7644582465291 38.23580414056778 0
    endloop
  endfacet
  facet normal 0 0 -1
    outer loop
      vertex 3.2355417534708977 3.7641958594322205 0
      vertex 38.7644582465291 38.23580414056778 0
      vertex 38.79999999701977 38 0
    endloop
  endfacet
  facet normal 0 0 -1
    outer loop
      vertex 3.2355417534708977 3.7641958594322205 0
      vertex 38.498791843652725 38.62546518445015 0
      vertex 38.66099102050066 38.45065604895353 0
    endloop
  endfacet
  facet normal 0 0 -1
    outer loop
      vertex 3.2355417534708977 3.7641958594322205 0
      vertex 38.292272821068764 38.744699001312256 0
      vertex 38.498791843652725 38.62546518445015 0
    endloop
  endfacet
  facet normal 0 0 -1
    outer loop
      vertex 3.2355417534708977 3.7641958594322205 0
      vertex 38.059784077107906 38.79776303470135 0
      vertex 38.292272821068764 38.744699001312256 0
    endloop
  endfacet
  facet normal 0 0 -1
    outer loop
      vertex 3.2355417534708977 3.7641958594322205 0
      vertex 38 38.79999999701977 0
      vertex 38.059784077107906 38.79776303470135 0
    endloop
  endfacet
  facet normal 0.6612009842860757 0 -0.7502088098517137
    outer loop
      vertex 41.75 4 2.6
      vertex 38.79999999701977 38 0
      vertex 41.75 38 2.6
    endloop
  endfacet
  facet normal 1 0 0
    outer loop
      vertex 41.75 38 2.6
      vertex 41.75 38 4
      vertex 41.75 4 4
    endloop
  endfacet
  facet normal -0.6611569520653913 0.011540544927629846 -0.7501588502166558
    outer loop
      vertex 3.2000000029802322 38 0
      vertex 0.25 38 2.6
      vertex 0.252284400165081 38.13087311387062 2.6
    endloop
  endfacet
  facet normal -0.6606695619198683 0.024720510651599845 -0.7502697023775742
    outer loop
      vertex 3.2000000029802322 38 0
      vertex 0.252284400165081 38.13087311387062 2.6
      vertex 3.2022369652986526 38.059784077107906 0
    endloop
  endfacet
  facet normal -0.6436171015062688 0.14690138878237063 -0.7511171736969406
    outer loop
      vertex 3.2022369652986526 38.059784077107906 0
      vertex 0.36139102280139923 38.90720710903406 2.6
      vertex 3.255300998687744 38.292272821068764 0
    endloop
  endfacet
  facet normal -0.5716417116387702 0.3300375060053738 -0.7511997059001355
    outer loop
      vertex 3.255300998687744 38.292272821068764 0
      vertex 0.7524047344923019 39.875 2.6
      vertex 3.3745348155498505 38.498791843652725 0
    endloop
  endfacet
  facet normal -0.44902889992630385 0.4839380527972963 -0.7511171733396427
    outer loop
      vertex 3.3745348155498505 38.498791843652725 0
      vertex 1.3950311094522476 40.69752424955368 2.6
      vertex 3.549343951046467 38.66099102050066 0
    endloop
  endfacet
  facet normal -0.6598766241261053 0.04614305890705173 -0.7499557713936437
    outer loop
      vertex 3.2022369652986526 38.059784077107906 0
      vertex 0.252284400165081 38.13087311387062 2.6
      vertex 0.2705428898334503 38.39198173582554 2.6
    endloop
  endfacet
  facet normal -0.6548416775346021 0.09203199542746929 -0.7501416460784631
    outer loop
      vertex 3.2022369652986526 38.059784077107906 0
      vertex 0.2705428898334503 38.39198173582554 2.6
      vertex 0.3069709241390228 38.65118066966534 2.6
    endloop
  endfacet
  facet normal -0.6461410148159342 0.1373415099737018 -0.7507590150046672
    outer loop
      vertex 3.2022369652986526 38.059784077107906 0
      vertex 0.3069709241390228 38.65118066966534 2.6
      vertex 0.36139102280139923 38.90720710903406 2.6
    endloop
  endfacet
  facet normal -0.6354291183366749 0.1822063777734888 -0.7503536975777096
    outer loop
      vertex 3.255300998687744 38.292272821068764 0
      vertex 0.36139102280139923 38.90720710903406 2.6
      vertex 0.4335380643606186 39.15881372988224 2.6
    endloop
  endfacet
  facet normal -0.621567059245122 0.22623190764043685 -0.7499823430099802
    outer loop
      vertex 3.255300998687744 38.292272821068764 0
      vertex 0.4335380643606186 39.15881372988224 2.6
      vertex 0.5230605453252792 39.404774725437164 2.6
    endloop
  endfacet
  facet normal -0.6042076135919919 0.269010550828339 -0.7500443208374447
    outer loop
      vertex 3.255300998687744 38.292272821068764 0
      vertex 0.5230605453252792 39.404774725437164 2.6
      vertex 0.6295223236083984 39.64389180392027 2.6
    endloop
  endfacet
  facet normal -0.5834749456181297 0.3102391400397356 -0.750538915595538
    outer loop
      vertex 3.255300998687744 38.292272821068764 0
      vertex 0.6295223236083984 39.64389180392027 2.6
      vertex 0.7524047344923019 39.875 2.6
    endloop
  endfacet
  facet normal -0.9998476949610728 0.017452417627068444 0
    outer loop
      vertex 0.25 38 2.6
      vertex 0.25 38 4
      vertex 0.252284400165081 38.13087311387062 4
    endloop
  endfacet
  facet normal -0.9998476949610728 0.017452417627068444 0
    outer loop
      vertex 0.25 38 2.6
      vertex 0.252284400165081 38.13087311387062 4
      vertex 0.252284400165081 38.13087311387062 2.6
    endloop
  endfacet
  facet normal -0.9975640512796179 0.06975645916039604 0
    outer loop
      vertex 0.252284400165081 38.13087311387062 2.6
      vertex 0.2705428898334503 38.39198173582554 4
      vertex 0.2705428898334503 38.39198173582554 2.6
    endloop
  endfacet
  facet normal -0.9975640512796179 0.06975645916039604 0
    outer loop
      vertex 0.252284400165081 38.13087311387062 2.6
      vertex 0.252284400165081 38.13087311387062 4
      vertex 0.2705428898334503 38.39198173582554 4
    endloop
  endfacet
  facet normal -0.9902680688522706 0.13917310017239254 0
    outer loop
      vertex 0.2705428898334503 38.39198173582554 2.6
      vertex 0.3069709241390228 38.65118066966534 4
      vertex 0.3069709241390228 38.65118066966534 2.6
    endloop
  endfacet
  facet normal -0.9902680688522706 0.13917310017239254 0
    outer loop
      vertex 0.2705428898334503 38.39198173582554 2.6
      vertex 0.2705428898334503 38.39198173582554 4
      vertex 0.3069709241390228 38.65118066966534 4
    endloop
  endfacet
  facet normal -0.9781476015002516 0.20791168721191458 0
    outer loop
      vertex 0.3069709241390228 38.65118066966534 2.6
      vertex 0.36139102280139923 38.90720710903406 4
      vertex 0.36139102280139923 38.90720710903406 2.6
    endloop
  endfacet
  facet normal -0.9781476015002516 0.20791168721191458 0
    outer loop
      vertex 0.3069709241390228 38.65118066966534 2.6
      vertex 0.3069709241390228 38.65118066966534 4
      vertex 0.36139102280139923 38.90720710903406 4
    endloop
  endfacet
  facet normal -0.9612616918845166 0.27563736995428795 0
    outer loop
      vertex 0.36139102280139923 38.90720710903406 2.6
      vertex 0.36139102280139923 38.90720710903406 4
      vertex 0.4335380643606186 39.15881372988224 4
    endloop
  endfacet
  facet normal -0.9612616918845166 0.27563736995428795 0
    outer loop
      vertex 0.36139102280139923 38.90720710903406 2.6
      vertex 0.4335380643606186 39.15881372988224 4
      vertex 0.4335380643606186 39.15881372988224 2.6
    endloop
  endfacet
  facet normal -0.939692621041079 0.34202014262459324 0
    outer loop
      vertex 0.4335380643606186 39.15881372988224 2.6
      vertex 0.5230605453252792 39.404774725437164 4
      vertex 0.5230605453252792 39.404774725437164 2.6
    endloop
  endfacet
  facet normal -0.939692621041079 0.34202014262459324 0
    outer loop
      vertex 0.4335380643606186 39.15881372988224 2.6
      vertex 0.4335380643606186 39.15881372988224 4
      vertex 0.5230605453252792 39.404774725437164 4
    endloop
  endfacet
  facet normal -0.286487497430482 0.5948974174167716 -0.7510139656270547
    outer loop
      vertex 3.549343951046467 38.66099102050066 0
      vertex 2.4747375920414925 41.42579546570778 2.6
      vertex 3.7641958594322205 38.7644582465291 0
    endloop
  endfacet
  facet normal -0.09838255887429205 0.652725721776262 -0.7511790760138385
    outer loop
      vertex 3.7641958594322205 38.7644582465291 0
      vertex 3.478100873529911 41.71350526064634 2.6
      vertex 4 38.79999999701977 0
    endloop
  endfacet
  facet normal -0.5604124464310254 0.3501845597152763 -0.7505389157280328
    outer loop
      vertex 3.3745348155498505 38.498791843652725 0
      vertex 0.7524047344923019 39.875 2.6
      vertex 0.8911091014742851 40.09697338938713 2.6
    endloop
  endfacet
  facet normal -0.5350737850551668 0.3887538560978602 -0.7500443213009357
    outer loop
      vertex 3.3745348155498505 38.498791843652725 0
      vertex 0.8911091014742851 40.09697338938713 2.6
      vertex 1.0449596717953682 40.30873053520918 2.6
    endloop
  endfacet
  facet normal -0.5067061024661204 0.42517691631556814 -0.7499823434961506
    outer loop
      vertex 3.3745348155498505 38.498791843652725 0
      vertex 1.0449596717953682 40.30873053520918 2.6
      vertex 1.2132069021463394 40.50923977047205 2.6
    endloop
  endfacet
  facet normal -0.47550990497178275 0.45919457599114016 -0.7503536977013194
    outer loop
      vertex 3.3745348155498505 38.498791843652725 0
      vertex 1.2132069021463394 40.50923977047205 2.6
      vertex 1.3950311094522476 40.69752424955368 2.6
    endloop
  endfacet
  facet normal -0.44201175002614423 0.49090377396602536 -0.7507590142946928
    outer loop
      vertex 3.549343951046467 38.66099102050066 0
      vertex 1.3950311094522476 40.69752424955368 2.6
      vertex 1.5895464643836021 40.87266666442156 2.6
    endloop
  endfacet
  facet normal -0.4071228822062101 0.5210935336051186 -0.7501416453037648
    outer loop
      vertex 3.549343951046467 38.66099102050066 0
      vertex 1.5895464643836021 40.87266666442156 2.6
      vertex 1.7958053052425385 41.03381372988224 2.6
    endloop
  endfacet
  facet normal -0.36989938838850717 0.5483983808383065 -0.7499557709383481
    outer loop
      vertex 3.549343951046467 38.66099102050066 0
      vertex 1.7958053052425385 41.03381372988224 2.6
      vertex 2.0128027573227882 41.18018036335707 2.6
    endloop
  endfacet
  facet normal -0.3306034670411384 0.5726220421271677 -0.7502035353492352
    outer loop
      vertex 3.549343951046467 38.66099102050066 0
      vertex 2.0128027573227882 41.18018036335707 2.6
      vertex 2.239481642842293 41.31105346977711 2.6
    endloop
  endfacet
  facet normal -0.28951622240197755 0.5935962082348373 -0.7508820803130892
    outer loop
      vertex 3.549343951046467 38.66099102050066 0
      vertex 2.239481642842293 41.31105346977711 2.6
      vertex 2.4747375920414925 41.42579546570778 2.6
    endloop
  endfacet
  facet normal -0.2476624456112128 0.612986052549916 -0.7502742248092659
    outer loop
      vertex 3.7641958594322205 38.7644582465291 0
      vertex 2.4747375920414925 41.42579546570778 2.6
      vertex 2.7174244597554207 41.523847326636314 2.6
    endloop
  endfacet
  facet normal -0.20440792258277624 0.6291028982933601 -0.7499646288621137
    outer loop
      vertex 3.7641958594322205 38.7644582465291 0
      vertex 2.7174244597554207 41.523847326636314 2.6
      vertex 2.9663599133491516 41.60473135858774 2.6
    endloop
  endfacet
  facet normal -0.15999198809324827 0.6416928406221822 -0.7500885694637698
    outer loop
      vertex 3.7641958594322205 38.7644582465291 0
      vertex 2.9663599133491516 41.60473135858774 2.6
      vertex 3.220331162214279 41.66805350035429 2.6
    endloop
  endfacet
  facet normal -0.11473043774754482 0.6506685687698543 -0.7506446164925489
    outer loop
      vertex 3.7641958594322205 38.7644582465291 0
      vertex 3.220331162214279 41.66805350035429 2.6
      vertex 3.478100873529911 41.71350526064634 2.6
    endloop
  endfacet
  facet normal -0.0690866516294414 0.6573157055259183 -0.7504419350193569
    outer loop
      vertex 4 38.79999999701977 0
      vertex 3.478100873529911 41.71350526064634 2.6
      vertex 3.7384132221341133 41.74086518585682 2.6
    endloop
  endfacet
  facet normal -0.02308350120127333 0.6610248009930202 -0.7500089095766989
    outer loop
      vertex 4 38.79999999701977 0
      vertex 3.7384132221341133 41.74086518585682 2.6
      vertex 4 41.75 2.6
    endloop
  endfacet
  facet normal -0.913545463611597 0.40673662966921503 0
    outer loop
      vertex 0.5230605453252792 39.404774725437164 2.6
      vertex 0.6295223236083984 39.64389180392027 4
      vertex 0.6295223236083984 39.64389180392027 2.6
    endloop
  endfacet
  facet normal -0.913545463611597 0.40673662966921503 0
    outer loop
      vertex 0.5230605453252792 39.404774725437164 2.6
      vertex 0.5230605453252792 39.404774725437164 4
      vertex 0.6295223236083984 39.64389180392027 4
    endloop
  endfacet
  facet normal -0.882947587642265 0.46947157259700467 0
    outer loop
      vertex 0.6295223236083984 39.64389180392027 2.6
      vertex 0.7524047344923019 39.875 4
      vertex 0.7524047344923019 39.875 2.6
    endloop
  endfacet
  facet normal -0.8480480978483979 0.5299192615254839 0
    outer loop
      vertex 0.7524047344923019 39.875 2.6
      vertex 0.8911091014742851 40.09697338938713 4
      vertex 0.8911091014742851 40.09697338938713 2.6
    endloop
  endfacet
  facet normal -0.882947587642265 0.46947157259700467 0
    outer loop
      vertex 0.6295223236083984 39.64389180392027 2.6
      vertex 0.6295223236083984 39.64389180392027 4
      vertex 0.7524047344923019 39.875 4
    endloop
  endfacet
  facet normal -0.8480480978483979 0.5299192615254839 0
    outer loop
      vertex 0.7524047344923019 39.875 2.6
      vertex 0.7524047344923019 39.875 4
      vertex 0.8911091014742851 40.09697338938713 4
    endloop
  endfacet
  facet normal -0.8090169975136928 0.5877852479723605 0
    outer loop
      vertex 0.8911091014742851 40.09697338938713 2.6
      vertex 1.0449596717953682 40.30873053520918 4
      vertex 1.0449596717953682 40.30873053520918 2.6
    endloop
  endfacet
  facet normal -0.8090169975136928 0.5877852479723605 0
    outer loop
      vertex 0.8911091014742851 40.09697338938713 2.6
      vertex 0.8911091014742851 40.09697338938713 4
      vertex 1.0449596717953682 40.30873053520918 4
    endloop
  endfacet
  facet normal -0.7660444337236486 0.6427876208834568 0
    outer loop
      vertex 1.0449596717953682 40.30873053520918 2.6
      vertex 1.2132069021463394 40.50923977047205 4
      vertex 1.2132069021463394 40.50923977047205 2.6
    endloop
  endfacet
  facet normal -0.7660444337236486 0.6427876208834568 0
    outer loop
      vertex 1.0449596717953682 40.30873053520918 2.6
      vertex 1.0449596717953682 40.30873053520918 4
      vertex 1.2132069021463394 40.50923977047205 4
    endloop
  endfacet
  facet normal -0.7193398015101028 0.6946583692459235 0
    outer loop
      vertex 1.2132069021463394 40.50923977047205 2.6
      vertex 1.2132069021463394 40.50923977047205 4
      vertex 1.3950311094522476 40.69752424955368 4
    endloop
  endfacet
  facet normal -0.7193398015101028 0.6946583692459235 0
    outer loop
      vertex 1.2132069021463394 40.50923977047205 2.6
      vertex 1.3950311094522476 40.69752424955368 4
      vertex 1.3950311094522476 40.69752424955368 2.6
    endloop
  endfacet
  facet normal -0.6691306118650311 0.743144820519614 0
    outer loop
      vertex 1.3950311094522476 40.69752424955368 2.6
      vertex 1.5895464643836021 40.87266666442156 4
      vertex 1.5895464643836021 40.87266666442156 2.6
    endloop
  endfacet
  facet normal -0.615661470005977 0.7880107577629124 0
    outer loop
      vertex 1.5895464643836021 40.87266666442156 2.6
      vertex 1.7958053052425385 41.03381372988224 4
      vertex 1.7958053052425385 41.03381372988224 2.6
    endloop
  endfacet
  facet normal -0.6691306118650311 0.743144820519614 0
    outer loop
      vertex 1.3950311094522476 40.69752424955368 2.6
      vertex 1.3950311094522476 40.69752424955368 4
      vertex 1.5895464643836021 40.87266666442156 4
    endloop
  endfacet
  facet normal -0.615661470005977 0.7880107577629124 0
    outer loop
      vertex 1.5895464643836021 40.87266666442156 2.6
      vertex 1.5895464643836021 40.87266666442156 4
      vertex 1.7958053052425385 41.03381372988224 4
    endloop
  endfacet
  facet normal -0.559192913747207 0.8290375656234816 0
    outer loop
      vertex 1.7958053052425385 41.03381372988224 2.6
      vertex 2.0128027573227882 41.18018036335707 4
      vertex 2.0128027573227882 41.18018036335707 2.6
    endloop
  endfacet
  facet normal -0.4999999737696784 0.8660254189285214 0
    outer loop
      vertex 2.0128027573227882 41.18018036335707 2.6
      vertex 2.239481642842293 41.31105346977711 4
      vertex 2.239481642842293 41.31105346977711 2.6
    endloop
  endfacet
  facet normal -0.559192913747207 0.8290375656234816 0
    outer loop
      vertex 1.7958053052425385 41.03381372988224 2.6
      vertex 1.7958053052425385 41.03381372988224 4
      vertex 2.0128027573227882 41.18018036335707 4
    endloop
  endfacet
  facet normal -0.4999999737696784 0.8660254189285214 0
    outer loop
      vertex 2.0128027573227882 41.18018036335707 2.6
      vertex 2.0128027573227882 41.18018036335707 4
      vertex 2.239481642842293 41.31105346977711 4
    endloop
  endfacet
  facet normal -0.438371155591943 0.8987940420057225 0
    outer loop
      vertex 2.239481642842293 41.31105346977711 2.6
      vertex 2.4747375920414925 41.42579546570778 4
      vertex 2.4747375920414925 41.42579546570778 2.6
    endloop
  endfacet
  facet normal -0.438371155591943 0.8987940420057225 0
    outer loop
      vertex 2.239481642842293 41.31105346977711 2.6
      vertex 2.239481642842293 41.31105346977711 4
      vertex 2.4747375920414925 41.42579546570778 4
    endloop
  endfacet
  facet normal -0.37460659902009175 0.9271838523025517 0
    outer loop
      vertex 2.4747375920414925 41.42579546570778 2.6
      vertex 2.4747375920414925 41.42579546570778 4
      vertex 2.7174244597554207 41.523847326636314 4
    endloop
  endfacet
  facet normal -0.37460659902009175 0.9271838523025517 0
    outer loop
      vertex 2.4747375920414925 41.42579546570778 2.6
      vertex 2.7174244597554207 41.523847326636314 4
      vertex 2.7174244597554207 41.523847326636314 2.6
    endloop
  endfacet
  facet normal -0.3090169943340034 0.9510565163084571 0
    outer loop
      vertex 2.7174244597554207 41.523847326636314 2.6
      vertex 2.9663599133491516 41.60473135858774 4
      vertex 2.9663599133491516 41.60473135858774 2.6
    endloop
  endfacet
  facet normal -0.24192188663410924 0.9702957285113611 0
    outer loop
      vertex 2.9663599133491516 41.60473135858774 2.6
      vertex 3.220331162214279 41.66805350035429 4
      vertex 3.220331162214279 41.66805350035429 2.6
    endloop
  endfacet
  facet normal -0.3090169943340034 0.9510565163084571 0
    outer loop
      vertex 2.7174244597554207 41.523847326636314 2.6
      vertex 2.7174244597554207 41.523847326636314 4
      vertex 2.9663599133491516 41.60473135858774 4
    endloop
  endfacet
  facet normal -0.24192188663410924 0.9702957285113611 0
    outer loop
      vertex 2.9663599133491516 41.60473135858774 2.6
      vertex 2.9663599133491516 41.60473135858774 4
      vertex 3.220331162214279 41.66805350035429 4
    endloop
  endfacet
  facet normal -0.1736481975927896 0.9848077494987413 0
    outer loop
      vertex 3.220331162214279 41.66805350035429 2.6
      vertex 3.478100873529911 41.71350526064634 4
      vertex 3.478100873529911 41.71350526064634 2.6
    endloop
  endfacet
  facet normal -0.10452844392127603 0.9945218974016594 0
    outer loop
      vertex 3.478100873529911 41.71350526064634 2.6
      vertex 3.7384132221341133 41.74086518585682 4
      vertex 3.7384132221341133 41.74086518585682 2.6
    endloop
  endfacet
  facet normal -0.03489950651393371 0.9993908266764729 0
    outer loop
      vertex 3.7384132221341133 41.74086518585682 2.6
      vertex 4 41.75 4
      vertex 4 41.75 2.6
    endloop
  endfacet
  facet normal -0.1736481975927896 0.9848077494987413 0
    outer loop
      vertex 3.220331162214279 41.66805350035429 2.6
      vertex 3.220331162214279 41.66805350035429 4
      vertex 3.478100873529911 41.71350526064634 4
    endloop
  endfacet
  facet normal -0.10452844392127603 0.9945218974016594 0
    outer loop
      vertex 3.478100873529911 41.71350526064634 2.6
      vertex 3.478100873529911 41.71350526064634 4
      vertex 3.7384132221341133 41.74086518585682 4
    endloop
  endfacet
  facet normal -0.03489950651393371 0.9993908266764729 0
    outer loop
      vertex 3.7384132221341133 41.74086518585682 2.6
      vertex 3.7384132221341133 41.74086518585682 4
      vertex 4 41.75 4
    endloop
  endfacet
  facet normal -2.0261951996587174e-18 0.6612009842860757 -0.7502088098517137
    outer loop
      vertex 4 38.79999999701977 0
      vertex 4 41.75 2.6
      vertex 38 41.75 2.6
    endloop
  endfacet
  facet normal 0 1 0
    outer loop
      vertex 4 41.75 2.6
      vertex 4 41.75 4
      vertex 38 41.75 4
    endloop
  endfacet
  facet normal 0 0.6612009842860757 -0.7502088098517137
    outer loop
      vertex 4 38.79999999701977 0
      vertex 38 41.75 2.6
      vertex 38 38.79999999701977 0
    endloop
  endfacet
  facet normal 0 1 0
    outer loop
      vertex 4 41.75 2.6
      vertex 38 41.75 4
      vertex 38 41.75 2.6
    endloop
  endfacet
  facet normal 0.4839380527972963 0.44902889992630385 -0.7511171733396427
    outer loop
      vertex 38.66099102050066 38.45065604895353 0
      vertex 38.498791843652725 38.62546518445015 0
      vertex 40.69752424955368 40.60496889054775 2.6
    endloop
  endfacet
  facet normal 0.652725721776262 0.09838255887429205 -0.7511790760138385
    outer loop
      vertex 38.79999999701977 38 0
      vertex 38.7644582465291 38.23580414056778 0
      vertex 41.71350526064634 38.52189912647009 2.6
    endloop
  endfacet
  facet normal 0.5948974174167716 0.286487497430482 -0.7510139656270547
    outer loop
      vertex 38.7644582465291 38.23580414056778 0
      vertex 38.66099102050066 38.45065604895353 0
      vertex 41.42579546570778 39.52526240795851 2.6
    endloop
  endfacet
  facet normal 0.6416928406221822 0.1599919880932484 -0.7500885694637698
    outer loop
      vertex 38.7644582465291 38.23580414056778 0
      vertex 41.60473135858774 39.03364008665085 2.6
      vertex 41.66805350035429 38.77966883778572 2.6
    endloop
  endfacet
  facet normal 0.6610248009930202 0.02308350120127349 -0.7500089095766989
    outer loop
      vertex 38.79999999701977 38 0
      vertex 41.74086518585682 38.26158677786589 2.6
      vertex 41.75 38 2.6
    endloop
  endfacet
  facet normal 0.6573157055259183 0.06908665162944173 -0.7504419350193569
    outer loop
      vertex 38.79999999701977 38 0
      vertex 41.71350526064634 38.52189912647009 2.6
      vertex 41.74086518585682 38.26158677786589 2.6
    endloop
  endfacet
  facet normal 0.6506685687698543 0.11473043774754481 -0.7506446164925489
    outer loop
      vertex 38.7644582465291 38.23580414056778 0
      vertex 41.66805350035429 38.77966883778572 2.6
      vertex 41.71350526064634 38.52189912647009 2.6
    endloop
  endfacet
  facet normal 0.6291028982933601 0.20440792258277643 -0.7499646288621136
    outer loop
      vertex 38.7644582465291 38.23580414056778 0
      vertex 41.523847326636314 39.28257554024458 2.6
      vertex 41.60473135858774 39.03364008665085 2.6
    endloop
  endfacet
  facet normal 0.6129860525499159 0.2476624456112128 -0.7502742248092661
    outer loop
      vertex 38.7644582465291 38.23580414056778 0
      vertex 41.42579546570778 39.52526240795851 2.6
      vertex 41.523847326636314 39.28257554024458 2.6
    endloop
  endfacet
  facet normal 0.593596208234837 0.28951622240197766 -0.7508820803130895
    outer loop
      vertex 38.66099102050066 38.45065604895353 0
      vertex 41.31105346977711 39.76051835715771 2.6
      vertex 41.42579546570778 39.52526240795851 2.6
    endloop
  endfacet
  facet normal 0.9993908266764729 0.03489950651393371 0
    outer loop
      vertex 41.75 38 2.6
      vertex 41.74086518585682 38.26158677786589 2.6
      vertex 41.75 38 4
    endloop
  endfacet
  facet normal 0.9945218974016594 0.10452844392127603 0
    outer loop
      vertex 41.74086518585682 38.26158677786589 2.6
      vertex 41.71350526064634 38.52189912647009 2.6
      vertex 41.74086518585682 38.26158677786589 4
    endloop
  endfacet
  facet normal 0.9993908266764729 0.03489950651393371 0
    outer loop
      vertex 41.74086518585682 38.26158677786589 2.6
      vertex 41.74086518585682 38.26158677786589 4
      vertex 41.75 38 4
    endloop
  endfacet
  facet normal 0.9848077494987413 0.1736481975927896 0
    outer loop
      vertex 41.71350526064634 38.52189912647009 2.6
      vertex 41.66805350035429 38.77966883778572 2.6
      vertex 41.71350526064634 38.52189912647009 4
    endloop
  endfacet
  facet normal 0.9945218974016594 0.10452844392127603 0
    outer loop
      vertex 41.71350526064634 38.52189912647009 2.6
      vertex 41.71350526064634 38.52189912647009 4
      vertex 41.74086518585682 38.26158677786589 4
    endloop
  endfacet
  facet normal 0.9848077494987413 0.1736481975927896 0
    outer loop
      vertex 41.66805350035429 38.77966883778572 2.6
      vertex 41.66805350035429 38.77966883778572 4
      vertex 41.71350526064634 38.52189912647009 4
    endloop
  endfacet
  facet normal 0.9702957285113611 0.24192188663410924 0
    outer loop
      vertex 41.66805350035429 38.77966883778572 2.6
      vertex 41.60473135858774 39.03364008665085 2.6
      vertex 41.66805350035429 38.77966883778572 4
    endloop
  endfacet
  facet normal 0.9702957285113611 0.24192188663410924 0
    outer loop
      vertex 41.60473135858774 39.03364008665085 2.6
      vertex 41.60473135858774 39.03364008665085 4
      vertex 41.66805350035429 38.77966883778572 4
    endloop
  endfacet
  facet normal 0.9510565163084571 0.3090169943340034 0
    outer loop
      vertex 41.60473135858774 39.03364008665085 2.6
      vertex 41.523847326636314 39.28257554024458 2.6
      vertex 41.60473135858774 39.03364008665085 4
    endloop
  endfacet
  facet normal 0.9271838523025517 0.37460659902009175 0
    outer loop
      vertex 41.523847326636314 39.28257554024458 2.6
      vertex 41.42579546570778 39.52526240795851 2.6
      vertex 41.523847326636314 39.28257554024458 4
    endloop
  endfacet
  facet normal 0.9510565163084571 0.3090169943340034 0
    outer loop
      vertex 41.523847326636314 39.28257554024458 2.6
      vertex 41.523847326636314 39.28257554024458 4
      vertex 41.60473135858774 39.03364008665085 4
    endloop
  endfacet
  facet normal 0.3300375060053738 0.5716417116387702 -0.7511997059001355
    outer loop
      vertex 38.498791843652725 38.62546518445015 0
      vertex 38.292272821068764 38.744699001312256 0
      vertex 39.875 41.2475952655077 2.6
    endloop
  endfacet
  facet normal 0.024720510651599845 0.6606695619198683 -0.7502697023775742
    outer loop
      vertex 38 38.79999999701977 0
      vertex 38.13087311387062 41.74771559983492 2.6
      vertex 38.059784077107906 38.79776303470135 0
    endloop
  endfacet
  facet normal 0.14690138878237063 0.6436171015062688 -0.7511171736969406
    outer loop
      vertex 38.059784077107906 38.79776303470135 0
      vertex 38.90720710903406 41.6386089771986 2.6
      vertex 38.292272821068764 38.744699001312256 0
    endloop
  endfacet
  facet normal 0.3102391400397355 0.5834749456181296 -0.7505389155955379
    outer loop
      vertex 38.292272821068764 38.744699001312256 0
      vertex 39.64389180392027 41.3704776763916 2.6
      vertex 39.875 41.2475952655077 2.6
    endloop
  endfacet
  facet normal 0.2262319076404371 0.621567059245122 -0.7499823430099802
    outer loop
      vertex 38.292272821068764 38.744699001312256 0
      vertex 39.15881372988224 41.56646193563938 2.6
      vertex 39.404774725437164 41.47693945467472 2.6
    endloop
  endfacet
  facet normal 0.18220637777348891 0.6354291183366749 -0.7503536975777095
    outer loop
      vertex 38.292272821068764 38.744699001312256 0
      vertex 38.90720710903406 41.6386089771986 2.6
      vertex 39.15881372988224 41.56646193563938 2.6
    endloop
  endfacet
  facet normal 0.26901055082833886 0.6042076135919919 -0.7500443208374448
    outer loop
      vertex 38.292272821068764 38.744699001312256 0
      vertex 39.404774725437164 41.47693945467472 2.6
      vertex 39.64389180392027 41.3704776763916 2.6
    endloop
  endfacet
  facet normal 0.5726220421271676 0.33060346704113863 -0.7502035353492351
    outer loop
      vertex 38.66099102050066 38.45065604895353 0
      vertex 41.18018036335707 39.98719724267721 2.6
      vertex 41.31105346977711 39.76051835715771 2.6
    endloop
  endfacet
  facet normal 0.5483983808383063 0.3698993883885071 -0.7499557709383482
    outer loop
      vertex 38.66099102050066 38.45065604895353 0
      vertex 41.03381372988224 40.20419469475746 2.6
      vertex 41.18018036335707 39.98719724267721 2.6
    endloop
  endfacet
  facet normal 0.5210935336051183 0.40712288220621007 -0.750141645303765
    outer loop
      vertex 38.66099102050066 38.45065604895353 0
      vertex 40.87266666442156 40.4104535356164 2.6
      vertex 41.03381372988224 40.20419469475746 2.6
    endloop
  endfacet
  facet normal 0.45919457599114055 0.47550990497178247 -0.7503536977013195
    outer loop
      vertex 38.498791843652725 38.62546518445015 0
      vertex 40.50923977047205 40.78679309785366 2.6
      vertex 40.69752424955368 40.60496889054775 2.6
    endloop
  endfacet
  facet normal 0.4909037739660256 0.4420117500261441 -0.7507590142946927
    outer loop
      vertex 38.66099102050066 38.45065604895353 0
      vertex 40.69752424955368 40.60496889054775 2.6
      vertex 40.87266666442156 40.4104535356164 2.6
    endloop
  endfacet
  facet normal 0.42517691631556775 0.5067061024661205 -0.7499823434961506
    outer loop
      vertex 38.498791843652725 38.62546518445015 0
      vertex 40.30873053520918 40.95504032820463 2.6
      vertex 40.50923977047205 40.78679309785366 2.6
    endloop
  endfacet
  facet normal 0.3887538560978599 0.5350737850551673 -0.7500443213009356
    outer loop
      vertex 38.498791843652725 38.62546518445015 0
      vertex 40.09697338938713 41.108890898525715 2.6
      vertex 40.30873053520918 40.95504032820463 2.6
    endloop
  endfacet
  facet normal 0.35018455971527596 0.5604124464310255 -0.7505389157280329
    outer loop
      vertex 38.498791843652725 38.62546518445015 0
      vertex 39.875 41.2475952655077 2.6
      vertex 40.09697338938713 41.108890898525715 2.6
    endloop
  endfacet
  facet normal 0.011540544927629483 0.6611569520653913 -0.7501588502166558
    outer loop
      vertex 38 38.79999999701977 0
      vertex 38 41.75 2.6
      vertex 38.13087311387062 41.74771559983492 2.6
    endloop
  endfacet
  facet normal 0.04614305890705155 0.6598766241261054 -0.7499557713936436
    outer loop
      vertex 38.059784077107906 38.79776303470135 0
      vertex 38.13087311387062 41.74771559983492 2.6
      vertex 38.39198173582554 41.72945711016655 2.6
    endloop
  endfacet
  facet normal 0.09203199542746929 0.6548416775346022 -0.7501416460784632
    outer loop
      vertex 38.059784077107906 38.79776303470135 0
      vertex 38.39198173582554 41.72945711016655 2.6
      vertex 38.65118066966534 41.69302907586098 2.6
    endloop
  endfacet
  facet normal 0.13734150997370176 0.6461410148159339 -0.7507590150046674
    outer loop
      vertex 38.059784077107906 38.79776303470135 0
      vertex 38.65118066966534 41.69302907586098 2.6
      vertex 38.90720710903406 41.6386089771986 2.6
    endloop
  endfacet
  facet normal 0.8987940420057225 0.438371155591943 0
    outer loop
      vertex 41.42579546570778 39.52526240795851 2.6
      vertex 41.31105346977711 39.76051835715771 2.6
      vertex 41.42579546570778 39.52526240795851 4
    endloop
  endfacet
  facet normal 0.9271838523025517 0.37460659902009175 0
    outer loop
      vertex 41.42579546570778 39.52526240795851 2.6
      vertex 41.42579546570778 39.52526240795851 4
      vertex 41.523847326636314 39.28257554024458 4
    endloop
  endfacet
  facet normal 0.8987940420057225 0.438371155591943 0
    outer loop
      vertex 41.31105346977711 39.76051835715771 2.6
      vertex 41.31105346977711 39.76051835715771 4
      vertex 41.42579546570778 39.52526240795851 4
    endloop
  endfacet
  facet normal 0.8660254189285214 0.4999999737696784 0
    outer loop
      vertex 41.31105346977711 39.76051835715771 2.6
      vertex 41.18018036335707 39.98719724267721 2.6
      vertex 41.31105346977711 39.76051835715771 4
    endloop
  endfacet
  facet normal 0.8660254189285214 0.4999999737696784 0
    outer loop
      vertex 41.18018036335707 39.98719724267721 2.6
      vertex 41.18018036335707 39.98719724267721 4
      vertex 41.31105346977711 39.76051835715771 4
    endloop
  endfacet
  facet normal 0.6946583692459235 0.7193398015101028 0
    outer loop
      vertex 40.69752424955368 40.60496889054775 2.6
      vertex 40.50923977047205 40.78679309785366 2.6
      vertex 40.69752424955368 40.60496889054775 4
    endloop
  endfacet
  facet normal 0.8290375656234816 0.559192913747207 0
    outer loop
      vertex 41.18018036335707 39.98719724267721 2.6
      vertex 41.03381372988224 40.20419469475746 2.6
      vertex 41.18018036335707 39.98719724267721 4
    endloop
  endfacet
  facet normal 0.7880107577629124 0.615661470005977 0
    outer loop
      vertex 41.03381372988224 40.20419469475746 2.6
      vertex 40.87266666442156 40.4104535356164 2.6
      vertex 41.03381372988224 40.20419469475746 4
    endloop
  endfacet
  facet normal 0.8290375656234816 0.559192913747207 0
    outer loop
      vertex 41.03381372988224 40.20419469475746 2.6
      vertex 41.03381372988224 40.20419469475746 4
      vertex 41.18018036335707 39.98719724267721 4
    endloop
  endfacet
  facet normal 0.7880107577629124 0.615661470005977 0
    outer loop
      vertex 40.87266666442156 40.4104535356164 2.6
      vertex 40.87266666442156 40.4104535356164 4
      vertex 41.03381372988224 40.20419469475746 4
    endloop
  endfacet
  facet normal 0.743144820519614 0.6691306118650311 0
    outer loop
      vertex 40.87266666442156 40.4104535356164 2.6
      vertex 40.69752424955368 40.60496889054775 2.6
      vertex 40.87266666442156 40.4104535356164 4
    endloop
  endfacet
  facet normal 0.743144820519614 0.6691306118650311 0
    outer loop
      vertex 40.69752424955368 40.60496889054775 2.6
      vertex 40.69752424955368 40.60496889054775 4
      vertex 40.87266666442156 40.4104535356164 4
    endloop
  endfacet
  facet normal 0.017452417627068444 0.9998476949610728 0
    outer loop
      vertex 38 41.75 2.6
      vertex 38 41.75 4
      vertex 38.13087311387062 41.74771559983492 4
    endloop
  endfacet
  facet normal 0.34202014262459324 0.939692621041079 0
    outer loop
      vertex 39.15881372988224 41.56646193563938 2.6
      vertex 39.404774725437164 41.47693945467472 4
      vertex 39.404774725437164 41.47693945467472 2.6
    endloop
  endfacet
  facet normal 0.20791168721191458 0.9781476015002516 0
    outer loop
      vertex 38.65118066966534 41.69302907586098 2.6
      vertex 38.90720710903406 41.6386089771986 4
      vertex 38.90720710903406 41.6386089771986 2.6
    endloop
  endfacet
  facet normal 0.27563736995428795 0.9612616918845166 0
    outer loop
      vertex 39.15881372988224 41.56646193563938 2.6
      vertex 38.90720710903406 41.6386089771986 2.6
      vertex 39.15881372988224 41.56646193563938 4
    endloop
  endfacet
  facet normal 0.27563736995428795 0.9612616918845166 0
    outer loop
      vertex 38.90720710903406 41.6386089771986 2.6
      vertex 38.90720710903406 41.6386089771986 4
      vertex 39.15881372988224 41.56646193563938 4
    endloop
  endfacet
  facet normal 0.34202014262459324 0.939692621041079 0
    outer loop
      vertex 39.15881372988224 41.56646193563938 2.6
      vertex 39.15881372988224 41.56646193563938 4
      vertex 39.404774725437164 41.47693945467472 4
    endloop
  endfacet
  facet normal 0.017452417627068444 0.9998476949610728 0
    outer loop
      vertex 38 41.75 2.6
      vertex 38.13087311387062 41.74771559983492 4
      vertex 38.13087311387062 41.74771559983492 2.6
    endloop
  endfacet
  facet normal 0.06975645916039604 0.9975640512796179 0
    outer loop
      vertex 38.13087311387062 41.74771559983492 2.6
      vertex 38.39198173582554 41.72945711016655 4
      vertex 38.39198173582554 41.72945711016655 2.6
    endloop
  endfacet
  facet normal 0.13917310017239254 0.9902680688522706 0
    outer loop
      vertex 38.39198173582554 41.72945711016655 2.6
      vertex 38.65118066966534 41.69302907586098 4
      vertex 38.65118066966534 41.69302907586098 2.6
    endloop
  endfacet
  facet normal 0.06975645916039604 0.9975640512796179 0
    outer loop
      vertex 38.13087311387062 41.74771559983492 2.6
      vertex 38.13087311387062 41.74771559983492 4
      vertex 38.39198173582554 41.72945711016655 4
    endloop
  endfacet
  facet normal 0.13917310017239254 0.9902680688522706 0
    outer loop
      vertex 38.39198173582554 41.72945711016655 2.6
      vertex 38.39198173582554 41.72945711016655 4
      vertex 38.65118066966534 41.69302907586098 4
    endloop
  endfacet
  facet normal 0.20791168721191458 0.9781476015002516 0
    outer loop
      vertex 38.65118066966534 41.69302907586098 2.6
      vertex 38.65118066966534 41.69302907586098 4
      vertex 38.90720710903406 41.6386089771986 4
    endloop
  endfacet
  facet normal 0.6427876208834568 0.7660444337236486 0
    outer loop
      vertex 40.50923977047205 40.78679309785366 2.6
      vertex 40.30873053520918 40.95504032820463 2.6
      vertex 40.50923977047205 40.78679309785366 4
    endloop
  endfacet
  facet normal 0.5877852479723605 0.8090169975136928 0
    outer loop
      vertex 40.30873053520918 40.95504032820463 2.6
      vertex 40.09697338938713 41.108890898525715 2.6
      vertex 40.30873053520918 40.95504032820463 4
    endloop
  endfacet
  facet normal 0.6946583692459235 0.7193398015101028 0
    outer loop
      vertex 40.50923977047205 40.78679309785366 2.6
      vertex 40.50923977047205 40.78679309785366 4
      vertex 40.69752424955368 40.60496889054775 4
    endloop
  endfacet
  facet normal 0.6427876208834568 0.7660444337236486 0
    outer loop
      vertex 40.30873053520918 40.95504032820463 2.6
      vertex 40.30873053520918 40.95504032820463 4
      vertex 40.50923977047205 40.78679309785366 4
    endloop
  endfacet
  facet normal 0.5299192615254839 0.8480480978483979 0
    outer loop
      vertex 40.09697338938713 41.108890898525715 2.6
      vertex 39.875 41.2475952655077 2.6
      vertex 40.09697338938713 41.108890898525715 4
    endloop
  endfacet
  facet normal 0.46947157259700467 0.882947587642265 0
    outer loop
      vertex 39.875 41.2475952655077 2.6
      vertex 39.64389180392027 41.3704776763916 2.6
      vertex 39.875 41.2475952655077 4
    endloop
  endfacet
  facet normal 0.5299192615254839 0.8480480978483979 0
    outer loop
      vertex 39.875 41.2475952655077 2.6
      vertex 39.875 41.2475952655077 4
      vertex 40.09697338938713 41.108890898525715 4
    endloop
  endfacet
  facet normal 0.46947157259700467 0.882947587642265 0
    outer loop
      vertex 39.64389180392027 41.3704776763916 2.6
      vertex 39.64389180392027 41.3704776763916 4
      vertex 39.875 41.2475952655077 4
    endloop
  endfacet
  facet normal 0.5877852479723605 0.8090169975136928 0
    outer loop
      vertex 40.09697338938713 41.108890898525715 2.6
      vertex 40.09697338938713 41.108890898525715 4
      vertex 40.30873053520918 40.95504032820463 4
    endloop
  endfacet
  facet normal 0.40673662966921503 0.913545463611597 0
    outer loop
      vertex 39.404774725437164 41.47693945467472 2.6
      vertex 39.64389180392027 41.3704776763916 4
      vertex 39.64389180392027 41.3704776763916 2.6
    endloop
  endfacet
  facet normal 0.40673662966921503 0.913545463611597 0
    outer loop
      vertex 39.404774725437164 41.47693945467472 2.6
      vertex 39.404774725437164 41.47693945467472 4
      vertex 39.64389180392027 41.3704776763916 4
    endloop
  endfacet
  facet normal -0.13734150997370176 -0.6461410148159339 -0.7507590150046674
    outer loop
      vertex 45.940215922892094 3.2022369652986526 0
      vertex 45.34881933033466 0.3069709241390228 2.6
      vertex 45.09279289096594 0.36139102280139923 2.6
    endloop
  endfacet
  facet normal -0.09203199542746929 -0.6548416775346022 -0.7501416460784632
    outer loop
      vertex 45.940215922892094 3.2022369652986526 0
      vertex 45.60801826417446 0.2705428898334503 2.6
      vertex 45.34881933033466 0.3069709241390228 2.6
    endloop
  endfacet
  facet normal -0.04614305890705155 -0.6598766241261054 -0.7499557713936436
    outer loop
      vertex 45.940215922892094 3.2022369652986526 0
      vertex 45.86912688612938 0.252284400165081 2.6
      vertex 45.60801826417446 0.2705428898334503 2.6
    endloop
  endfacet
  facet normal -0.011540544927629483 -0.6611569520653913 -0.7501588502166558
    outer loop
      vertex 46 3.2000000029802322 0
      vertex 46 0.25 2.6
      vertex 45.86912688612938 0.252284400165081 2.6
    endloop
  endfacet
  facet normal -0.14690138878237063 -0.6436171015062688 -0.7511171736969406
    outer loop
      vertex 45.707727178931236 3.255300998687744 0
      vertex 45.940215922892094 3.2022369652986526 0
      vertex 45.09279289096594 0.36139102280139923 2.6
    endloop
  endfacet
  facet normal -0.024720510651599845 -0.6606695619198683 -0.7502697023775742
    outer loop
      vertex 45.940215922892094 3.2022369652986526 0
      vertex 46 3.2000000029802322 0
      vertex 45.86912688612938 0.252284400165081 2.6
    endloop
  endfacet
  facet normal -0.3300375060053738 -0.5716417116387702 -0.7511997059001355
    outer loop
      vertex 45.707727178931236 3.255300998687744 0
      vertex 44.125 0.7524047344923019 2.6
      vertex 45.501208156347275 3.3745348155498505 0
    endloop
  endfacet
  facet normal -0.35018455971527596 -0.5604124464310255 -0.7505389157280329
    outer loop
      vertex 45.501208156347275 3.3745348155498505 0
      vertex 44.125 0.7524047344923019 2.6
      vertex 43.90302661061287 0.8911091014742851 2.6
    endloop
  endfacet
  facet normal -0.3887538560978599 -0.5350737850551673 -0.7500443213009356
    outer loop
      vertex 45.501208156347275 3.3745348155498505 0
      vertex 43.90302661061287 0.8911091014742851 2.6
      vertex 43.69126946479082 1.0449596717953682 2.6
    endloop
  endfacet
  facet normal -0.42517691631556775 -0.5067061024661205 -0.7499823434961506
    outer loop
      vertex 45.501208156347275 3.3745348155498505 0
      vertex 43.69126946479082 1.0449596717953682 2.6
      vertex 43.49076022952795 1.2132069021463394 2.6
    endloop
  endfacet
  facet normal -0.4909037739660256 -0.4420117500261441 -0.7507590142946927
    outer loop
      vertex 45.33900897949934 3.549343951046467 0
      vertex 43.30247575044632 1.3950311094522476 2.6
      vertex 43.12733333557844 1.5895464643836021 2.6
    endloop
  endfacet
  facet normal -0.45919457599114055 -0.47550990497178247 -0.7503536977013195
    outer loop
      vertex 45.501208156347275 3.3745348155498505 0
      vertex 43.49076022952795 1.2132069021463394 2.6
      vertex 43.30247575044632 1.3950311094522476 2.6
    endloop
  endfacet
  facet normal -0.5210935336051183 -0.40712288220621007 -0.750141645303765
    outer loop
      vertex 45.33900897949934 3.549343951046467 0
      vertex 43.12733333557844 1.5895464643836021 2.6
      vertex 42.96618627011776 1.7958053052425385 2.6
    endloop
  endfacet
  facet normal -0.5483983808383063 -0.3698993883885071 -0.7499557709383482
    outer loop
      vertex 45.33900897949934 3.549343951046467 0
      vertex 42.96618627011776 1.7958053052425385 2.6
      vertex 42.81981963664293 2.0128027573227882 2.6
    endloop
  endfacet
  facet normal -0.5726220421271676 -0.33060346704113863 -0.7502035353492351
    outer loop
      vertex 45.33900897949934 3.549343951046467 0
      vertex 42.81981963664293 2.0128027573227882 2.6
      vertex 42.68894653022289 2.239481642842293 2.6
    endloop
  endfacet
  facet normal -0.26901055082833886 -0.6042076135919919 -0.7500443208374448
    outer loop
      vertex 45.707727178931236 3.255300998687744 0
      vertex 44.595225274562836 0.5230605453252792 2.6
      vertex 44.35610819607973 0.6295223236083984 2.6
    endloop
  endfacet
  facet normal -0.18220637777348891 -0.6354291183366749 -0.7503536975777095
    outer loop
      vertex 45.707727178931236 3.255300998687744 0
      vertex 45.09279289096594 0.36139102280139923 2.6
      vertex 44.84118627011776 0.4335380643606186 2.6
    endloop
  endfacet
  facet normal -0.2262319076404371 -0.621567059245122 -0.7499823430099802
    outer loop
      vertex 45.707727178931236 3.255300998687744 0
      vertex 44.84118627011776 0.4335380643606186 2.6
      vertex 44.595225274562836 0.5230605453252792 2.6
    endloop
  endfacet
  facet normal -0.3102391400397355 -0.5834749456181296 -0.7505389155955379
    outer loop
      vertex 45.707727178931236 3.255300998687744 0
      vertex 44.35610819607973 0.6295223236083984 2.6
      vertex 44.125 0.7524047344923019 2.6
    endloop
  endfacet
  facet normal -0.40673662966921503 -0.913545463611597 0
    outer loop
      vertex 44.595225274562836 0.5230605453252792 2.6
      vertex 44.35610819607973 0.6295223236083984 4
      vertex 44.35610819607973 0.6295223236083984 2.6
    endloop
  endfacet
  facet normal -0.40673662966921503 -0.913545463611597 0
    outer loop
      vertex 44.595225274562836 0.5230605453252792 2.6
      vertex 44.595225274562836 0.5230605453252792 4
      vertex 44.35610819607973 0.6295223236083984 4
    endloop
  endfacet
  facet normal -0.46947157259700467 -0.882947587642265 0
    outer loop
      vertex 44.35610819607973 0.6295223236083984 2.6
      vertex 44.125 0.7524047344923019 4
      vertex 44.125 0.7524047344923019 2.6
    endloop
  endfacet
  facet normal -0.5299192615254839 -0.8480480978483979 0
    outer loop
      vertex 43.90302661061287 0.8911091014742851 2.6
      vertex 44.125 0.7524047344923019 2.6
      vertex 43.90302661061287 0.8911091014742851 4
    endloop
  endfacet
  facet normal -0.5877852479723605 -0.8090169975136928 0
    outer loop
      vertex 43.90302661061287 0.8911091014742851 2.6
      vertex 43.90302661061287 0.8911091014742851 4
      vertex 43.69126946479082 1.0449596717953682 4
    endloop
  endfacet
  facet normal -0.46947157259700467 -0.882947587642265 0
    outer loop
      vertex 44.35610819607973 0.6295223236083984 2.6
      vertex 44.35610819607973 0.6295223236083984 4
      vertex 44.125 0.7524047344923019 4
    endloop
  endfacet
  facet normal -0.5299192615254839 -0.8480480978483979 0
    outer loop
      vertex 44.125 0.7524047344923019 2.6
      vertex 44.125 0.7524047344923019 4
      vertex 43.90302661061287 0.8911091014742851 4
    endloop
  endfacet
  facet normal -0.5877852479723605 -0.8090169975136928 0
    outer loop
      vertex 43.90302661061287 0.8911091014742851 2.6
      vertex 43.69126946479082 1.0449596717953682 4
      vertex 43.69126946479082 1.0449596717953682 2.6
    endloop
  endfacet
  facet normal -0.6427876208834568 -0.7660444337236486 0
    outer loop
      vertex 43.69126946479082 1.0449596717953682 2.6
      vertex 43.49076022952795 1.2132069021463394 4
      vertex 43.49076022952795 1.2132069021463394 2.6
    endloop
  endfacet
  facet normal -0.6427876208834568 -0.7660444337236486 0
    outer loop
      vertex 43.69126946479082 1.0449596717953682 2.6
      vertex 43.69126946479082 1.0449596717953682 4
      vertex 43.49076022952795 1.2132069021463394 4
    endloop
  endfacet
  facet normal -0.6946583692459235 -0.7193398015101028 0
    outer loop
      vertex 43.49076022952795 1.2132069021463394 2.6
      vertex 43.49076022952795 1.2132069021463394 4
      vertex 43.30247575044632 1.3950311094522476 4
    endloop
  endfacet
  facet normal -0.13917310017239254 -0.9902680688522706 0
    outer loop
      vertex 45.34881933033466 0.3069709241390228 2.6
      vertex 45.60801826417446 0.2705428898334503 2.6
      vertex 45.34881933033466 0.3069709241390228 4
    endloop
  endfacet
  facet normal -0.06975645916039604 -0.9975640512796179 0
    outer loop
      vertex 45.60801826417446 0.2705428898334503 2.6
      vertex 45.86912688612938 0.252284400165081 2.6
      vertex 45.86912688612938 0.252284400165081 4
    endloop
  endfacet
  facet normal -0.017452417627068444 -0.9998476949610728 0
    outer loop
      vertex 45.86912688612938 0.252284400165081 2.6
      vertex 46 0.25 2.6
      vertex 45.86912688612938 0.252284400165081 4
    endloop
  endfacet
  facet normal -0.20791168721191458 -0.9781476015002516 0
    outer loop
      vertex 45.34881933033466 0.3069709241390228 2.6
      vertex 45.34881933033466 0.3069709241390228 4
      vertex 45.09279289096594 0.36139102280139923 4
    endloop
  endfacet
  facet normal -0.13917310017239254 -0.9902680688522706 0
    outer loop
      vertex 45.60801826417446 0.2705428898334503 2.6
      vertex 45.60801826417446 0.2705428898334503 4
      vertex 45.34881933033466 0.3069709241390228 4
    endloop
  endfacet
  facet normal -0.06975645916039604 -0.9975640512796179 0
    outer loop
      vertex 45.60801826417446 0.2705428898334503 2.6
      vertex 45.86912688612938 0.252284400165081 4
      vertex 45.60801826417446 0.2705428898334503 4
    endloop
  endfacet
  facet normal -0.27563736995428795 -0.9612616918845166 0
    outer loop
      vertex 45.09279289096594 0.36139102280139923 2.6
      vertex 44.84118627011776 0.4335380643606186 4
      vertex 44.84118627011776 0.4335380643606186 2.6
    endloop
  endfacet
  facet normal -0.20791168721191458 -0.9781476015002516 0
    outer loop
      vertex 45.34881933033466 0.3069709241390228 2.6
      vertex 45.09279289096594 0.36139102280139923 4
      vertex 45.09279289096594 0.36139102280139923 2.6
    endloop
  endfacet
  facet normal -0.34202014262459324 -0.939692621041079 0
    outer loop
      vertex 44.595225274562836 0.5230605453252792 2.6
      vertex 44.84118627011776 0.4335380643606186 2.6
      vertex 44.595225274562836 0.5230605453252792 4
    endloop
  endfacet
  facet normal -0.34202014262459324 -0.939692621041079 0
    outer loop
      vertex 44.84118627011776 0.4335380643606186 2.6
      vertex 44.84118627011776 0.4335380643606186 4
      vertex 44.595225274562836 0.5230605453252792 4
    endloop
  endfacet
  facet normal -0.27563736995428795 -0.9612616918845166 0
    outer loop
      vertex 45.09279289096594 0.36139102280139923 2.6
      vertex 45.09279289096594 0.36139102280139923 4
      vertex 44.84118627011776 0.4335380643606186 4
    endloop
  endfacet
  facet normal -0.017452417627068444 -0.9998476949610728 0
    outer loop
      vertex 46 0.25 2.6
      vertex 46 0.25 4
      vertex 45.86912688612938 0.252284400165081 4
    endloop
  endfacet
  facet normal -0.743144820519614 -0.6691306118650311 0
    outer loop
      vertex 43.30247575044632 1.3950311094522476 2.6
      vertex 43.12733333557844 1.5895464643836021 4
      vertex 43.12733333557844 1.5895464643836021 2.6
    endloop
  endfacet
  facet normal -0.743144820519614 -0.6691306118650311 0
    outer loop
      vertex 43.30247575044632 1.3950311094522476 2.6
      vertex 43.30247575044632 1.3950311094522476 4
      vertex 43.12733333557844 1.5895464643836021 4
    endloop
  endfacet
  facet normal -0.7880107577629124 -0.615661470005977 0
    outer loop
      vertex 43.12733333557844 1.5895464643836021 2.6
      vertex 42.96618627011776 1.7958053052425385 4
      vertex 42.96618627011776 1.7958053052425385 2.6
    endloop
  endfacet
  facet normal -0.8290375656234816 -0.559192913747207 0
    outer loop
      vertex 42.96618627011776 1.7958053052425385 2.6
      vertex 42.81981963664293 2.0128027573227882 4
      vertex 42.81981963664293 2.0128027573227882 2.6
    endloop
  endfacet
  facet normal -0.7880107577629124 -0.615661470005977 0
    outer loop
      vertex 43.12733333557844 1.5895464643836021 2.6
      vertex 43.12733333557844 1.5895464643836021 4
      vertex 42.96618627011776 1.7958053052425385 4
    endloop
  endfacet
  facet normal -0.8290375656234816 -0.559192913747207 0
    outer loop
      vertex 42.96618627011776 1.7958053052425385 2.6
      vertex 42.96618627011776 1.7958053052425385 4
      vertex 42.81981963664293 2.0128027573227882 4
    endloop
  endfacet
  facet normal -0.6946583692459235 -0.7193398015101028 0
    outer loop
      vertex 43.30247575044632 1.3950311094522476 2.6
      vertex 43.49076022952795 1.2132069021463394 2.6
      vertex 43.30247575044632 1.3950311094522476 4
    endloop
  endfacet
  facet normal -0.8660254189285214 -0.4999999737696784 0
    outer loop
      vertex 42.81981963664293 2.0128027573227882 2.6
      vertex 42.68894653022289 2.239481642842293 4
      vertex 42.68894653022289 2.239481642842293 2.6
    endloop
  endfacet
  facet normal -0.8660254189285214 -0.4999999737696784 0
    outer loop
      vertex 42.81981963664293 2.0128027573227882 2.6
      vertex 42.81981963664293 2.0128027573227882 4
      vertex 42.68894653022289 2.239481642842293 4
    endloop
  endfacet
  facet normal -0.8987940420057225 -0.438371155591943 0
    outer loop
      vertex 42.68894653022289 2.239481642842293 2.6
      vertex 42.57420453429222 2.4747375920414925 4
      vertex 42.57420453429222 2.4747375920414925 2.6
    endloop
  endfacet
  facet normal -0.8987940420057225 -0.438371155591943 0
    outer loop
      vertex 42.68894653022289 2.239481642842293 2.6
      vertex 42.68894653022289 2.239481642842293 4
      vertex 42.57420453429222 2.4747375920414925 4
    endloop
  endfacet
  facet normal -0.9271838523025517 -0.37460659902009175 0
    outer loop
      vertex 42.57420453429222 2.4747375920414925 2.6
      vertex 42.57420453429222 2.4747375920414925 4
      vertex 42.476152673363686 2.7174244597554207 4
    endloop
  endfacet
  facet normal -0.5948974174167716 -0.286487497430482 -0.7510139656270547
    outer loop
      vertex 45.33900897949934 3.549343951046467 0
      vertex 42.57420453429222 2.4747375920414925 2.6
      vertex 45.2355417534709 3.7641958594322205 0
    endloop
  endfacet
  facet normal -0.652725721776262 -0.09838255887429205 -0.7511790760138385
    outer loop
      vertex 45.2355417534709 3.7641958594322205 0
      vertex 42.28649473935366 3.478100873529911 2.6
      vertex 45.20000000298023 4 0
    endloop
  endfacet
  facet normal -0.4839380527972963 -0.44902889992630385 -0.7511171733396427
    outer loop
      vertex 45.501208156347275 3.3745348155498505 0
      vertex 43.30247575044632 1.3950311094522476 2.6
      vertex 45.33900897949934 3.549343951046467 0
    endloop
  endfacet
  facet normal 0 0 -1
    outer loop
      vertex 45.940215922892094 3.2022369652986526 0
      vertex 45.2355417534709 3.7641958594322205 0
      vertex 46 3.2000000029802322 0
    endloop
  endfacet
  facet normal 0 0 -1
    outer loop
      vertex 45.707727178931236 3.255300998687744 0
      vertex 45.2355417534709 3.7641958594322205 0
      vertex 45.940215922892094 3.2022369652986526 0
    endloop
  endfacet
  facet normal 0 0 -1
    outer loop
      vertex 45.707727178931236 3.255300998687744 0
      vertex 45.501208156347275 3.3745348155498505 0
      vertex 45.2355417534709 3.7641958594322205 0
    endloop
  endfacet
  facet normal 0 0 -1
    outer loop
      vertex 45.501208156347275 3.3745348155498505 0
      vertex 45.33900897949934 3.549343951046467 0
      vertex 45.2355417534709 3.7641958594322205 0
    endloop
  endfacet
  facet normal -0.593596208234837 -0.28951622240197766 -0.7508820803130895
    outer loop
      vertex 45.33900897949934 3.549343951046467 0
      vertex 42.68894653022289 2.239481642842293 2.6
      vertex 42.57420453429222 2.4747375920414925 2.6
    endloop
  endfacet
  facet normal -0.6129860525499159 -0.2476624456112128 -0.7502742248092661
    outer loop
      vertex 45.2355417534709 3.7641958594322205 0
      vertex 42.57420453429222 2.4747375920414925 2.6
      vertex 42.476152673363686 2.7174244597554207 2.6
    endloop
  endfacet
  facet normal -0.6291028982933601 -0.20440792258277643 -0.7499646288621136
    outer loop
      vertex 45.2355417534709 3.7641958594322205 0
      vertex 42.476152673363686 2.7174244597554207 2.6
      vertex 42.39526864141226 2.9663599133491516 2.6
    endloop
  endfacet
  facet normal -0.6506685687698543 -0.11473043774754481 -0.7506446164925489
    outer loop
      vertex 45.2355417534709 3.7641958594322205 0
      vertex 42.33194649964571 3.220331162214279 2.6
      vertex 42.28649473935366 3.478100873529911 2.6
    endloop
  endfacet
  facet normal -0.6573157055259183 -0.06908665162944173 -0.7504419350193569
    outer loop
      vertex 45.20000000298023 4 0
      vertex 42.28649473935366 3.478100873529911 2.6
      vertex 42.25913481414318 3.7384132221341133 2.6
    endloop
  endfacet
  facet normal -0.6610248009930202 -0.02308350120127349 -0.7500089095766989
    outer loop
      vertex 45.20000000298023 4 0
      vertex 42.25913481414318 3.7384132221341133 2.6
      vertex 42.25 4 2.6
    endloop
  endfacet
  facet normal -0.6416928406221822 -0.1599919880932484 -0.7500885694637698
    outer loop
      vertex 45.2355417534709 3.7641958594322205 0
      vertex 42.39526864141226 2.9663599133491516 2.6
      vertex 42.33194649964571 3.220331162214279 2.6
    endloop
  endfacet
  facet normal -0.9271838523025517 -0.37460659902009175 0
    outer loop
      vertex 42.57420453429222 2.4747375920414925 2.6
      vertex 42.476152673363686 2.7174244597554207 4
      vertex 42.476152673363686 2.7174244597554207 2.6
    endloop
  endfacet
  facet normal -0.9510565163084571 -0.3090169943340034 0
    outer loop
      vertex 42.476152673363686 2.7174244597554207 2.6
      vertex 42.39526864141226 2.9663599133491516 4
      vertex 42.39526864141226 2.9663599133491516 2.6
    endloop
  endfacet
  facet normal -0.9510565163084571 -0.3090169943340034 0
    outer loop
      vertex 42.476152673363686 2.7174244597554207 2.6
      vertex 42.476152673363686 2.7174244597554207 4
      vertex 42.39526864141226 2.9663599133491516 4
    endloop
  endfacet
  facet normal -0.9702957285113611 -0.24192188663410924 0
    outer loop
      vertex 42.39526864141226 2.9663599133491516 2.6
      vertex 42.33194649964571 3.220331162214279 4
      vertex 42.33194649964571 3.220331162214279 2.6
    endloop
  endfacet
  facet normal -0.9702957285113611 -0.24192188663410924 0
    outer loop
      vertex 42.39526864141226 2.9663599133491516 2.6
      vertex 42.39526864141226 2.9663599133491516 4
      vertex 42.33194649964571 3.220331162214279 4
    endloop
  endfacet
  facet normal -0.9848077494987413 -0.1736481975927896 0
    outer loop
      vertex 42.33194649964571 3.220331162214279 2.6
      vertex 42.28649473935366 3.478100873529911 4
      vertex 42.28649473935366 3.478100873529911 2.6
    endloop
  endfacet
  facet normal -0.9848077494987413 -0.1736481975927896 0
    outer loop
      vertex 42.33194649964571 3.220331162214279 2.6
      vertex 42.33194649964571 3.220331162214279 4
      vertex 42.28649473935366 3.478100873529911 4
    endloop
  endfacet
  facet normal -0.9945218974016594 -0.10452844392127603 0
    outer loop
      vertex 42.28649473935366 3.478100873529911 2.6
      vertex 42.28649473935366 3.478100873529911 4
      vertex 42.25913481414318 3.7384132221341133 4
    endloop
  endfacet
  facet normal -0.9945218974016594 -0.10452844392127603 0
    outer loop
      vertex 42.28649473935366 3.478100873529911 2.6
      vertex 42.25913481414318 3.7384132221341133 4
      vertex 42.25913481414318 3.7384132221341133 2.6
    endloop
  endfacet
  facet normal -0.9993908266764729 -0.03489950651393371 0
    outer loop
      vertex 42.25913481414318 3.7384132221341133 2.6
      vertex 42.25 4 4
      vertex 42.25 4 2.6
    endloop
  endfacet
  facet normal -0.9993908266764729 -0.03489950651393371 0
    outer loop
      vertex 42.25913481414318 3.7384132221341133 2.6
      vertex 42.25913481414318 3.7384132221341133 4
      vertex 42.25 4 4
    endloop
  endfacet
  facet normal 0 -0.6612009842860757 -0.7502088098517137
    outer loop
      vertex 46 3.2000000029802322 0
      vertex 80 3.2000000029802322 0
      vertex 46 0.25 2.6
    endloop
  endfacet
  facet normal 0 -1 0
    outer loop
      vertex 46 0.25 2.6
      vertex 80 0.25 2.6
      vertex 46 0.25 4
    endloop
  endfacet
  facet normal 0 0 -1
    outer loop
      vertex 46 3.2000000029802322 0
      vertex 45.2355417534709 3.7641958594322205 0
      vertex 80 3.2000000029802322 0
    endloop
  endfacet
  facet normal 2.0261951996587174e-18 -0.6612009842860757 -0.7502088098517137
    outer loop
      vertex 80 3.2000000029802322 0
      vertex 80 0.25 2.6
      vertex 46 0.25 2.6
    endloop
  endfacet
  facet normal 0 -1 0
    outer loop
      vertex 80 0.25 2.6
      vertex 80 0.25 4
      vertex 46 0.25 4
    endloop
  endfacet
  facet normal 0 0 -1
    outer loop
      vertex 45.2355417534709 3.7641958594322205 0
      vertex 80.23580414056778 3.2355417534708977 0
      vertex 80 3.2000000029802322 0
    endloop
  endfacet
  facet normal 0 0 -1
    outer loop
      vertex 45.2355417534709 3.7641958594322205 0
      vertex 80.45065604895353 3.33900897949934 0
      vertex 80.23580414056778 3.2355417534708977 0
    endloop
  endfacet
  facet normal 0 0 -1
    outer loop
      vertex 45.2355417534709 3.7641958594322205 0
      vertex 80.62546518445015 3.501208156347275 0
      vertex 80.45065604895353 3.33900897949934 0
    endloop
  endfacet
  facet normal 0 0 -1
    outer loop
      vertex 45.2355417534709 3.7641958594322205 0
      vertex 80.74469900131226 3.7077271789312363 0
      vertex 80.62546518445015 3.501208156347275 0
    endloop
  endfacet
  facet normal 0 0 -1
    outer loop
      vertex 45.2355417534709 3.7641958594322205 0
      vertex 80.79776303470135 3.9402159228920937 0
      vertex 80.74469900131226 3.7077271789312363 0
    endloop
  endfacet
  facet normal 0 0 -1
    outer loop
      vertex 45.2355417534709 3.7641958594322205 0
      vertex 80.79999999701977 4 0
      vertex 80.79776303470135 3.9402159228920937 0
    endloop
  endfacet
  facet normal 0.02308350120127333 -0.6610248009930202 -0.7500089095766989
    outer loop
      vertex 80 3.2000000029802322 0
      vertex 80.26158677786589 0.25913481414318085 2.6
      vertex 80 0.25 2.6
    endloop
  endfacet
  facet normal 0.0690866516294414 -0.6573157055259183 -0.7504419350193569
    outer loop
      vertex 80 3.2000000029802322 0
      vertex 80.52189912647009 0.28649473935365677 2.6
      vertex 80.26158677786589 0.25913481414318085 2.6
    endloop
  endfacet
  facet normal 0.11473043774754482 -0.6506685687698543 -0.7506446164925489
    outer loop
      vertex 80.23580414056778 3.2355417534708977 0
      vertex 80.77966883778572 0.33194649964571 2.6
      vertex 80.52189912647009 0.28649473935365677 2.6
    endloop
  endfacet
  facet normal 0.09838255887429205 -0.652725721776262 -0.7511790760138385
    outer loop
      vertex 80 3.2000000029802322 0
      vertex 80.23580414056778 3.2355417534708977 0
      vertex 80.52189912647009 0.28649473935365677 2.6
    endloop
  endfacet
  facet normal 0.286487497430482 -0.5948974174167716 -0.7510139656270547
    outer loop
      vertex 80.23580414056778 3.2355417534708977 0
      vertex 80.45065604895353 3.33900897949934 0
      vertex 81.52526240795851 0.5742045342922211 2.6
    endloop
  endfacet
  facet normal 0.15999198809324827 -0.6416928406221822 -0.7500885694637698
    outer loop
      vertex 80.23580414056778 3.2355417534708977 0
      vertex 81.03364008665085 0.39526864141225815 2.6
      vertex 80.77966883778572 0.33194649964571 2.6
    endloop
  endfacet
  facet normal 0.20440792258277624 -0.6291028982933601 -0.7499646288621137
    outer loop
      vertex 80.23580414056778 3.2355417534708977 0
      vertex 81.28257554024458 0.4761526733636856 2.6
      vertex 81.03364008665085 0.39526864141225815 2.6
    endloop
  endfacet
  facet normal 0.2476624456112128 -0.612986052549916 -0.7502742248092659
    outer loop
      vertex 80.23580414056778 3.2355417534708977 0
      vertex 81.52526240795851 0.5742045342922211 2.6
      vertex 81.28257554024458 0.4761526733636856 2.6
    endloop
  endfacet
  facet normal 0.28951622240197755 -0.5935962082348373 -0.7508820803130892
    outer loop
      vertex 80.45065604895353 3.33900897949934 0
      vertex 81.76051835715771 0.6889465302228928 2.6
      vertex 81.52526240795851 0.5742045342922211 2.6
    endloop
  endfacet
  facet normal 0.3306034670411384 -0.5726220421271677 -0.7502035353492352
    outer loop
      vertex 80.45065604895353 3.33900897949934 0
      vertex 81.98719724267721 0.8198196366429329 2.6
      vertex 81.76051835715771 0.6889465302228928 2.6
    endloop
  endfacet
  facet normal 0.36989938838850717 -0.5483983808383065 -0.7499557709383481
    outer loop
      vertex 80.45065604895353 3.33900897949934 0
      vertex 82.20419469475746 0.9661862701177597 2.6
      vertex 81.98719724267721 0.8198196366429329 2.6
    endloop
  endfacet
  facet normal 0.4071228822062101 -0.5210935336051186 -0.7501416453037648
    outer loop
      vertex 80.45065604895353 3.33900897949934 0
      vertex 82.4104535356164 1.1273333355784416 2.6
      vertex 82.20419469475746 0.9661862701177597 2.6
    endloop
  endfacet
  facet normal 0.44201175002614423 -0.49090377396602536 -0.7507590142946928
    outer loop
      vertex 80.45065604895353 3.33900897949934 0
      vertex 82.60496889054775 1.3024757504463196 2.6
      vertex 82.4104535356164 1.1273333355784416 2.6
    endloop
  endfacet
  facet normal 0.47550990497178275 -0.45919457599114016 -0.7503536977013194
    outer loop
      vertex 80.62546518445015 3.501208156347275 0
      vertex 82.78679309785366 1.4907602295279503 2.6
      vertex 82.60496889054775 1.3024757504463196 2.6
    endloop
  endfacet
  facet normal 0.5067061024661204 -0.42517691631556814 -0.7499823434961506
    outer loop
      vertex 80.62546518445015 3.501208156347275 0
      vertex 82.95504032820463 1.691269464790821 2.6
      vertex 82.78679309785366 1.4907602295279503 2.6
    endloop
  endfacet
  facet normal 0.5350737850551668 -0.3887538560978602 -0.7500443213009357
    outer loop
      vertex 80.62546518445015 3.501208156347275 0
      vertex 83.10889089852571 1.9030266106128693 2.6
      vertex 82.95504032820463 1.691269464790821 2.6
    endloop
  endfacet
  facet normal 0.5604124464310254 -0.3501845597152763 -0.7505389157280328
    outer loop
      vertex 80.62546518445015 3.501208156347275 0
      vertex 83.2475952655077 2.125 2.6
      vertex 83.10889089852571 1.9030266106128693 2.6
    endloop
  endfacet
  facet normal 0.03489950651393371 -0.9993908266764729 0
    outer loop
      vertex 80 0.25 2.6
      vertex 80.26158677786589 0.25913481414318085 2.6
      vertex 80 0.25 4
    endloop
  endfacet
  facet normal 0.10452844392127603 -0.9945218974016594 0
    outer loop
      vertex 80.26158677786589 0.25913481414318085 2.6
      vertex 80.52189912647009 0.28649473935365677 2.6
      vertex 80.26158677786589 0.25913481414318085 4
    endloop
  endfacet
  facet normal 0.1736481975927896 -0.9848077494987413 0
    outer loop
      vertex 80.52189912647009 0.28649473935365677 2.6
      vertex 80.77966883778572 0.33194649964571 2.6
      vertex 80.52189912647009 0.28649473935365677 4
    endloop
  endfacet
  facet normal 0.03489950651393371 -0.9993908266764729 0
    outer loop
      vertex 80.26158677786589 0.25913481414318085 2.6
      vertex 80.26158677786589 0.25913481414318085 4
      vertex 80 0.25 4
    endloop
  endfacet
  facet normal 0.10452844392127603 -0.9945218974016594 0
    outer loop
      vertex 80.52189912647009 0.28649473935365677 2.6
      vertex 80.52189912647009 0.28649473935365677 4
      vertex 80.26158677786589 0.25913481414318085 4
    endloop
  endfacet
  facet normal 0.1736481975927896 -0.9848077494987413 0
    outer loop
      vertex 80.77966883778572 0.33194649964571 2.6
      vertex 80.77966883778572 0.33194649964571 4
      vertex 80.52189912647009 0.28649473935365677 4
    endloop
  endfacet
  facet normal 0.24192188663410924 -0.9702957285113611 0
    outer loop
      vertex 80.77966883778572 0.33194649964571 2.6
      vertex 81.03364008665085 0.39526864141225815 2.6
      vertex 80.77966883778572 0.33194649964571 4
    endloop
  endfacet
  facet normal 0.3090169943340034 -0.9510565163084571 0
    outer loop
      vertex 81.03364008665085 0.39526864141225815 2.6
      vertex 81.28257554024458 0.4761526733636856 2.6
      vertex 81.03364008665085 0.39526864141225815 4
    endloop
  endfacet
  facet normal 0.37460659902009175 -0.9271838523025517 0
    outer loop
      vertex 81.28257554024458 0.4761526733636856 2.6
      vertex 81.52526240795851 0.5742045342922211 2.6
      vertex 81.28257554024458 0.4761526733636856 4
    endloop
  endfacet
  facet normal 0.24192188663410924 -0.9702957285113611 0
    outer loop
      vertex 81.03364008665085 0.39526864141225815 2.6
      vertex 81.03364008665085 0.39526864141225815 4
      vertex 80.77966883778572 0.33194649964571 4
    endloop
  endfacet
  facet normal 0.3090169943340034 -0.9510565163084571 0
    outer loop
      vertex 81.28257554024458 0.4761526733636856 2.6
      vertex 81.28257554024458 0.4761526733636856 4
      vertex 81.03364008665085 0.39526864141225815 4
    endloop
  endfacet
  facet normal 0.438371155591943 -0.8987940420057225 0
    outer loop
      vertex 81.52526240795851 0.5742045342922211 2.6
      vertex 81.76051835715771 0.6889465302228928 2.6
      vertex 81.52526240795851 0.5742045342922211 4
    endloop
  endfacet
  facet normal 0.37460659902009175 -0.9271838523025517 0
    outer loop
      vertex 81.52526240795851 0.5742045342922211 2.6
      vertex 81.52526240795851 0.5742045342922211 4
      vertex 81.28257554024458 0.4761526733636856 4
    endloop
  endfacet
  facet normal 0.438371155591943 -0.8987940420057225 0
    outer loop
      vertex 81.76051835715771 0.6889465302228928 2.6
      vertex 81.76051835715771 0.6889465302228928 4
      vertex 81.52526240795851 0.5742045342922211 4
    endloop
  endfacet
  facet normal 0.4999999737696784 -0.8660254189285214 0
    outer loop
      vertex 81.76051835715771 0.6889465302228928 2.6
      vertex 81.98719724267721 0.8198196366429329 2.6
      vertex 81.76051835715771 0.6889465302228928 4
    endloop
  endfacet
  facet normal 0.559192913747207 -0.8290375656234816 0
    outer loop
      vertex 81.98719724267721 0.8198196366429329 2.6
      vertex 82.20419469475746 0.9661862701177597 2.6
      vertex 81.98719724267721 0.8198196366429329 4
    endloop
  endfacet
  facet normal 0.4999999737696784 -0.8660254189285214 0
    outer loop
      vertex 81.98719724267721 0.8198196366429329 2.6
      vertex 81.98719724267721 0.8198196366429329 4
      vertex 81.76051835715771 0.6889465302228928 4
    endloop
  endfacet
  facet normal 0.559192913747207 -0.8290375656234816 0
    outer loop
      vertex 82.20419469475746 0.9661862701177597 2.6
      vertex 82.20419469475746 0.9661862701177597 4
      vertex 81.98719724267721 0.8198196366429329 4
    endloop
  endfacet
  facet normal 0.615661470005977 -0.7880107577629124 0
    outer loop
      vertex 82.20419469475746 0.9661862701177597 2.6
      vertex 82.4104535356164 1.1273333355784416 2.6
      vertex 82.20419469475746 0.9661862701177597 4
    endloop
  endfacet
  facet normal 0.6691306118650311 -0.743144820519614 0
    outer loop
      vertex 82.4104535356164 1.1273333355784416 2.6
      vertex 82.60496889054775 1.3024757504463196 2.6
      vertex 82.4104535356164 1.1273333355784416 4
    endloop
  endfacet
  facet normal 0.615661470005977 -0.7880107577629124 0
    outer loop
      vertex 82.4104535356164 1.1273333355784416 2.6
      vertex 82.4104535356164 1.1273333355784416 4
      vertex 82.20419469475746 0.9661862701177597 4
    endloop
  endfacet
  facet normal 0.6691306118650311 -0.743144820519614 0
    outer loop
      vertex 82.60496889054775 1.3024757504463196 2.6
      vertex 82.60496889054775 1.3024757504463196 4
      vertex 82.4104535356164 1.1273333355784416 4
    endloop
  endfacet
  facet normal 0.7193398015101028 -0.6946583692459235 0
    outer loop
      vertex 82.60496889054775 1.3024757504463196 2.6
      vertex 82.78679309785366 1.4907602295279503 2.6
      vertex 82.60496889054775 1.3024757504463196 4
    endloop
  endfacet
  facet normal 0.7660444337236486 -0.6427876208834568 0
    outer loop
      vertex 82.78679309785366 1.4907602295279503 2.6
      vertex 82.95504032820463 1.691269464790821 2.6
      vertex 82.78679309785366 1.4907602295279503 4
    endloop
  endfacet
  facet normal 0.7193398015101028 -0.6946583692459235 0
    outer loop
      vertex 82.78679309785366 1.4907602295279503 2.6
      vertex 82.78679309785366 1.4907602295279503 4
      vertex 82.60496889054775 1.3024757504463196 4
    endloop
  endfacet
  facet normal 0.7660444337236486 -0.6427876208834568 0
    outer loop
      vertex 82.95504032820463 1.691269464790821 2.6
      vertex 82.95504032820463 1.691269464790821 4
      vertex 82.78679309785366 1.4907602295279503 4
    endloop
  endfacet
  facet normal 0.8090169975136928 -0.5877852479723605 0
    outer loop
      vertex 82.95504032820463 1.691269464790821 2.6
      vertex 83.10889089852571 1.9030266106128693 2.6
      vertex 82.95504032820463 1.691269464790821 4
    endloop
  endfacet
  facet normal 0.8090169975136928 -0.5877852479723605 0
    outer loop
      vertex 83.10889089852571 1.9030266106128693 2.6
      vertex 83.10889089852571 1.9030266106128693 4
      vertex 82.95504032820463 1.691269464790821 4
    endloop
  endfacet
  facet normal 0.8480480978483979 -0.5299192615254839 0
    outer loop
      vertex 83.10889089852571 1.9030266106128693 2.6
      vertex 83.2475952655077 2.125 2.6
      vertex 83.10889089852571 1.9030266106128693 4
    endloop
  endfacet
  facet normal 0.882947587642265 -0.46947157259700467 0
    outer loop
      vertex 83.2475952655077 2.125 2.6
      vertex 83.3704776763916 2.356108196079731 2.6
      vertex 83.2475952655077 2.125 4
    endloop
  endfacet
  facet normal 0.8480480978483979 -0.5299192615254839 0
    outer loop
      vertex 83.2475952655077 2.125 2.6
      vertex 83.2475952655077 2.125 4
      vertex 83.10889089852571 1.9030266106128693 4
    endloop
  endfacet
  facet normal 0.882947587642265 -0.46947157259700467 0
    outer loop
      vertex 83.3704776763916 2.356108196079731 2.6
      vertex 83.3704776763916 2.356108196079731 4
      vertex 83.2475952655077 2.125 4
    endloop
  endfacet
  facet normal 0.913545463611597 -0.40673662966921503 0
    outer loop
      vertex 83.3704776763916 2.356108196079731 2.6
      vertex 83.47693945467472 2.5952252745628357 2.6
      vertex 83.3704776763916 2.356108196079731 4
    endloop
  endfacet
  facet normal 0.913545463611597 -0.40673662966921503 0
    outer loop
      vertex 83.47693945467472 2.5952252745628357 2.6
      vertex 83.47693945467472 2.5952252745628357 4
      vertex 83.3704776763916 2.356108196079731 4
    endloop
  endfacet
  facet normal 0.44902889992630385 -0.4839380527972963 -0.7511171733396427
    outer loop
      vertex 80.45065604895353 3.33900897949934 0
      vertex 80.62546518445015 3.501208156347275 0
      vertex 82.60496889054775 1.3024757504463196 2.6
    endloop
  endfacet
  facet normal 0.5716417116387702 -0.3300375060053738 -0.7511997059001355
    outer loop
      vertex 80.62546518445015 3.501208156347275 0
      vertex 80.74469900131226 3.7077271789312363 0
      vertex 83.2475952655077 2.125 2.6
    endloop
  endfacet
  facet normal 0.6436171015062688 -0.14690138878237063 -0.7511171736969406
    outer loop
      vertex 80.74469900131226 3.7077271789312363 0
      vertex 80.79776303470135 3.9402159228920937 0
      vertex 83.6386089771986 3.0927928909659386 2.6
    endloop
  endfacet
  facet normal 0.6606695619198683 -0.024720510651599845 -0.7502697023775742
    outer loop
      vertex 80.79776303470135 3.9402159228920937 0
      vertex 80.79999999701977 4 0
      vertex 83.74771559983492 3.8691268861293793 2.6
    endloop
  endfacet
  facet normal 0.5834749456181297 -0.3102391400397356 -0.750538915595538
    outer loop
      vertex 80.74469900131226 3.7077271789312363 0
      vertex 83.3704776763916 2.356108196079731 2.6
      vertex 83.2475952655077 2.125 2.6
    endloop
  endfacet
  facet normal 0.6042076135919919 -0.269010550828339 -0.7500443208374447
    outer loop
      vertex 80.74469900131226 3.7077271789312363 0
      vertex 83.47693945467472 2.5952252745628357 2.6
      vertex 83.3704776763916 2.356108196079731 2.6
    endloop
  endfacet
  facet normal 0.621567059245122 -0.22623190764043685 -0.7499823430099802
    outer loop
      vertex 80.74469900131226 3.7077271789312363 0
      vertex 83.56646193563938 2.8411862701177597 2.6
      vertex 83.47693945467472 2.5952252745628357 2.6
    endloop
  endfacet
  facet normal 0.6354291183366749 -0.1822063777734888 -0.7503536975777096
    outer loop
      vertex 80.74469900131226 3.7077271789312363 0
      vertex 83.6386089771986 3.0927928909659386 2.6
      vertex 83.56646193563938 2.8411862701177597 2.6
    endloop
  endfacet
  facet normal 0.6461410148159342 -0.1373415099737018 -0.7507590150046672
    outer loop
      vertex 80.79776303470135 3.9402159228920937 0
      vertex 83.69302907586098 3.3488193303346634 2.6
      vertex 83.6386089771986 3.0927928909659386 2.6
    endloop
  endfacet
  facet normal 0.6548416775346021 -0.09203199542746929 -0.7501416460784631
    outer loop
      vertex 80.79776303470135 3.9402159228920937 0
      vertex 83.72945711016655 3.6080182641744614 2.6
      vertex 83.69302907586098 3.3488193303346634 2.6
    endloop
  endfacet
  facet normal 0.6598766241261053 -0.04614305890705173 -0.7499557713936437
    outer loop
      vertex 80.79776303470135 3.9402159228920937 0
      vertex 83.74771559983492 3.8691268861293793 2.6
      vertex 83.72945711016655 3.6080182641744614 2.6
    endloop
  endfacet
  facet normal 0.6611569520653913 -0.011540544927629846 -0.7501588502166558
    outer loop
      vertex 80.79999999701977 4 0
      vertex 83.75 4 2.6
      vertex 83.74771559983492 3.8691268861293793 2.6
    endloop
  endfacet
  facet normal 0.939692621041079 -0.34202014262459324 0
    outer loop
      vertex 83.47693945467472 2.5952252745628357 2.6
      vertex 83.56646193563938 2.8411862701177597 2.6
      vertex 83.47693945467472 2.5952252745628357 4
    endloop
  endfacet
  facet normal 0.9612616918845166 -0.27563736995428795 0
    outer loop
      vertex 83.56646193563938 2.8411862701177597 2.6
      vertex 83.6386089771986 3.0927928909659386 2.6
      vertex 83.56646193563938 2.8411862701177597 4
    endloop
  endfacet
  facet normal 0.939692621041079 -0.34202014262459324 0
    outer loop
      vertex 83.56646193563938 2.8411862701177597 2.6
      vertex 83.56646193563938 2.8411862701177597 4
      vertex 83.47693945467472 2.5952252745628357 4
    endloop
  endfacet
  facet normal 0.9781476015002516 -0.20791168721191458 0
    outer loop
      vertex 83.6386089771986 3.0927928909659386 2.6
      vertex 83.69302907586098 3.3488193303346634 2.6
      vertex 83.6386089771986 3.0927928909659386 4
    endloop
  endfacet
  facet normal 0.9612616918845166 -0.27563736995428795 0
    outer loop
      vertex 83.6386089771986 3.0927928909659386 2.6
      vertex 83.6386089771986 3.0927928909659386 4
      vertex 83.56646193563938 2.8411862701177597 4
    endloop
  endfacet
  facet normal 0.9781476015002516 -0.20791168721191458 0
    outer loop
      vertex 83.69302907586098 3.3488193303346634 2.6
      vertex 83.69302907586098 3.3488193303346634 4
      vertex 83.6386089771986 3.0927928909659386 4
    endloop
  endfacet
  facet normal 0.9902680688522706 -0.13917310017239254 0
    outer loop
      vertex 83.69302907586098 3.3488193303346634 2.6
      vertex 83.72945711016655 3.6080182641744614 2.6
      vertex 83.69302907586098 3.3488193303346634 4
    endloop
  endfacet
  facet normal 0.9902680688522706 -0.13917310017239254 0
    outer loop
      vertex 83.72945711016655 3.6080182641744614 2.6
      vertex 83.72945711016655 3.6080182641744614 4
      vertex 83.69302907586098 3.3488193303346634 4
    endloop
  endfacet
  facet normal 0.9975640512796179 -0.06975645916039604 0
    outer loop
      vertex 83.72945711016655 3.6080182641744614 2.6
      vertex 83.74771559983492 3.8691268861293793 2.6
      vertex 83.72945711016655 3.6080182641744614 4
    endloop
  endfacet
  facet normal 0.9998476949610728 -0.017452417627068444 0
    outer loop
      vertex 83.74771559983492 3.8691268861293793 2.6
      vertex 83.75 4 2.6
      vertex 83.74771559983492 3.8691268861293793 4
    endloop
  endfacet
  facet normal 0.9975640512796179 -0.06975645916039604 0
    outer loop
      vertex 83.74771559983492 3.8691268861293793 2.6
      vertex 83.74771559983492 3.8691268861293793 4
      vertex 83.72945711016655 3.6080182641744614 4
    endloop
  endfacet
  facet normal 0.9998476949610728 -0.017452417627068444 0
    outer loop
      vertex 83.75 4 2.6
      vertex 83.75 4 4
      vertex 83.74771559983492 3.8691268861293793 4
    endloop
  endfacet
  facet normal 0 0 -1
    outer loop
      vertex 45.2355417534709 3.7641958594322205 0
      vertex 45.20000000298023 4 0
      vertex 45.20000000298023 38 0
    endloop
  endfacet
  facet normal -0.6612009842860757 2.0261951996587174e-18 -0.7502088098517137
    outer loop
      vertex 45.20000000298023 4 0
      vertex 42.25 4 2.6
      vertex 42.25 38 2.6
    endloop
  endfacet
  facet normal -1 0 0
    outer loop
      vertex 42.25 4 2.6
      vertex 42.25 4 4
      vertex 42.25 38 4
    endloop
  endfacet
  facet normal -1 0 0
    outer loop
      vertex 42.25 5.5 7.01
      vertex 42.25 36.5 7.01
      vertex 42.25 5.5 7
    endloop
  endfacet
  facet normal 0 0 1
    outer loop
      vertex 42.25 5.5 7.01
      vertex 83.75 5.5 7.01
      vertex 42.25 36.5 7.01
    endloop
  endfacet
  facet normal 0 0 -1
    outer loop
      vertex 45.2355417534709 3.7641958594322205 0
      vertex 80.79999999701977 38 0
      vertex 80.79999999701977 4 0
    endloop
  endfacet
  facet normal 0.6612009842860757 0 -0.7502088098517137
    outer loop
      vertex 80.79999999701977 4 0
      vertex 80.79999999701977 38 0
      vertex 83.75 4 2.6
    endloop
  endfacet
  facet normal 1 0 0
    outer loop
      vertex 83.75 4 2.6
      vertex 83.75 38 2.6
      vertex 83.75 4 4
    endloop
  endfacet
  facet normal 1 0 0
    outer loop
      vertex 83.75 5.5 7.01
      vertex 83.75 5.5 7
      vertex 83.75 36.5 7
    endloop
  endfacet
  facet normal -1 0 0
    outer loop
      vertex 42.25 36.5 7.01
      vertex 42.25 36.5 7
      vertex 42.25 5.5 7
    endloop
  endfacet
  facet normal -0.6612009842860757 0 -0.7502088098517137
    outer loop
      vertex 45.20000000298023 4 0
      vertex 42.25 38 2.6
      vertex 45.20000000298023 38 0
    endloop
  endfacet
  facet normal 0 0 -1
    outer loop
      vertex 45.2355417534709 3.7641958594322205 0
      vertex 45.20000000298023 38 0
      vertex 45.20223696529865 38.059784077107906 0
    endloop
  endfacet
  facet normal 0 0 -1
    outer loop
      vertex 45.2355417534709 3.7641958594322205 0
      vertex 45.20223696529865 38.059784077107906 0
      vertex 45.255300998687744 38.292272821068764 0
    endloop
  endfacet
  facet normal 0 0 -1
    outer loop
      vertex 45.2355417534709 3.7641958594322205 0
      vertex 45.255300998687744 38.292272821068764 0
      vertex 45.37453481554985 38.498791843652725 0
    endloop
  endfacet
  facet normal 0 0 -1
    outer loop
      vertex 45.2355417534709 3.7641958594322205 0
      vertex 45.37453481554985 38.498791843652725 0
      vertex 45.54934395104647 38.66099102050066 0
    endloop
  endfacet
  facet normal 0 0 -1
    outer loop
      vertex 45.2355417534709 3.7641958594322205 0
      vertex 45.54934395104647 38.66099102050066 0
      vertex 45.76419585943222 38.7644582465291 0
    endloop
  endfacet
  facet normal 0 0 -1
    outer loop
      vertex 45.2355417534709 3.7641958594322205 0
      vertex 45.76419585943222 38.7644582465291 0
      vertex 46 38.79999999701977 0
    endloop
  endfacet
  facet normal -1 0 0
    outer loop
      vertex 42.25 4 2.6
      vertex 42.25 38 4
      vertex 42.25 38 2.6
    endloop
  endfacet
  facet normal 0 0 -1
    outer loop
      vertex 45.2355417534709 3.7641958594322205 0
      vertex 46 38.79999999701977 0
      vertex 80 38.79999999701977 0
    endloop
  endfacet
  facet normal 0 0 1
    outer loop
      vertex 83.75 5.5 7.01
      vertex 83.75 36.5 7.01
      vertex 42.25 36.5 7.01
    endloop
  endfacet
  facet normal 1 0 0
    outer loop
      vertex 83.75 5.5 7.01
      vertex 83.75 36.5 7
      vertex 83.75 36.5 7.01
    endloop
  endfacet
  facet normal 0 0 -1
    outer loop
      vertex 45.2355417534709 3.7641958594322205 0
      vertex 80.66099102050066 38.45065604895353 0
      vertex 80.7644582465291 38.23580414056778 0
    endloop
  endfacet
  facet normal 0 0 -1
    outer loop
      vertex 45.2355417534709 3.7641958594322205 0
      vertex 80.7644582465291 38.23580414056778 0
      vertex 80.79999999701977 38 0
    endloop
  endfacet
  facet normal 0 0 -1
    outer loop
      vertex 45.2355417534709 3.7641958594322205 0
      vertex 80.49879184365273 38.62546518445015 0
      vertex 80.66099102050066 38.45065604895353 0
    endloop
  endfacet
  facet normal 0 0 -1
    outer loop
      vertex 45.2355417534709 3.7641958594322205 0
      vertex 80.29227282106876 38.744699001312256 0
      vertex 80.49879184365273 38.62546518445015 0
    endloop
  endfacet
  facet normal 0 0 -1
    outer loop
      vertex 45.2355417534709 3.7641958594322205 0
      vertex 80.0597840771079 38.79776303470135 0
      vertex 80.29227282106876 38.744699001312256 0
    endloop
  endfacet
  facet normal 0 0 -1
    outer loop
      vertex 45.2355417534709 3.7641958594322205 0
      vertex 80 38.79999999701977 0
      vertex 80.0597840771079 38.79776303470135 0
    endloop
  endfacet
  facet normal 0.6612009842860757 0 -0.7502088098517137
    outer loop
      vertex 83.75 4 2.6
      vertex 80.79999999701977 38 0
      vertex 83.75 38 2.6
    endloop
  endfacet
  facet normal 1 0 0
    outer loop
      vertex 83.75 38 2.6
      vertex 83.75 38 4
      vertex 83.75 4 4
    endloop
  endfacet
  facet normal -0.6611569520653913 0.011540544927629846 -0.7501588502166558
    outer loop
      vertex 45.20000000298023 38 0
      vertex 42.25 38 2.6
      vertex 42.25228440016508 38.13087311387062 2.6
    endloop
  endfacet
  facet normal -0.6606695619198683 0.024720510651599845 -0.7502697023775742
    outer loop
      vertex 45.20000000298023 38 0
      vertex 42.25228440016508 38.13087311387062 2.6
      vertex 45.20223696529865 38.059784077107906 0
    endloop
  endfacet
  facet normal -0.6436171015062688 0.14690138878237063 -0.7511171736969406
    outer loop
      vertex 45.20223696529865 38.059784077107906 0
      vertex 42.3613910228014 38.90720710903406 2.6
      vertex 45.255300998687744 38.292272821068764 0
    endloop
  endfacet
  facet normal -0.5716417116387702 0.3300375060053738 -0.7511997059001355
    outer loop
      vertex 45.255300998687744 38.292272821068764 0
      vertex 42.7524047344923 39.875 2.6
      vertex 45.37453481554985 38.498791843652725 0
    endloop
  endfacet
  facet normal -0.44902889992630385 0.4839380527972963 -0.7511171733396427
    outer loop
      vertex 45.37453481554985 38.498791843652725 0
      vertex 43.39503110945225 40.69752424955368 2.6
      vertex 45.54934395104647 38.66099102050066 0
    endloop
  endfacet
  facet normal -0.6598766241261053 0.04614305890705173 -0.7499557713936437
    outer loop
      vertex 45.20223696529865 38.059784077107906 0
      vertex 42.25228440016508 38.13087311387062 2.6
      vertex 42.27054288983345 38.39198173582554 2.6
    endloop
  endfacet
  facet normal -0.6548416775346021 0.09203199542746929 -0.7501416460784631
    outer loop
      vertex 45.20223696529865 38.059784077107906 0
      vertex 42.27054288983345 38.39198173582554 2.6
      vertex 42.30697092413902 38.65118066966534 2.6
    endloop
  endfacet
  facet normal -0.6461410148159342 0.1373415099737018 -0.7507590150046672
    outer loop
      vertex 45.20223696529865 38.059784077107906 0
      vertex 42.30697092413902 38.65118066966534 2.6
      vertex 42.3613910228014 38.90720710903406 2.6
    endloop
  endfacet
  facet normal -0.6354291183366749 0.1822063777734888 -0.7503536975777096
    outer loop
      vertex 45.255300998687744 38.292272821068764 0
      vertex 42.3613910228014 38.90720710903406 2.6
      vertex 42.43353806436062 39.15881372988224 2.6
    endloop
  endfacet
  facet normal -0.621567059245122 0.22623190764043685 -0.7499823430099802
    outer loop
      vertex 45.255300998687744 38.292272821068764 0
      vertex 42.43353806436062 39.15881372988224 2.6
      vertex 42.52306054532528 39.404774725437164 2.6
    endloop
  endfacet
  facet normal -0.6042076135919919 0.269010550828339 -0.7500443208374447
    outer loop
      vertex 45.255300998687744 38.292272821068764 0
      vertex 42.52306054532528 39.404774725437164 2.6
      vertex 42.6295223236084 39.64389180392027 2.6
    endloop
  endfacet
  facet normal -0.5834749456181297 0.3102391400397356 -0.750538915595538
    outer loop
      vertex 45.255300998687744 38.292272821068764 0
      vertex 42.6295223236084 39.64389180392027 2.6
      vertex 42.7524047344923 39.875 2.6
    endloop
  endfacet
  facet normal -0.9998476949610728 0.017452417627068444 0
    outer loop
      vertex 42.25 38 2.6
      vertex 42.25 38 4
      vertex 42.25228440016508 38.13087311387062 4
    endloop
  endfacet
  facet normal -0.9998476949610728 0.017452417627068444 0
    outer loop
      vertex 42.25 38 2.6
      vertex 42.25228440016508 38.13087311387062 4
      vertex 42.25228440016508 38.13087311387062 2.6
    endloop
  endfacet
  facet normal -0.9975640512796179 0.06975645916039604 0
    outer loop
      vertex 42.25228440016508 38.13087311387062 2.6
      vertex 42.27054288983345 38.39198173582554 4
      vertex 42.27054288983345 38.39198173582554 2.6
    endloop
  endfacet
  facet normal -0.9975640512796179 0.06975645916039604 0
    outer loop
      vertex 42.25228440016508 38.13087311387062 2.6
      vertex 42.25228440016508 38.13087311387062 4
      vertex 42.27054288983345 38.39198173582554 4
    endloop
  endfacet
  facet normal -0.9902680688522706 0.13917310017239254 0
    outer loop
      vertex 42.27054288983345 38.39198173582554 2.6
      vertex 42.30697092413902 38.65118066966534 4
      vertex 42.30697092413902 38.65118066966534 2.6
    endloop
  endfacet
  facet normal -0.9902680688522706 0.13917310017239254 0
    outer loop
      vertex 42.27054288983345 38.39198173582554 2.6
      vertex 42.27054288983345 38.39198173582554 4
      vertex 42.30697092413902 38.65118066966534 4
    endloop
  endfacet
  facet normal -0.9781476015002516 0.20791168721191458 0
    outer loop
      vertex 42.30697092413902 38.65118066966534 2.6
      vertex 42.3613910228014 38.90720710903406 4
      vertex 42.3613910228014 38.90720710903406 2.6
    endloop
  endfacet
  facet normal -0.9781476015002516 0.20791168721191458 0
    outer loop
      vertex 42.30697092413902 38.65118066966534 2.6
      vertex 42.30697092413902 38.65118066966534 4
      vertex 42.3613910228014 38.90720710903406 4
    endloop
  endfacet
  facet normal -0.9612616918845166 0.27563736995428795 0
    outer loop
      vertex 42.3613910228014 38.90720710903406 2.6
      vertex 42.3613910228014 38.90720710903406 4
      vertex 42.43353806436062 39.15881372988224 4
    endloop
  endfacet
  facet normal -0.9612616918845166 0.27563736995428795 0
    outer loop
      vertex 42.3613910228014 38.90720710903406 2.6
      vertex 42.43353806436062 39.15881372988224 4
      vertex 42.43353806436062 39.15881372988224 2.6
    endloop
  endfacet
  facet normal -0.939692621041079 0.34202014262459324 0
    outer loop
      vertex 42.43353806436062 39.15881372988224 2.6
      vertex 42.52306054532528 39.404774725437164 4
      vertex 42.52306054532528 39.404774725437164 2.6
    endloop
  endfacet
  facet normal -0.939692621041079 0.34202014262459324 0
    outer loop
      vertex 42.43353806436062 39.15881372988224 2.6
      vertex 42.43353806436062 39.15881372988224 4
      vertex 42.52306054532528 39.404774725437164 4
    endloop
  endfacet
  facet normal -0.286487497430482 0.5948974174167716 -0.7510139656270547
    outer loop
      vertex 45.54934395104647 38.66099102050066 0
      vertex 44.47473759204149 41.42579546570778 2.6
      vertex 45.76419585943222 38.7644582465291 0
    endloop
  endfacet
  facet normal -0.09838255887429205 0.652725721776262 -0.7511790760138385
    outer loop
      vertex 45.76419585943222 38.7644582465291 0
      vertex 45.47810087352991 41.71350526064634 2.6
      vertex 46 38.79999999701977 0
    endloop
  endfacet
  facet normal -0.5604124464310254 0.3501845597152763 -0.7505389157280328
    outer loop
      vertex 45.37453481554985 38.498791843652725 0
      vertex 42.7524047344923 39.875 2.6
      vertex 42.891109101474285 40.09697338938713 2.6
    endloop
  endfacet
  facet normal -0.5350737850551668 0.3887538560978602 -0.7500443213009357
    outer loop
      vertex 45.37453481554985 38.498791843652725 0
      vertex 42.891109101474285 40.09697338938713 2.6
      vertex 43.04495967179537 40.30873053520918 2.6
    endloop
  endfacet
  facet normal -0.5067061024661204 0.42517691631556814 -0.7499823434961506
    outer loop
      vertex 45.37453481554985 38.498791843652725 0
      vertex 43.04495967179537 40.30873053520918 2.6
      vertex 43.21320690214634 40.50923977047205 2.6
    endloop
  endfacet
  facet normal -0.47550990497178275 0.45919457599114016 -0.7503536977013194
    outer loop
      vertex 45.37453481554985 38.498791843652725 0
      vertex 43.21320690214634 40.50923977047205 2.6
      vertex 43.39503110945225 40.69752424955368 2.6
    endloop
  endfacet
  facet normal -0.44201175002614423 0.49090377396602536 -0.7507590142946928
    outer loop
      vertex 45.54934395104647 38.66099102050066 0
      vertex 43.39503110945225 40.69752424955368 2.6
      vertex 43.5895464643836 40.87266666442156 2.6
    endloop
  endfacet
  facet normal -0.4071228822062101 0.5210935336051186 -0.7501416453037648
    outer loop
      vertex 45.54934395104647 38.66099102050066 0
      vertex 43.5895464643836 40.87266666442156 2.6
      vertex 43.79580530524254 41.03381372988224 2.6
    endloop
  endfacet
  facet normal -0.36989938838850717 0.5483983808383065 -0.7499557709383481
    outer loop
      vertex 45.54934395104647 38.66099102050066 0
      vertex 43.79580530524254 41.03381372988224 2.6
      vertex 44.01280275732279 41.18018036335707 2.6
    endloop
  endfacet
  facet normal -0.3306034670411384 0.5726220421271677 -0.7502035353492352
    outer loop
      vertex 45.54934395104647 38.66099102050066 0
      vertex 44.01280275732279 41.18018036335707 2.6
      vertex 44.23948164284229 41.31105346977711 2.6
    endloop
  endfacet
  facet normal -0.28951622240197755 0.5935962082348373 -0.7508820803130892
    outer loop
      vertex 45.54934395104647 38.66099102050066 0
      vertex 44.23948164284229 41.31105346977711 2.6
      vertex 44.47473759204149 41.42579546570778 2.6
    endloop
  endfacet
  facet normal -0.2476624456112128 0.612986052549916 -0.7502742248092659
    outer loop
      vertex 45.76419585943222 38.7644582465291 0
      vertex 44.47473759204149 41.42579546570778 2.6
      vertex 44.71742445975542 41.523847326636314 2.6
    endloop
  endfacet
  facet normal -0.20440792258277624 0.6291028982933601 -0.7499646288621137
    outer loop
      vertex 45.76419585943222 38.7644582465291 0
      vertex 44.71742445975542 41.523847326636314 2.6
      vertex 44.96635991334915 41.60473135858774 2.6
    endloop
  endfacet
  facet normal -0.15999198809324827 0.6416928406221822 -0.7500885694637698
    outer loop
      vertex 45.76419585943222 38.7644582465291 0
      vertex 44.96635991334915 41.60473135858774 2.6
      vertex 45.22033116221428 41.66805350035429 2.6
    endloop
  endfacet
  facet normal -0.11473043774754482 0.6506685687698543 -0.7506446164925489
    outer loop
      vertex 45.76419585943222 38.7644582465291 0
      vertex 45.22033116221428 41.66805350035429 2.6
      vertex 45.47810087352991 41.71350526064634 2.6
    endloop
  endfacet
  facet normal -0.0690866516294414 0.6573157055259183 -0.7504419350193569
    outer loop
      vertex 46 38.79999999701977 0
      vertex 45.47810087352991 41.71350526064634 2.6
      vertex 45.73841322213411 41.74086518585682 2.6
    endloop
  endfacet
  facet normal -0.02308350120127333 0.6610248009930202 -0.7500089095766989
    outer loop
      vertex 46 38.79999999701977 0
      vertex 45.73841322213411 41.74086518585682 2.6
      vertex 46 41.75 2.6
    endloop
  endfacet
  facet normal -0.913545463611597 0.40673662966921503 0
    outer loop
      vertex 42.52306054532528 39.404774725437164 2.6
      vertex 42.6295223236084 39.64389180392027 4
      vertex 42.6295223236084 39.64389180392027 2.6
    endloop
  endfacet
  facet normal -0.913545463611597 0.40673662966921503 0
    outer loop
      vertex 42.52306054532528 39.404774725437164 2.6
      vertex 42.52306054532528 39.404774725437164 4
      vertex 42.6295223236084 39.64389180392027 4
    endloop
  endfacet
  facet normal -0.882947587642265 0.46947157259700467 0
    outer loop
      vertex 42.6295223236084 39.64389180392027 2.6
      vertex 42.7524047344923 39.875 4
      vertex 42.7524047344923 39.875 2.6
    endloop
  endfacet
  facet normal -0.8480480978483979 0.5299192615254839 0
    outer loop
      vertex 42.7524047344923 39.875 2.6
      vertex 42.891109101474285 40.09697338938713 4
      vertex 42.891109101474285 40.09697338938713 2.6
    endloop
  endfacet
  facet normal -0.882947587642265 0.46947157259700467 0
    outer loop
      vertex 42.6295223236084 39.64389180392027 2.6
      vertex 42.6295223236084 39.64389180392027 4
      vertex 42.7524047344923 39.875 4
    endloop
  endfacet
  facet normal -0.8480480978483979 0.5299192615254839 0
    outer loop
      vertex 42.7524047344923 39.875 2.6
      vertex 42.7524047344923 39.875 4
      vertex 42.891109101474285 40.09697338938713 4
    endloop
  endfacet
  facet normal -0.8090169975136928 0.5877852479723605 0
    outer loop
      vertex 42.891109101474285 40.09697338938713 2.6
      vertex 43.04495967179537 40.30873053520918 4
      vertex 43.04495967179537 40.30873053520918 2.6
    endloop
  endfacet
  facet normal -0.8090169975136928 0.5877852479723605 0
    outer loop
      vertex 42.891109101474285 40.09697338938713 2.6
      vertex 42.891109101474285 40.09697338938713 4
      vertex 43.04495967179537 40.30873053520918 4
    endloop
  endfacet
  facet normal -0.7660444337236486 0.6427876208834568 0
    outer loop
      vertex 43.04495967179537 40.30873053520918 2.6
      vertex 43.21320690214634 40.50923977047205 4
      vertex 43.21320690214634 40.50923977047205 2.6
    endloop
  endfacet
  facet normal -0.7660444337236486 0.6427876208834568 0
    outer loop
      vertex 43.04495967179537 40.30873053520918 2.6
      vertex 43.04495967179537 40.30873053520918 4
      vertex 43.21320690214634 40.50923977047205 4
    endloop
  endfacet
  facet normal -0.7193398015101028 0.6946583692459235 0
    outer loop
      vertex 43.21320690214634 40.50923977047205 2.6
      vertex 43.21320690214634 40.50923977047205 4
      vertex 43.39503110945225 40.69752424955368 4
    endloop
  endfacet
  facet normal -0.7193398015101028 0.6946583692459235 0
    outer loop
      vertex 43.21320690214634 40.50923977047205 2.6
      vertex 43.39503110945225 40.69752424955368 4
      vertex 43.39503110945225 40.69752424955368 2.6
    endloop
  endfacet
  facet normal -0.6691306118650311 0.743144820519614 0
    outer loop
      vertex 43.39503110945225 40.69752424955368 2.6
      vertex 43.5895464643836 40.87266666442156 4
      vertex 43.5895464643836 40.87266666442156 2.6
    endloop
  endfacet
  facet normal -0.615661470005977 0.7880107577629124 0
    outer loop
      vertex 43.5895464643836 40.87266666442156 2.6
      vertex 43.79580530524254 41.03381372988224 4
      vertex 43.79580530524254 41.03381372988224 2.6
    endloop
  endfacet
  facet normal -0.6691306118650311 0.743144820519614 0
    outer loop
      vertex 43.39503110945225 40.69752424955368 2.6
      vertex 43.39503110945225 40.69752424955368 4
      vertex 43.5895464643836 40.87266666442156 4
    endloop
  endfacet
  facet normal -0.615661470005977 0.7880107577629124 0
    outer loop
      vertex 43.5895464643836 40.87266666442156 2.6
      vertex 43.5895464643836 40.87266666442156 4
      vertex 43.79580530524254 41.03381372988224 4
    endloop
  endfacet
  facet normal -0.559192913747207 0.8290375656234816 0
    outer loop
      vertex 43.79580530524254 41.03381372988224 2.6
      vertex 44.01280275732279 41.18018036335707 4
      vertex 44.01280275732279 41.18018036335707 2.6
    endloop
  endfacet
  facet normal -0.4999999737696784 0.8660254189285214 0
    outer loop
      vertex 44.01280275732279 41.18018036335707 2.6
      vertex 44.23948164284229 41.31105346977711 4
      vertex 44.23948164284229 41.31105346977711 2.6
    endloop
  endfacet
  facet normal -0.559192913747207 0.8290375656234816 0
    outer loop
      vertex 43.79580530524254 41.03381372988224 2.6
      vertex 43.79580530524254 41.03381372988224 4
      vertex 44.01280275732279 41.18018036335707 4
    endloop
  endfacet
  facet normal -0.4999999737696784 0.8660254189285214 0
    outer loop
      vertex 44.01280275732279 41.18018036335707 2.6
      vertex 44.01280275732279 41.18018036335707 4
      vertex 44.23948164284229 41.31105346977711 4
    endloop
  endfacet
  facet normal -0.438371155591943 0.8987940420057225 0
    outer loop
      vertex 44.23948164284229 41.31105346977711 2.6
      vertex 44.47473759204149 41.42579546570778 4
      vertex 44.47473759204149 41.42579546570778 2.6
    endloop
  endfacet
  facet normal -0.438371155591943 0.8987940420057225 0
    outer loop
      vertex 44.23948164284229 41.31105346977711 2.6
      vertex 44.23948164284229 41.31105346977711 4
      vertex 44.47473759204149 41.42579546570778 4
    endloop
  endfacet
  facet normal -0.37460659902009175 0.9271838523025517 0
    outer loop
      vertex 44.47473759204149 41.42579546570778 2.6
      vertex 44.47473759204149 41.42579546570778 4
      vertex 44.71742445975542 41.523847326636314 4
    endloop
  endfacet
  facet normal -0.37460659902009175 0.9271838523025517 0
    outer loop
      vertex 44.47473759204149 41.42579546570778 2.6
      vertex 44.71742445975542 41.523847326636314 4
      vertex 44.71742445975542 41.523847326636314 2.6
    endloop
  endfacet
  facet normal -0.3090169943340034 0.9510565163084571 0
    outer loop
      vertex 44.71742445975542 41.523847326636314 2.6
      vertex 44.96635991334915 41.60473135858774 4
      vertex 44.96635991334915 41.60473135858774 2.6
    endloop
  endfacet
  facet normal -0.24192188663410924 0.9702957285113611 0
    outer loop
      vertex 44.96635991334915 41.60473135858774 2.6
      vertex 45.22033116221428 41.66805350035429 4
      vertex 45.22033116221428 41.66805350035429 2.6
    endloop
  endfacet
  facet normal -0.3090169943340034 0.9510565163084571 0
    outer loop
      vertex 44.71742445975542 41.523847326636314 2.6
      vertex 44.71742445975542 41.523847326636314 4
      vertex 44.96635991334915 41.60473135858774 4
    endloop
  endfacet
  facet normal -0.24192188663410924 0.9702957285113611 0
    outer loop
      vertex 44.96635991334915 41.60473135858774 2.6
      vertex 44.96635991334915 41.60473135858774 4
      vertex 45.22033116221428 41.66805350035429 4
    endloop
  endfacet
  facet normal -0.1736481975927896 0.9848077494987413 0
    outer loop
      vertex 45.22033116221428 41.66805350035429 2.6
      vertex 45.47810087352991 41.71350526064634 4
      vertex 45.47810087352991 41.71350526064634 2.6
    endloop
  endfacet
  facet normal -0.10452844392127603 0.9945218974016594 0
    outer loop
      vertex 45.47810087352991 41.71350526064634 2.6
      vertex 45.73841322213411 41.74086518585682 4
      vertex 45.73841322213411 41.74086518585682 2.6
    endloop
  endfacet
  facet normal -0.03489950651393371 0.9993908266764729 0
    outer loop
      vertex 45.73841322213411 41.74086518585682 2.6
      vertex 46 41.75 4
      vertex 46 41.75 2.6
    endloop
  endfacet
  facet normal -0.1736481975927896 0.9848077494987413 0
    outer loop
      vertex 45.22033116221428 41.66805350035429 2.6
      vertex 45.22033116221428 41.66805350035429 4
      vertex 45.47810087352991 41.71350526064634 4
    endloop
  endfacet
  facet normal -0.10452844392127603 0.9945218974016594 0
    outer loop
      vertex 45.47810087352991 41.71350526064634 2.6
      vertex 45.47810087352991 41.71350526064634 4
      vertex 45.73841322213411 41.74086518585682 4
    endloop
  endfacet
  facet normal -0.03489950651393371 0.9993908266764729 0
    outer loop
      vertex 45.73841322213411 41.74086518585682 2.6
      vertex 45.73841322213411 41.74086518585682 4
      vertex 46 41.75 4
    endloop
  endfacet
  facet normal -2.0261951996587174e-18 0.6612009842860757 -0.7502088098517137
    outer loop
      vertex 46 38.79999999701977 0
      vertex 46 41.75 2.6
      vertex 80 41.75 2.6
    endloop
  endfacet
  facet normal 0 1 0
    outer loop
      vertex 46 41.75 2.6
      vertex 46 41.75 4
      vertex 80 41.75 4
    endloop
  endfacet
  facet normal 0 0.6612009842860757 -0.7502088098517137
    outer loop
      vertex 46 38.79999999701977 0
      vertex 80 41.75 2.6
      vertex 80 38.79999999701977 0
    endloop
  endfacet
  facet normal 0 1 0
    outer loop
      vertex 46 41.75 2.6
      vertex 80 41.75 4
      vertex 80 41.75 2.6
    endloop
  endfacet
  facet normal 0.4839380527972963 0.44902889992630385 -0.7511171733396427
    outer loop
      vertex 80.66099102050066 38.45065604895353 0
      vertex 80.49879184365273 38.62546518445015 0
      vertex 82.69752424955368 40.60496889054775 2.6
    endloop
  endfacet
  facet normal 0.652725721776262 0.09838255887429205 -0.7511790760138385
    outer loop
      vertex 80.79999999701977 38 0
      vertex 80.7644582465291 38.23580414056778 0
      vertex 83.71350526064634 38.52189912647009 2.6
    endloop
  endfacet
  facet normal 0.5948974174167716 0.286487497430482 -0.7510139656270547
    outer loop
      vertex 80.66099102050066 38.45065604895353 0
      vertex 83.42579546570778 39.52526240795851 2.6
      vertex 80.7644582465291 38.23580414056778 0
    endloop
  endfacet
  facet normal 0.6416928406221822 0.1599919880932484 -0.7500885694637698
    outer loop
      vertex 80.7644582465291 38.23580414056778 0
      vertex 83.60473135858774 39.03364008665085 2.6
      vertex 83.66805350035429 38.77966883778572 2.6
    endloop
  endfacet
  facet normal 0.6610248009930202 0.02308350120127349 -0.7500089095766989
    outer loop
      vertex 80.79999999701977 38 0
      vertex 83.74086518585682 38.26158677786589 2.6
      vertex 83.75 38 2.6
    endloop
  endfacet
  facet normal 0.6573157055259183 0.06908665162944173 -0.7504419350193569
    outer loop
      vertex 80.79999999701977 38 0
      vertex 83.71350526064634 38.52189912647009 2.6
      vertex 83.74086518585682 38.26158677786589 2.6
    endloop
  endfacet
  facet normal 0.6506685687698543 0.11473043774754481 -0.7506446164925489
    outer loop
      vertex 80.7644582465291 38.23580414056778 0
      vertex 83.66805350035429 38.77966883778572 2.6
      vertex 83.71350526064634 38.52189912647009 2.6
    endloop
  endfacet
  facet normal 0.6291028982933601 0.20440792258277643 -0.7499646288621136
    outer loop
      vertex 80.7644582465291 38.23580414056778 0
      vertex 83.52384732663631 39.28257554024458 2.6
      vertex 83.60473135858774 39.03364008665085 2.6
    endloop
  endfacet
  facet normal 0.6129860525499159 0.2476624456112128 -0.7502742248092661
    outer loop
      vertex 80.7644582465291 38.23580414056778 0
      vertex 83.42579546570778 39.52526240795851 2.6
      vertex 83.52384732663631 39.28257554024458 2.6
    endloop
  endfacet
  facet normal 0.593596208234837 0.28951622240197766 -0.7508820803130895
    outer loop
      vertex 80.66099102050066 38.45065604895353 0
      vertex 83.31105346977711 39.76051835715771 2.6
      vertex 83.42579546570778 39.52526240795851 2.6
    endloop
  endfacet
  facet normal 0.9993908266764729 0.03489950651393371 0
    outer loop
      vertex 83.75 38 2.6
      vertex 83.74086518585682 38.26158677786589 2.6
      vertex 83.75 38 4
    endloop
  endfacet
  facet normal 0.9945218974016594 0.10452844392127603 0
    outer loop
      vertex 83.74086518585682 38.26158677786589 2.6
      vertex 83.71350526064634 38.52189912647009 2.6
      vertex 83.74086518585682 38.26158677786589 4
    endloop
  endfacet
  facet normal 0.9993908266764729 0.03489950651393371 0
    outer loop
      vertex 83.74086518585682 38.26158677786589 2.6
      vertex 83.74086518585682 38.26158677786589 4
      vertex 83.75 38 4
    endloop
  endfacet
  facet normal 0.9848077494987413 0.1736481975927896 0
    outer loop
      vertex 83.71350526064634 38.52189912647009 2.6
      vertex 83.66805350035429 38.77966883778572 2.6
      vertex 83.71350526064634 38.52189912647009 4
    endloop
  endfacet
  facet normal 0.9945218974016594 0.10452844392127603 0
    outer loop
      vertex 83.71350526064634 38.52189912647009 2.6
      vertex 83.71350526064634 38.52189912647009 4
      vertex 83.74086518585682 38.26158677786589 4
    endloop
  endfacet
  facet normal 0.9848077494987413 0.1736481975927896 0
    outer loop
      vertex 83.66805350035429 38.77966883778572 2.6
      vertex 83.66805350035429 38.77966883778572 4
      vertex 83.71350526064634 38.52189912647009 4
    endloop
  endfacet
  facet normal 0.9702957285113611 0.24192188663410924 0
    outer loop
      vertex 83.66805350035429 38.77966883778572 2.6
      vertex 83.60473135858774 39.03364008665085 2.6
      vertex 83.66805350035429 38.77966883778572 4
    endloop
  endfacet
  facet normal 0.9702957285113611 0.24192188663410924 0
    outer loop
      vertex 83.60473135858774 39.03364008665085 2.6
      vertex 83.60473135858774 39.03364008665085 4
      vertex 83.66805350035429 38.77966883778572 4
    endloop
  endfacet
  facet normal 0.9510565163084571 0.3090169943340034 0
    outer loop
      vertex 83.60473135858774 39.03364008665085 2.6
      vertex 83.52384732663631 39.28257554024458 2.6
      vertex 83.60473135858774 39.03364008665085 4
    endloop
  endfacet
  facet normal 0.9271838523025517 0.37460659902009175 0
    outer loop
      vertex 83.52384732663631 39.28257554024458 2.6
      vertex 83.42579546570778 39.52526240795851 2.6
      vertex 83.52384732663631 39.28257554024458 4
    endloop
  endfacet
  facet normal 0.9510565163084571 0.3090169943340034 0
    outer loop
      vertex 83.52384732663631 39.28257554024458 2.6
      vertex 83.52384732663631 39.28257554024458 4
      vertex 83.60473135858774 39.03364008665085 4
    endloop
  endfacet
  facet normal 0.3300375060053738 0.5716417116387702 -0.7511997059001355
    outer loop
      vertex 80.49879184365273 38.62546518445015 0
      vertex 80.29227282106876 38.744699001312256 0
      vertex 81.875 41.2475952655077 2.6
    endloop
  endfacet
  facet normal 0.024720510651599845 0.6606695619198683 -0.7502697023775742
    outer loop
      vertex 80 38.79999999701977 0
      vertex 80.13087311387062 41.74771559983492 2.6
      vertex 80.0597840771079 38.79776303470135 0
    endloop
  endfacet
  facet normal 0.14690138878237063 0.6436171015062688 -0.7511171736969406
    outer loop
      vertex 80.0597840771079 38.79776303470135 0
      vertex 80.90720710903406 41.6386089771986 2.6
      vertex 80.29227282106876 38.744699001312256 0
    endloop
  endfacet
  facet normal 0.3102391400397355 0.5834749456181296 -0.7505389155955379
    outer loop
      vertex 80.29227282106876 38.744699001312256 0
      vertex 81.64389180392027 41.3704776763916 2.6
      vertex 81.875 41.2475952655077 2.6
    endloop
  endfacet
  facet normal 0.2262319076404371 0.621567059245122 -0.7499823430099802
    outer loop
      vertex 80.29227282106876 38.744699001312256 0
      vertex 81.15881372988224 41.56646193563938 2.6
      vertex 81.40477472543716 41.47693945467472 2.6
    endloop
  endfacet
  facet normal 0.18220637777348891 0.6354291183366749 -0.7503536975777095
    outer loop
      vertex 80.29227282106876 38.744699001312256 0
      vertex 80.90720710903406 41.6386089771986 2.6
      vertex 81.15881372988224 41.56646193563938 2.6
    endloop
  endfacet
  facet normal 0.26901055082833886 0.6042076135919919 -0.7500443208374448
    outer loop
      vertex 80.29227282106876 38.744699001312256 0
      vertex 81.40477472543716 41.47693945467472 2.6
      vertex 81.64389180392027 41.3704776763916 2.6
    endloop
  endfacet
  facet normal 0.5726220421271676 0.33060346704113863 -0.7502035353492351
    outer loop
      vertex 80.66099102050066 38.45065604895353 0
      vertex 83.18018036335707 39.98719724267721 2.6
      vertex 83.31105346977711 39.76051835715771 2.6
    endloop
  endfacet
  facet normal 0.5483983808383063 0.3698993883885071 -0.7499557709383482
    outer loop
      vertex 80.66099102050066 38.45065604895353 0
      vertex 83.03381372988224 40.20419469475746 2.6
      vertex 83.18018036335707 39.98719724267721 2.6
    endloop
  endfacet
  facet normal 0.5210935336051183 0.40712288220621007 -0.750141645303765
    outer loop
      vertex 80.66099102050066 38.45065604895353 0
      vertex 82.87266666442156 40.4104535356164 2.6
      vertex 83.03381372988224 40.20419469475746 2.6
    endloop
  endfacet
  facet normal 0.45919457599114055 0.47550990497178247 -0.7503536977013195
    outer loop
      vertex 80.49879184365273 38.62546518445015 0
      vertex 82.50923977047205 40.78679309785366 2.6
      vertex 82.69752424955368 40.60496889054775 2.6
    endloop
  endfacet
  facet normal 0.4909037739660256 0.4420117500261441 -0.7507590142946927
    outer loop
      vertex 80.66099102050066 38.45065604895353 0
      vertex 82.69752424955368 40.60496889054775 2.6
      vertex 82.87266666442156 40.4104535356164 2.6
    endloop
  endfacet
  facet normal 0.42517691631556775 0.5067061024661205 -0.7499823434961506
    outer loop
      vertex 80.49879184365273 38.62546518445015 0
      vertex 82.30873053520918 40.95504032820463 2.6
      vertex 82.50923977047205 40.78679309785366 2.6
    endloop
  endfacet
  facet normal 0.3887538560978599 0.5350737850551673 -0.7500443213009356
    outer loop
      vertex 80.49879184365273 38.62546518445015 0
      vertex 82.09697338938713 41.108890898525715 2.6
      vertex 82.30873053520918 40.95504032820463 2.6
    endloop
  endfacet
  facet normal 0.35018455971527596 0.5604124464310255 -0.7505389157280329
    outer loop
      vertex 80.49879184365273 38.62546518445015 0
      vertex 81.875 41.2475952655077 2.6
      vertex 82.09697338938713 41.108890898525715 2.6
    endloop
  endfacet
  facet normal 0.011540544927629483 0.6611569520653913 -0.7501588502166558
    outer loop
      vertex 80 38.79999999701977 0
      vertex 80 41.75 2.6
      vertex 80.13087311387062 41.74771559983492 2.6
    endloop
  endfacet
  facet normal 0.04614305890705155 0.6598766241261054 -0.7499557713936436
    outer loop
      vertex 80.0597840771079 38.79776303470135 0
      vertex 80.13087311387062 41.74771559983492 2.6
      vertex 80.39198173582554 41.72945711016655 2.6
    endloop
  endfacet
  facet normal 0.09203199542746929 0.6548416775346022 -0.7501416460784632
    outer loop
      vertex 80.0597840771079 38.79776303470135 0
      vertex 80.39198173582554 41.72945711016655 2.6
      vertex 80.65118066966534 41.69302907586098 2.6
    endloop
  endfacet
  facet normal 0.13734150997370176 0.6461410148159339 -0.7507590150046674
    outer loop
      vertex 80.0597840771079 38.79776303470135 0
      vertex 80.65118066966534 41.69302907586098 2.6
      vertex 80.90720710903406 41.6386089771986 2.6
    endloop
  endfacet
  facet normal 0.8987940420057225 0.438371155591943 0
    outer loop
      vertex 83.31105346977711 39.76051835715771 2.6
      vertex 83.42579546570778 39.52526240795851 4
      vertex 83.42579546570778 39.52526240795851 2.6
    endloop
  endfacet
  facet normal 0.9271838523025517 0.37460659902009175 0
    outer loop
      vertex 83.42579546570778 39.52526240795851 2.6
      vertex 83.42579546570778 39.52526240795851 4
      vertex 83.52384732663631 39.28257554024458 4
    endloop
  endfacet
  facet normal 0.8987940420057225 0.438371155591943 0
    outer loop
      vertex 83.31105346977711 39.76051835715771 2.6
      vertex 83.31105346977711 39.76051835715771 4
      vertex 83.42579546570778 39.52526240795851 4
    endloop
  endfacet
  facet normal 0.8660254189285214 0.4999999737696784 0
    outer loop
      vertex 83.31105346977711 39.76051835715771 2.6
      vertex 83.18018036335707 39.98719724267721 2.6
      vertex 83.31105346977711 39.76051835715771 4
    endloop
  endfacet
  facet normal 0.8660254189285214 0.4999999737696784 0
    outer loop
      vertex 83.18018036335707 39.98719724267721 2.6
      vertex 83.18018036335707 39.98719724267721 4
      vertex 83.31105346977711 39.76051835715771 4
    endloop
  endfacet
  facet normal 0.6946583692459235 0.7193398015101028 0
    outer loop
      vertex 82.50923977047205 40.78679309785366 2.6
      vertex 82.69752424955368 40.60496889054775 4
      vertex 82.69752424955368 40.60496889054775 2.6
    endloop
  endfacet
  facet normal 0.8290375656234816 0.559192913747207 0
    outer loop
      vertex 83.18018036335707 39.98719724267721 2.6
      vertex 83.03381372988224 40.20419469475746 2.6
      vertex 83.18018036335707 39.98719724267721 4
    endloop
  endfacet
  facet normal 0.7880107577629124 0.615661470005977 0
    outer loop
      vertex 83.03381372988224 40.20419469475746 2.6
      vertex 82.87266666442156 40.4104535356164 2.6
      vertex 83.03381372988224 40.20419469475746 4
    endloop
  endfacet
  facet normal 0.8290375656234816 0.559192913747207 0
    outer loop
      vertex 83.03381372988224 40.20419469475746 2.6
      vertex 83.03381372988224 40.20419469475746 4
      vertex 83.18018036335707 39.98719724267721 4
    endloop
  endfacet
  facet normal 0.7880107577629124 0.615661470005977 0
    outer loop
      vertex 82.87266666442156 40.4104535356164 2.6
      vertex 82.87266666442156 40.4104535356164 4
      vertex 83.03381372988224 40.20419469475746 4
    endloop
  endfacet
  facet normal 0.743144820519614 0.6691306118650311 0
    outer loop
      vertex 82.87266666442156 40.4104535356164 2.6
      vertex 82.69752424955368 40.60496889054775 2.6
      vertex 82.87266666442156 40.4104535356164 4
    endloop
  endfacet
  facet normal 0.743144820519614 0.6691306118650311 0
    outer loop
      vertex 82.69752424955368 40.60496889054775 2.6
      vertex 82.69752424955368 40.60496889054775 4
      vertex 82.87266666442156 40.4104535356164 4
    endloop
  endfacet
  facet normal 0.017452417627068444 0.9998476949610728 0
    outer loop
      vertex 80 41.75 2.6
      vertex 80 41.75 4
      vertex 80.13087311387062 41.74771559983492 4
    endloop
  endfacet
  facet normal 0.34202014262459324 0.939692621041079 0
    outer loop
      vertex 81.15881372988224 41.56646193563938 2.6
      vertex 81.40477472543716 41.47693945467472 4
      vertex 81.40477472543716 41.47693945467472 2.6
    endloop
  endfacet
  facet normal 0.20791168721191458 0.9781476015002516 0
    outer loop
      vertex 80.65118066966534 41.69302907586098 2.6
      vertex 80.90720710903406 41.6386089771986 4
      vertex 80.90720710903406 41.6386089771986 2.6
    endloop
  endfacet
  facet normal 0.27563736995428795 0.9612616918845166 0
    outer loop
      vertex 81.15881372988224 41.56646193563938 2.6
      vertex 80.90720710903406 41.6386089771986 2.6
      vertex 81.15881372988224 41.56646193563938 4
    endloop
  endfacet
  facet normal 0.27563736995428795 0.9612616918845166 0
    outer loop
      vertex 80.90720710903406 41.6386089771986 2.6
      vertex 80.90720710903406 41.6386089771986 4
      vertex 81.15881372988224 41.56646193563938 4
    endloop
  endfacet
  facet normal 0.34202014262459324 0.939692621041079 0
    outer loop
      vertex 81.15881372988224 41.56646193563938 2.6
      vertex 81.15881372988224 41.56646193563938 4
      vertex 81.40477472543716 41.47693945467472 4
    endloop
  endfacet
  facet normal 0.017452417627068444 0.9998476949610728 0
    outer loop
      vertex 80 41.75 2.6
      vertex 80.13087311387062 41.74771559983492 4
      vertex 80.13087311387062 41.74771559983492 2.6
    endloop
  endfacet
  facet normal 0.06975645916039604 0.9975640512796179 0
    outer loop
      vertex 80.13087311387062 41.74771559983492 2.6
      vertex 80.39198173582554 41.72945711016655 4
      vertex 80.39198173582554 41.72945711016655 2.6
    endloop
  endfacet
  facet normal 0.13917310017239254 0.9902680688522706 0
    outer loop
      vertex 80.39198173582554 41.72945711016655 2.6
      vertex 80.65118066966534 41.69302907586098 4
      vertex 80.65118066966534 41.69302907586098 2.6
    endloop
  endfacet
  facet normal 0.06975645916039604 0.9975640512796179 0
    outer loop
      vertex 80.13087311387062 41.74771559983492 2.6
      vertex 80.13087311387062 41.74771559983492 4
      vertex 80.39198173582554 41.72945711016655 4
    endloop
  endfacet
  facet normal 0.13917310017239254 0.9902680688522706 0
    outer loop
      vertex 80.39198173582554 41.72945711016655 2.6
      vertex 80.39198173582554 41.72945711016655 4
      vertex 80.65118066966534 41.69302907586098 4
    endloop
  endfacet
  facet normal 0.20791168721191458 0.9781476015002516 0
    outer loop
      vertex 80.65118066966534 41.69302907586098 2.6
      vertex 80.65118066966534 41.69302907586098 4
      vertex 80.90720710903406 41.6386089771986 4
    endloop
  endfacet
  facet normal 0.6427876208834568 0.7660444337236486 0
    outer loop
      vertex 82.50923977047205 40.78679309785366 2.6
      vertex 82.30873053520918 40.95504032820463 2.6
      vertex 82.50923977047205 40.78679309785366 4
    endloop
  endfacet
  facet normal 0.5877852479723605 0.8090169975136928 0
    outer loop
      vertex 82.30873053520918 40.95504032820463 2.6
      vertex 82.09697338938713 41.108890898525715 2.6
      vertex 82.30873053520918 40.95504032820463 4
    endloop
  endfacet
  facet normal 0.6946583692459235 0.7193398015101028 0
    outer loop
      vertex 82.50923977047205 40.78679309785366 2.6
      vertex 82.50923977047205 40.78679309785366 4
      vertex 82.69752424955368 40.60496889054775 4
    endloop
  endfacet
  facet normal 0.6427876208834568 0.7660444337236486 0
    outer loop
      vertex 82.30873053520918 40.95504032820463 2.6
      vertex 82.30873053520918 40.95504032820463 4
      vertex 82.50923977047205 40.78679309785366 4
    endloop
  endfacet
  facet normal 0.5299192615254839 0.8480480978483979 0
    outer loop
      vertex 81.875 41.2475952655077 2.6
      vertex 82.09697338938713 41.108890898525715 4
      vertex 82.09697338938713 41.108890898525715 2.6
    endloop
  endfacet
  facet normal 0.46947157259700467 0.882947587642265 0
    outer loop
      vertex 81.875 41.2475952655077 2.6
      vertex 81.64389180392027 41.3704776763916 2.6
      vertex 81.875 41.2475952655077 4
    endloop
  endfacet
  facet normal 0.5299192615254839 0.8480480978483979 0
    outer loop
      vertex 81.875 41.2475952655077 2.6
      vertex 81.875 41.2475952655077 4
      vertex 82.09697338938713 41.108890898525715 4
    endloop
  endfacet
  facet normal 0.46947157259700467 0.882947587642265 0
    outer loop
      vertex 81.64389180392027 41.3704776763916 2.6
      vertex 81.64389180392027 41.3704776763916 4
      vertex 81.875 41.2475952655077 4
    endloop
  endfacet
  facet normal 0.5877852479723605 0.8090169975136928 0
    outer loop
      vertex 82.09697338938713 41.108890898525715 2.6
      vertex 82.09697338938713 41.108890898525715 4
      vertex 82.30873053520918 40.95504032820463 4
    endloop
  endfacet
  facet normal 0.40673662966921503 0.913545463611597 0
    outer loop
      vertex 81.64389180392027 41.3704776763916 2.6
      vertex 81.40477472543716 41.47693945467472 2.6
      vertex 81.64389180392027 41.3704776763916 4
    endloop
  endfacet
  facet normal 0.40673662966921503 0.913545463611597 0
    outer loop
      vertex 81.40477472543716 41.47693945467472 2.6
      vertex 81.40477472543716 41.47693945467472 4
      vertex 81.64389180392027 41.3704776763916 4
    endloop
  endfacet
  facet normal -0.13734150997370176 -0.6461410148159339 -0.7507590150046674
    outer loop
      vertex 87.9402159228921 3.2022369652986526 0
      vertex 87.34881933033466 0.3069709241390228 2.6
      vertex 87.09279289096594 0.36139102280139923 2.6
    endloop
  endfacet
  facet normal -0.09203199542746929 -0.6548416775346022 -0.7501416460784632
    outer loop
      vertex 87.9402159228921 3.2022369652986526 0
      vertex 87.60801826417446 0.2705428898334503 2.6
      vertex 87.34881933033466 0.3069709241390228 2.6
    endloop
  endfacet
  facet normal -0.04614305890705155 -0.6598766241261054 -0.7499557713936436
    outer loop
      vertex 87.9402159228921 3.2022369652986526 0
      vertex 87.86912688612938 0.252284400165081 2.6
      vertex 87.60801826417446 0.2705428898334503 2.6
    endloop
  endfacet
  facet normal -0.011540544927629483 -0.6611569520653913 -0.7501588502166558
    outer loop
      vertex 88 3.2000000029802322 0
      vertex 88 0.25 2.6
      vertex 87.86912688612938 0.252284400165081 2.6
    endloop
  endfacet
  facet normal -0.14690138878237063 -0.6436171015062688 -0.7511171736969406
    outer loop
      vertex 87.70772717893124 3.255300998687744 0
      vertex 87.9402159228921 3.2022369652986526 0
      vertex 87.09279289096594 0.36139102280139923 2.6
    endloop
  endfacet
  facet normal -0.024720510651599845 -0.6606695619198683 -0.7502697023775742
    outer loop
      vertex 87.9402159228921 3.2022369652986526 0
      vertex 88 3.2000000029802322 0
      vertex 87.86912688612938 0.252284400165081 2.6
    endloop
  endfacet
  facet normal -0.3300375060053738 -0.5716417116387702 -0.7511997059001355
    outer loop
      vertex 87.70772717893124 3.255300998687744 0
      vertex 86.125 0.7524047344923019 2.6
      vertex 87.50120815634727 3.3745348155498505 0
    endloop
  endfacet
  facet normal -0.35018455971527596 -0.5604124464310255 -0.7505389157280329
    outer loop
      vertex 87.50120815634727 3.3745348155498505 0
      vertex 86.125 0.7524047344923019 2.6
      vertex 85.90302661061287 0.8911091014742851 2.6
    endloop
  endfacet
  facet normal -0.3887538560978599 -0.5350737850551673 -0.7500443213009356
    outer loop
      vertex 87.50120815634727 3.3745348155498505 0
      vertex 85.90302661061287 0.8911091014742851 2.6
      vertex 85.69126946479082 1.0449596717953682 2.6
    endloop
  endfacet
  facet normal -0.42517691631556775 -0.5067061024661205 -0.7499823434961506
    outer loop
      vertex 87.50120815634727 3.3745348155498505 0
      vertex 85.69126946479082 1.0449596717953682 2.6
      vertex 85.49076022952795 1.2132069021463394 2.6
    endloop
  endfacet
  facet normal -0.4909037739660256 -0.4420117500261441 -0.7507590142946927
    outer loop
      vertex 87.33900897949934 3.549343951046467 0
      vertex 85.30247575044632 1.3950311094522476 2.6
      vertex 85.12733333557844 1.5895464643836021 2.6
    endloop
  endfacet
  facet normal -0.45919457599114055 -0.47550990497178247 -0.7503536977013195
    outer loop
      vertex 87.50120815634727 3.3745348155498505 0
      vertex 85.49076022952795 1.2132069021463394 2.6
      vertex 85.30247575044632 1.3950311094522476 2.6
    endloop
  endfacet
  facet normal -0.5210935336051183 -0.40712288220621007 -0.750141645303765
    outer loop
      vertex 87.33900897949934 3.549343951046467 0
      vertex 85.12733333557844 1.5895464643836021 2.6
      vertex 84.96618627011776 1.7958053052425385 2.6
    endloop
  endfacet
  facet normal -0.5483983808383063 -0.3698993883885071 -0.7499557709383482
    outer loop
      vertex 87.33900897949934 3.549343951046467 0
      vertex 84.96618627011776 1.7958053052425385 2.6
      vertex 84.81981963664293 2.0128027573227882 2.6
    endloop
  endfacet
  facet normal -0.5726220421271676 -0.33060346704113863 -0.7502035353492351
    outer loop
      vertex 87.33900897949934 3.549343951046467 0
      vertex 84.81981963664293 2.0128027573227882 2.6
      vertex 84.68894653022289 2.239481642842293 2.6
    endloop
  endfacet
  facet normal -0.26901055082833886 -0.6042076135919919 -0.7500443208374448
    outer loop
      vertex 87.70772717893124 3.255300998687744 0
      vertex 86.59522527456284 0.5230605453252792 2.6
      vertex 86.35610819607973 0.6295223236083984 2.6
    endloop
  endfacet
  facet normal -0.18220637777348891 -0.6354291183366749 -0.7503536975777095
    outer loop
      vertex 87.70772717893124 3.255300998687744 0
      vertex 87.09279289096594 0.36139102280139923 2.6
      vertex 86.84118627011776 0.4335380643606186 2.6
    endloop
  endfacet
  facet normal -0.2262319076404371 -0.621567059245122 -0.7499823430099802
    outer loop
      vertex 87.70772717893124 3.255300998687744 0
      vertex 86.84118627011776 0.4335380643606186 2.6
      vertex 86.59522527456284 0.5230605453252792 2.6
    endloop
  endfacet
  facet normal -0.3102391400397355 -0.5834749456181296 -0.7505389155955379
    outer loop
      vertex 87.70772717893124 3.255300998687744 0
      vertex 86.35610819607973 0.6295223236083984 2.6
      vertex 86.125 0.7524047344923019 2.6
    endloop
  endfacet
  facet normal -0.40673662966921503 -0.913545463611597 0
    outer loop
      vertex 86.59522527456284 0.5230605453252792 2.6
      vertex 86.35610819607973 0.6295223236083984 4
      vertex 86.35610819607973 0.6295223236083984 2.6
    endloop
  endfacet
  facet normal -0.40673662966921503 -0.913545463611597 0
    outer loop
      vertex 86.59522527456284 0.5230605453252792 2.6
      vertex 86.59522527456284 0.5230605453252792 4
      vertex 86.35610819607973 0.6295223236083984 4
    endloop
  endfacet
  facet normal -0.46947157259700467 -0.882947587642265 0
    outer loop
      vertex 86.35610819607973 0.6295223236083984 2.6
      vertex 86.125 0.7524047344923019 4
      vertex 86.125 0.7524047344923019 2.6
    endloop
  endfacet
  facet normal -0.5299192615254839 -0.8480480978483979 0
    outer loop
      vertex 85.90302661061287 0.8911091014742851 2.6
      vertex 86.125 0.7524047344923019 2.6
      vertex 85.90302661061287 0.8911091014742851 4
    endloop
  endfacet
  facet normal -0.5877852479723605 -0.8090169975136928 0
    outer loop
      vertex 85.90302661061287 0.8911091014742851 2.6
      vertex 85.90302661061287 0.8911091014742851 4
      vertex 85.69126946479082 1.0449596717953682 4
    endloop
  endfacet
  facet normal -0.46947157259700467 -0.882947587642265 0
    outer loop
      vertex 86.35610819607973 0.6295223236083984 2.6
      vertex 86.35610819607973 0.6295223236083984 4
      vertex 86.125 0.7524047344923019 4
    endloop
  endfacet
  facet normal -0.5299192615254839 -0.8480480978483979 0
    outer loop
      vertex 86.125 0.7524047344923019 2.6
      vertex 86.125 0.7524047344923019 4
      vertex 85.90302661061287 0.8911091014742851 4
    endloop
  endfacet
  facet normal -0.5877852479723605 -0.8090169975136928 0
    outer loop
      vertex 85.90302661061287 0.8911091014742851 2.6
      vertex 85.69126946479082 1.0449596717953682 4
      vertex 85.69126946479082 1.0449596717953682 2.6
    endloop
  endfacet
  facet normal -0.6427876208834568 -0.7660444337236486 0
    outer loop
      vertex 85.69126946479082 1.0449596717953682 2.6
      vertex 85.49076022952795 1.2132069021463394 4
      vertex 85.49076022952795 1.2132069021463394 2.6
    endloop
  endfacet
  facet normal -0.6427876208834568 -0.7660444337236486 0
    outer loop
      vertex 85.69126946479082 1.0449596717953682 2.6
      vertex 85.69126946479082 1.0449596717953682 4
      vertex 85.49076022952795 1.2132069021463394 4
    endloop
  endfacet
  facet normal -0.6946583692459235 -0.7193398015101028 0
    outer loop
      vertex 85.49076022952795 1.2132069021463394 2.6
      vertex 85.49076022952795 1.2132069021463394 4
      vertex 85.30247575044632 1.3950311094522476 4
    endloop
  endfacet
  facet normal -0.13917310017239254 -0.9902680688522706 0
    outer loop
      vertex 87.34881933033466 0.3069709241390228 2.6
      vertex 87.60801826417446 0.2705428898334503 2.6
      vertex 87.34881933033466 0.3069709241390228 4
    endloop
  endfacet
  facet normal -0.06975645916039604 -0.9975640512796179 0
    outer loop
      vertex 87.60801826417446 0.2705428898334503 2.6
      vertex 87.86912688612938 0.252284400165081 2.6
      vertex 87.86912688612938 0.252284400165081 4
    endloop
  endfacet
  facet normal -0.017452417627068444 -0.9998476949610728 0
    outer loop
      vertex 87.86912688612938 0.252284400165081 2.6
      vertex 88 0.25 2.6
      vertex 87.86912688612938 0.252284400165081 4
    endloop
  endfacet
  facet normal -0.20791168721191458 -0.9781476015002516 0
    outer loop
      vertex 87.34881933033466 0.3069709241390228 2.6
      vertex 87.34881933033466 0.3069709241390228 4
      vertex 87.09279289096594 0.36139102280139923 4
    endloop
  endfacet
  facet normal -0.13917310017239254 -0.9902680688522706 0
    outer loop
      vertex 87.60801826417446 0.2705428898334503 2.6
      vertex 87.60801826417446 0.2705428898334503 4
      vertex 87.34881933033466 0.3069709241390228 4
    endloop
  endfacet
  facet normal -0.06975645916039604 -0.9975640512796179 0
    outer loop
      vertex 87.60801826417446 0.2705428898334503 2.6
      vertex 87.86912688612938 0.252284400165081 4
      vertex 87.60801826417446 0.2705428898334503 4
    endloop
  endfacet
  facet normal -0.27563736995428795 -0.9612616918845166 0
    outer loop
      vertex 87.09279289096594 0.36139102280139923 2.6
      vertex 86.84118627011776 0.4335380643606186 4
      vertex 86.84118627011776 0.4335380643606186 2.6
    endloop
  endfacet
  facet normal -0.20791168721191458 -0.9781476015002516 0
    outer loop
      vertex 87.09279289096594 0.36139102280139923 2.6
      vertex 87.34881933033466 0.3069709241390228 2.6
      vertex 87.09279289096594 0.36139102280139923 4
    endloop
  endfacet
  facet normal -0.34202014262459324 -0.939692621041079 0
    outer loop
      vertex 86.59522527456284 0.5230605453252792 2.6
      vertex 86.84118627011776 0.4335380643606186 2.6
      vertex 86.59522527456284 0.5230605453252792 4
    endloop
  endfacet
  facet normal -0.34202014262459324 -0.939692621041079 0
    outer loop
      vertex 86.84118627011776 0.4335380643606186 2.6
      vertex 86.84118627011776 0.4335380643606186 4
      vertex 86.59522527456284 0.5230605453252792 4
    endloop
  endfacet
  facet normal -0.27563736995428795 -0.9612616918845166 0
    outer loop
      vertex 87.09279289096594 0.36139102280139923 2.6
      vertex 87.09279289096594 0.36139102280139923 4
      vertex 86.84118627011776 0.4335380643606186 4
    endloop
  endfacet
  facet normal -0.017452417627068444 -0.9998476949610728 0
    outer loop
      vertex 88 0.25 2.6
      vertex 88 0.25 4
      vertex 87.86912688612938 0.252284400165081 4
    endloop
  endfacet
  facet normal -0.743144820519614 -0.6691306118650311 0
    outer loop
      vertex 85.30247575044632 1.3950311094522476 2.6
      vertex 85.12733333557844 1.5895464643836021 4
      vertex 85.12733333557844 1.5895464643836021 2.6
    endloop
  endfacet
  facet normal -0.743144820519614 -0.6691306118650311 0
    outer loop
      vertex 85.30247575044632 1.3950311094522476 2.6
      vertex 85.30247575044632 1.3950311094522476 4
      vertex 85.12733333557844 1.5895464643836021 4
    endloop
  endfacet
  facet normal -0.7880107577629124 -0.615661470005977 0
    outer loop
      vertex 85.12733333557844 1.5895464643836021 2.6
      vertex 84.96618627011776 1.7958053052425385 4
      vertex 84.96618627011776 1.7958053052425385 2.6
    endloop
  endfacet
  facet normal -0.8290375656234816 -0.559192913747207 0
    outer loop
      vertex 84.96618627011776 1.7958053052425385 2.6
      vertex 84.81981963664293 2.0128027573227882 4
      vertex 84.81981963664293 2.0128027573227882 2.6
    endloop
  endfacet
  facet normal -0.7880107577629124 -0.615661470005977 0
    outer loop
      vertex 85.12733333557844 1.5895464643836021 2.6
      vertex 85.12733333557844 1.5895464643836021 4
      vertex 84.96618627011776 1.7958053052425385 4
    endloop
  endfacet
  facet normal -0.8290375656234816 -0.559192913747207 0
    outer loop
      vertex 84.96618627011776 1.7958053052425385 2.6
      vertex 84.96618627011776 1.7958053052425385 4
      vertex 84.81981963664293 2.0128027573227882 4
    endloop
  endfacet
  facet normal -0.6946583692459235 -0.7193398015101028 0
    outer loop
      vertex 85.30247575044632 1.3950311094522476 2.6
      vertex 85.49076022952795 1.2132069021463394 2.6
      vertex 85.30247575044632 1.3950311094522476 4
    endloop
  endfacet
  facet normal -0.8660254189285214 -0.4999999737696784 0
    outer loop
      vertex 84.81981963664293 2.0128027573227882 2.6
      vertex 84.68894653022289 2.239481642842293 4
      vertex 84.68894653022289 2.239481642842293 2.6
    endloop
  endfacet
  facet normal -0.8660254189285214 -0.4999999737696784 0
    outer loop
      vertex 84.81981963664293 2.0128027573227882 2.6
      vertex 84.81981963664293 2.0128027573227882 4
      vertex 84.68894653022289 2.239481642842293 4
    endloop
  endfacet
  facet normal -0.8987940420057225 -0.438371155591943 0
    outer loop
      vertex 84.57420453429222 2.4747375920414925 2.6
      vertex 84.68894653022289 2.239481642842293 2.6
      vertex 84.57420453429222 2.4747375920414925 4
    endloop
  endfacet
  facet normal -0.8987940420057225 -0.438371155591943 0
    outer loop
      vertex 84.68894653022289 2.239481642842293 2.6
      vertex 84.68894653022289 2.239481642842293 4
      vertex 84.57420453429222 2.4747375920414925 4
    endloop
  endfacet
  facet normal -0.9271838523025517 -0.37460659902009175 0
    outer loop
      vertex 84.57420453429222 2.4747375920414925 2.6
      vertex 84.57420453429222 2.4747375920414925 4
      vertex 84.47615267336369 2.7174244597554207 4
    endloop
  endfacet
  facet normal -0.5948974174167716 -0.286487497430482 -0.7510139656270547
    outer loop
      vertex 87.2355417534709 3.7641958594322205 0
      vertex 87.33900897949934 3.549343951046467 0
      vertex 84.57420453429222 2.4747375920414925 2.6
    endloop
  endfacet
  facet normal -0.652725721776262 -0.09838255887429205 -0.7511790760138385
    outer loop
      vertex 87.2355417534709 3.7641958594322205 0
      vertex 84.28649473935366 3.478100873529911 2.6
      vertex 87.20000000298023 4 0
    endloop
  endfacet
  facet normal -0.4839380527972963 -0.44902889992630385 -0.7511171733396427
    outer loop
      vertex 87.50120815634727 3.3745348155498505 0
      vertex 85.30247575044632 1.3950311094522476 2.6
      vertex 87.33900897949934 3.549343951046467 0
    endloop
  endfacet
  facet normal 0 0 -1
    outer loop
      vertex 87.9402159228921 3.2022369652986526 0
      vertex 87.2355417534709 3.7641958594322205 0
      vertex 88 3.2000000029802322 0
    endloop
  endfacet
  facet normal 0 0 -1
    outer loop
      vertex 87.70772717893124 3.255300998687744 0
      vertex 87.2355417534709 3.7641958594322205 0
      vertex 87.9402159228921 3.2022369652986526 0
    endloop
  endfacet
  facet normal 0 0 -1
    outer loop
      vertex 87.70772717893124 3.255300998687744 0
      vertex 87.50120815634727 3.3745348155498505 0
      vertex 87.2355417534709 3.7641958594322205 0
    endloop
  endfacet
  facet normal 0 0 -1
    outer loop
      vertex 87.50120815634727 3.3745348155498505 0
      vertex 87.33900897949934 3.549343951046467 0
      vertex 87.2355417534709 3.7641958594322205 0
    endloop
  endfacet
  facet normal -0.593596208234837 -0.28951622240197766 -0.7508820803130895
    outer loop
      vertex 87.33900897949934 3.549343951046467 0
      vertex 84.68894653022289 2.239481642842293 2.6
      vertex 84.57420453429222 2.4747375920414925 2.6
    endloop
  endfacet
  facet normal -0.6129860525499159 -0.2476624456112128 -0.7502742248092661
    outer loop
      vertex 87.2355417534709 3.7641958594322205 0
      vertex 84.57420453429222 2.4747375920414925 2.6
      vertex 84.47615267336369 2.7174244597554207 2.6
    endloop
  endfacet
  facet normal -0.6291028982933601 -0.20440792258277643 -0.7499646288621136
    outer loop
      vertex 87.2355417534709 3.7641958594322205 0
      vertex 84.47615267336369 2.7174244597554207 2.6
      vertex 84.39526864141226 2.9663599133491516 2.6
    endloop
  endfacet
  facet normal -0.6506685687698543 -0.11473043774754481 -0.7506446164925489
    outer loop
      vertex 87.2355417534709 3.7641958594322205 0
      vertex 84.33194649964571 3.220331162214279 2.6
      vertex 84.28649473935366 3.478100873529911 2.6
    endloop
  endfacet
  facet normal -0.6573157055259183 -0.06908665162944173 -0.7504419350193569
    outer loop
      vertex 87.20000000298023 4 0
      vertex 84.28649473935366 3.478100873529911 2.6
      vertex 84.25913481414318 3.7384132221341133 2.6
    endloop
  endfacet
  facet normal -0.6610248009930202 -0.02308350120127349 -0.7500089095766989
    outer loop
      vertex 87.20000000298023 4 0
      vertex 84.25913481414318 3.7384132221341133 2.6
      vertex 84.25 4 2.6
    endloop
  endfacet
  facet normal -0.6416928406221822 -0.1599919880932484 -0.7500885694637698
    outer loop
      vertex 87.2355417534709 3.7641958594322205 0
      vertex 84.39526864141226 2.9663599133491516 2.6
      vertex 84.33194649964571 3.220331162214279 2.6
    endloop
  endfacet
  facet normal -0.9271838523025517 -0.37460659902009175 0
    outer loop
      vertex 84.57420453429222 2.4747375920414925 2.6
      vertex 84.47615267336369 2.7174244597554207 4
      vertex 84.47615267336369 2.7174244597554207 2.6
    endloop
  endfacet
  facet normal -0.9510565163084571 -0.3090169943340034 0
    outer loop
      vertex 84.47615267336369 2.7174244597554207 2.6
      vertex 84.39526864141226 2.9663599133491516 4
      vertex 84.39526864141226 2.9663599133491516 2.6
    endloop
  endfacet
  facet normal -0.9510565163084571 -0.3090169943340034 0
    outer loop
      vertex 84.47615267336369 2.7174244597554207 2.6
      vertex 84.47615267336369 2.7174244597554207 4
      vertex 84.39526864141226 2.9663599133491516 4
    endloop
  endfacet
  facet normal -0.9702957285113611 -0.24192188663410924 0
    outer loop
      vertex 84.39526864141226 2.9663599133491516 2.6
      vertex 84.33194649964571 3.220331162214279 4
      vertex 84.33194649964571 3.220331162214279 2.6
    endloop
  endfacet
  facet normal -0.9702957285113611 -0.24192188663410924 0
    outer loop
      vertex 84.39526864141226 2.9663599133491516 2.6
      vertex 84.39526864141226 2.9663599133491516 4
      vertex 84.33194649964571 3.220331162214279 4
    endloop
  endfacet
  facet normal -0.9848077494987413 -0.1736481975927896 0
    outer loop
      vertex 84.33194649964571 3.220331162214279 2.6
      vertex 84.28649473935366 3.478100873529911 4
      vertex 84.28649473935366 3.478100873529911 2.6
    endloop
  endfacet
  facet normal -0.9848077494987413 -0.1736481975927896 0
    outer loop
      vertex 84.33194649964571 3.220331162214279 2.6
      vertex 84.33194649964571 3.220331162214279 4
      vertex 84.28649473935366 3.478100873529911 4
    endloop
  endfacet
  facet normal -0.9945218974016594 -0.10452844392127603 0
    outer loop
      vertex 84.28649473935366 3.478100873529911 2.6
      vertex 84.28649473935366 3.478100873529911 4
      vertex 84.25913481414318 3.7384132221341133 4
    endloop
  endfacet
  facet normal -0.9945218974016594 -0.10452844392127603 0
    outer loop
      vertex 84.28649473935366 3.478100873529911 2.6
      vertex 84.25913481414318 3.7384132221341133 4
      vertex 84.25913481414318 3.7384132221341133 2.6
    endloop
  endfacet
  facet normal -0.9993908266764729 -0.03489950651393371 0
    outer loop
      vertex 84.25913481414318 3.7384132221341133 2.6
      vertex 84.25 4 4
      vertex 84.25 4 2.6
    endloop
  endfacet
  facet normal -0.9993908266764729 -0.03489950651393371 0
    outer loop
      vertex 84.25913481414318 3.7384132221341133 2.6
      vertex 84.25913481414318 3.7384132221341133 4
      vertex 84.25 4 4
    endloop
  endfacet
  facet normal 0 -0.6612009842860757 -0.7502088098517137
    outer loop
      vertex 88 3.2000000029802322 0
      vertex 122 3.2000000029802322 0
      vertex 88 0.25 2.6
    endloop
  endfacet
  facet normal 0 -1 0
    outer loop
      vertex 88 0.25 2.6
      vertex 122 0.25 2.6
      vertex 88 0.25 4
    endloop
  endfacet
  facet normal 0 0 -1
    outer loop
      vertex 88 3.2000000029802322 0
      vertex 87.2355417534709 3.7641958594322205 0
      vertex 122 3.2000000029802322 0
    endloop
  endfacet
  facet normal 2.0261951996587174e-18 -0.6612009842860757 -0.7502088098517137
    outer loop
      vertex 122 3.2000000029802322 0
      vertex 122 0.25 2.6
      vertex 88 0.25 2.6
    endloop
  endfacet
  facet normal 0 -1 0
    outer loop
      vertex 122 0.25 2.6
      vertex 122 0.25 4
      vertex 88 0.25 4
    endloop
  endfacet
  facet normal 0 0 -1
    outer loop
      vertex 87.2355417534709 3.7641958594322205 0
      vertex 122.23580414056778 3.2355417534708977 0
      vertex 122 3.2000000029802322 0
    endloop
  endfacet
  facet normal 0 0 -1
    outer loop
      vertex 87.2355417534709 3.7641958594322205 0
      vertex 122.45065604895353 3.33900897949934 0
      vertex 122.23580414056778 3.2355417534708977 0
    endloop
  endfacet
  facet normal 0 0 -1
    outer loop
      vertex 87.2355417534709 3.7641958594322205 0
      vertex 122.62546518445015 3.501208156347275 0
      vertex 122.45065604895353 3.33900897949934 0
    endloop
  endfacet
  facet normal 0 0 -1
    outer loop
      vertex 87.2355417534709 3.7641958594322205 0
      vertex 122.74469900131226 3.7077271789312363 0
      vertex 122.62546518445015 3.501208156347275 0
    endloop
  endfacet
  facet normal 0 0 -1
    outer loop
      vertex 87.2355417534709 3.7641958594322205 0
      vertex 122.79776303470135 3.9402159228920937 0
      vertex 122.74469900131226 3.7077271789312363 0
    endloop
  endfacet
  facet normal 0 0 -1
    outer loop
      vertex 87.2355417534709 3.7641958594322205 0
      vertex 122.79999999701977 4 0
      vertex 122.79776303470135 3.9402159228920937 0
    endloop
  endfacet
  facet normal 0.02308350120127333 -0.6610248009930202 -0.7500089095766989
    outer loop
      vertex 122 3.2000000029802322 0
      vertex 122.26158677786589 0.25913481414318085 2.6
      vertex 122 0.25 2.6
    endloop
  endfacet
  facet normal 0.0690866516294414 -0.6573157055259183 -0.7504419350193569
    outer loop
      vertex 122 3.2000000029802322 0
      vertex 122.52189912647009 0.28649473935365677 2.6
      vertex 122.26158677786589 0.25913481414318085 2.6
    endloop
  endfacet
  facet normal 0.11473043774754482 -0.6506685687698543 -0.7506446164925489
    outer loop
      vertex 122.23580414056778 3.2355417534708977 0
      vertex 122.77966883778572 0.33194649964571 2.6
      vertex 122.52189912647009 0.28649473935365677 2.6
    endloop
  endfacet
  facet normal 0.09838255887429205 -0.652725721776262 -0.7511790760138385
    outer loop
      vertex 122 3.2000000029802322 0
      vertex 122.23580414056778 3.2355417534708977 0
      vertex 122.52189912647009 0.28649473935365677 2.6
    endloop
  endfacet
  facet normal 0.286487497430482 -0.5948974174167716 -0.7510139656270547
    outer loop
      vertex 122.23580414056778 3.2355417534708977 0
      vertex 122.45065604895353 3.33900897949934 0
      vertex 123.52526240795851 0.5742045342922211 2.6
    endloop
  endfacet
  facet normal 0.15999198809324827 -0.6416928406221822 -0.7500885694637698
    outer loop
      vertex 122.23580414056778 3.2355417534708977 0
      vertex 123.03364008665085 0.39526864141225815 2.6
      vertex 122.77966883778572 0.33194649964571 2.6
    endloop
  endfacet
  facet normal 0.20440792258277624 -0.6291028982933601 -0.7499646288621137
    outer loop
      vertex 122.23580414056778 3.2355417534708977 0
      vertex 123.28257554024458 0.4761526733636856 2.6
      vertex 123.03364008665085 0.39526864141225815 2.6
    endloop
  endfacet
  facet normal 0.2476624456112128 -0.612986052549916 -0.7502742248092659
    outer loop
      vertex 122.23580414056778 3.2355417534708977 0
      vertex 123.52526240795851 0.5742045342922211 2.6
      vertex 123.28257554024458 0.4761526733636856 2.6
    endloop
  endfacet
  facet normal 0.28951622240197755 -0.5935962082348373 -0.7508820803130892
    outer loop
      vertex 122.45065604895353 3.33900897949934 0
      vertex 123.76051835715771 0.6889465302228928 2.6
      vertex 123.52526240795851 0.5742045342922211 2.6
    endloop
  endfacet
  facet normal 0.3306034670411384 -0.5726220421271677 -0.7502035353492352
    outer loop
      vertex 122.45065604895353 3.33900897949934 0
      vertex 123.98719724267721 0.8198196366429329 2.6
      vertex 123.76051835715771 0.6889465302228928 2.6
    endloop
  endfacet
  facet normal 0.36989938838850717 -0.5483983808383065 -0.7499557709383481
    outer loop
      vertex 122.45065604895353 3.33900897949934 0
      vertex 124.20419469475746 0.9661862701177597 2.6
      vertex 123.98719724267721 0.8198196366429329 2.6
    endloop
  endfacet
  facet normal 0.4071228822062101 -0.5210935336051186 -0.7501416453037648
    outer loop
      vertex 122.45065604895353 3.33900897949934 0
      vertex 124.4104535356164 1.1273333355784416 2.6
      vertex 124.20419469475746 0.9661862701177597 2.6
    endloop
  endfacet
  facet normal 0.44201175002614423 -0.49090377396602536 -0.7507590142946928
    outer loop
      vertex 122.45065604895353 3.33900897949934 0
      vertex 124.60496889054775 1.3024757504463196 2.6
      vertex 124.4104535356164 1.1273333355784416 2.6
    endloop
  endfacet
  facet normal 0.47550990497178275 -0.45919457599114016 -0.7503536977013194
    outer loop
      vertex 122.62546518445015 3.501208156347275 0
      vertex 124.78679309785366 1.4907602295279503 2.6
      vertex 124.60496889054775 1.3024757504463196 2.6
    endloop
  endfacet
  facet normal 0.5067061024661204 -0.42517691631556814 -0.7499823434961506
    outer loop
      vertex 122.62546518445015 3.501208156347275 0
      vertex 124.95504032820463 1.691269464790821 2.6
      vertex 124.78679309785366 1.4907602295279503 2.6
    endloop
  endfacet
  facet normal 0.5350737850551668 -0.3887538560978602 -0.7500443213009357
    outer loop
      vertex 122.62546518445015 3.501208156347275 0
      vertex 125.10889089852571 1.9030266106128693 2.6
      vertex 124.95504032820463 1.691269464790821 2.6
    endloop
  endfacet
  facet normal 0.5604124464310254 -0.3501845597152763 -0.7505389157280328
    outer loop
      vertex 122.62546518445015 3.501208156347275 0
      vertex 125.2475952655077 2.125 2.6
      vertex 125.10889089852571 1.9030266106128693 2.6
    endloop
  endfacet
  facet normal 0.03489950651393371 -0.9993908266764729 0
    outer loop
      vertex 122 0.25 2.6
      vertex 122.26158677786589 0.25913481414318085 2.6
      vertex 122 0.25 4
    endloop
  endfacet
  facet normal 0.10452844392127603 -0.9945218974016594 0
    outer loop
      vertex 122.26158677786589 0.25913481414318085 2.6
      vertex 122.52189912647009 0.28649473935365677 2.6
      vertex 122.26158677786589 0.25913481414318085 4
    endloop
  endfacet
  facet normal 0.1736481975927896 -0.9848077494987413 0
    outer loop
      vertex 122.52189912647009 0.28649473935365677 2.6
      vertex 122.77966883778572 0.33194649964571 2.6
      vertex 122.52189912647009 0.28649473935365677 4
    endloop
  endfacet
  facet normal 0.03489950651393371 -0.9993908266764729 0
    outer loop
      vertex 122.26158677786589 0.25913481414318085 2.6
      vertex 122.26158677786589 0.25913481414318085 4
      vertex 122 0.25 4
    endloop
  endfacet
  facet normal 0.10452844392127603 -0.9945218974016594 0
    outer loop
      vertex 122.52189912647009 0.28649473935365677 2.6
      vertex 122.52189912647009 0.28649473935365677 4
      vertex 122.26158677786589 0.25913481414318085 4
    endloop
  endfacet
  facet normal 0.1736481975927896 -0.9848077494987413 0
    outer loop
      vertex 122.77966883778572 0.33194649964571 2.6
      vertex 122.77966883778572 0.33194649964571 4
      vertex 122.52189912647009 0.28649473935365677 4
    endloop
  endfacet
  facet normal 0.24192188663410924 -0.9702957285113611 0
    outer loop
      vertex 122.77966883778572 0.33194649964571 2.6
      vertex 123.03364008665085 0.39526864141225815 2.6
      vertex 122.77966883778572 0.33194649964571 4
    endloop
  endfacet
  facet normal 0.3090169943340034 -0.9510565163084571 0
    outer loop
      vertex 123.03364008665085 0.39526864141225815 2.6
      vertex 123.28257554024458 0.4761526733636856 2.6
      vertex 123.03364008665085 0.39526864141225815 4
    endloop
  endfacet
  facet normal 0.37460659902009175 -0.9271838523025517 0
    outer loop
      vertex 123.28257554024458 0.4761526733636856 2.6
      vertex 123.52526240795851 0.5742045342922211 2.6
      vertex 123.28257554024458 0.4761526733636856 4
    endloop
  endfacet
  facet normal 0.24192188663410924 -0.9702957285113611 0
    outer loop
      vertex 123.03364008665085 0.39526864141225815 2.6
      vertex 123.03364008665085 0.39526864141225815 4
      vertex 122.77966883778572 0.33194649964571 4
    endloop
  endfacet
  facet normal 0.3090169943340034 -0.9510565163084571 0
    outer loop
      vertex 123.28257554024458 0.4761526733636856 2.6
      vertex 123.28257554024458 0.4761526733636856 4
      vertex 123.03364008665085 0.39526864141225815 4
    endloop
  endfacet
  facet normal 0.438371155591943 -0.8987940420057225 0
    outer loop
      vertex 123.52526240795851 0.5742045342922211 2.6
      vertex 123.76051835715771 0.6889465302228928 2.6
      vertex 123.52526240795851 0.5742045342922211 4
    endloop
  endfacet
  facet normal 0.37460659902009175 -0.9271838523025517 0
    outer loop
      vertex 123.52526240795851 0.5742045342922211 2.6
      vertex 123.52526240795851 0.5742045342922211 4
      vertex 123.28257554024458 0.4761526733636856 4
    endloop
  endfacet
  facet normal 0.438371155591943 -0.8987940420057225 0
    outer loop
      vertex 123.76051835715771 0.6889465302228928 2.6
      vertex 123.76051835715771 0.6889465302228928 4
      vertex 123.52526240795851 0.5742045342922211 4
    endloop
  endfacet
  facet normal 0.4999999737696784 -0.8660254189285214 0
    outer loop
      vertex 123.76051835715771 0.6889465302228928 2.6
      vertex 123.98719724267721 0.8198196366429329 2.6
      vertex 123.76051835715771 0.6889465302228928 4
    endloop
  endfacet
  facet normal 0.559192913747207 -0.8290375656234816 0
    outer loop
      vertex 123.98719724267721 0.8198196366429329 2.6
      vertex 124.20419469475746 0.9661862701177597 2.6
      vertex 123.98719724267721 0.8198196366429329 4
    endloop
  endfacet
  facet normal 0.4999999737696784 -0.8660254189285214 0
    outer loop
      vertex 123.98719724267721 0.8198196366429329 2.6
      vertex 123.98719724267721 0.8198196366429329 4
      vertex 123.76051835715771 0.6889465302228928 4
    endloop
  endfacet
  facet normal 0.559192913747207 -0.8290375656234816 0
    outer loop
      vertex 124.20419469475746 0.9661862701177597 2.6
      vertex 124.20419469475746 0.9661862701177597 4
      vertex 123.98719724267721 0.8198196366429329 4
    endloop
  endfacet
  facet normal 0.615661470005977 -0.7880107577629124 0
    outer loop
      vertex 124.20419469475746 0.9661862701177597 2.6
      vertex 124.4104535356164 1.1273333355784416 2.6
      vertex 124.20419469475746 0.9661862701177597 4
    endloop
  endfacet
  facet normal 0.6691306118650311 -0.743144820519614 0
    outer loop
      vertex 124.4104535356164 1.1273333355784416 2.6
      vertex 124.60496889054775 1.3024757504463196 2.6
      vertex 124.4104535356164 1.1273333355784416 4
    endloop
  endfacet
  facet normal 0.615661470005977 -0.7880107577629124 0
    outer loop
      vertex 124.4104535356164 1.1273333355784416 2.6
      vertex 124.4104535356164 1.1273333355784416 4
      vertex 124.20419469475746 0.9661862701177597 4
    endloop
  endfacet
  facet normal 0.6691306118650311 -0.743144820519614 0
    outer loop
      vertex 124.60496889054775 1.3024757504463196 2.6
      vertex 124.60496889054775 1.3024757504463196 4
      vertex 124.4104535356164 1.1273333355784416 4
    endloop
  endfacet
  facet normal 0.7193398015101028 -0.6946583692459235 0
    outer loop
      vertex 124.60496889054775 1.3024757504463196 2.6
      vertex 124.78679309785366 1.4907602295279503 2.6
      vertex 124.60496889054775 1.3024757504463196 4
    endloop
  endfacet
  facet normal 0.7660444337236486 -0.6427876208834568 0
    outer loop
      vertex 124.78679309785366 1.4907602295279503 2.6
      vertex 124.95504032820463 1.691269464790821 2.6
      vertex 124.78679309785366 1.4907602295279503 4
    endloop
  endfacet
  facet normal 0.7193398015101028 -0.6946583692459235 0
    outer loop
      vertex 124.78679309785366 1.4907602295279503 2.6
      vertex 124.78679309785366 1.4907602295279503 4
      vertex 124.60496889054775 1.3024757504463196 4
    endloop
  endfacet
  facet normal 0.7660444337236486 -0.6427876208834568 0
    outer loop
      vertex 124.95504032820463 1.691269464790821 2.6
      vertex 124.95504032820463 1.691269464790821 4
      vertex 124.78679309785366 1.4907602295279503 4
    endloop
  endfacet
  facet normal 0.8090169975136928 -0.5877852479723605 0
    outer loop
      vertex 124.95504032820463 1.691269464790821 2.6
      vertex 125.10889089852571 1.9030266106128693 2.6
      vertex 124.95504032820463 1.691269464790821 4
    endloop
  endfacet
  facet normal 0.8090169975136928 -0.5877852479723605 0
    outer loop
      vertex 125.10889089852571 1.9030266106128693 2.6
      vertex 125.10889089852571 1.9030266106128693 4
      vertex 124.95504032820463 1.691269464790821 4
    endloop
  endfacet
  facet normal 0.8480480978483979 -0.5299192615254839 0
    outer loop
      vertex 125.10889089852571 1.9030266106128693 2.6
      vertex 125.2475952655077 2.125 2.6
      vertex 125.10889089852571 1.9030266106128693 4
    endloop
  endfacet
  facet normal 0.882947587642265 -0.46947157259700467 0
    outer loop
      vertex 125.2475952655077 2.125 2.6
      vertex 125.3704776763916 2.356108196079731 2.6
      vertex 125.2475952655077 2.125 4
    endloop
  endfacet
  facet normal 0.8480480978483979 -0.5299192615254839 0
    outer loop
      vertex 125.2475952655077 2.125 2.6
      vertex 125.2475952655077 2.125 4
      vertex 125.10889089852571 1.9030266106128693 4
    endloop
  endfacet
  facet normal 0.882947587642265 -0.46947157259700467 0
    outer loop
      vertex 125.3704776763916 2.356108196079731 2.6
      vertex 125.3704776763916 2.356108196079731 4
      vertex 125.2475952655077 2.125 4
    endloop
  endfacet
  facet normal 0.913545463611597 -0.40673662966921503 0
    outer loop
      vertex 125.3704776763916 2.356108196079731 2.6
      vertex 125.47693945467472 2.5952252745628357 2.6
      vertex 125.3704776763916 2.356108196079731 4
    endloop
  endfacet
  facet normal 0.913545463611597 -0.40673662966921503 0
    outer loop
      vertex 125.47693945467472 2.5952252745628357 2.6
      vertex 125.47693945467472 2.5952252745628357 4
      vertex 125.3704776763916 2.356108196079731 4
    endloop
  endfacet
  facet normal 0.44902889992630385 -0.4839380527972963 -0.7511171733396427
    outer loop
      vertex 122.45065604895353 3.33900897949934 0
      vertex 122.62546518445015 3.501208156347275 0
      vertex 124.60496889054775 1.3024757504463196 2.6
    endloop
  endfacet
  facet normal 0.5716417116387702 -0.3300375060053738 -0.7511997059001355
    outer loop
      vertex 122.62546518445015 3.501208156347275 0
      vertex 122.74469900131226 3.7077271789312363 0
      vertex 125.2475952655077 2.125 2.6
    endloop
  endfacet
  facet normal 0.6436171015062688 -0.14690138878237063 -0.7511171736969406
    outer loop
      vertex 122.74469900131226 3.7077271789312363 0
      vertex 122.79776303470135 3.9402159228920937 0
      vertex 125.6386089771986 3.0927928909659386 2.6
    endloop
  endfacet
  facet normal 0.6606695619198683 -0.024720510651599845 -0.7502697023775742
    outer loop
      vertex 122.79776303470135 3.9402159228920937 0
      vertex 122.79999999701977 4 0
      vertex 125.74771559983492 3.8691268861293793 2.6
    endloop
  endfacet
  facet normal 0.5834749456181297 -0.3102391400397356 -0.750538915595538
    outer loop
      vertex 122.74469900131226 3.7077271789312363 0
      vertex 125.3704776763916 2.356108196079731 2.6
      vertex 125.2475952655077 2.125 2.6
    endloop
  endfacet
  facet normal 0.6042076135919919 -0.269010550828339 -0.7500443208374447
    outer loop
      vertex 122.74469900131226 3.7077271789312363 0
      vertex 125.47693945467472 2.5952252745628357 2.6
      vertex 125.3704776763916 2.356108196079731 2.6
    endloop
  endfacet
  facet normal 0.621567059245122 -0.22623190764043685 -0.7499823430099802
    outer loop
      vertex 122.74469900131226 3.7077271789312363 0
      vertex 125.56646193563938 2.8411862701177597 2.6
      vertex 125.47693945467472 2.5952252745628357 2.6
    endloop
  endfacet
  facet normal 0.6354291183366749 -0.1822063777734888 -0.7503536975777096
    outer loop
      vertex 122.74469900131226 3.7077271789312363 0
      vertex 125.6386089771986 3.0927928909659386 2.6
      vertex 125.56646193563938 2.8411862701177597 2.6
    endloop
  endfacet
  facet normal 0.6461410148159342 -0.1373415099737018 -0.7507590150046672
    outer loop
      vertex 122.79776303470135 3.9402159228920937 0
      vertex 125.69302907586098 3.3488193303346634 2.6
      vertex 125.6386089771986 3.0927928909659386 2.6
    endloop
  endfacet
  facet normal 0.6548416775346021 -0.09203199542746929 -0.7501416460784631
    outer loop
      vertex 122.79776303470135 3.9402159228920937 0
      vertex 125.72945711016655 3.6080182641744614 2.6
      vertex 125.69302907586098 3.3488193303346634 2.6
    endloop
  endfacet
  facet normal 0.6598766241261053 -0.04614305890705173 -0.7499557713936437
    outer loop
      vertex 122.79776303470135 3.9402159228920937 0
      vertex 125.74771559983492 3.8691268861293793 2.6
      vertex 125.72945711016655 3.6080182641744614 2.6
    endloop
  endfacet
  facet normal 0.6611569520653913 -0.011540544927629846 -0.7501588502166558
    outer loop
      vertex 122.79999999701977 4 0
      vertex 125.75 4 2.6
      vertex 125.74771559983492 3.8691268861293793 2.6
    endloop
  endfacet
  facet normal 0.939692621041079 -0.34202014262459324 0
    outer loop
      vertex 125.47693945467472 2.5952252745628357 2.6
      vertex 125.56646193563938 2.8411862701177597 2.6
      vertex 125.47693945467472 2.5952252745628357 4
    endloop
  endfacet
  facet normal 0.9612616918845166 -0.27563736995428795 0
    outer loop
      vertex 125.56646193563938 2.8411862701177597 2.6
      vertex 125.6386089771986 3.0927928909659386 2.6
      vertex 125.56646193563938 2.8411862701177597 4
    endloop
  endfacet
  facet normal 0.939692621041079 -0.34202014262459324 0
    outer loop
      vertex 125.56646193563938 2.8411862701177597 2.6
      vertex 125.56646193563938 2.8411862701177597 4
      vertex 125.47693945467472 2.5952252745628357 4
    endloop
  endfacet
  facet normal 0.9781476015002516 -0.20791168721191458 0
    outer loop
      vertex 125.6386089771986 3.0927928909659386 2.6
      vertex 125.69302907586098 3.3488193303346634 2.6
      vertex 125.6386089771986 3.0927928909659386 4
    endloop
  endfacet
  facet normal 0.9612616918845166 -0.27563736995428795 0
    outer loop
      vertex 125.6386089771986 3.0927928909659386 2.6
      vertex 125.6386089771986 3.0927928909659386 4
      vertex 125.56646193563938 2.8411862701177597 4
    endloop
  endfacet
  facet normal 0.9781476015002516 -0.20791168721191458 0
    outer loop
      vertex 125.69302907586098 3.3488193303346634 2.6
      vertex 125.69302907586098 3.3488193303346634 4
      vertex 125.6386089771986 3.0927928909659386 4
    endloop
  endfacet
  facet normal 0.9902680688522706 -0.13917310017239254 0
    outer loop
      vertex 125.69302907586098 3.3488193303346634 2.6
      vertex 125.72945711016655 3.6080182641744614 2.6
      vertex 125.69302907586098 3.3488193303346634 4
    endloop
  endfacet
  facet normal 0.9902680688522706 -0.13917310017239254 0
    outer loop
      vertex 125.72945711016655 3.6080182641744614 2.6
      vertex 125.72945711016655 3.6080182641744614 4
      vertex 125.69302907586098 3.3488193303346634 4
    endloop
  endfacet
  facet normal 0.9975640512796179 -0.06975645916039604 0
    outer loop
      vertex 125.72945711016655 3.6080182641744614 2.6
      vertex 125.74771559983492 3.8691268861293793 2.6
      vertex 125.72945711016655 3.6080182641744614 4
    endloop
  endfacet
  facet normal 0.9998476949610728 -0.017452417627068444 0
    outer loop
      vertex 125.74771559983492 3.8691268861293793 2.6
      vertex 125.75 4 2.6
      vertex 125.74771559983492 3.8691268861293793 4
    endloop
  endfacet
  facet normal 0.9975640512796179 -0.06975645916039604 0
    outer loop
      vertex 125.74771559983492 3.8691268861293793 2.6
      vertex 125.74771559983492 3.8691268861293793 4
      vertex 125.72945711016655 3.6080182641744614 4
    endloop
  endfacet
  facet normal 0.9998476949610728 -0.017452417627068444 0
    outer loop
      vertex 125.75 4 2.6
      vertex 125.75 4 4
      vertex 125.74771559983492 3.8691268861293793 4
    endloop
  endfacet
  facet normal 0 0 -1
    outer loop
      vertex 87.2355417534709 3.7641958594322205 0
      vertex 87.20000000298023 4 0
      vertex 87.20000000298023 38 0
    endloop
  endfacet
  facet normal -0.6612009842860757 2.0261951996587174e-18 -0.7502088098517137
    outer loop
      vertex 87.20000000298023 4 0
      vertex 84.25 4 2.6
      vertex 84.25 38 2.6
    endloop
  endfacet
  facet normal -1 0 0
    outer loop
      vertex 84.25 4 2.6
      vertex 84.25 4 4
      vertex 84.25 38 4
    endloop
  endfacet
  facet normal -1 0 0
    outer loop
      vertex 84.25 5.5 7.01
      vertex 84.25 36.5 7.01
      vertex 84.25 5.5 7
    endloop
  endfacet
  facet normal 0 0 1
    outer loop
      vertex 84.25 5.5 7.01
      vertex 125.75 5.5 7.01
      vertex 84.25 36.5 7.01
    endloop
  endfacet
  facet normal 0 0 -1
    outer loop
      vertex 87.2355417534709 3.7641958594322205 0
      vertex 122.79999999701977 38 0
      vertex 122.79999999701977 4 0
    endloop
  endfacet
  facet normal 0.6612009842860757 0 -0.7502088098517137
    outer loop
      vertex 122.79999999701977 4 0
      vertex 122.79999999701977 38 0
      vertex 125.75 4 2.6
    endloop
  endfacet
  facet normal 1 0 0
    outer loop
      vertex 125.75 4 2.6
      vertex 125.75 38 2.6
      vertex 125.75 4 4
    endloop
  endfacet
  facet normal 1 0 0
    outer loop
      vertex 125.75 5.5 7.01
      vertex 125.75 5.5 7
      vertex 125.75 36.5 7
    endloop
  endfacet
  facet normal -1 0 0
    outer loop
      vertex 84.25 36.5 7.01
      vertex 84.25 36.5 7
      vertex 84.25 5.5 7
    endloop
  endfacet
  facet normal -0.6612009842860757 0 -0.7502088098517137
    outer loop
      vertex 87.20000000298023 4 0
      vertex 84.25 38 2.6
      vertex 87.20000000298023 38 0
    endloop
  endfacet
  facet normal 0 0 -1
    outer loop
      vertex 87.2355417534709 3.7641958594322205 0
      vertex 87.20000000298023 38 0
      vertex 87.20223696529865 38.059784077107906 0
    endloop
  endfacet
  facet normal 0 0 -1
    outer loop
      vertex 87.2355417534709 3.7641958594322205 0
      vertex 87.20223696529865 38.059784077107906 0
      vertex 87.25530099868774 38.292272821068764 0
    endloop
  endfacet
  facet normal 0 0 -1
    outer loop
      vertex 87.2355417534709 3.7641958594322205 0
      vertex 87.25530099868774 38.292272821068764 0
      vertex 87.37453481554985 38.498791843652725 0
    endloop
  endfacet
  facet normal 0 0 -1
    outer loop
      vertex 87.2355417534709 3.7641958594322205 0
      vertex 87.37453481554985 38.498791843652725 0
      vertex 87.54934395104647 38.66099102050066 0
    endloop
  endfacet
  facet normal 0 0 -1
    outer loop
      vertex 87.2355417534709 3.7641958594322205 0
      vertex 87.54934395104647 38.66099102050066 0
      vertex 87.76419585943222 38.7644582465291 0
    endloop
  endfacet
  facet normal 0 0 -1
    outer loop
      vertex 87.2355417534709 3.7641958594322205 0
      vertex 87.76419585943222 38.7644582465291 0
      vertex 88 38.79999999701977 0
    endloop
  endfacet
  facet normal -1 0 0
    outer loop
      vertex 84.25 4 2.6
      vertex 84.25 38 4
      vertex 84.25 38 2.6
    endloop
  endfacet
  facet normal 0 0 -1
    outer loop
      vertex 87.2355417534709 3.7641958594322205 0
      vertex 88 38.79999999701977 0
      vertex 122 38.79999999701977 0
    endloop
  endfacet
  facet normal 0 0 1
    outer loop
      vertex 125.75 5.5 7.01
      vertex 125.75 36.5 7.01
      vertex 84.25 36.5 7.01
    endloop
  endfacet
  facet normal 1 0 0
    outer loop
      vertex 125.75 5.5 7.01
      vertex 125.75 36.5 7
      vertex 125.75 36.5 7.01
    endloop
  endfacet
  facet normal 0 0 -1
    outer loop
      vertex 87.2355417534709 3.7641958594322205 0
      vertex 122.66099102050066 38.45065604895353 0
      vertex 122.7644582465291 38.23580414056778 0
    endloop
  endfacet
  facet normal 0 0 -1
    outer loop
      vertex 87.2355417534709 3.7641958594322205 0
      vertex 122.7644582465291 38.23580414056778 0
      vertex 122.79999999701977 38 0
    endloop
  endfacet
  facet normal 0 0 -1
    outer loop
      vertex 87.2355417534709 3.7641958594322205 0
      vertex 122.49879184365273 38.62546518445015 0
      vertex 122.66099102050066 38.45065604895353 0
    endloop
  endfacet
  facet normal 0 0 -1
    outer loop
      vertex 87.2355417534709 3.7641958594322205 0
      vertex 122.29227282106876 38.744699001312256 0
      vertex 122.49879184365273 38.62546518445015 0
    endloop
  endfacet
  facet normal 0 0 -1
    outer loop
      vertex 87.2355417534709 3.7641958594322205 0
      vertex 122.0597840771079 38.79776303470135 0
      vertex 122.29227282106876 38.744699001312256 0
    endloop
  endfacet
  facet normal 0 0 -1
    outer loop
      vertex 87.2355417534709 3.7641958594322205 0
      vertex 122 38.79999999701977 0
      vertex 122.0597840771079 38.79776303470135 0
    endloop
  endfacet
  facet normal 0.6612009842860757 0 -0.7502088098517137
    outer loop
      vertex 125.75 4 2.6
      vertex 122.79999999701977 38 0
      vertex 125.75 38 2.6
    endloop
  endfacet
  facet normal 1 0 0
    outer loop
      vertex 125.75 38 2.6
      vertex 125.75 38 4
      vertex 125.75 4 4
    endloop
  endfacet
  facet normal -0.6611569520653913 0.011540544927629846 -0.7501588502166558
    outer loop
      vertex 87.20000000298023 38 0
      vertex 84.25 38 2.6
      vertex 84.25228440016508 38.13087311387062 2.6
    endloop
  endfacet
  facet normal -0.6606695619198683 0.024720510651599845 -0.7502697023775742
    outer loop
      vertex 87.20000000298023 38 0
      vertex 84.25228440016508 38.13087311387062 2.6
      vertex 87.20223696529865 38.059784077107906 0
    endloop
  endfacet
  facet normal -0.6436171015062688 0.14690138878237063 -0.7511171736969406
    outer loop
      vertex 87.20223696529865 38.059784077107906 0
      vertex 84.3613910228014 38.90720710903406 2.6
      vertex 87.25530099868774 38.292272821068764 0
    endloop
  endfacet
  facet normal -0.5716417116387702 0.3300375060053738 -0.7511997059001355
    outer loop
      vertex 87.25530099868774 38.292272821068764 0
      vertex 84.7524047344923 39.875 2.6
      vertex 87.37453481554985 38.498791843652725 0
    endloop
  endfacet
  facet normal -0.44902889992630385 0.4839380527972963 -0.7511171733396427
    outer loop
      vertex 87.37453481554985 38.498791843652725 0
      vertex 85.39503110945225 40.69752424955368 2.6
      vertex 87.54934395104647 38.66099102050066 0
    endloop
  endfacet
  facet normal -0.6598766241261053 0.04614305890705173 -0.7499557713936437
    outer loop
      vertex 87.20223696529865 38.059784077107906 0
      vertex 84.25228440016508 38.13087311387062 2.6
      vertex 84.27054288983345 38.39198173582554 2.6
    endloop
  endfacet
  facet normal -0.6548416775346021 0.09203199542746929 -0.7501416460784631
    outer loop
      vertex 87.20223696529865 38.059784077107906 0
      vertex 84.27054288983345 38.39198173582554 2.6
      vertex 84.30697092413902 38.65118066966534 2.6
    endloop
  endfacet
  facet normal -0.6461410148159342 0.1373415099737018 -0.7507590150046672
    outer loop
      vertex 87.20223696529865 38.059784077107906 0
      vertex 84.30697092413902 38.65118066966534 2.6
      vertex 84.3613910228014 38.90720710903406 2.6
    endloop
  endfacet
  facet normal -0.6354291183366749 0.1822063777734888 -0.7503536975777096
    outer loop
      vertex 87.25530099868774 38.292272821068764 0
      vertex 84.3613910228014 38.90720710903406 2.6
      vertex 84.43353806436062 39.15881372988224 2.6
    endloop
  endfacet
  facet normal -0.621567059245122 0.22623190764043685 -0.7499823430099802
    outer loop
      vertex 87.25530099868774 38.292272821068764 0
      vertex 84.43353806436062 39.15881372988224 2.6
      vertex 84.52306054532528 39.404774725437164 2.6
    endloop
  endfacet
  facet normal -0.6042076135919919 0.269010550828339 -0.7500443208374447
    outer loop
      vertex 87.25530099868774 38.292272821068764 0
      vertex 84.52306054532528 39.404774725437164 2.6
      vertex 84.6295223236084 39.64389180392027 2.6
    endloop
  endfacet
  facet normal -0.5834749456181297 0.3102391400397356 -0.750538915595538
    outer loop
      vertex 87.25530099868774 38.292272821068764 0
      vertex 84.6295223236084 39.64389180392027 2.6
      vertex 84.7524047344923 39.875 2.6
    endloop
  endfacet
  facet normal -0.9998476949610728 0.017452417627068444 0
    outer loop
      vertex 84.25 38 2.6
      vertex 84.25 38 4
      vertex 84.25228440016508 38.13087311387062 4
    endloop
  endfacet
  facet normal -0.9998476949610728 0.017452417627068444 0
    outer loop
      vertex 84.25 38 2.6
      vertex 84.25228440016508 38.13087311387062 4
      vertex 84.25228440016508 38.13087311387062 2.6
    endloop
  endfacet
  facet normal -0.9975640512796179 0.06975645916039604 0
    outer loop
      vertex 84.25228440016508 38.13087311387062 2.6
      vertex 84.27054288983345 38.39198173582554 4
      vertex 84.27054288983345 38.39198173582554 2.6
    endloop
  endfacet
  facet normal -0.9975640512796179 0.06975645916039604 0
    outer loop
      vertex 84.25228440016508 38.13087311387062 2.6
      vertex 84.25228440016508 38.13087311387062 4
      vertex 84.27054288983345 38.39198173582554 4
    endloop
  endfacet
  facet normal -0.9902680688522706 0.13917310017239254 0
    outer loop
      vertex 84.27054288983345 38.39198173582554 2.6
      vertex 84.30697092413902 38.65118066966534 4
      vertex 84.30697092413902 38.65118066966534 2.6
    endloop
  endfacet
  facet normal -0.9902680688522706 0.13917310017239254 0
    outer loop
      vertex 84.27054288983345 38.39198173582554 2.6
      vertex 84.27054288983345 38.39198173582554 4
      vertex 84.30697092413902 38.65118066966534 4
    endloop
  endfacet
  facet normal -0.9781476015002516 0.20791168721191458 0
    outer loop
      vertex 84.30697092413902 38.65118066966534 2.6
      vertex 84.3613910228014 38.90720710903406 4
      vertex 84.3613910228014 38.90720710903406 2.6
    endloop
  endfacet
  facet normal -0.9781476015002516 0.20791168721191458 0
    outer loop
      vertex 84.30697092413902 38.65118066966534 2.6
      vertex 84.30697092413902 38.65118066966534 4
      vertex 84.3613910228014 38.90720710903406 4
    endloop
  endfacet
  facet normal -0.9612616918845166 0.27563736995428795 0
    outer loop
      vertex 84.3613910228014 38.90720710903406 2.6
      vertex 84.3613910228014 38.90720710903406 4
      vertex 84.43353806436062 39.15881372988224 4
    endloop
  endfacet
  facet normal -0.9612616918845166 0.27563736995428795 0
    outer loop
      vertex 84.3613910228014 38.90720710903406 2.6
      vertex 84.43353806436062 39.15881372988224 4
      vertex 84.43353806436062 39.15881372988224 2.6
    endloop
  endfacet
  facet normal -0.939692621041079 0.34202014262459324 0
    outer loop
      vertex 84.43353806436062 39.15881372988224 2.6
      vertex 84.52306054532528 39.404774725437164 4
      vertex 84.52306054532528 39.404774725437164 2.6
    endloop
  endfacet
  facet normal -0.939692621041079 0.34202014262459324 0
    outer loop
      vertex 84.43353806436062 39.15881372988224 2.6
      vertex 84.43353806436062 39.15881372988224 4
      vertex 84.52306054532528 39.404774725437164 4
    endloop
  endfacet
  facet normal -0.286487497430482 0.5948974174167716 -0.7510139656270547
    outer loop
      vertex 87.54934395104647 38.66099102050066 0
      vertex 86.47473759204149 41.42579546570778 2.6
      vertex 87.76419585943222 38.7644582465291 0
    endloop
  endfacet
  facet normal -0.09838255887429205 0.652725721776262 -0.7511790760138385
    outer loop
      vertex 87.76419585943222 38.7644582465291 0
      vertex 87.47810087352991 41.71350526064634 2.6
      vertex 88 38.79999999701977 0
    endloop
  endfacet
  facet normal -0.5604124464310254 0.3501845597152763 -0.7505389157280328
    outer loop
      vertex 87.37453481554985 38.498791843652725 0
      vertex 84.7524047344923 39.875 2.6
      vertex 84.89110910147429 40.09697338938713 2.6
    endloop
  endfacet
  facet normal -0.5350737850551668 0.3887538560978602 -0.7500443213009357
    outer loop
      vertex 87.37453481554985 38.498791843652725 0
      vertex 84.89110910147429 40.09697338938713 2.6
      vertex 85.04495967179537 40.30873053520918 2.6
    endloop
  endfacet
  facet normal -0.5067061024661204 0.42517691631556814 -0.7499823434961506
    outer loop
      vertex 87.37453481554985 38.498791843652725 0
      vertex 85.04495967179537 40.30873053520918 2.6
      vertex 85.21320690214634 40.50923977047205 2.6
    endloop
  endfacet
  facet normal -0.47550990497178275 0.45919457599114016 -0.7503536977013194
    outer loop
      vertex 87.37453481554985 38.498791843652725 0
      vertex 85.21320690214634 40.50923977047205 2.6
      vertex 85.39503110945225 40.69752424955368 2.6
    endloop
  endfacet
  facet normal -0.44201175002614423 0.49090377396602536 -0.7507590142946928
    outer loop
      vertex 87.54934395104647 38.66099102050066 0
      vertex 85.39503110945225 40.69752424955368 2.6
      vertex 85.5895464643836 40.87266666442156 2.6
    endloop
  endfacet
  facet normal -0.4071228822062101 0.5210935336051186 -0.7501416453037648
    outer loop
      vertex 87.54934395104647 38.66099102050066 0
      vertex 85.5895464643836 40.87266666442156 2.6
      vertex 85.79580530524254 41.03381372988224 2.6
    endloop
  endfacet
  facet normal -0.36989938838850717 0.5483983808383065 -0.7499557709383481
    outer loop
      vertex 87.54934395104647 38.66099102050066 0
      vertex 85.79580530524254 41.03381372988224 2.6
      vertex 86.01280275732279 41.18018036335707 2.6
    endloop
  endfacet
  facet normal -0.3306034670411384 0.5726220421271677 -0.7502035353492352
    outer loop
      vertex 87.54934395104647 38.66099102050066 0
      vertex 86.01280275732279 41.18018036335707 2.6
      vertex 86.23948164284229 41.31105346977711 2.6
    endloop
  endfacet
  facet normal -0.28951622240197755 0.5935962082348373 -0.7508820803130892
    outer loop
      vertex 87.54934395104647 38.66099102050066 0
      vertex 86.23948164284229 41.31105346977711 2.6
      vertex 86.47473759204149 41.42579546570778 2.6
    endloop
  endfacet
  facet normal -0.2476624456112128 0.612986052549916 -0.7502742248092659
    outer loop
      vertex 87.76419585943222 38.7644582465291 0
      vertex 86.47473759204149 41.42579546570778 2.6
      vertex 86.71742445975542 41.523847326636314 2.6
    endloop
  endfacet
  facet normal -0.20440792258277624 0.6291028982933601 -0.7499646288621137
    outer loop
      vertex 87.76419585943222 38.7644582465291 0
      vertex 86.71742445975542 41.523847326636314 2.6
      vertex 86.96635991334915 41.60473135858774 2.6
    endloop
  endfacet
  facet normal -0.15999198809324827 0.6416928406221822 -0.7500885694637698
    outer loop
      vertex 87.76419585943222 38.7644582465291 0
      vertex 86.96635991334915 41.60473135858774 2.6
      vertex 87.22033116221428 41.66805350035429 2.6
    endloop
  endfacet
  facet normal -0.11473043774754482 0.6506685687698543 -0.7506446164925489
    outer loop
      vertex 87.76419585943222 38.7644582465291 0
      vertex 87.22033116221428 41.66805350035429 2.6
      vertex 87.47810087352991 41.71350526064634 2.6
    endloop
  endfacet
  facet normal -0.0690866516294414 0.6573157055259183 -0.7504419350193569
    outer loop
      vertex 88 38.79999999701977 0
      vertex 87.47810087352991 41.71350526064634 2.6
      vertex 87.73841322213411 41.74086518585682 2.6
    endloop
  endfacet
  facet normal -0.02308350120127333 0.6610248009930202 -0.7500089095766989
    outer loop
      vertex 88 38.79999999701977 0
      vertex 87.73841322213411 41.74086518585682 2.6
      vertex 88 41.75 2.6
    endloop
  endfacet
  facet normal -0.913545463611597 0.40673662966921503 0
    outer loop
      vertex 84.52306054532528 39.404774725437164 2.6
      vertex 84.6295223236084 39.64389180392027 4
      vertex 84.6295223236084 39.64389180392027 2.6
    endloop
  endfacet
  facet normal -0.913545463611597 0.40673662966921503 0
    outer loop
      vertex 84.52306054532528 39.404774725437164 2.6
      vertex 84.52306054532528 39.404774725437164 4
      vertex 84.6295223236084 39.64389180392027 4
    endloop
  endfacet
  facet normal -0.882947587642265 0.46947157259700467 0
    outer loop
      vertex 84.6295223236084 39.64389180392027 2.6
      vertex 84.7524047344923 39.875 4
      vertex 84.7524047344923 39.875 2.6
    endloop
  endfacet
  facet normal -0.8480480978483979 0.5299192615254839 0
    outer loop
      vertex 84.7524047344923 39.875 2.6
      vertex 84.89110910147429 40.09697338938713 4
      vertex 84.89110910147429 40.09697338938713 2.6
    endloop
  endfacet
  facet normal -0.882947587642265 0.46947157259700467 0
    outer loop
      vertex 84.6295223236084 39.64389180392027 2.6
      vertex 84.6295223236084 39.64389180392027 4
      vertex 84.7524047344923 39.875 4
    endloop
  endfacet
  facet normal -0.8480480978483979 0.5299192615254839 0
    outer loop
      vertex 84.7524047344923 39.875 2.6
      vertex 84.7524047344923 39.875 4
      vertex 84.89110910147429 40.09697338938713 4
    endloop
  endfacet
  facet normal -0.8090169975136928 0.5877852479723605 0
    outer loop
      vertex 84.89110910147429 40.09697338938713 2.6
      vertex 85.04495967179537 40.30873053520918 4
      vertex 85.04495967179537 40.30873053520918 2.6
    endloop
  endfacet
  facet normal -0.8090169975136928 0.5877852479723605 0
    outer loop
      vertex 84.89110910147429 40.09697338938713 2.6
      vertex 84.89110910147429 40.09697338938713 4
      vertex 85.04495967179537 40.30873053520918 4
    endloop
  endfacet
  facet normal -0.7660444337236486 0.6427876208834568 0
    outer loop
      vertex 85.04495967179537 40.30873053520918 2.6
      vertex 85.21320690214634 40.50923977047205 4
      vertex 85.21320690214634 40.50923977047205 2.6
    endloop
  endfacet
  facet normal -0.7660444337236486 0.6427876208834568 0
    outer loop
      vertex 85.04495967179537 40.30873053520918 2.6
      vertex 85.04495967179537 40.30873053520918 4
      vertex 85.21320690214634 40.50923977047205 4
    endloop
  endfacet
  facet normal -0.7193398015101028 0.6946583692459235 0
    outer loop
      vertex 85.21320690214634 40.50923977047205 2.6
      vertex 85.21320690214634 40.50923977047205 4
      vertex 85.39503110945225 40.69752424955368 4
    endloop
  endfacet
  facet normal -0.7193398015101028 0.6946583692459235 0
    outer loop
      vertex 85.21320690214634 40.50923977047205 2.6
      vertex 85.39503110945225 40.69752424955368 4
      vertex 85.39503110945225 40.69752424955368 2.6
    endloop
  endfacet
  facet normal -0.6691306118650311 0.743144820519614 0
    outer loop
      vertex 85.39503110945225 40.69752424955368 2.6
      vertex 85.5895464643836 40.87266666442156 4
      vertex 85.5895464643836 40.87266666442156 2.6
    endloop
  endfacet
  facet normal -0.615661470005977 0.7880107577629124 0
    outer loop
      vertex 85.5895464643836 40.87266666442156 2.6
      vertex 85.79580530524254 41.03381372988224 4
      vertex 85.79580530524254 41.03381372988224 2.6
    endloop
  endfacet
  facet normal -0.6691306118650311 0.743144820519614 0
    outer loop
      vertex 85.39503110945225 40.69752424955368 2.6
      vertex 85.39503110945225 40.69752424955368 4
      vertex 85.5895464643836 40.87266666442156 4
    endloop
  endfacet
  facet normal -0.615661470005977 0.7880107577629124 0
    outer loop
      vertex 85.5895464643836 40.87266666442156 2.6
      vertex 85.5895464643836 40.87266666442156 4
      vertex 85.79580530524254 41.03381372988224 4
    endloop
  endfacet
  facet normal -0.559192913747207 0.8290375656234816 0
    outer loop
      vertex 85.79580530524254 41.03381372988224 2.6
      vertex 86.01280275732279 41.18018036335707 4
      vertex 86.01280275732279 41.18018036335707 2.6
    endloop
  endfacet
  facet normal -0.4999999737696784 0.8660254189285214 0
    outer loop
      vertex 86.01280275732279 41.18018036335707 2.6
      vertex 86.23948164284229 41.31105346977711 4
      vertex 86.23948164284229 41.31105346977711 2.6
    endloop
  endfacet
  facet normal -0.559192913747207 0.8290375656234816 0
    outer loop
      vertex 85.79580530524254 41.03381372988224 2.6
      vertex 85.79580530524254 41.03381372988224 4
      vertex 86.01280275732279 41.18018036335707 4
    endloop
  endfacet
  facet normal -0.4999999737696784 0.8660254189285214 0
    outer loop
      vertex 86.01280275732279 41.18018036335707 2.6
      vertex 86.01280275732279 41.18018036335707 4
      vertex 86.23948164284229 41.31105346977711 4
    endloop
  endfacet
  facet normal -0.438371155591943 0.8987940420057225 0
    outer loop
      vertex 86.23948164284229 41.31105346977711 2.6
      vertex 86.47473759204149 41.42579546570778 4
      vertex 86.47473759204149 41.42579546570778 2.6
    endloop
  endfacet
  facet normal -0.438371155591943 0.8987940420057225 0
    outer loop
      vertex 86.23948164284229 41.31105346977711 2.6
      vertex 86.23948164284229 41.31105346977711 4
      vertex 86.47473759204149 41.42579546570778 4
    endloop
  endfacet
  facet normal -0.37460659902009175 0.9271838523025517 0
    outer loop
      vertex 86.47473759204149 41.42579546570778 2.6
      vertex 86.47473759204149 41.42579546570778 4
      vertex 86.71742445975542 41.523847326636314 4
    endloop
  endfacet
  facet normal -0.37460659902009175 0.9271838523025517 0
    outer loop
      vertex 86.47473759204149 41.42579546570778 2.6
      vertex 86.71742445975542 41.523847326636314 4
      vertex 86.71742445975542 41.523847326636314 2.6
    endloop
  endfacet
  facet normal -0.3090169943340034 0.9510565163084571 0
    outer loop
      vertex 86.71742445975542 41.523847326636314 2.6
      vertex 86.96635991334915 41.60473135858774 4
      vertex 86.96635991334915 41.60473135858774 2.6
    endloop
  endfacet
  facet normal -0.24192188663410924 0.9702957285113611 0
    outer loop
      vertex 86.96635991334915 41.60473135858774 2.6
      vertex 87.22033116221428 41.66805350035429 4
      vertex 87.22033116221428 41.66805350035429 2.6
    endloop
  endfacet
  facet normal -0.3090169943340034 0.9510565163084571 0
    outer loop
      vertex 86.71742445975542 41.523847326636314 2.6
      vertex 86.71742445975542 41.523847326636314 4
      vertex 86.96635991334915 41.60473135858774 4
    endloop
  endfacet
  facet normal -0.24192188663410924 0.9702957285113611 0
    outer loop
      vertex 86.96635991334915 41.60473135858774 2.6
      vertex 86.96635991334915 41.60473135858774 4
      vertex 87.22033116221428 41.66805350035429 4
    endloop
  endfacet
  facet normal -0.1736481975927896 0.9848077494987413 0
    outer loop
      vertex 87.22033116221428 41.66805350035429 2.6
      vertex 87.47810087352991 41.71350526064634 4
      vertex 87.47810087352991 41.71350526064634 2.6
    endloop
  endfacet
  facet normal -0.10452844392127603 0.9945218974016594 0
    outer loop
      vertex 87.47810087352991 41.71350526064634 2.6
      vertex 87.73841322213411 41.74086518585682 4
      vertex 87.73841322213411 41.74086518585682 2.6
    endloop
  endfacet
  facet normal -0.03489950651393371 0.9993908266764729 0
    outer loop
      vertex 87.73841322213411 41.74086518585682 2.6
      vertex 88 41.75 4
      vertex 88 41.75 2.6
    endloop
  endfacet
  facet normal -0.1736481975927896 0.9848077494987413 0
    outer loop
      vertex 87.22033116221428 41.66805350035429 2.6
      vertex 87.22033116221428 41.66805350035429 4
      vertex 87.47810087352991 41.71350526064634 4
    endloop
  endfacet
  facet normal -0.10452844392127603 0.9945218974016594 0
    outer loop
      vertex 87.47810087352991 41.71350526064634 2.6
      vertex 87.47810087352991 41.71350526064634 4
      vertex 87.73841322213411 41.74086518585682 4
    endloop
  endfacet
  facet normal -0.03489950651393371 0.9993908266764729 0
    outer loop
      vertex 87.73841322213411 41.74086518585682 2.6
      vertex 87.73841322213411 41.74086518585682 4
      vertex 88 41.75 4
    endloop
  endfacet
  facet normal -2.0261951996587174e-18 0.6612009842860757 -0.7502088098517137
    outer loop
      vertex 88 38.79999999701977 0
      vertex 88 41.75 2.6
      vertex 122 41.75 2.6
    endloop
  endfacet
  facet normal 0 1 0
    outer loop
      vertex 88 41.75 2.6
      vertex 88 41.75 4
      vertex 122 41.75 4
    endloop
  endfacet
  facet normal 0 0.6612009842860757 -0.7502088098517137
    outer loop
      vertex 88 38.79999999701977 0
      vertex 122 41.75 2.6
      vertex 122 38.79999999701977 0
    endloop
  endfacet
  facet normal 0 1 0
    outer loop
      vertex 88 41.75 2.6
      vertex 122 41.75 4
      vertex 122 41.75 2.6
    endloop
  endfacet
  facet normal 0.4839380527972963 0.44902889992630385 -0.7511171733396427
    outer loop
      vertex 122.66099102050066 38.45065604895353 0
      vertex 122.49879184365273 38.62546518445015 0
      vertex 124.69752424955368 40.60496889054775 2.6
    endloop
  endfacet
  facet normal 0.652725721776262 0.09838255887429205 -0.7511790760138385
    outer loop
      vertex 122.79999999701977 38 0
      vertex 122.7644582465291 38.23580414056778 0
      vertex 125.71350526064634 38.52189912647009 2.6
    endloop
  endfacet
  facet normal 0.5948974174167716 0.286487497430482 -0.7510139656270547
    outer loop
      vertex 122.7644582465291 38.23580414056778 0
      vertex 122.66099102050066 38.45065604895353 0
      vertex 125.42579546570778 39.52526240795851 2.6
    endloop
  endfacet
  facet normal 0.6416928406221822 0.1599919880932484 -0.7500885694637698
    outer loop
      vertex 122.7644582465291 38.23580414056778 0
      vertex 125.60473135858774 39.03364008665085 2.6
      vertex 125.66805350035429 38.77966883778572 2.6
    endloop
  endfacet
  facet normal 0.6610248009930202 0.02308350120127349 -0.7500089095766989
    outer loop
      vertex 122.79999999701977 38 0
      vertex 125.74086518585682 38.26158677786589 2.6
      vertex 125.75 38 2.6
    endloop
  endfacet
  facet normal 0.6573157055259183 0.06908665162944173 -0.7504419350193569
    outer loop
      vertex 122.79999999701977 38 0
      vertex 125.71350526064634 38.52189912647009 2.6
      vertex 125.74086518585682 38.26158677786589 2.6
    endloop
  endfacet
  facet normal 0.6506685687698543 0.11473043774754481 -0.7506446164925489
    outer loop
      vertex 122.7644582465291 38.23580414056778 0
      vertex 125.66805350035429 38.77966883778572 2.6
      vertex 125.71350526064634 38.52189912647009 2.6
    endloop
  endfacet
  facet normal 0.6291028982933601 0.20440792258277643 -0.7499646288621136
    outer loop
      vertex 122.7644582465291 38.23580414056778 0
      vertex 125.52384732663631 39.28257554024458 2.6
      vertex 125.60473135858774 39.03364008665085 2.6
    endloop
  endfacet
  facet normal 0.6129860525499159 0.2476624456112128 -0.7502742248092661
    outer loop
      vertex 122.7644582465291 38.23580414056778 0
      vertex 125.42579546570778 39.52526240795851 2.6
      vertex 125.52384732663631 39.28257554024458 2.6
    endloop
  endfacet
  facet normal 0.593596208234837 0.28951622240197766 -0.7508820803130895
    outer loop
      vertex 122.66099102050066 38.45065604895353 0
      vertex 125.31105346977711 39.76051835715771 2.6
      vertex 125.42579546570778 39.52526240795851 2.6
    endloop
  endfacet
  facet normal 0.9993908266764729 0.03489950651393371 0
    outer loop
      vertex 125.75 38 2.6
      vertex 125.74086518585682 38.26158677786589 2.6
      vertex 125.75 38 4
    endloop
  endfacet
  facet normal 0.9945218974016594 0.10452844392127603 0
    outer loop
      vertex 125.74086518585682 38.26158677786589 2.6
      vertex 125.71350526064634 38.52189912647009 2.6
      vertex 125.74086518585682 38.26158677786589 4
    endloop
  endfacet
  facet normal 0.9993908266764729 0.03489950651393371 0
    outer loop
      vertex 125.74086518585682 38.26158677786589 2.6
      vertex 125.74086518585682 38.26158677786589 4
      vertex 125.75 38 4
    endloop
  endfacet
  facet normal 0.9848077494987413 0.1736481975927896 0
    outer loop
      vertex 125.71350526064634 38.52189912647009 2.6
      vertex 125.66805350035429 38.77966883778572 2.6
      vertex 125.71350526064634 38.52189912647009 4
    endloop
  endfacet
  facet normal 0.9945218974016594 0.10452844392127603 0
    outer loop
      vertex 125.71350526064634 38.52189912647009 2.6
      vertex 125.71350526064634 38.52189912647009 4
      vertex 125.74086518585682 38.26158677786589 4
    endloop
  endfacet
  facet normal 0.9848077494987413 0.1736481975927896 0
    outer loop
      vertex 125.66805350035429 38.77966883778572 2.6
      vertex 125.66805350035429 38.77966883778572 4
      vertex 125.71350526064634 38.52189912647009 4
    endloop
  endfacet
  facet normal 0.9702957285113611 0.24192188663410924 0
    outer loop
      vertex 125.66805350035429 38.77966883778572 2.6
      vertex 125.60473135858774 39.03364008665085 2.6
      vertex 125.66805350035429 38.77966883778572 4
    endloop
  endfacet
  facet normal 0.9702957285113611 0.24192188663410924 0
    outer loop
      vertex 125.60473135858774 39.03364008665085 2.6
      vertex 125.60473135858774 39.03364008665085 4
      vertex 125.66805350035429 38.77966883778572 4
    endloop
  endfacet
  facet normal 0.9510565163084571 0.3090169943340034 0
    outer loop
      vertex 125.60473135858774 39.03364008665085 2.6
      vertex 125.52384732663631 39.28257554024458 2.6
      vertex 125.60473135858774 39.03364008665085 4
    endloop
  endfacet
  facet normal 0.9271838523025517 0.37460659902009175 0
    outer loop
      vertex 125.52384732663631 39.28257554024458 2.6
      vertex 125.42579546570778 39.52526240795851 2.6
      vertex 125.52384732663631 39.28257554024458 4
    endloop
  endfacet
  facet normal 0.9510565163084571 0.3090169943340034 0
    outer loop
      vertex 125.52384732663631 39.28257554024458 2.6
      vertex 125.52384732663631 39.28257554024458 4
      vertex 125.60473135858774 39.03364008665085 4
    endloop
  endfacet
  facet normal 0.3300375060053738 0.5716417116387702 -0.7511997059001355
    outer loop
      vertex 122.49879184365273 38.62546518445015 0
      vertex 122.29227282106876 38.744699001312256 0
      vertex 123.875 41.2475952655077 2.6
    endloop
  endfacet
  facet normal 0.024720510651599845 0.6606695619198683 -0.7502697023775742
    outer loop
      vertex 122 38.79999999701977 0
      vertex 122.13087311387062 41.74771559983492 2.6
      vertex 122.0597840771079 38.79776303470135 0
    endloop
  endfacet
  facet normal 0.14690138878237063 0.6436171015062688 -0.7511171736969406
    outer loop
      vertex 122.0597840771079 38.79776303470135 0
      vertex 122.90720710903406 41.6386089771986 2.6
      vertex 122.29227282106876 38.744699001312256 0
    endloop
  endfacet
  facet normal 0.3102391400397355 0.5834749456181296 -0.7505389155955379
    outer loop
      vertex 122.29227282106876 38.744699001312256 0
      vertex 123.64389180392027 41.3704776763916 2.6
      vertex 123.875 41.2475952655077 2.6
    endloop
  endfacet
  facet normal 0.2262319076404371 0.621567059245122 -0.7499823430099802
    outer loop
      vertex 122.29227282106876 38.744699001312256 0
      vertex 123.15881372988224 41.56646193563938 2.6
      vertex 123.40477472543716 41.47693945467472 2.6
    endloop
  endfacet
  facet normal 0.18220637777348891 0.6354291183366749 -0.7503536975777095
    outer loop
      vertex 122.29227282106876 38.744699001312256 0
      vertex 122.90720710903406 41.6386089771986 2.6
      vertex 123.15881372988224 41.56646193563938 2.6
    endloop
  endfacet
  facet normal 0.26901055082833886 0.6042076135919919 -0.7500443208374448
    outer loop
      vertex 122.29227282106876 38.744699001312256 0
      vertex 123.40477472543716 41.47693945467472 2.6
      vertex 123.64389180392027 41.3704776763916 2.6
    endloop
  endfacet
  facet normal 0.5726220421271676 0.33060346704113863 -0.7502035353492351
    outer loop
      vertex 122.66099102050066 38.45065604895353 0
      vertex 125.18018036335707 39.98719724267721 2.6
      vertex 125.31105346977711 39.76051835715771 2.6
    endloop
  endfacet
  facet normal 0.5483983808383063 0.3698993883885071 -0.7499557709383482
    outer loop
      vertex 122.66099102050066 38.45065604895353 0
      vertex 125.03381372988224 40.20419469475746 2.6
      vertex 125.18018036335707 39.98719724267721 2.6
    endloop
  endfacet
  facet normal 0.5210935336051183 0.40712288220621007 -0.750141645303765
    outer loop
      vertex 122.66099102050066 38.45065604895353 0
      vertex 124.87266666442156 40.4104535356164 2.6
      vertex 125.03381372988224 40.20419469475746 2.6
    endloop
  endfacet
  facet normal 0.45919457599114055 0.47550990497178247 -0.7503536977013195
    outer loop
      vertex 122.49879184365273 38.62546518445015 0
      vertex 124.50923977047205 40.78679309785366 2.6
      vertex 124.69752424955368 40.60496889054775 2.6
    endloop
  endfacet
  facet normal 0.4909037739660256 0.4420117500261441 -0.7507590142946927
    outer loop
      vertex 122.66099102050066 38.45065604895353 0
      vertex 124.69752424955368 40.60496889054775 2.6
      vertex 124.87266666442156 40.4104535356164 2.6
    endloop
  endfacet
  facet normal 0.42517691631556775 0.5067061024661205 -0.7499823434961506
    outer loop
      vertex 122.49879184365273 38.62546518445015 0
      vertex 124.30873053520918 40.95504032820463 2.6
      vertex 124.50923977047205 40.78679309785366 2.6
    endloop
  endfacet
  facet normal 0.3887538560978599 0.5350737850551673 -0.7500443213009356
    outer loop
      vertex 122.49879184365273 38.62546518445015 0
      vertex 124.09697338938713 41.108890898525715 2.6
      vertex 124.30873053520918 40.95504032820463 2.6
    endloop
  endfacet
  facet normal 0.35018455971527596 0.5604124464310255 -0.7505389157280329
    outer loop
      vertex 122.49879184365273 38.62546518445015 0
      vertex 123.875 41.2475952655077 2.6
      vertex 124.09697338938713 41.108890898525715 2.6
    endloop
  endfacet
  facet normal 0.011540544927629483 0.6611569520653913 -0.7501588502166558
    outer loop
      vertex 122 38.79999999701977 0
      vertex 122 41.75 2.6
      vertex 122.13087311387062 41.74771559983492 2.6
    endloop
  endfacet
  facet normal 0.04614305890705155 0.6598766241261054 -0.7499557713936436
    outer loop
      vertex 122.0597840771079 38.79776303470135 0
      vertex 122.13087311387062 41.74771559983492 2.6
      vertex 122.39198173582554 41.72945711016655 2.6
    endloop
  endfacet
  facet normal 0.09203199542746929 0.6548416775346022 -0.7501416460784632
    outer loop
      vertex 122.0597840771079 38.79776303470135 0
      vertex 122.39198173582554 41.72945711016655 2.6
      vertex 122.65118066966534 41.69302907586098 2.6
    endloop
  endfacet
  facet normal 0.13734150997370176 0.6461410148159339 -0.7507590150046674
    outer loop
      vertex 122.0597840771079 38.79776303470135 0
      vertex 122.65118066966534 41.69302907586098 2.6
      vertex 122.90720710903406 41.6386089771986 2.6
    endloop
  endfacet
  facet normal 0.8987940420057225 0.438371155591943 0
    outer loop
      vertex 125.42579546570778 39.52526240795851 2.6
      vertex 125.31105346977711 39.76051835715771 2.6
      vertex 125.42579546570778 39.52526240795851 4
    endloop
  endfacet
  facet normal 0.9271838523025517 0.37460659902009175 0
    outer loop
      vertex 125.42579546570778 39.52526240795851 2.6
      vertex 125.42579546570778 39.52526240795851 4
      vertex 125.52384732663631 39.28257554024458 4
    endloop
  endfacet
  facet normal 0.8987940420057225 0.438371155591943 0
    outer loop
      vertex 125.31105346977711 39.76051835715771 2.6
      vertex 125.31105346977711 39.76051835715771 4
      vertex 125.42579546570778 39.52526240795851 4
    endloop
  endfacet
  facet normal 0.8660254189285214 0.4999999737696784 0
    outer loop
      vertex 125.31105346977711 39.76051835715771 2.6
      vertex 125.18018036335707 39.98719724267721 2.6
      vertex 125.31105346977711 39.76051835715771 4
    endloop
  endfacet
  facet normal 0.8660254189285214 0.4999999737696784 0
    outer loop
      vertex 125.18018036335707 39.98719724267721 2.6
      vertex 125.18018036335707 39.98719724267721 4
      vertex 125.31105346977711 39.76051835715771 4
    endloop
  endfacet
  facet normal 0.6946583692459235 0.7193398015101028 0
    outer loop
      vertex 124.50923977047205 40.78679309785366 2.6
      vertex 124.69752424955368 40.60496889054775 4
      vertex 124.69752424955368 40.60496889054775 2.6
    endloop
  endfacet
  facet normal 0.8290375656234816 0.559192913747207 0
    outer loop
      vertex 125.18018036335707 39.98719724267721 2.6
      vertex 125.03381372988224 40.20419469475746 2.6
      vertex 125.18018036335707 39.98719724267721 4
    endloop
  endfacet
  facet normal 0.7880107577629124 0.615661470005977 0
    outer loop
      vertex 125.03381372988224 40.20419469475746 2.6
      vertex 124.87266666442156 40.4104535356164 2.6
      vertex 125.03381372988224 40.20419469475746 4
    endloop
  endfacet
  facet normal 0.8290375656234816 0.559192913747207 0
    outer loop
      vertex 125.03381372988224 40.20419469475746 2.6
      vertex 125.03381372988224 40.20419469475746 4
      vertex 125.18018036335707 39.98719724267721 4
    endloop
  endfacet
  facet normal 0.7880107577629124 0.615661470005977 0
    outer loop
      vertex 124.87266666442156 40.4104535356164 2.6
      vertex 124.87266666442156 40.4104535356164 4
      vertex 125.03381372988224 40.20419469475746 4
    endloop
  endfacet
  facet normal 0.743144820519614 0.6691306118650311 0
    outer loop
      vertex 124.87266666442156 40.4104535356164 2.6
      vertex 124.69752424955368 40.60496889054775 2.6
      vertex 124.87266666442156 40.4104535356164 4
    endloop
  endfacet
  facet normal 0.743144820519614 0.6691306118650311 0
    outer loop
      vertex 124.69752424955368 40.60496889054775 2.6
      vertex 124.69752424955368 40.60496889054775 4
      vertex 124.87266666442156 40.4104535356164 4
    endloop
  endfacet
  facet normal 0.017452417627068444 0.9998476949610728 0
    outer loop
      vertex 122 41.75 2.6
      vertex 122 41.75 4
      vertex 122.13087311387062 41.74771559983492 4
    endloop
  endfacet
  facet normal 0.34202014262459324 0.939692621041079 0
    outer loop
      vertex 123.15881372988224 41.56646193563938 2.6
      vertex 123.40477472543716 41.47693945467472 4
      vertex 123.40477472543716 41.47693945467472 2.6
    endloop
  endfacet
  facet normal 0.20791168721191458 0.9781476015002516 0
    outer loop
      vertex 122.90720710903406 41.6386089771986 2.6
      vertex 122.65118066966534 41.69302907586098 2.6
      vertex 122.90720710903406 41.6386089771986 4
    endloop
  endfacet
  facet normal 0.27563736995428795 0.9612616918845166 0
    outer loop
      vertex 123.15881372988224 41.56646193563938 2.6
      vertex 122.90720710903406 41.6386089771986 2.6
      vertex 123.15881372988224 41.56646193563938 4
    endloop
  endfacet
  facet normal 0.27563736995428795 0.9612616918845166 0
    outer loop
      vertex 122.90720710903406 41.6386089771986 2.6
      vertex 122.90720710903406 41.6386089771986 4
      vertex 123.15881372988224 41.56646193563938 4
    endloop
  endfacet
  facet normal 0.34202014262459324 0.939692621041079 0
    outer loop
      vertex 123.15881372988224 41.56646193563938 2.6
      vertex 123.15881372988224 41.56646193563938 4
      vertex 123.40477472543716 41.47693945467472 4
    endloop
  endfacet
  facet normal 0.017452417627068444 0.9998476949610728 0
    outer loop
      vertex 122 41.75 2.6
      vertex 122.13087311387062 41.74771559983492 4
      vertex 122.13087311387062 41.74771559983492 2.6
    endloop
  endfacet
  facet normal 0.06975645916039604 0.9975640512796179 0
    outer loop
      vertex 122.13087311387062 41.74771559983492 2.6
      vertex 122.39198173582554 41.72945711016655 4
      vertex 122.39198173582554 41.72945711016655 2.6
    endloop
  endfacet
  facet normal 0.13917310017239254 0.9902680688522706 0
    outer loop
      vertex 122.39198173582554 41.72945711016655 2.6
      vertex 122.65118066966534 41.69302907586098 4
      vertex 122.65118066966534 41.69302907586098 2.6
    endloop
  endfacet
  facet normal 0.06975645916039604 0.9975640512796179 0
    outer loop
      vertex 122.13087311387062 41.74771559983492 2.6
      vertex 122.13087311387062 41.74771559983492 4
      vertex 122.39198173582554 41.72945711016655 4
    endloop
  endfacet
  facet normal 0.13917310017239254 0.9902680688522706 0
    outer loop
      vertex 122.39198173582554 41.72945711016655 2.6
      vertex 122.39198173582554 41.72945711016655 4
      vertex 122.65118066966534 41.69302907586098 4
    endloop
  endfacet
  facet normal 0.20791168721191458 0.9781476015002516 0
    outer loop
      vertex 122.65118066966534 41.69302907586098 2.6
      vertex 122.65118066966534 41.69302907586098 4
      vertex 122.90720710903406 41.6386089771986 4
    endloop
  endfacet
  facet normal 0.6427876208834568 0.7660444337236486 0
    outer loop
      vertex 124.50923977047205 40.78679309785366 2.6
      vertex 124.30873053520918 40.95504032820463 2.6
      vertex 124.50923977047205 40.78679309785366 4
    endloop
  endfacet
  facet normal 0.5877852479723605 0.8090169975136928 0
    outer loop
      vertex 124.30873053520918 40.95504032820463 2.6
      vertex 124.09697338938713 41.108890898525715 2.6
      vertex 124.30873053520918 40.95504032820463 4
    endloop
  endfacet
  facet normal 0.6946583692459235 0.7193398015101028 0
    outer loop
      vertex 124.50923977047205 40.78679309785366 2.6
      vertex 124.50923977047205 40.78679309785366 4
      vertex 124.69752424955368 40.60496889054775 4
    endloop
  endfacet
  facet normal 0.6427876208834568 0.7660444337236486 0
    outer loop
      vertex 124.30873053520918 40.95504032820463 2.6
      vertex 124.30873053520918 40.95504032820463 4
      vertex 124.50923977047205 40.78679309785366 4
    endloop
  endfacet
  facet normal 0.5299192615254839 0.8480480978483979 0
    outer loop
      vertex 123.875 41.2475952655077 2.6
      vertex 124.09697338938713 41.108890898525715 4
      vertex 124.09697338938713 41.108890898525715 2.6
    endloop
  endfacet
  facet normal 0.46947157259700467 0.882947587642265 0
    outer loop
      vertex 123.875 41.2475952655077 2.6
      vertex 123.64389180392027 41.3704776763916 2.6
      vertex 123.875 41.2475952655077 4
    endloop
  endfacet
  facet normal 0.5299192615254839 0.8480480978483979 0
    outer loop
      vertex 123.875 41.2475952655077 2.6
      vertex 123.875 41.2475952655077 4
      vertex 124.09697338938713 41.108890898525715 4
    endloop
  endfacet
  facet normal 0.46947157259700467 0.882947587642265 0
    outer loop
      vertex 123.64389180392027 41.3704776763916 2.6
      vertex 123.64389180392027 41.3704776763916 4
      vertex 123.875 41.2475952655077 4
    endloop
  endfacet
  facet normal 0.5877852479723605 0.8090169975136928 0
    outer loop
      vertex 124.09697338938713 41.108890898525715 2.6
      vertex 124.09697338938713 41.108890898525715 4
      vertex 124.30873053520918 40.95504032820463 4
    endloop
  endfacet
  facet normal 0.40673662966921503 0.913545463611597 0
    outer loop
      vertex 123.64389180392027 41.3704776763916 2.6
      vertex 123.40477472543716 41.47693945467472 2.6
      vertex 123.64389180392027 41.3704776763916 4
    endloop
  endfacet
  facet normal 0.40673662966921503 0.913545463611597 0
    outer loop
      vertex 123.40477472543716 41.47693945467472 2.6
      vertex 123.40477472543716 41.47693945467472 4
      vertex 123.64389180392027 41.3704776763916 4
    endloop
  endfacet
  facet normal -0.13734150997370176 -0.6461410148159339 -0.7507590150046674
    outer loop
      vertex 129.9402159228921 3.2022369652986526 0
      vertex 129.34881933033466 0.3069709241390228 2.6
      vertex 129.09279289096594 0.36139102280139923 2.6
    endloop
  endfacet
  facet normal -0.09203199542746929 -0.6548416775346022 -0.7501416460784632
    outer loop
      vertex 129.9402159228921 3.2022369652986526 0
      vertex 129.60801826417446 0.2705428898334503 2.6
      vertex 129.34881933033466 0.3069709241390228 2.6
    endloop
  endfacet
  facet normal -0.04614305890705155 -0.6598766241261054 -0.7499557713936436
    outer loop
      vertex 129.9402159228921 3.2022369652986526 0
      vertex 129.86912688612938 0.252284400165081 2.6
      vertex 129.60801826417446 0.2705428898334503 2.6
    endloop
  endfacet
  facet normal -0.011540544927629483 -0.6611569520653913 -0.7501588502166558
    outer loop
      vertex 130 3.2000000029802322 0
      vertex 130 0.25 2.6
      vertex 129.86912688612938 0.252284400165081 2.6
    endloop
  endfacet
  facet normal -0.14690138878237063 -0.6436171015062688 -0.7511171736969406
    outer loop
      vertex 129.70772717893124 3.255300998687744 0
      vertex 129.9402159228921 3.2022369652986526 0
      vertex 129.09279289096594 0.36139102280139923 2.6
    endloop
  endfacet
  facet normal -0.024720510651599845 -0.6606695619198683 -0.7502697023775742
    outer loop
      vertex 129.9402159228921 3.2022369652986526 0
      vertex 130 3.2000000029802322 0
      vertex 129.86912688612938 0.252284400165081 2.6
    endloop
  endfacet
  facet normal -0.3300375060053738 -0.5716417116387702 -0.7511997059001355
    outer loop
      vertex 129.70772717893124 3.255300998687744 0
      vertex 128.125 0.7524047344923019 2.6
      vertex 129.50120815634727 3.3745348155498505 0
    endloop
  endfacet
  facet normal -0.35018455971527596 -0.5604124464310255 -0.7505389157280329
    outer loop
      vertex 129.50120815634727 3.3745348155498505 0
      vertex 128.125 0.7524047344923019 2.6
      vertex 127.90302661061287 0.8911091014742851 2.6
    endloop
  endfacet
  facet normal -0.3887538560978599 -0.5350737850551673 -0.7500443213009356
    outer loop
      vertex 129.50120815634727 3.3745348155498505 0
      vertex 127.90302661061287 0.8911091014742851 2.6
      vertex 127.69126946479082 1.0449596717953682 2.6
    endloop
  endfacet
  facet normal -0.42517691631556775 -0.5067061024661205 -0.7499823434961506
    outer loop
      vertex 129.50120815634727 3.3745348155498505 0
      vertex 127.69126946479082 1.0449596717953682 2.6
      vertex 127.49076022952795 1.2132069021463394 2.6
    endloop
  endfacet
  facet normal -0.4909037739660256 -0.4420117500261441 -0.7507590142946927
    outer loop
      vertex 129.33900897949934 3.549343951046467 0
      vertex 127.30247575044632 1.3950311094522476 2.6
      vertex 127.12733333557844 1.5895464643836021 2.6
    endloop
  endfacet
  facet normal -0.45919457599114055 -0.47550990497178247 -0.7503536977013195
    outer loop
      vertex 129.50120815634727 3.3745348155498505 0
      vertex 127.49076022952795 1.2132069021463394 2.6
      vertex 127.30247575044632 1.3950311094522476 2.6
    endloop
  endfacet
  facet normal -0.5210935336051183 -0.40712288220621007 -0.750141645303765
    outer loop
      vertex 129.33900897949934 3.549343951046467 0
      vertex 127.12733333557844 1.5895464643836021 2.6
      vertex 126.96618627011776 1.7958053052425385 2.6
    endloop
  endfacet
  facet normal -0.5483983808383063 -0.3698993883885071 -0.7499557709383482
    outer loop
      vertex 129.33900897949934 3.549343951046467 0
      vertex 126.96618627011776 1.7958053052425385 2.6
      vertex 126.81981963664293 2.0128027573227882 2.6
    endloop
  endfacet
  facet normal -0.5726220421271676 -0.33060346704113863 -0.7502035353492351
    outer loop
      vertex 129.33900897949934 3.549343951046467 0
      vertex 126.81981963664293 2.0128027573227882 2.6
      vertex 126.68894653022289 2.239481642842293 2.6
    endloop
  endfacet
  facet normal -0.26901055082833886 -0.6042076135919919 -0.7500443208374448
    outer loop
      vertex 129.70772717893124 3.255300998687744 0
      vertex 128.59522527456284 0.5230605453252792 2.6
      vertex 128.35610819607973 0.6295223236083984 2.6
    endloop
  endfacet
  facet normal -0.18220637777348891 -0.6354291183366749 -0.7503536975777095
    outer loop
      vertex 129.70772717893124 3.255300998687744 0
      vertex 129.09279289096594 0.36139102280139923 2.6
      vertex 128.84118627011776 0.4335380643606186 2.6
    endloop
  endfacet
  facet normal -0.2262319076404371 -0.621567059245122 -0.7499823430099802
    outer loop
      vertex 129.70772717893124 3.255300998687744 0
      vertex 128.84118627011776 0.4335380643606186 2.6
      vertex 128.59522527456284 0.5230605453252792 2.6
    endloop
  endfacet
  facet normal -0.3102391400397355 -0.5834749456181296 -0.7505389155955379
    outer loop
      vertex 129.70772717893124 3.255300998687744 0
      vertex 128.35610819607973 0.6295223236083984 2.6
      vertex 128.125 0.7524047344923019 2.6
    endloop
  endfacet
  facet normal -0.40673662966921503 -0.913545463611597 0
    outer loop
      vertex 128.35610819607973 0.6295223236083984 2.6
      vertex 128.59522527456284 0.5230605453252792 2.6
      vertex 128.35610819607973 0.6295223236083984 4
    endloop
  endfacet
  facet normal -0.40673662966921503 -0.913545463611597 0
    outer loop
      vertex 128.59522527456284 0.5230605453252792 2.6
      vertex 128.59522527456284 0.5230605453252792 4
      vertex 128.35610819607973 0.6295223236083984 4
    endloop
  endfacet
  facet normal -0.46947157259700467 -0.882947587642265 0
    outer loop
      vertex 128.35610819607973 0.6295223236083984 2.6
      vertex 128.125 0.7524047344923019 4
      vertex 128.125 0.7524047344923019 2.6
    endloop
  endfacet
  facet normal -0.5299192615254839 -0.8480480978483979 0
    outer loop
      vertex 128.125 0.7524047344923019 2.6
      vertex 127.90302661061287 0.8911091014742851 4
      vertex 127.90302661061287 0.8911091014742851 2.6
    endloop
  endfacet
  facet normal -0.5877852479723605 -0.8090169975136928 0
    outer loop
      vertex 127.90302661061287 0.8911091014742851 2.6
      vertex 127.90302661061287 0.8911091014742851 4
      vertex 127.69126946479082 1.0449596717953682 4
    endloop
  endfacet
  facet normal -0.46947157259700467 -0.882947587642265 0
    outer loop
      vertex 128.35610819607973 0.6295223236083984 2.6
      vertex 128.35610819607973 0.6295223236083984 4
      vertex 128.125 0.7524047344923019 4
    endloop
  endfacet
  facet normal -0.5299192615254839 -0.8480480978483979 0
    outer loop
      vertex 128.125 0.7524047344923019 2.6
      vertex 128.125 0.7524047344923019 4
      vertex 127.90302661061287 0.8911091014742851 4
    endloop
  endfacet
  facet normal -0.5877852479723605 -0.8090169975136928 0
    outer loop
      vertex 127.90302661061287 0.8911091014742851 2.6
      vertex 127.69126946479082 1.0449596717953682 4
      vertex 127.69126946479082 1.0449596717953682 2.6
    endloop
  endfacet
  facet normal -0.6427876208834568 -0.7660444337236486 0
    outer loop
      vertex 127.69126946479082 1.0449596717953682 2.6
      vertex 127.49076022952795 1.2132069021463394 4
      vertex 127.49076022952795 1.2132069021463394 2.6
    endloop
  endfacet
  facet normal -0.6427876208834568 -0.7660444337236486 0
    outer loop
      vertex 127.69126946479082 1.0449596717953682 2.6
      vertex 127.69126946479082 1.0449596717953682 4
      vertex 127.49076022952795 1.2132069021463394 4
    endloop
  endfacet
  facet normal -0.6946583692459235 -0.7193398015101028 0
    outer loop
      vertex 127.49076022952795 1.2132069021463394 2.6
      vertex 127.49076022952795 1.2132069021463394 4
      vertex 127.30247575044632 1.3950311094522476 4
    endloop
  endfacet
  facet normal -0.13917310017239254 -0.9902680688522706 0
    outer loop
      vertex 129.34881933033466 0.3069709241390228 2.6
      vertex 129.60801826417446 0.2705428898334503 2.6
      vertex 129.34881933033466 0.3069709241390228 4
    endloop
  endfacet
  facet normal -0.06975645916039604 -0.9975640512796179 0
    outer loop
      vertex 129.60801826417446 0.2705428898334503 2.6
      vertex 129.86912688612938 0.252284400165081 2.6
      vertex 129.60801826417446 0.2705428898334503 4
    endloop
  endfacet
  facet normal -0.017452417627068444 -0.9998476949610728 0
    outer loop
      vertex 129.86912688612938 0.252284400165081 2.6
      vertex 130 0.25 2.6
      vertex 129.86912688612938 0.252284400165081 4
    endloop
  endfacet
  facet normal -0.20791168721191458 -0.9781476015002516 0
    outer loop
      vertex 129.34881933033466 0.3069709241390228 2.6
      vertex 129.34881933033466 0.3069709241390228 4
      vertex 129.09279289096594 0.36139102280139923 4
    endloop
  endfacet
  facet normal -0.13917310017239254 -0.9902680688522706 0
    outer loop
      vertex 129.60801826417446 0.2705428898334503 2.6
      vertex 129.60801826417446 0.2705428898334503 4
      vertex 129.34881933033466 0.3069709241390228 4
    endloop
  endfacet
  facet normal -0.06975645916039604 -0.9975640512796179 0
    outer loop
      vertex 129.86912688612938 0.252284400165081 2.6
      vertex 129.86912688612938 0.252284400165081 4
      vertex 129.60801826417446 0.2705428898334503 4
    endloop
  endfacet
  facet normal -0.27563736995428795 -0.9612616918845166 0
    outer loop
      vertex 129.09279289096594 0.36139102280139923 2.6
      vertex 128.84118627011776 0.4335380643606186 4
      vertex 128.84118627011776 0.4335380643606186 2.6
    endloop
  endfacet
  facet normal -0.20791168721191458 -0.9781476015002516 0
    outer loop
      vertex 129.09279289096594 0.36139102280139923 2.6
      vertex 129.34881933033466 0.3069709241390228 2.6
      vertex 129.09279289096594 0.36139102280139923 4
    endloop
  endfacet
  facet normal -0.34202014262459324 -0.939692621041079 0
    outer loop
      vertex 128.59522527456284 0.5230605453252792 2.6
      vertex 128.84118627011776 0.4335380643606186 2.6
      vertex 128.59522527456284 0.5230605453252792 4
    endloop
  endfacet
  facet normal -0.34202014262459324 -0.939692621041079 0
    outer loop
      vertex 128.84118627011776 0.4335380643606186 2.6
      vertex 128.84118627011776 0.4335380643606186 4
      vertex 128.59522527456284 0.5230605453252792 4
    endloop
  endfacet
  facet normal -0.27563736995428795 -0.9612616918845166 0
    outer loop
      vertex 129.09279289096594 0.36139102280139923 2.6
      vertex 129.09279289096594 0.36139102280139923 4
      vertex 128.84118627011776 0.4335380643606186 4
    endloop
  endfacet
  facet normal -0.017452417627068444 -0.9998476949610728 0
    outer loop
      vertex 130 0.25 2.6
      vertex 130 0.25 4
      vertex 129.86912688612938 0.252284400165081 4
    endloop
  endfacet
  facet normal -0.743144820519614 -0.6691306118650311 0
    outer loop
      vertex 127.30247575044632 1.3950311094522476 2.6
      vertex 127.12733333557844 1.5895464643836021 4
      vertex 127.12733333557844 1.5895464643836021 2.6
    endloop
  endfacet
  facet normal -0.743144820519614 -0.6691306118650311 0
    outer loop
      vertex 127.30247575044632 1.3950311094522476 2.6
      vertex 127.30247575044632 1.3950311094522476 4
      vertex 127.12733333557844 1.5895464643836021 4
    endloop
  endfacet
  facet normal -0.7880107577629124 -0.615661470005977 0
    outer loop
      vertex 127.12733333557844 1.5895464643836021 2.6
      vertex 126.96618627011776 1.7958053052425385 4
      vertex 126.96618627011776 1.7958053052425385 2.6
    endloop
  endfacet
  facet normal -0.8290375656234816 -0.559192913747207 0
    outer loop
      vertex 126.96618627011776 1.7958053052425385 2.6
      vertex 126.81981963664293 2.0128027573227882 4
      vertex 126.81981963664293 2.0128027573227882 2.6
    endloop
  endfacet
  facet normal -0.7880107577629124 -0.615661470005977 0
    outer loop
      vertex 127.12733333557844 1.5895464643836021 2.6
      vertex 127.12733333557844 1.5895464643836021 4
      vertex 126.96618627011776 1.7958053052425385 4
    endloop
  endfacet
  facet normal -0.8290375656234816 -0.559192913747207 0
    outer loop
      vertex 126.96618627011776 1.7958053052425385 2.6
      vertex 126.96618627011776 1.7958053052425385 4
      vertex 126.81981963664293 2.0128027573227882 4
    endloop
  endfacet
  facet normal -0.6946583692459235 -0.7193398015101028 0
    outer loop
      vertex 127.49076022952795 1.2132069021463394 2.6
      vertex 127.30247575044632 1.3950311094522476 4
      vertex 127.30247575044632 1.3950311094522476 2.6
    endloop
  endfacet
  facet normal -0.8660254189285214 -0.4999999737696784 0
    outer loop
      vertex 126.81981963664293 2.0128027573227882 2.6
      vertex 126.68894653022289 2.239481642842293 4
      vertex 126.68894653022289 2.239481642842293 2.6
    endloop
  endfacet
  facet normal -0.8660254189285214 -0.4999999737696784 0
    outer loop
      vertex 126.81981963664293 2.0128027573227882 2.6
      vertex 126.81981963664293 2.0128027573227882 4
      vertex 126.68894653022289 2.239481642842293 4
    endloop
  endfacet
  facet normal -0.8987940420057225 -0.438371155591943 0
    outer loop
      vertex 126.68894653022289 2.239481642842293 2.6
      vertex 126.57420453429222 2.4747375920414925 4
      vertex 126.57420453429222 2.4747375920414925 2.6
    endloop
  endfacet
  facet normal -0.8987940420057225 -0.438371155591943 0
    outer loop
      vertex 126.68894653022289 2.239481642842293 2.6
      vertex 126.68894653022289 2.239481642842293 4
      vertex 126.57420453429222 2.4747375920414925 4
    endloop
  endfacet
  facet normal -0.9271838523025517 -0.37460659902009175 0
    outer loop
      vertex 126.57420453429222 2.4747375920414925 2.6
      vertex 126.57420453429222 2.4747375920414925 4
      vertex 126.47615267336369 2.7174244597554207 4
    endloop
  endfacet
  facet normal -0.5948974174167716 -0.286487497430482 -0.7510139656270547
    outer loop
      vertex 129.33900897949934 3.549343951046467 0
      vertex 126.57420453429222 2.4747375920414925 2.6
      vertex 129.2355417534709 3.7641958594322205 0
    endloop
  endfacet
  facet normal -0.652725721776262 -0.09838255887429205 -0.7511790760138385
    outer loop
      vertex 129.2355417534709 3.7641958594322205 0
      vertex 126.28649473935366 3.478100873529911 2.6
      vertex 129.20000000298023 4 0
    endloop
  endfacet
  facet normal -0.4839380527972963 -0.44902889992630385 -0.7511171733396427
    outer loop
      vertex 129.50120815634727 3.3745348155498505 0
      vertex 127.30247575044632 1.3950311094522476 2.6
      vertex 129.33900897949934 3.549343951046467 0
    endloop
  endfacet
  facet normal 0 0 -1
    outer loop
      vertex 129.9402159228921 3.2022369652986526 0
      vertex 129.2355417534709 3.7641958594322205 0
      vertex 130 3.2000000029802322 0
    endloop
  endfacet
  facet normal 0 0 -1
    outer loop
      vertex 129.70772717893124 3.255300998687744 0
      vertex 129.2355417534709 3.7641958594322205 0
      vertex 129.9402159228921 3.2022369652986526 0
    endloop
  endfacet
  facet normal 0 0 -1
    outer loop
      vertex 129.70772717893124 3.255300998687744 0
      vertex 129.50120815634727 3.3745348155498505 0
      vertex 129.2355417534709 3.7641958594322205 0
    endloop
  endfacet
  facet normal 0 0 -1
    outer loop
      vertex 129.50120815634727 3.3745348155498505 0
      vertex 129.33900897949934 3.549343951046467 0
      vertex 129.2355417534709 3.7641958594322205 0
    endloop
  endfacet
  facet normal -0.593596208234837 -0.28951622240197766 -0.7508820803130895
    outer loop
      vertex 129.33900897949934 3.549343951046467 0
      vertex 126.68894653022289 2.239481642842293 2.6
      vertex 126.57420453429222 2.4747375920414925 2.6
    endloop
  endfacet
  facet normal -0.6129860525499159 -0.2476624456112128 -0.7502742248092661
    outer loop
      vertex 129.2355417534709 3.7641958594322205 0
      vertex 126.57420453429222 2.4747375920414925 2.6
      vertex 126.47615267336369 2.7174244597554207 2.6
    endloop
  endfacet
  facet normal -0.6291028982933601 -0.20440792258277643 -0.7499646288621136
    outer loop
      vertex 129.2355417534709 3.7641958594322205 0
      vertex 126.47615267336369 2.7174244597554207 2.6
      vertex 126.39526864141226 2.9663599133491516 2.6
    endloop
  endfacet
  facet normal -0.6506685687698543 -0.11473043774754481 -0.7506446164925489
    outer loop
      vertex 129.2355417534709 3.7641958594322205 0
      vertex 126.33194649964571 3.220331162214279 2.6
      vertex 126.28649473935366 3.478100873529911 2.6
    endloop
  endfacet
  facet normal -0.6573157055259183 -0.06908665162944173 -0.7504419350193569
    outer loop
      vertex 129.20000000298023 4 0
      vertex 126.28649473935366 3.478100873529911 2.6
      vertex 126.25913481414318 3.7384132221341133 2.6
    endloop
  endfacet
  facet normal -0.6610248009930202 -0.02308350120127349 -0.7500089095766989
    outer loop
      vertex 129.20000000298023 4 0
      vertex 126.25913481414318 3.7384132221341133 2.6
      vertex 126.25 4 2.6
    endloop
  endfacet
  facet normal -0.6416928406221822 -0.1599919880932484 -0.7500885694637698
    outer loop
      vertex 129.2355417534709 3.7641958594322205 0
      vertex 126.39526864141226 2.9663599133491516 2.6
      vertex 126.33194649964571 3.220331162214279 2.6
    endloop
  endfacet
  facet normal -0.9271838523025517 -0.37460659902009175 0
    outer loop
      vertex 126.57420453429222 2.4747375920414925 2.6
      vertex 126.47615267336369 2.7174244597554207 4
      vertex 126.47615267336369 2.7174244597554207 2.6
    endloop
  endfacet
  facet normal -0.9510565163084571 -0.3090169943340034 0
    outer loop
      vertex 126.47615267336369 2.7174244597554207 2.6
      vertex 126.39526864141226 2.9663599133491516 4
      vertex 126.39526864141226 2.9663599133491516 2.6
    endloop
  endfacet
  facet normal -0.9510565163084571 -0.3090169943340034 0
    outer loop
      vertex 126.47615267336369 2.7174244597554207 2.6
      vertex 126.47615267336369 2.7174244597554207 4
      vertex 126.39526864141226 2.9663599133491516 4
    endloop
  endfacet
  facet normal -0.9702957285113611 -0.24192188663410924 0
    outer loop
      vertex 126.39526864141226 2.9663599133491516 2.6
      vertex 126.33194649964571 3.220331162214279 4
      vertex 126.33194649964571 3.220331162214279 2.6
    endloop
  endfacet
  facet normal -0.9702957285113611 -0.24192188663410924 0
    outer loop
      vertex 126.39526864141226 2.9663599133491516 2.6
      vertex 126.39526864141226 2.9663599133491516 4
      vertex 126.33194649964571 3.220331162214279 4
    endloop
  endfacet
  facet normal -0.9848077494987413 -0.1736481975927896 0
    outer loop
      vertex 126.33194649964571 3.220331162214279 2.6
      vertex 126.28649473935366 3.478100873529911 4
      vertex 126.28649473935366 3.478100873529911 2.6
    endloop
  endfacet
  facet normal -0.9848077494987413 -0.1736481975927896 0
    outer loop
      vertex 126.33194649964571 3.220331162214279 2.6
      vertex 126.33194649964571 3.220331162214279 4
      vertex 126.28649473935366 3.478100873529911 4
    endloop
  endfacet
  facet normal -0.9945218974016594 -0.10452844392127603 0
    outer loop
      vertex 126.28649473935366 3.478100873529911 2.6
      vertex 126.28649473935366 3.478100873529911 4
      vertex 126.25913481414318 3.7384132221341133 4
    endloop
  endfacet
  facet normal -0.9945218974016594 -0.10452844392127603 0
    outer loop
      vertex 126.28649473935366 3.478100873529911 2.6
      vertex 126.25913481414318 3.7384132221341133 4
      vertex 126.25913481414318 3.7384132221341133 2.6
    endloop
  endfacet
  facet normal -0.9993908266764729 -0.03489950651393371 0
    outer loop
      vertex 126.25913481414318 3.7384132221341133 2.6
      vertex 126.25 4 4
      vertex 126.25 4 2.6
    endloop
  endfacet
  facet normal -0.9993908266764729 -0.03489950651393371 0
    outer loop
      vertex 126.25913481414318 3.7384132221341133 2.6
      vertex 126.25913481414318 3.7384132221341133 4
      vertex 126.25 4 4
    endloop
  endfacet
  facet normal 0 -0.6612009842860757 -0.7502088098517137
    outer loop
      vertex 130 3.2000000029802322 0
      vertex 164 3.2000000029802322 0
      vertex 130 0.25 2.6
    endloop
  endfacet
  facet normal 0 -1 0
    outer loop
      vertex 130 0.25 2.6
      vertex 164 0.25 2.6
      vertex 130 0.25 4
    endloop
  endfacet
  facet normal 0 0 -1
    outer loop
      vertex 130 3.2000000029802322 0
      vertex 129.2355417534709 3.7641958594322205 0
      vertex 164 3.2000000029802322 0
    endloop
  endfacet
  facet normal 2.0261951996587174e-18 -0.6612009842860757 -0.7502088098517137
    outer loop
      vertex 164 3.2000000029802322 0
      vertex 164 0.25 2.6
      vertex 130 0.25 2.6
    endloop
  endfacet
  facet normal 0 -1 0
    outer loop
      vertex 164 0.25 2.6
      vertex 164 0.25 4
      vertex 130 0.25 4
    endloop
  endfacet
  facet normal 0 0 -1
    outer loop
      vertex 129.2355417534709 3.7641958594322205 0
      vertex 164.23580414056778 3.2355417534708977 0
      vertex 164 3.2000000029802322 0
    endloop
  endfacet
  facet normal 0 0 -1
    outer loop
      vertex 129.2355417534709 3.7641958594322205 0
      vertex 164.45065604895353 3.33900897949934 0
      vertex 164.23580414056778 3.2355417534708977 0
    endloop
  endfacet
  facet normal 0 0 -1
    outer loop
      vertex 129.2355417534709 3.7641958594322205 0
      vertex 164.62546518445015 3.501208156347275 0
      vertex 164.45065604895353 3.33900897949934 0
    endloop
  endfacet
  facet normal 0 0 -1
    outer loop
      vertex 129.2355417534709 3.7641958594322205 0
      vertex 164.74469900131226 3.7077271789312363 0
      vertex 164.62546518445015 3.501208156347275 0
    endloop
  endfacet
  facet normal 0 0 -1
    outer loop
      vertex 129.2355417534709 3.7641958594322205 0
      vertex 164.79776303470135 3.9402159228920937 0
      vertex 164.74469900131226 3.7077271789312363 0
    endloop
  endfacet
  facet normal 0 0 -1
    outer loop
      vertex 129.2355417534709 3.7641958594322205 0
      vertex 164.79999999701977 4 0
      vertex 164.79776303470135 3.9402159228920937 0
    endloop
  endfacet
  facet normal 0.02308350120127333 -0.6610248009930202 -0.7500089095766989
    outer loop
      vertex 164 3.2000000029802322 0
      vertex 164.2615867778659 0.25913481414318085 2.6
      vertex 164 0.25 2.6
    endloop
  endfacet
  facet normal 0.0690866516294414 -0.6573157055259183 -0.7504419350193569
    outer loop
      vertex 164 3.2000000029802322 0
      vertex 164.5218991264701 0.28649473935365677 2.6
      vertex 164.2615867778659 0.25913481414318085 2.6
    endloop
  endfacet
  facet normal 0.11473043774754482 -0.6506685687698543 -0.7506446164925489
    outer loop
      vertex 164.23580414056778 3.2355417534708977 0
      vertex 164.77966883778572 0.33194649964571 2.6
      vertex 164.5218991264701 0.28649473935365677 2.6
    endloop
  endfacet
  facet normal 0.09838255887429205 -0.652725721776262 -0.7511790760138385
    outer loop
      vertex 164 3.2000000029802322 0
      vertex 164.23580414056778 3.2355417534708977 0
      vertex 164.5218991264701 0.28649473935365677 2.6
    endloop
  endfacet
  facet normal 0.286487497430482 -0.5948974174167716 -0.7510139656270547
    outer loop
      vertex 164.23580414056778 3.2355417534708977 0
      vertex 164.45065604895353 3.33900897949934 0
      vertex 165.5252624079585 0.5742045342922211 2.6
    endloop
  endfacet
  facet normal 0.15999198809324827 -0.6416928406221822 -0.7500885694637698
    outer loop
      vertex 164.23580414056778 3.2355417534708977 0
      vertex 165.03364008665085 0.39526864141225815 2.6
      vertex 164.77966883778572 0.33194649964571 2.6
    endloop
  endfacet
  facet normal 0.20440792258277624 -0.6291028982933601 -0.7499646288621137
    outer loop
      vertex 164.23580414056778 3.2355417534708977 0
      vertex 165.28257554024458 0.4761526733636856 2.6
      vertex 165.03364008665085 0.39526864141225815 2.6
    endloop
  endfacet
  facet normal 0.2476624456112128 -0.612986052549916 -0.7502742248092659
    outer loop
      vertex 164.23580414056778 3.2355417534708977 0
      vertex 165.5252624079585 0.5742045342922211 2.6
      vertex 165.28257554024458 0.4761526733636856 2.6
    endloop
  endfacet
  facet normal 0.28951622240197755 -0.5935962082348373 -0.7508820803130892
    outer loop
      vertex 164.45065604895353 3.33900897949934 0
      vertex 165.7605183571577 0.6889465302228928 2.6
      vertex 165.5252624079585 0.5742045342922211 2.6
    endloop
  endfacet
  facet normal 0.3306034670411384 -0.5726220421271677 -0.7502035353492352
    outer loop
      vertex 164.45065604895353 3.33900897949934 0
      vertex 165.9871972426772 0.8198196366429329 2.6
      vertex 165.7605183571577 0.6889465302228928 2.6
    endloop
  endfacet
  facet normal 0.36989938838850717 -0.5483983808383065 -0.7499557709383481
    outer loop
      vertex 164.45065604895353 3.33900897949934 0
      vertex 166.20419469475746 0.9661862701177597 2.6
      vertex 165.9871972426772 0.8198196366429329 2.6
    endloop
  endfacet
  facet normal 0.4071228822062101 -0.5210935336051186 -0.7501416453037648
    outer loop
      vertex 164.45065604895353 3.33900897949934 0
      vertex 166.4104535356164 1.1273333355784416 2.6
      vertex 166.20419469475746 0.9661862701177597 2.6
    endloop
  endfacet
  facet normal 0.44201175002614423 -0.49090377396602536 -0.7507590142946928
    outer loop
      vertex 164.45065604895353 3.33900897949934 0
      vertex 166.60496889054775 1.3024757504463196 2.6
      vertex 166.4104535356164 1.1273333355784416 2.6
    endloop
  endfacet
  facet normal 0.47550990497178275 -0.45919457599114016 -0.7503536977013194
    outer loop
      vertex 164.62546518445015 3.501208156347275 0
      vertex 166.78679309785366 1.4907602295279503 2.6
      vertex 166.60496889054775 1.3024757504463196 2.6
    endloop
  endfacet
  facet normal 0.5067061024661204 -0.42517691631556814 -0.7499823434961506
    outer loop
      vertex 164.62546518445015 3.501208156347275 0
      vertex 166.95504032820463 1.691269464790821 2.6
      vertex 166.78679309785366 1.4907602295279503 2.6
    endloop
  endfacet
  facet normal 0.5350737850551668 -0.3887538560978602 -0.7500443213009357
    outer loop
      vertex 164.62546518445015 3.501208156347275 0
      vertex 167.10889089852571 1.9030266106128693 2.6
      vertex 166.95504032820463 1.691269464790821 2.6
    endloop
  endfacet
  facet normal 0.5604124464310254 -0.3501845597152763 -0.7505389157280328
    outer loop
      vertex 164.62546518445015 3.501208156347275 0
      vertex 167.2475952655077 2.125 2.6
      vertex 167.10889089852571 1.9030266106128693 2.6
    endloop
  endfacet
  facet normal 0.03489950651393371 -0.9993908266764729 0
    outer loop
      vertex 164 0.25 2.6
      vertex 164.2615867778659 0.25913481414318085 2.6
      vertex 164 0.25 4
    endloop
  endfacet
  facet normal 0.10452844392127603 -0.9945218974016594 0
    outer loop
      vertex 164.2615867778659 0.25913481414318085 2.6
      vertex 164.5218991264701 0.28649473935365677 2.6
      vertex 164.2615867778659 0.25913481414318085 4
    endloop
  endfacet
  facet normal 0.1736481975927896 -0.9848077494987413 0
    outer loop
      vertex 164.5218991264701 0.28649473935365677 2.6
      vertex 164.77966883778572 0.33194649964571 2.6
      vertex 164.5218991264701 0.28649473935365677 4
    endloop
  endfacet
  facet normal 0.03489950651393371 -0.9993908266764729 0
    outer loop
      vertex 164.2615867778659 0.25913481414318085 2.6
      vertex 164.2615867778659 0.25913481414318085 4
      vertex 164 0.25 4
    endloop
  endfacet
  facet normal 0.10452844392127603 -0.9945218974016594 0
    outer loop
      vertex 164.5218991264701 0.28649473935365677 2.6
      vertex 164.5218991264701 0.28649473935365677 4
      vertex 164.2615867778659 0.25913481414318085 4
    endloop
  endfacet
  facet normal 0.1736481975927896 -0.9848077494987413 0
    outer loop
      vertex 164.77966883778572 0.33194649964571 2.6
      vertex 164.77966883778572 0.33194649964571 4
      vertex 164.5218991264701 0.28649473935365677 4
    endloop
  endfacet
  facet normal 0.24192188663410924 -0.9702957285113611 0
    outer loop
      vertex 164.77966883778572 0.33194649964571 2.6
      vertex 165.03364008665085 0.39526864141225815 2.6
      vertex 164.77966883778572 0.33194649964571 4
    endloop
  endfacet
  facet normal 0.3090169943340034 -0.9510565163084571 0
    outer loop
      vertex 165.03364008665085 0.39526864141225815 2.6
      vertex 165.28257554024458 0.4761526733636856 2.6
      vertex 165.03364008665085 0.39526864141225815 4
    endloop
  endfacet
  facet normal 0.37460659902009175 -0.9271838523025517 0
    outer loop
      vertex 165.28257554024458 0.4761526733636856 2.6
      vertex 165.5252624079585 0.5742045342922211 2.6
      vertex 165.28257554024458 0.4761526733636856 4
    endloop
  endfacet
  facet normal 0.24192188663410924 -0.9702957285113611 0
    outer loop
      vertex 165.03364008665085 0.39526864141225815 2.6
      vertex 165.03364008665085 0.39526864141225815 4
      vertex 164.77966883778572 0.33194649964571 4
    endloop
  endfacet
  facet normal 0.3090169943340034 -0.9510565163084571 0
    outer loop
      vertex 165.28257554024458 0.4761526733636856 2.6
      vertex 165.28257554024458 0.4761526733636856 4
      vertex 165.03364008665085 0.39526864141225815 4
    endloop
  endfacet
  facet normal 0.438371155591943 -0.8987940420057225 0
    outer loop
      vertex 165.5252624079585 0.5742045342922211 2.6
      vertex 165.7605183571577 0.6889465302228928 2.6
      vertex 165.5252624079585 0.5742045342922211 4
    endloop
  endfacet
  facet normal 0.37460659902009175 -0.9271838523025517 0
    outer loop
      vertex 165.5252624079585 0.5742045342922211 2.6
      vertex 165.5252624079585 0.5742045342922211 4
      vertex 165.28257554024458 0.4761526733636856 4
    endloop
  endfacet
  facet normal 0.438371155591943 -0.8987940420057225 0
    outer loop
      vertex 165.7605183571577 0.6889465302228928 2.6
      vertex 165.7605183571577 0.6889465302228928 4
      vertex 165.5252624079585 0.5742045342922211 4
    endloop
  endfacet
  facet normal 0.4999999737696784 -0.8660254189285214 0
    outer loop
      vertex 165.7605183571577 0.6889465302228928 2.6
      vertex 165.9871972426772 0.8198196366429329 2.6
      vertex 165.7605183571577 0.6889465302228928 4
    endloop
  endfacet
  facet normal 0.559192913747207 -0.8290375656234816 0
    outer loop
      vertex 165.9871972426772 0.8198196366429329 2.6
      vertex 166.20419469475746 0.9661862701177597 2.6
      vertex 165.9871972426772 0.8198196366429329 4
    endloop
  endfacet
  facet normal 0.4999999737696784 -0.8660254189285214 0
    outer loop
      vertex 165.9871972426772 0.8198196366429329 2.6
      vertex 165.9871972426772 0.8198196366429329 4
      vertex 165.7605183571577 0.6889465302228928 4
    endloop
  endfacet
  facet normal 0.559192913747207 -0.8290375656234816 0
    outer loop
      vertex 166.20419469475746 0.9661862701177597 2.6
      vertex 166.20419469475746 0.9661862701177597 4
      vertex 165.9871972426772 0.8198196366429329 4
    endloop
  endfacet
  facet normal 0.615661470005977 -0.7880107577629124 0
    outer loop
      vertex 166.20419469475746 0.9661862701177597 2.6
      vertex 166.4104535356164 1.1273333355784416 2.6
      vertex 166.20419469475746 0.9661862701177597 4
    endloop
  endfacet
  facet normal 0.6691306118650311 -0.743144820519614 0
    outer loop
      vertex 166.4104535356164 1.1273333355784416 2.6
      vertex 166.60496889054775 1.3024757504463196 2.6
      vertex 166.4104535356164 1.1273333355784416 4
    endloop
  endfacet
  facet normal 0.615661470005977 -0.7880107577629124 0
    outer loop
      vertex 166.4104535356164 1.1273333355784416 2.6
      vertex 166.4104535356164 1.1273333355784416 4
      vertex 166.20419469475746 0.9661862701177597 4
    endloop
  endfacet
  facet normal 0.6691306118650311 -0.743144820519614 0
    outer loop
      vertex 166.60496889054775 1.3024757504463196 2.6
      vertex 166.60496889054775 1.3024757504463196 4
      vertex 166.4104535356164 1.1273333355784416 4
    endloop
  endfacet
  facet normal 0.7193398015101028 -0.6946583692459235 0
    outer loop
      vertex 166.60496889054775 1.3024757504463196 2.6
      vertex 166.78679309785366 1.4907602295279503 2.6
      vertex 166.60496889054775 1.3024757504463196 4
    endloop
  endfacet
  facet normal 0.7660444337236486 -0.6427876208834568 0
    outer loop
      vertex 166.78679309785366 1.4907602295279503 2.6
      vertex 166.95504032820463 1.691269464790821 2.6
      vertex 166.78679309785366 1.4907602295279503 4
    endloop
  endfacet
  facet normal 0.7193398015101028 -0.6946583692459235 0
    outer loop
      vertex 166.78679309785366 1.4907602295279503 2.6
      vertex 166.78679309785366 1.4907602295279503 4
      vertex 166.60496889054775 1.3024757504463196 4
    endloop
  endfacet
  facet normal 0.7660444337236486 -0.6427876208834568 0
    outer loop
      vertex 166.95504032820463 1.691269464790821 2.6
      vertex 166.95504032820463 1.691269464790821 4
      vertex 166.78679309785366 1.4907602295279503 4
    endloop
  endfacet
  facet normal 0.8090169975136928 -0.5877852479723605 0
    outer loop
      vertex 166.95504032820463 1.691269464790821 2.6
      vertex 167.10889089852571 1.9030266106128693 2.6
      vertex 166.95504032820463 1.691269464790821 4
    endloop
  endfacet
  facet normal 0.8090169975136928 -0.5877852479723605 0
    outer loop
      vertex 167.10889089852571 1.9030266106128693 2.6
      vertex 167.10889089852571 1.9030266106128693 4
      vertex 166.95504032820463 1.691269464790821 4
    endloop
  endfacet
  facet normal 0.8480480978483979 -0.5299192615254839 0
    outer loop
      vertex 167.10889089852571 1.9030266106128693 2.6
      vertex 167.2475952655077 2.125 2.6
      vertex 167.10889089852571 1.9030266106128693 4
    endloop
  endfacet
  facet normal 0.882947587642265 -0.46947157259700467 0
    outer loop
      vertex 167.2475952655077 2.125 2.6
      vertex 167.3704776763916 2.356108196079731 2.6
      vertex 167.2475952655077 2.125 4
    endloop
  endfacet
  facet normal 0.8480480978483979 -0.5299192615254839 0
    outer loop
      vertex 167.2475952655077 2.125 2.6
      vertex 167.2475952655077 2.125 4
      vertex 167.10889089852571 1.9030266106128693 4
    endloop
  endfacet
  facet normal 0.882947587642265 -0.46947157259700467 0
    outer loop
      vertex 167.3704776763916 2.356108196079731 2.6
      vertex 167.3704776763916 2.356108196079731 4
      vertex 167.2475952655077 2.125 4
    endloop
  endfacet
  facet normal 0.913545463611597 -0.40673662966921503 0
    outer loop
      vertex 167.3704776763916 2.356108196079731 2.6
      vertex 167.47693945467472 2.5952252745628357 2.6
      vertex 167.3704776763916 2.356108196079731 4
    endloop
  endfacet
  facet normal 0.913545463611597 -0.40673662966921503 0
    outer loop
      vertex 167.47693945467472 2.5952252745628357 2.6
      vertex 167.47693945467472 2.5952252745628357 4
      vertex 167.3704776763916 2.356108196079731 4
    endloop
  endfacet
  facet normal 0.44902889992630385 -0.4839380527972963 -0.7511171733396427
    outer loop
      vertex 164.45065604895353 3.33900897949934 0
      vertex 164.62546518445015 3.501208156347275 0
      vertex 166.60496889054775 1.3024757504463196 2.6
    endloop
  endfacet
  facet normal 0.5716417116387702 -0.3300375060053738 -0.7511997059001355
    outer loop
      vertex 164.62546518445015 3.501208156347275 0
      vertex 164.74469900131226 3.7077271789312363 0
      vertex 167.2475952655077 2.125 2.6
    endloop
  endfacet
  facet normal 0.6436171015062688 -0.14690138878237063 -0.7511171736969406
    outer loop
      vertex 164.74469900131226 3.7077271789312363 0
      vertex 164.79776303470135 3.9402159228920937 0
      vertex 167.6386089771986 3.0927928909659386 2.6
    endloop
  endfacet
  facet normal 0.6606695619198683 -0.024720510651599845 -0.7502697023775742
    outer loop
      vertex 164.79776303470135 3.9402159228920937 0
      vertex 164.79999999701977 4 0
      vertex 167.74771559983492 3.8691268861293793 2.6
    endloop
  endfacet
  facet normal 0.5834749456181297 -0.3102391400397356 -0.750538915595538
    outer loop
      vertex 164.74469900131226 3.7077271789312363 0
      vertex 167.3704776763916 2.356108196079731 2.6
      vertex 167.2475952655077 2.125 2.6
    endloop
  endfacet
  facet normal 0.6042076135919919 -0.269010550828339 -0.7500443208374447
    outer loop
      vertex 164.74469900131226 3.7077271789312363 0
      vertex 167.47693945467472 2.5952252745628357 2.6
      vertex 167.3704776763916 2.356108196079731 2.6
    endloop
  endfacet
  facet normal 0.621567059245122 -0.22623190764043685 -0.7499823430099802
    outer loop
      vertex 164.74469900131226 3.7077271789312363 0
      vertex 167.56646193563938 2.8411862701177597 2.6
      vertex 167.47693945467472 2.5952252745628357 2.6
    endloop
  endfacet
  facet normal 0.6354291183366749 -0.1822063777734888 -0.7503536975777096
    outer loop
      vertex 164.74469900131226 3.7077271789312363 0
      vertex 167.6386089771986 3.0927928909659386 2.6
      vertex 167.56646193563938 2.8411862701177597 2.6
    endloop
  endfacet
  facet normal 0.6461410148159342 -0.1373415099737018 -0.7507590150046672
    outer loop
      vertex 164.79776303470135 3.9402159228920937 0
      vertex 167.69302907586098 3.3488193303346634 2.6
      vertex 167.6386089771986 3.0927928909659386 2.6
    endloop
  endfacet
  facet normal 0.6548416775346021 -0.09203199542746929 -0.7501416460784631
    outer loop
      vertex 164.79776303470135 3.9402159228920937 0
      vertex 167.72945711016655 3.6080182641744614 2.6
      vertex 167.69302907586098 3.3488193303346634 2.6
    endloop
  endfacet
  facet normal 0.6598766241261053 -0.04614305890705173 -0.7499557713936437
    outer loop
      vertex 164.79776303470135 3.9402159228920937 0
      vertex 167.74771559983492 3.8691268861293793 2.6
      vertex 167.72945711016655 3.6080182641744614 2.6
    endloop
  endfacet
  facet normal 0.6611569520653913 -0.011540544927629846 -0.7501588502166558
    outer loop
      vertex 164.79999999701977 4 0
      vertex 167.75 4 2.6
      vertex 167.74771559983492 3.8691268861293793 2.6
    endloop
  endfacet
  facet normal 0.939692621041079 -0.34202014262459324 0
    outer loop
      vertex 167.47693945467472 2.5952252745628357 2.6
      vertex 167.56646193563938 2.8411862701177597 2.6
      vertex 167.47693945467472 2.5952252745628357 4
    endloop
  endfacet
  facet normal 0.9612616918845166 -0.27563736995428795 0
    outer loop
      vertex 167.56646193563938 2.8411862701177597 2.6
      vertex 167.6386089771986 3.0927928909659386 2.6
      vertex 167.56646193563938 2.8411862701177597 4
    endloop
  endfacet
  facet normal 0.939692621041079 -0.34202014262459324 0
    outer loop
      vertex 167.56646193563938 2.8411862701177597 2.6
      vertex 167.56646193563938 2.8411862701177597 4
      vertex 167.47693945467472 2.5952252745628357 4
    endloop
  endfacet
  facet normal 0.9781476015002516 -0.20791168721191458 0
    outer loop
      vertex 167.6386089771986 3.0927928909659386 2.6
      vertex 167.69302907586098 3.3488193303346634 2.6
      vertex 167.6386089771986 3.0927928909659386 4
    endloop
  endfacet
  facet normal 0.9612616918845166 -0.27563736995428795 0
    outer loop
      vertex 167.6386089771986 3.0927928909659386 2.6
      vertex 167.6386089771986 3.0927928909659386 4
      vertex 167.56646193563938 2.8411862701177597 4
    endloop
  endfacet
  facet normal 0.9781476015002516 -0.20791168721191458 0
    outer loop
      vertex 167.69302907586098 3.3488193303346634 2.6
      vertex 167.69302907586098 3.3488193303346634 4
      vertex 167.6386089771986 3.0927928909659386 4
    endloop
  endfacet
  facet normal 0.9902680688522706 -0.13917310017239254 0
    outer loop
      vertex 167.69302907586098 3.3488193303346634 2.6
      vertex 167.72945711016655 3.6080182641744614 2.6
      vertex 167.69302907586098 3.3488193303346634 4
    endloop
  endfacet
  facet normal 0.9902680688522706 -0.13917310017239254 0
    outer loop
      vertex 167.72945711016655 3.6080182641744614 2.6
      vertex 167.72945711016655 3.6080182641744614 4
      vertex 167.69302907586098 3.3488193303346634 4
    endloop
  endfacet
  facet normal 0.9975640512796179 -0.06975645916039604 0
    outer loop
      vertex 167.72945711016655 3.6080182641744614 2.6
      vertex 167.74771559983492 3.8691268861293793 2.6
      vertex 167.72945711016655 3.6080182641744614 4
    endloop
  endfacet
  facet normal 0.9998476949610728 -0.017452417627068444 0
    outer loop
      vertex 167.74771559983492 3.8691268861293793 2.6
      vertex 167.75 4 2.6
      vertex 167.74771559983492 3.8691268861293793 4
    endloop
  endfacet
  facet normal 0.9975640512796179 -0.06975645916039604 0
    outer loop
      vertex 167.74771559983492 3.8691268861293793 2.6
      vertex 167.74771559983492 3.8691268861293793 4
      vertex 167.72945711016655 3.6080182641744614 4
    endloop
  endfacet
  facet normal 0.9998476949610728 -0.017452417627068444 0
    outer loop
      vertex 167.75 4 2.6
      vertex 167.75 4 4
      vertex 167.74771559983492 3.8691268861293793 4
    endloop
  endfacet
  facet normal 0 0 -1
    outer loop
      vertex 129.2355417534709 3.7641958594322205 0
      vertex 129.20000000298023 4 0
      vertex 129.20000000298023 38 0
    endloop
  endfacet
  facet normal -0.6612009842860757 2.0261951996587174e-18 -0.7502088098517137
    outer loop
      vertex 129.20000000298023 4 0
      vertex 126.25 4 2.6
      vertex 126.25 38 2.6
    endloop
  endfacet
  facet normal -1 0 0
    outer loop
      vertex 126.25 4 2.6
      vertex 126.25 4 4
      vertex 126.25 38 4
    endloop
  endfacet
  facet normal -1 0 0
    outer loop
      vertex 126.25 5.5 7.01
      vertex 126.25 36.5 7.01
      vertex 126.25 5.5 7
    endloop
  endfacet
  facet normal 0 0 1
    outer loop
      vertex 126.25 5.5 7.01
      vertex 161 5.5 7.01
      vertex 126.25 36.5 7.01
    endloop
  endfacet
  facet normal 0 0 -1
    outer loop
      vertex 129.2355417534709 3.7641958594322205 0
      vertex 164.79999999701977 38 0
      vertex 164.79999999701977 4 0
    endloop
  endfacet
  facet normal 0.6612009842860757 0 -0.7502088098517137
    outer loop
      vertex 164.79999999701977 4 0
      vertex 164.79999999701977 38 0
      vertex 167.75 4 2.6
    endloop
  endfacet
  facet normal 1 0 0
    outer loop
      vertex 167.75 4 2.6
      vertex 167.75 38 2.6
      vertex 167.75 4 4
    endloop
  endfacet
  facet normal 0 0 1
    outer loop
      vertex 162.5 35 7.01
      vertex 161 5.5 7.01
      vertex 161.24689188599586 5.5204580426216125 7.01
    endloop
  endfacet
  facet normal 0 0 1
    outer loop
      vertex 162.5 35 7.01
      vertex 161.24689188599586 5.5204580426216125 7.01
      vertex 161.48704920709133 5.581274136900902 7.01
    endloop
  endfacet
  facet normal 0 0 1
    outer loop
      vertex 162.5 35 7.01
      vertex 161.48704920709133 5.581274136900902 7.01
      vertex 161.71392109245062 5.68078937381506 7.01
    endloop
  endfacet
  facet normal 0 0 1
    outer loop
      vertex 162.5 35 7.01
      vertex 161.71392109245062 5.68078937381506 7.01
      vertex 161.92131906747818 5.816289238631725 7.01
    endloop
  endfacet
  facet normal 0 0 1
    outer loop
      vertex 162.5 35 7.01
      vertex 161.92131906747818 5.816289238631725 7.01
      vertex 162.10358586907387 5.984077639877796 7.01
    endloop
  endfacet
  facet normal 0 0 1
    outer loop
      vertex 162.5 35 7.01
      vertex 162.10358586907387 5.984077639877796 7.01
      vertex 162.25574971735477 6.179577760398388 7.01
    endloop
  endfacet
  facet normal 0 0 1
    outer loop
      vertex 162.5 35 7.01
      vertex 162.25574971735477 6.179577760398388 7.01
      vertex 162.3736599907279 6.3974568620324135 7.01
    endloop
  endfacet
  facet normal 0 0 1
    outer loop
      vertex 162.5 35 7.01
      vertex 162.3736599907279 6.3974568620324135 7.01
      vertex 162.45410040020943 6.631771765649319 7.01
    endloop
  endfacet
  facet normal 0 0 1
    outer loop
      vertex 162.5 35 7.01
      vertex 162.45410040020943 6.631771765649319 7.01
      vertex 162.49487674236298 6.876130983233452 7.01
    endloop
  endfacet
  facet normal 0 0 1
    outer loop
      vertex 162.5 35 7.01
      vertex 162.49487674236298 6.876130983233452 7.01
      vertex 162.5 7 7.01
    endloop
  endfacet
  facet normal -1 0 0
    outer loop
      vertex 126.25 36.5 7.01
      vertex 126.25 36.5 7
      vertex 126.25 5.5 7
    endloop
  endfacet
  facet normal -0.6612009842860757 0 -0.7502088098517137
    outer loop
      vertex 129.20000000298023 4 0
      vertex 126.25 38 2.6
      vertex 129.20000000298023 38 0
    endloop
  endfacet
  facet normal 0 0 -1
    outer loop
      vertex 129.2355417534709 3.7641958594322205 0
      vertex 129.20000000298023 38 0
      vertex 129.20223696529865 38.059784077107906 0
    endloop
  endfacet
  facet normal 0 0 -1
    outer loop
      vertex 129.2355417534709 3.7641958594322205 0
      vertex 129.20223696529865 38.059784077107906 0
      vertex 129.25530099868774 38.292272821068764 0
    endloop
  endfacet
  facet normal 0 0 -1
    outer loop
      vertex 129.2355417534709 3.7641958594322205 0
      vertex 129.25530099868774 38.292272821068764 0
      vertex 129.37453481554985 38.498791843652725 0
    endloop
  endfacet
  facet normal 0 0 -1
    outer loop
      vertex 129.2355417534709 3.7641958594322205 0
      vertex 129.37453481554985 38.498791843652725 0
      vertex 129.54934395104647 38.66099102050066 0
    endloop
  endfacet
  facet normal 0 0 -1
    outer loop
      vertex 129.2355417534709 3.7641958594322205 0
      vertex 129.54934395104647 38.66099102050066 0
      vertex 129.76419585943222 38.7644582465291 0
    endloop
  endfacet
  facet normal 0 0 -1
    outer loop
      vertex 129.2355417534709 3.7641958594322205 0
      vertex 129.76419585943222 38.7644582465291 0
      vertex 130 38.79999999701977 0
    endloop
  endfacet
  facet normal -1 0 0
    outer loop
      vertex 126.25 4 2.6
      vertex 126.25 38 4
      vertex 126.25 38 2.6
    endloop
  endfacet
  facet normal 0 0 -1
    outer loop
      vertex 129.2355417534709 3.7641958594322205 0
      vertex 130 38.79999999701977 0
      vertex 164 38.79999999701977 0
    endloop
  endfacet
  facet normal 0 0 1
    outer loop
      vertex 161 5.5 7.01
      vertex 161 36.5 7.01
      vertex 126.25 36.5 7.01
    endloop
  endfacet
  facet normal 0 0 1
    outer loop
      vertex 161 5.5 7.01
      vertex 162.5 35 7.01
      vertex 162.4795419573784 35.246891885995865 7.01
    endloop
  endfacet
  facet normal 0 0 1
    outer loop
      vertex 161 5.5 7.01
      vertex 162.4795419573784 35.246891885995865 7.01
      vertex 162.4187258630991 35.48704920709133 7.01
    endloop
  endfacet
  facet normal 0 0 1
    outer loop
      vertex 161 5.5 7.01
      vertex 162.4187258630991 35.48704920709133 7.01
      vertex 162.31921062618494 35.71392109245062 7.01
    endloop
  endfacet
  facet normal 0 0 1
    outer loop
      vertex 161 36.5 7.01
      vertex 161 5.5 7.01
      vertex 161.12386901676655 36.494876742362976 7.01
    endloop
  endfacet
  facet normal 0 0 1
    outer loop
      vertex 161 5.5 7.01
      vertex 161.36822823435068 36.45410040020943 7.01
      vertex 161.12386901676655 36.494876742362976 7.01
    endloop
  endfacet
  facet normal 0 0 1
    outer loop
      vertex 161.36822823435068 36.45410040020943 7.01
      vertex 161 5.5 7.01
      vertex 161.6025431379676 36.3736599907279 7.01
    endloop
  endfacet
  facet normal 0 0 1
    outer loop
      vertex 161 5.5 7.01
      vertex 162.31921062618494 35.71392109245062 7.01
      vertex 162.18371076136827 35.92131906747818 7.01
    endloop
  endfacet
  facet normal 0 0 1
    outer loop
      vertex 161 5.5 7.01
      vertex 162.18371076136827 35.92131906747818 7.01
      vertex 162.0159223601222 36.10358586907387 7.01
    endloop
  endfacet
  facet normal 0 0 1
    outer loop
      vertex 161.8204222396016 36.255749717354774 7.01
      vertex 161 5.5 7.01
      vertex 162.0159223601222 36.10358586907387 7.01
    endloop
  endfacet
  facet normal 0 0 1
    outer loop
      vertex 161 5.5 7.01
      vertex 161.8204222396016 36.255749717354774 7.01
      vertex 161.6025431379676 36.3736599907279 7.01
    endloop
  endfacet
  facet normal 0 0 -1
    outer loop
      vertex 129.2355417534709 3.7641958594322205 0
      vertex 164.66099102050066 38.45065604895353 0
      vertex 164.7644582465291 38.23580414056778 0
    endloop
  endfacet
  facet normal 0 0 -1
    outer loop
      vertex 129.2355417534709 3.7641958594322205 0
      vertex 164.7644582465291 38.23580414056778 0
      vertex 164.79999999701977 38 0
    endloop
  endfacet
  facet normal 0 0 -1
    outer loop
      vertex 129.2355417534709 3.7641958594322205 0
      vertex 164.49879184365273 38.62546518445015 0
      vertex 164.66099102050066 38.45065604895353 0
    endloop
  endfacet
  facet normal 0 0 -1
    outer loop
      vertex 129.2355417534709 3.7641958594322205 0
      vertex 164.29227282106876 38.744699001312256 0
      vertex 164.49879184365273 38.62546518445015 0
    endloop
  endfacet
  facet normal 0 0 -1
    outer loop
      vertex 129.2355417534709 3.7641958594322205 0
      vertex 164.0597840771079 38.79776303470135 0
      vertex 164.29227282106876 38.744699001312256 0
    endloop
  endfacet
  facet normal 0 0 -1
    outer loop
      vertex 129.2355417534709 3.7641958594322205 0
      vertex 164 38.79999999701977 0
      vertex 164.0597840771079 38.79776303470135 0
    endloop
  endfacet
  facet normal 0.6612009842860757 0 -0.7502088098517137
    outer loop
      vertex 167.75 4 2.6
      vertex 164.79999999701977 38 0
      vertex 167.75 38 2.6
    endloop
  endfacet
  facet normal 1 0 0
    outer loop
      vertex 167.75 38 2.6
      vertex 167.75 38 4
      vertex 167.75 4 4
    endloop
  endfacet
  facet normal -0.6611569520653913 0.011540544927629846 -0.7501588502166558
    outer loop
      vertex 129.20000000298023 38 0
      vertex 126.25 38 2.6
      vertex 126.25228440016508 38.13087311387062 2.6
    endloop
  endfacet
  facet normal -0.6606695619198683 0.024720510651599845 -0.7502697023775742
    outer loop
      vertex 129.20000000298023 38 0
      vertex 126.25228440016508 38.13087311387062 2.6
      vertex 129.20223696529865 38.059784077107906 0
    endloop
  endfacet
  facet normal -0.6436171015062688 0.14690138878237063 -0.7511171736969406
    outer loop
      vertex 129.20223696529865 38.059784077107906 0
      vertex 126.3613910228014 38.90720710903406 2.6
      vertex 129.25530099868774 38.292272821068764 0
    endloop
  endfacet
  facet normal -0.5716417116387702 0.3300375060053738 -0.7511997059001355
    outer loop
      vertex 129.25530099868774 38.292272821068764 0
      vertex 126.7524047344923 39.875 2.6
      vertex 129.37453481554985 38.498791843652725 0
    endloop
  endfacet
  facet normal -0.44902889992630385 0.4839380527972963 -0.7511171733396427
    outer loop
      vertex 129.37453481554985 38.498791843652725 0
      vertex 127.39503110945225 40.69752424955368 2.6
      vertex 129.54934395104647 38.66099102050066 0
    endloop
  endfacet
  facet normal -0.6598766241261053 0.04614305890705173 -0.7499557713936437
    outer loop
      vertex 129.20223696529865 38.059784077107906 0
      vertex 126.25228440016508 38.13087311387062 2.6
      vertex 126.27054288983345 38.39198173582554 2.6
    endloop
  endfacet
  facet normal -0.6548416775346021 0.09203199542746929 -0.7501416460784631
    outer loop
      vertex 129.20223696529865 38.059784077107906 0
      vertex 126.27054288983345 38.39198173582554 2.6
      vertex 126.30697092413902 38.65118066966534 2.6
    endloop
  endfacet
  facet normal -0.6461410148159342 0.1373415099737018 -0.7507590150046672
    outer loop
      vertex 129.20223696529865 38.059784077107906 0
      vertex 126.30697092413902 38.65118066966534 2.6
      vertex 126.3613910228014 38.90720710903406 2.6
    endloop
  endfacet
  facet normal -0.6354291183366749 0.1822063777734888 -0.7503536975777096
    outer loop
      vertex 129.25530099868774 38.292272821068764 0
      vertex 126.3613910228014 38.90720710903406 2.6
      vertex 126.43353806436062 39.15881372988224 2.6
    endloop
  endfacet
  facet normal -0.621567059245122 0.22623190764043685 -0.7499823430099802
    outer loop
      vertex 129.25530099868774 38.292272821068764 0
      vertex 126.43353806436062 39.15881372988224 2.6
      vertex 126.52306054532528 39.404774725437164 2.6
    endloop
  endfacet
  facet normal -0.6042076135919919 0.269010550828339 -0.7500443208374447
    outer loop
      vertex 129.25530099868774 38.292272821068764 0
      vertex 126.52306054532528 39.404774725437164 2.6
      vertex 126.6295223236084 39.64389180392027 2.6
    endloop
  endfacet
  facet normal -0.5834749456181297 0.3102391400397356 -0.750538915595538
    outer loop
      vertex 129.25530099868774 38.292272821068764 0
      vertex 126.6295223236084 39.64389180392027 2.6
      vertex 126.7524047344923 39.875 2.6
    endloop
  endfacet
  facet normal -0.9998476949610728 0.017452417627068444 0
    outer loop
      vertex 126.25 38 2.6
      vertex 126.25 38 4
      vertex 126.25228440016508 38.13087311387062 4
    endloop
  endfacet
  facet normal -0.9998476949610728 0.017452417627068444 0
    outer loop
      vertex 126.25 38 2.6
      vertex 126.25228440016508 38.13087311387062 4
      vertex 126.25228440016508 38.13087311387062 2.6
    endloop
  endfacet
  facet normal -0.9975640512796179 0.06975645916039604 0
    outer loop
      vertex 126.25228440016508 38.13087311387062 2.6
      vertex 126.27054288983345 38.39198173582554 4
      vertex 126.27054288983345 38.39198173582554 2.6
    endloop
  endfacet
  facet normal -0.9975640512796179 0.06975645916039604 0
    outer loop
      vertex 126.25228440016508 38.13087311387062 2.6
      vertex 126.25228440016508 38.13087311387062 4
      vertex 126.27054288983345 38.39198173582554 4
    endloop
  endfacet
  facet normal -0.9902680688522706 0.13917310017239254 0
    outer loop
      vertex 126.27054288983345 38.39198173582554 2.6
      vertex 126.30697092413902 38.65118066966534 4
      vertex 126.30697092413902 38.65118066966534 2.6
    endloop
  endfacet
  facet normal -0.9902680688522706 0.13917310017239254 0
    outer loop
      vertex 126.27054288983345 38.39198173582554 2.6
      vertex 126.27054288983345 38.39198173582554 4
      vertex 126.30697092413902 38.65118066966534 4
    endloop
  endfacet
  facet normal -0.9781476015002516 0.20791168721191458 0
    outer loop
      vertex 126.30697092413902 38.65118066966534 2.6
      vertex 126.3613910228014 38.90720710903406 4
      vertex 126.3613910228014 38.90720710903406 2.6
    endloop
  endfacet
  facet normal -0.9781476015002516 0.20791168721191458 0
    outer loop
      vertex 126.30697092413902 38.65118066966534 2.6
      vertex 126.30697092413902 38.65118066966534 4
      vertex 126.3613910228014 38.90720710903406 4
    endloop
  endfacet
  facet normal -0.9612616918845166 0.27563736995428795 0
    outer loop
      vertex 126.3613910228014 38.90720710903406 2.6
      vertex 126.3613910228014 38.90720710903406 4
      vertex 126.43353806436062 39.15881372988224 4
    endloop
  endfacet
  facet normal -0.9612616918845166 0.27563736995428795 0
    outer loop
      vertex 126.3613910228014 38.90720710903406 2.6
      vertex 126.43353806436062 39.15881372988224 4
      vertex 126.43353806436062 39.15881372988224 2.6
    endloop
  endfacet
  facet normal -0.939692621041079 0.34202014262459324 0
    outer loop
      vertex 126.43353806436062 39.15881372988224 2.6
      vertex 126.52306054532528 39.404774725437164 4
      vertex 126.52306054532528 39.404774725437164 2.6
    endloop
  endfacet
  facet normal -0.939692621041079 0.34202014262459324 0
    outer loop
      vertex 126.43353806436062 39.15881372988224 2.6
      vertex 126.43353806436062 39.15881372988224 4
      vertex 126.52306054532528 39.404774725437164 4
    endloop
  endfacet
  facet normal -0.286487497430482 0.5948974174167716 -0.7510139656270547
    outer loop
      vertex 129.54934395104647 38.66099102050066 0
      vertex 128.4747375920415 41.42579546570778 2.6
      vertex 129.76419585943222 38.7644582465291 0
    endloop
  endfacet
  facet normal -0.09838255887429205 0.652725721776262 -0.7511790760138385
    outer loop
      vertex 129.76419585943222 38.7644582465291 0
      vertex 129.4781008735299 41.71350526064634 2.6
      vertex 130 38.79999999701977 0
    endloop
  endfacet
  facet normal -0.5604124464310254 0.3501845597152763 -0.7505389157280328
    outer loop
      vertex 129.37453481554985 38.498791843652725 0
      vertex 126.7524047344923 39.875 2.6
      vertex 126.89110910147429 40.09697338938713 2.6
    endloop
  endfacet
  facet normal -0.5350737850551668 0.3887538560978602 -0.7500443213009357
    outer loop
      vertex 129.37453481554985 38.498791843652725 0
      vertex 126.89110910147429 40.09697338938713 2.6
      vertex 127.04495967179537 40.30873053520918 2.6
    endloop
  endfacet
  facet normal -0.5067061024661204 0.42517691631556814 -0.7499823434961506
    outer loop
      vertex 129.37453481554985 38.498791843652725 0
      vertex 127.04495967179537 40.30873053520918 2.6
      vertex 127.21320690214634 40.50923977047205 2.6
    endloop
  endfacet
  facet normal -0.47550990497178275 0.45919457599114016 -0.7503536977013194
    outer loop
      vertex 129.37453481554985 38.498791843652725 0
      vertex 127.21320690214634 40.50923977047205 2.6
      vertex 127.39503110945225 40.69752424955368 2.6
    endloop
  endfacet
  facet normal -0.44201175002614423 0.49090377396602536 -0.7507590142946928
    outer loop
      vertex 129.54934395104647 38.66099102050066 0
      vertex 127.39503110945225 40.69752424955368 2.6
      vertex 127.5895464643836 40.87266666442156 2.6
    endloop
  endfacet
  facet normal -0.4071228822062101 0.5210935336051186 -0.7501416453037648
    outer loop
      vertex 129.54934395104647 38.66099102050066 0
      vertex 127.5895464643836 40.87266666442156 2.6
      vertex 127.79580530524254 41.03381372988224 2.6
    endloop
  endfacet
  facet normal -0.36989938838850717 0.5483983808383065 -0.7499557709383481
    outer loop
      vertex 129.54934395104647 38.66099102050066 0
      vertex 127.79580530524254 41.03381372988224 2.6
      vertex 128.0128027573228 41.18018036335707 2.6
    endloop
  endfacet
  facet normal -0.3306034670411384 0.5726220421271677 -0.7502035353492352
    outer loop
      vertex 129.54934395104647 38.66099102050066 0
      vertex 128.0128027573228 41.18018036335707 2.6
      vertex 128.2394816428423 41.31105346977711 2.6
    endloop
  endfacet
  facet normal -0.28951622240197755 0.5935962082348373 -0.7508820803130892
    outer loop
      vertex 129.54934395104647 38.66099102050066 0
      vertex 128.2394816428423 41.31105346977711 2.6
      vertex 128.4747375920415 41.42579546570778 2.6
    endloop
  endfacet
  facet normal -0.2476624456112128 0.612986052549916 -0.7502742248092659
    outer loop
      vertex 129.76419585943222 38.7644582465291 0
      vertex 128.4747375920415 41.42579546570778 2.6
      vertex 128.71742445975542 41.523847326636314 2.6
    endloop
  endfacet
  facet normal -0.20440792258277624 0.6291028982933601 -0.7499646288621137
    outer loop
      vertex 129.76419585943222 38.7644582465291 0
      vertex 128.71742445975542 41.523847326636314 2.6
      vertex 128.96635991334915 41.60473135858774 2.6
    endloop
  endfacet
  facet normal -0.15999198809324827 0.6416928406221822 -0.7500885694637698
    outer loop
      vertex 129.76419585943222 38.7644582465291 0
      vertex 128.96635991334915 41.60473135858774 2.6
      vertex 129.22033116221428 41.66805350035429 2.6
    endloop
  endfacet
  facet normal -0.11473043774754482 0.6506685687698543 -0.7506446164925489
    outer loop
      vertex 129.76419585943222 38.7644582465291 0
      vertex 129.22033116221428 41.66805350035429 2.6
      vertex 129.4781008735299 41.71350526064634 2.6
    endloop
  endfacet
  facet normal -0.0690866516294414 0.6573157055259183 -0.7504419350193569
    outer loop
      vertex 130 38.79999999701977 0
      vertex 129.4781008735299 41.71350526064634 2.6
      vertex 129.7384132221341 41.74086518585682 2.6
    endloop
  endfacet
  facet normal -0.02308350120127333 0.6610248009930202 -0.7500089095766989
    outer loop
      vertex 130 38.79999999701977 0
      vertex 129.7384132221341 41.74086518585682 2.6
      vertex 130 41.75 2.6
    endloop
  endfacet
  facet normal -0.913545463611597 0.40673662966921503 0
    outer loop
      vertex 126.52306054532528 39.404774725437164 2.6
      vertex 126.6295223236084 39.64389180392027 4
      vertex 126.6295223236084 39.64389180392027 2.6
    endloop
  endfacet
  facet normal -0.913545463611597 0.40673662966921503 0
    outer loop
      vertex 126.52306054532528 39.404774725437164 2.6
      vertex 126.52306054532528 39.404774725437164 4
      vertex 126.6295223236084 39.64389180392027 4
    endloop
  endfacet
  facet normal -0.882947587642265 0.46947157259700467 0
    outer loop
      vertex 126.6295223236084 39.64389180392027 2.6
      vertex 126.7524047344923 39.875 4
      vertex 126.7524047344923 39.875 2.6
    endloop
  endfacet
  facet normal -0.8480480978483979 0.5299192615254839 0
    outer loop
      vertex 126.7524047344923 39.875 2.6
      vertex 126.89110910147429 40.09697338938713 4
      vertex 126.89110910147429 40.09697338938713 2.6
    endloop
  endfacet
  facet normal -0.882947587642265 0.46947157259700467 0
    outer loop
      vertex 126.6295223236084 39.64389180392027 2.6
      vertex 126.6295223236084 39.64389180392027 4
      vertex 126.7524047344923 39.875 4
    endloop
  endfacet
  facet normal -0.8480480978483979 0.5299192615254839 0
    outer loop
      vertex 126.7524047344923 39.875 2.6
      vertex 126.7524047344923 39.875 4
      vertex 126.89110910147429 40.09697338938713 4
    endloop
  endfacet
  facet normal -0.8090169975136928 0.5877852479723605 0
    outer loop
      vertex 126.89110910147429 40.09697338938713 2.6
      vertex 127.04495967179537 40.30873053520918 4
      vertex 127.04495967179537 40.30873053520918 2.6
    endloop
  endfacet
  facet normal -0.8090169975136928 0.5877852479723605 0
    outer loop
      vertex 126.89110910147429 40.09697338938713 2.6
      vertex 126.89110910147429 40.09697338938713 4
      vertex 127.04495967179537 40.30873053520918 4
    endloop
  endfacet
  facet normal -0.7660444337236486 0.6427876208834568 0
    outer loop
      vertex 127.04495967179537 40.30873053520918 2.6
      vertex 127.21320690214634 40.50923977047205 4
      vertex 127.21320690214634 40.50923977047205 2.6
    endloop
  endfacet
  facet normal -0.7660444337236486 0.6427876208834568 0
    outer loop
      vertex 127.04495967179537 40.30873053520918 2.6
      vertex 127.04495967179537 40.30873053520918 4
      vertex 127.21320690214634 40.50923977047205 4
    endloop
  endfacet
  facet normal -0.7193398015101028 0.6946583692459235 0
    outer loop
      vertex 127.21320690214634 40.50923977047205 2.6
      vertex 127.21320690214634 40.50923977047205 4
      vertex 127.39503110945225 40.69752424955368 4
    endloop
  endfacet
  facet normal -0.7193398015101028 0.6946583692459235 0
    outer loop
      vertex 127.21320690214634 40.50923977047205 2.6
      vertex 127.39503110945225 40.69752424955368 4
      vertex 127.39503110945225 40.69752424955368 2.6
    endloop
  endfacet
  facet normal -0.6691306118650311 0.743144820519614 0
    outer loop
      vertex 127.39503110945225 40.69752424955368 2.6
      vertex 127.5895464643836 40.87266666442156 4
      vertex 127.5895464643836 40.87266666442156 2.6
    endloop
  endfacet
  facet normal -0.615661470005977 0.7880107577629124 0
    outer loop
      vertex 127.5895464643836 40.87266666442156 2.6
      vertex 127.79580530524254 41.03381372988224 4
      vertex 127.79580530524254 41.03381372988224 2.6
    endloop
  endfacet
  facet normal -0.6691306118650311 0.743144820519614 0
    outer loop
      vertex 127.39503110945225 40.69752424955368 2.6
      vertex 127.39503110945225 40.69752424955368 4
      vertex 127.5895464643836 40.87266666442156 4
    endloop
  endfacet
  facet normal -0.615661470005977 0.7880107577629124 0
    outer loop
      vertex 127.5895464643836 40.87266666442156 2.6
      vertex 127.5895464643836 40.87266666442156 4
      vertex 127.79580530524254 41.03381372988224 4
    endloop
  endfacet
  facet normal -0.559192913747207 0.8290375656234816 0
    outer loop
      vertex 127.79580530524254 41.03381372988224 2.6
      vertex 128.0128027573228 41.18018036335707 4
      vertex 128.0128027573228 41.18018036335707 2.6
    endloop
  endfacet
  facet normal -0.4999999737696784 0.8660254189285214 0
    outer loop
      vertex 128.0128027573228 41.18018036335707 2.6
      vertex 128.2394816428423 41.31105346977711 4
      vertex 128.2394816428423 41.31105346977711 2.6
    endloop
  endfacet
  facet normal -0.559192913747207 0.8290375656234816 0
    outer loop
      vertex 127.79580530524254 41.03381372988224 2.6
      vertex 127.79580530524254 41.03381372988224 4
      vertex 128.0128027573228 41.18018036335707 4
    endloop
  endfacet
  facet normal -0.4999999737696784 0.8660254189285214 0
    outer loop
      vertex 128.0128027573228 41.18018036335707 2.6
      vertex 128.0128027573228 41.18018036335707 4
      vertex 128.2394816428423 41.31105346977711 4
    endloop
  endfacet
  facet normal -0.438371155591943 0.8987940420057225 0
    outer loop
      vertex 128.2394816428423 41.31105346977711 2.6
      vertex 128.4747375920415 41.42579546570778 4
      vertex 128.4747375920415 41.42579546570778 2.6
    endloop
  endfacet
  facet normal -0.438371155591943 0.8987940420057225 0
    outer loop
      vertex 128.2394816428423 41.31105346977711 2.6
      vertex 128.2394816428423 41.31105346977711 4
      vertex 128.4747375920415 41.42579546570778 4
    endloop
  endfacet
  facet normal -0.37460659902009175 0.9271838523025517 0
    outer loop
      vertex 128.4747375920415 41.42579546570778 2.6
      vertex 128.4747375920415 41.42579546570778 4
      vertex 128.71742445975542 41.523847326636314 4
    endloop
  endfacet
  facet normal -0.37460659902009175 0.9271838523025517 0
    outer loop
      vertex 128.4747375920415 41.42579546570778 2.6
      vertex 128.71742445975542 41.523847326636314 4
      vertex 128.71742445975542 41.523847326636314 2.6
    endloop
  endfacet
  facet normal -0.3090169943340034 0.9510565163084571 0
    outer loop
      vertex 128.71742445975542 41.523847326636314 2.6
      vertex 128.96635991334915 41.60473135858774 4
      vertex 128.96635991334915 41.60473135858774 2.6
    endloop
  endfacet
  facet normal -0.24192188663410924 0.9702957285113611 0
    outer loop
      vertex 128.96635991334915 41.60473135858774 2.6
      vertex 129.22033116221428 41.66805350035429 4
      vertex 129.22033116221428 41.66805350035429 2.6
    endloop
  endfacet
  facet normal -0.3090169943340034 0.9510565163084571 0
    outer loop
      vertex 128.71742445975542 41.523847326636314 2.6
      vertex 128.71742445975542 41.523847326636314 4
      vertex 128.96635991334915 41.60473135858774 4
    endloop
  endfacet
  facet normal -0.24192188663410924 0.9702957285113611 0
    outer loop
      vertex 128.96635991334915 41.60473135858774 2.6
      vertex 128.96635991334915 41.60473135858774 4
      vertex 129.22033116221428 41.66805350035429 4
    endloop
  endfacet
  facet normal -0.1736481975927896 0.9848077494987413 0
    outer loop
      vertex 129.22033116221428 41.66805350035429 2.6
      vertex 129.4781008735299 41.71350526064634 4
      vertex 129.4781008735299 41.71350526064634 2.6
    endloop
  endfacet
  facet normal -0.10452844392127603 0.9945218974016594 0
    outer loop
      vertex 129.4781008735299 41.71350526064634 2.6
      vertex 129.7384132221341 41.74086518585682 4
      vertex 129.7384132221341 41.74086518585682 2.6
    endloop
  endfacet
  facet normal -0.03489950651393371 0.9993908266764729 0
    outer loop
      vertex 129.7384132221341 41.74086518585682 2.6
      vertex 130 41.75 4
      vertex 130 41.75 2.6
    endloop
  endfacet
  facet normal -0.1736481975927896 0.9848077494987413 0
    outer loop
      vertex 129.22033116221428 41.66805350035429 2.6
      vertex 129.22033116221428 41.66805350035429 4
      vertex 129.4781008735299 41.71350526064634 4
    endloop
  endfacet
  facet normal -0.10452844392127603 0.9945218974016594 0
    outer loop
      vertex 129.4781008735299 41.71350526064634 2.6
      vertex 129.4781008735299 41.71350526064634 4
      vertex 129.7384132221341 41.74086518585682 4
    endloop
  endfacet
  facet normal -0.03489950651393371 0.9993908266764729 0
    outer loop
      vertex 129.7384132221341 41.74086518585682 2.6
      vertex 129.7384132221341 41.74086518585682 4
      vertex 130 41.75 4
    endloop
  endfacet
  facet normal -2.0261951996587174e-18 0.6612009842860757 -0.7502088098517137
    outer loop
      vertex 130 38.79999999701977 0
      vertex 130 41.75 2.6
      vertex 164 41.75 2.6
    endloop
  endfacet
  facet normal 0 1 0
    outer loop
      vertex 130 41.75 2.6
      vertex 130 41.75 4
      vertex 164 41.75 4
    endloop
  endfacet
  facet normal 0 0.6612009842860757 -0.7502088098517137
    outer loop
      vertex 130 38.79999999701977 0
      vertex 164 41.75 2.6
      vertex 164 38.79999999701977 0
    endloop
  endfacet
  facet normal 0 1 0
    outer loop
      vertex 130 41.75 2.6
      vertex 164 41.75 4
      vertex 164 41.75 2.6
    endloop
  endfacet
  facet normal 0.4839380527972963 0.44902889992630385 -0.7511171733396427
    outer loop
      vertex 164.66099102050066 38.45065604895353 0
      vertex 164.49879184365273 38.62546518445015 0
      vertex 166.69752424955368 40.60496889054775 2.6
    endloop
  endfacet
  facet normal 0.652725721776262 0.09838255887429205 -0.7511790760138385
    outer loop
      vertex 164.79999999701977 38 0
      vertex 164.7644582465291 38.23580414056778 0
      vertex 167.71350526064634 38.52189912647009 2.6
    endloop
  endfacet
  facet normal 0.5948974174167716 0.286487497430482 -0.7510139656270547
    outer loop
      vertex 164.7644582465291 38.23580414056778 0
      vertex 164.66099102050066 38.45065604895353 0
      vertex 167.42579546570778 39.52526240795851 2.6
    endloop
  endfacet
  facet normal 0.6416928406221822 0.1599919880932484 -0.7500885694637698
    outer loop
      vertex 164.7644582465291 38.23580414056778 0
      vertex 167.60473135858774 39.03364008665085 2.6
      vertex 167.6680535003543 38.77966883778572 2.6
    endloop
  endfacet
  facet normal 0.6610248009930202 0.02308350120127349 -0.7500089095766989
    outer loop
      vertex 164.79999999701977 38 0
      vertex 167.74086518585682 38.26158677786589 2.6
      vertex 167.75 38 2.6
    endloop
  endfacet
  facet normal 0.6573157055259183 0.06908665162944173 -0.7504419350193569
    outer loop
      vertex 164.79999999701977 38 0
      vertex 167.71350526064634 38.52189912647009 2.6
      vertex 167.74086518585682 38.26158677786589 2.6
    endloop
  endfacet
  facet normal 0.6506685687698543 0.11473043774754481 -0.7506446164925489
    outer loop
      vertex 164.7644582465291 38.23580414056778 0
      vertex 167.6680535003543 38.77966883778572 2.6
      vertex 167.71350526064634 38.52189912647009 2.6
    endloop
  endfacet
  facet normal 0.6291028982933601 0.20440792258277643 -0.7499646288621136
    outer loop
      vertex 164.7644582465291 38.23580414056778 0
      vertex 167.52384732663631 39.28257554024458 2.6
      vertex 167.60473135858774 39.03364008665085 2.6
    endloop
  endfacet
  facet normal 0.6129860525499159 0.2476624456112128 -0.7502742248092661
    outer loop
      vertex 164.7644582465291 38.23580414056778 0
      vertex 167.42579546570778 39.52526240795851 2.6
      vertex 167.52384732663631 39.28257554024458 2.6
    endloop
  endfacet
  facet normal 0.593596208234837 0.28951622240197766 -0.7508820803130895
    outer loop
      vertex 164.66099102050066 38.45065604895353 0
      vertex 167.3110534697771 39.76051835715771 2.6
      vertex 167.42579546570778 39.52526240795851 2.6
    endloop
  endfacet
  facet normal 0.9993908266764729 0.03489950651393371 0
    outer loop
      vertex 167.75 38 2.6
      vertex 167.74086518585682 38.26158677786589 2.6
      vertex 167.75 38 4
    endloop
  endfacet
  facet normal 0.9945218974016594 0.10452844392127603 0
    outer loop
      vertex 167.74086518585682 38.26158677786589 2.6
      vertex 167.71350526064634 38.52189912647009 2.6
      vertex 167.74086518585682 38.26158677786589 4
    endloop
  endfacet
  facet normal 0.9993908266764729 0.03489950651393371 0
    outer loop
      vertex 167.74086518585682 38.26158677786589 2.6
      vertex 167.74086518585682 38.26158677786589 4
      vertex 167.75 38 4
    endloop
  endfacet
  facet normal 0.9848077494987413 0.1736481975927896 0
    outer loop
      vertex 167.71350526064634 38.52189912647009 2.6
      vertex 167.6680535003543 38.77966883778572 2.6
      vertex 167.71350526064634 38.52189912647009 4
    endloop
  endfacet
  facet normal 0.9945218974016594 0.10452844392127603 0
    outer loop
      vertex 167.71350526064634 38.52189912647009 2.6
      vertex 167.71350526064634 38.52189912647009 4
      vertex 167.74086518585682 38.26158677786589 4
    endloop
  endfacet
  facet normal 0.9848077494987413 0.1736481975927896 0
    outer loop
      vertex 167.6680535003543 38.77966883778572 2.6
      vertex 167.6680535003543 38.77966883778572 4
      vertex 167.71350526064634 38.52189912647009 4
    endloop
  endfacet
  facet normal 0.9702957285113611 0.24192188663410924 0
    outer loop
      vertex 167.6680535003543 38.77966883778572 2.6
      vertex 167.60473135858774 39.03364008665085 2.6
      vertex 167.6680535003543 38.77966883778572 4
    endloop
  endfacet
  facet normal 0.9702957285113611 0.24192188663410924 0
    outer loop
      vertex 167.60473135858774 39.03364008665085 2.6
      vertex 167.60473135858774 39.03364008665085 4
      vertex 167.6680535003543 38.77966883778572 4
    endloop
  endfacet
  facet normal 0.9510565163084571 0.3090169943340034 0
    outer loop
      vertex 167.60473135858774 39.03364008665085 2.6
      vertex 167.52384732663631 39.28257554024458 2.6
      vertex 167.60473135858774 39.03364008665085 4
    endloop
  endfacet
  facet normal 0.9271838523025517 0.37460659902009175 0
    outer loop
      vertex 167.52384732663631 39.28257554024458 2.6
      vertex 167.42579546570778 39.52526240795851 2.6
      vertex 167.52384732663631 39.28257554024458 4
    endloop
  endfacet
  facet normal 0.9510565163084571 0.3090169943340034 0
    outer loop
      vertex 167.52384732663631 39.28257554024458 2.6
      vertex 167.52384732663631 39.28257554024458 4
      vertex 167.60473135858774 39.03364008665085 4
    endloop
  endfacet
  facet normal 0.3300375060053738 0.5716417116387702 -0.7511997059001355
    outer loop
      vertex 164.29227282106876 38.744699001312256 0
      vertex 165.875 41.2475952655077 2.6
      vertex 164.49879184365273 38.62546518445015 0
    endloop
  endfacet
  facet normal 0.024720510651599845 0.6606695619198683 -0.7502697023775742
    outer loop
      vertex 164 38.79999999701977 0
      vertex 164.13087311387062 41.74771559983492 2.6
      vertex 164.0597840771079 38.79776303470135 0
    endloop
  endfacet
  facet normal 0.14690138878237063 0.6436171015062688 -0.7511171736969406
    outer loop
      vertex 164.0597840771079 38.79776303470135 0
      vertex 164.90720710903406 41.6386089771986 2.6
      vertex 164.29227282106876 38.744699001312256 0
    endloop
  endfacet
  facet normal 0.3102391400397355 0.5834749456181296 -0.7505389155955379
    outer loop
      vertex 164.29227282106876 38.744699001312256 0
      vertex 165.64389180392027 41.3704776763916 2.6
      vertex 165.875 41.2475952655077 2.6
    endloop
  endfacet
  facet normal 0.2262319076404371 0.621567059245122 -0.7499823430099802
    outer loop
      vertex 164.29227282106876 38.744699001312256 0
      vertex 165.15881372988224 41.56646193563938 2.6
      vertex 165.40477472543716 41.47693945467472 2.6
    endloop
  endfacet
  facet normal 0.18220637777348891 0.6354291183366749 -0.7503536975777095
    outer loop
      vertex 164.29227282106876 38.744699001312256 0
      vertex 164.90720710903406 41.6386089771986 2.6
      vertex 165.15881372988224 41.56646193563938 2.6
    endloop
  endfacet
  facet normal 0.26901055082833886 0.6042076135919919 -0.7500443208374448
    outer loop
      vertex 164.29227282106876 38.744699001312256 0
      vertex 165.40477472543716 41.47693945467472 2.6
      vertex 165.64389180392027 41.3704776763916 2.6
    endloop
  endfacet
  facet normal 0.5726220421271676 0.33060346704113863 -0.7502035353492351
    outer loop
      vertex 164.66099102050066 38.45065604895353 0
      vertex 167.18018036335707 39.98719724267721 2.6
      vertex 167.3110534697771 39.76051835715771 2.6
    endloop
  endfacet
  facet normal 0.5483983808383063 0.3698993883885071 -0.7499557709383482
    outer loop
      vertex 164.66099102050066 38.45065604895353 0
      vertex 167.03381372988224 40.20419469475746 2.6
      vertex 167.18018036335707 39.98719724267721 2.6
    endloop
  endfacet
  facet normal 0.5210935336051183 0.40712288220621007 -0.750141645303765
    outer loop
      vertex 164.66099102050066 38.45065604895353 0
      vertex 166.87266666442156 40.4104535356164 2.6
      vertex 167.03381372988224 40.20419469475746 2.6
    endloop
  endfacet
  facet normal 0.45919457599114055 0.47550990497178247 -0.7503536977013195
    outer loop
      vertex 164.49879184365273 38.62546518445015 0
      vertex 166.50923977047205 40.78679309785366 2.6
      vertex 166.69752424955368 40.60496889054775 2.6
    endloop
  endfacet
  facet normal 0.4909037739660256 0.4420117500261441 -0.7507590142946927
    outer loop
      vertex 164.66099102050066 38.45065604895353 0
      vertex 166.69752424955368 40.60496889054775 2.6
      vertex 166.87266666442156 40.4104535356164 2.6
    endloop
  endfacet
  facet normal 0.42517691631556775 0.5067061024661205 -0.7499823434961506
    outer loop
      vertex 164.49879184365273 38.62546518445015 0
      vertex 166.30873053520918 40.95504032820463 2.6
      vertex 166.50923977047205 40.78679309785366 2.6
    endloop
  endfacet
  facet normal 0.3887538560978599 0.5350737850551673 -0.7500443213009356
    outer loop
      vertex 164.49879184365273 38.62546518445015 0
      vertex 166.09697338938713 41.108890898525715 2.6
      vertex 166.30873053520918 40.95504032820463 2.6
    endloop
  endfacet
  facet normal 0.35018455971527596 0.5604124464310255 -0.7505389157280329
    outer loop
      vertex 164.49879184365273 38.62546518445015 0
      vertex 165.875 41.2475952655077 2.6
      vertex 166.09697338938713 41.108890898525715 2.6
    endloop
  endfacet
  facet normal 0.011540544927629483 0.6611569520653913 -0.7501588502166558
    outer loop
      vertex 164 38.79999999701977 0
      vertex 164 41.75 2.6
      vertex 164.13087311387062 41.74771559983492 2.6
    endloop
  endfacet
  facet normal 0.04614305890705155 0.6598766241261054 -0.7499557713936436
    outer loop
      vertex 164.0597840771079 38.79776303470135 0
      vertex 164.13087311387062 41.74771559983492 2.6
      vertex 164.39198173582554 41.72945711016655 2.6
    endloop
  endfacet
  facet normal 0.09203199542746929 0.6548416775346022 -0.7501416460784632
    outer loop
      vertex 164.0597840771079 38.79776303470135 0
      vertex 164.39198173582554 41.72945711016655 2.6
      vertex 164.65118066966534 41.69302907586098 2.6
    endloop
  endfacet
  facet normal 0.13734150997370176 0.6461410148159339 -0.7507590150046674
    outer loop
      vertex 164.0597840771079 38.79776303470135 0
      vertex 164.65118066966534 41.69302907586098 2.6
      vertex 164.90720710903406 41.6386089771986 2.6
    endloop
  endfacet
  facet normal 0.8987940420057225 0.438371155591943 0
    outer loop
      vertex 167.42579546570778 39.52526240795851 2.6
      vertex 167.3110534697771 39.76051835715771 2.6
      vertex 167.42579546570778 39.52526240795851 4
    endloop
  endfacet
  facet normal 0.9271838523025517 0.37460659902009175 0
    outer loop
      vertex 167.42579546570778 39.52526240795851 2.6
      vertex 167.42579546570778 39.52526240795851 4
      vertex 167.52384732663631 39.28257554024458 4
    endloop
  endfacet
  facet normal 0.8987940420057225 0.438371155591943 0
    outer loop
      vertex 167.3110534697771 39.76051835715771 2.6
      vertex 167.3110534697771 39.76051835715771 4
      vertex 167.42579546570778 39.52526240795851 4
    endloop
  endfacet
  facet normal 0.8660254189285214 0.4999999737696784 0
    outer loop
      vertex 167.3110534697771 39.76051835715771 2.6
      vertex 167.18018036335707 39.98719724267721 2.6
      vertex 167.3110534697771 39.76051835715771 4
    endloop
  endfacet
  facet normal 0.8660254189285214 0.4999999737696784 0
    outer loop
      vertex 167.18018036335707 39.98719724267721 2.6
      vertex 167.18018036335707 39.98719724267721 4
      vertex 167.3110534697771 39.76051835715771 4
    endloop
  endfacet
  facet normal 0.6946583692459235 0.7193398015101028 0
    outer loop
      vertex 166.69752424955368 40.60496889054775 2.6
      vertex 166.50923977047205 40.78679309785366 2.6
      vertex 166.69752424955368 40.60496889054775 4
    endloop
  endfacet
  facet normal 0.8290375656234816 0.559192913747207 0
    outer loop
      vertex 167.18018036335707 39.98719724267721 2.6
      vertex 167.03381372988224 40.20419469475746 2.6
      vertex 167.18018036335707 39.98719724267721 4
    endloop
  endfacet
  facet normal 0.7880107577629124 0.615661470005977 0
    outer loop
      vertex 167.03381372988224 40.20419469475746 2.6
      vertex 166.87266666442156 40.4104535356164 2.6
      vertex 167.03381372988224 40.20419469475746 4
    endloop
  endfacet
  facet normal 0.8290375656234816 0.559192913747207 0
    outer loop
      vertex 167.03381372988224 40.20419469475746 2.6
      vertex 167.03381372988224 40.20419469475746 4
      vertex 167.18018036335707 39.98719724267721 4
    endloop
  endfacet
  facet normal 0.7880107577629124 0.615661470005977 0
    outer loop
      vertex 166.87266666442156 40.4104535356164 2.6
      vertex 166.87266666442156 40.4104535356164 4
      vertex 167.03381372988224 40.20419469475746 4
    endloop
  endfacet
  facet normal 0.743144820519614 0.6691306118650311 0
    outer loop
      vertex 166.87266666442156 40.4104535356164 2.6
      vertex 166.69752424955368 40.60496889054775 2.6
      vertex 166.87266666442156 40.4104535356164 4
    endloop
  endfacet
  facet normal 0.743144820519614 0.6691306118650311 0
    outer loop
      vertex 166.69752424955368 40.60496889054775 2.6
      vertex 166.69752424955368 40.60496889054775 4
      vertex 166.87266666442156 40.4104535356164 4
    endloop
  endfacet
  facet normal 0.017452417627068444 0.9998476949610728 0
    outer loop
      vertex 164 41.75 2.6
      vertex 164 41.75 4
      vertex 164.13087311387062 41.74771559983492 4
    endloop
  endfacet
  facet normal 0.34202014262459324 0.939692621041079 0
    outer loop
      vertex 165.40477472543716 41.47693945467472 2.6
      vertex 165.15881372988224 41.56646193563938 2.6
      vertex 165.40477472543716 41.47693945467472 4
    endloop
  endfacet
  facet normal 0.20791168721191458 0.9781476015002516 0
    outer loop
      vertex 164.65118066966534 41.69302907586098 2.6
      vertex 164.90720710903406 41.6386089771986 4
      vertex 164.90720710903406 41.6386089771986 2.6
    endloop
  endfacet
  facet normal 0.27563736995428795 0.9612616918845166 0
    outer loop
      vertex 164.90720710903406 41.6386089771986 2.6
      vertex 165.15881372988224 41.56646193563938 4
      vertex 165.15881372988224 41.56646193563938 2.6
    endloop
  endfacet
  facet normal 0.27563736995428795 0.9612616918845166 0
    outer loop
      vertex 164.90720710903406 41.6386089771986 2.6
      vertex 164.90720710903406 41.6386089771986 4
      vertex 165.15881372988224 41.56646193563938 4
    endloop
  endfacet
  facet normal 0.34202014262459324 0.939692621041079 0
    outer loop
      vertex 165.15881372988224 41.56646193563938 2.6
      vertex 165.15881372988224 41.56646193563938 4
      vertex 165.40477472543716 41.47693945467472 4
    endloop
  endfacet
  facet normal 0.017452417627068444 0.9998476949610728 0
    outer loop
      vertex 164 41.75 2.6
      vertex 164.13087311387062 41.74771559983492 4
      vertex 164.13087311387062 41.74771559983492 2.6
    endloop
  endfacet
  facet normal 0.06975645916039604 0.9975640512796179 0
    outer loop
      vertex 164.13087311387062 41.74771559983492 2.6
      vertex 164.39198173582554 41.72945711016655 4
      vertex 164.39198173582554 41.72945711016655 2.6
    endloop
  endfacet
  facet normal 0.13917310017239254 0.9902680688522706 0
    outer loop
      vertex 164.39198173582554 41.72945711016655 2.6
      vertex 164.65118066966534 41.69302907586098 4
      vertex 164.65118066966534 41.69302907586098 2.6
    endloop
  endfacet
  facet normal 0.06975645916039604 0.9975640512796179 0
    outer loop
      vertex 164.13087311387062 41.74771559983492 2.6
      vertex 164.13087311387062 41.74771559983492 4
      vertex 164.39198173582554 41.72945711016655 4
    endloop
  endfacet
  facet normal 0.13917310017239254 0.9902680688522706 0
    outer loop
      vertex 164.39198173582554 41.72945711016655 2.6
      vertex 164.39198173582554 41.72945711016655 4
      vertex 164.65118066966534 41.69302907586098 4
    endloop
  endfacet
  facet normal 0.20791168721191458 0.9781476015002516 0
    outer loop
      vertex 164.65118066966534 41.69302907586098 2.6
      vertex 164.65118066966534 41.69302907586098 4
      vertex 164.90720710903406 41.6386089771986 4
    endloop
  endfacet
  facet normal 0.6427876208834568 0.7660444337236486 0
    outer loop
      vertex 166.30873053520918 40.95504032820463 2.6
      vertex 166.50923977047205 40.78679309785366 4
      vertex 166.50923977047205 40.78679309785366 2.6
    endloop
  endfacet
  facet normal 0.5877852479723605 0.8090169975136928 0
    outer loop
      vertex 166.30873053520918 40.95504032820463 2.6
      vertex 166.09697338938713 41.108890898525715 2.6
      vertex 166.30873053520918 40.95504032820463 4
    endloop
  endfacet
  facet normal 0.6946583692459235 0.7193398015101028 0
    outer loop
      vertex 166.50923977047205 40.78679309785366 2.6
      vertex 166.50923977047205 40.78679309785366 4
      vertex 166.69752424955368 40.60496889054775 4
    endloop
  endfacet
  facet normal 0.6427876208834568 0.7660444337236486 0
    outer loop
      vertex 166.30873053520918 40.95504032820463 2.6
      vertex 166.30873053520918 40.95504032820463 4
      vertex 166.50923977047205 40.78679309785366 4
    endloop
  endfacet
  facet normal 0.5299192615254839 0.8480480978483979 0
    outer loop
      vertex 166.09697338938713 41.108890898525715 2.6
      vertex 165.875 41.2475952655077 2.6
      vertex 166.09697338938713 41.108890898525715 4
    endloop
  endfacet
  facet normal 0.46947157259700467 0.882947587642265 0
    outer loop
      vertex 165.64389180392027 41.3704776763916 2.6
      vertex 165.875 41.2475952655077 4
      vertex 165.875 41.2475952655077 2.6
    endloop
  endfacet
  facet normal 0.5299192615254839 0.8480480978483979 0
    outer loop
      vertex 165.875 41.2475952655077 2.6
      vertex 165.875 41.2475952655077 4
      vertex 166.09697338938713 41.108890898525715 4
    endloop
  endfacet
  facet normal 0.46947157259700467 0.882947587642265 0
    outer loop
      vertex 165.64389180392027 41.3704776763916 2.6
      vertex 165.64389180392027 41.3704776763916 4
      vertex 165.875 41.2475952655077 4
    endloop
  endfacet
  facet normal 0.5877852479723605 0.8090169975136928 0
    outer loop
      vertex 166.09697338938713 41.108890898525715 2.6
      vertex 166.09697338938713 41.108890898525715 4
      vertex 166.30873053520918 40.95504032820463 4
    endloop
  endfacet
  facet normal 0.40673662966921503 0.913545463611597 0
    outer loop
      vertex 165.64389180392027 41.3704776763916 2.6
      vertex 165.40477472543716 41.47693945467472 2.6
      vertex 165.64389180392027 41.3704776763916 4
    endloop
  endfacet
  facet normal 0.40673662966921503 0.913545463611597 0
    outer loop
      vertex 165.40477472543716 41.47693945467472 2.6
      vertex 165.40477472543716 41.47693945467472 4
      vertex 165.64389180392027 41.3704776763916 4
    endloop
  endfacet
  facet normal 0.3925345032999571 0.7343804027613453 0.5537166132229917
    outer loop
      vertex 5.222463548999244 3.4967619984362557 44.557206526348004
      vertex 5.305820274938526 3.698002936713891 44.23121343167271
      vertex 5.03853366662976 3.8408706053454402 44.23121343167271
    endloop
  endfacet
  facet normal 0.39626363946469917 0.732231071194135 0.5539068391129331
    outer loop
      vertex 5.03853366662976 3.8408706053454402 44.23121343167271
      vertex 4.820654564995735 3.958780878718567 44.23121343167271
      vertex 4.699639355720478 3.7776688191470313 44.557206526348004
    endloop
  endfacet
  facet normal 0.435820496914287 0.8153628008872918 0.3811089049059524
    outer loop
      vertex 5.222463548999244 3.4967619984362557 44.557206526348004
      vertex 4.917518457354504 3.6597585457739044 44.557206526348004
      vertex 4.834161731415207 3.5350063893762425 44.919430645491076
    endloop
  endfacet
  facet normal 0.43582049691428004 0.8153628008872994 0.3811089049059442
    outer loop
      vertex 5.222463548999244 3.4967619984362557 44.557206526348004
      vertex 4.834161731415207 3.5350063893762425 44.919430645491076
      vertex 5.165046437539203 3.3581448292371654 44.919430645491076
    endloop
  endfacet
  facet normal 0.4668788392673897 0.8627165314901161 0.19427901517662283
    outer loop
      vertex 4.834161731415207 3.5350063893762425 44.919430645491076
      vertex 4.616282629781182 3.6529166627493694 44.919430645491076
      vertex 4.791666841042769 3.471408291561005 45.30396571934088
    endloop
  endfacet
  facet normal 0.4624235329543108 0.8651335806722888 0.19418641498106365
    outer loop
      vertex 5.165046437539203 3.3581448292371654 44.919430645491076
      vertex 4.834161731415207 3.5350063893762425 44.919430645491076
      vertex 4.791666841042769 3.471408291561005 45.30396571934088
    endloop
  endfacet
  facet normal 0.3962636394646992 0.732231071194135 0.5539068391129329
    outer loop
      vertex 5.03853366662976 3.8408706053454402 44.23121343167271
      vertex 4.699639355720478 3.7776688191470313 44.557206526348004
      vertex 4.917518457354504 3.6597585457739044 44.557206526348004
    endloop
  endfacet
  facet normal 0.39253450329996753 0.7343804027613446 0.5537166132229853
    outer loop
      vertex 5.222463548999244 3.4967619984362557 44.557206526348004
      vertex 5.03853366662976 3.8408706053454402 44.23121343167271
      vertex 4.917518457354504 3.6597585457739044 44.557206526348004
    endloop
  endfacet
  facet normal 0.43999603930596975 0.8130414680928301 0.38127031953263163
    outer loop
      vertex 4.917518457354504 3.6597585457739044 44.557206526348004
      vertex 4.699639355720478 3.7776688191470313 44.557206526348004
      vertex 4.616282629781182 3.6529166627493694 44.919430645491076
    endloop
  endfacet
  facet normal 0.5676757280534155 0.7293498061785226 0.3818286631545308
    outer loop
      vertex 4.504139235199887 3.929832667427938 44.557206526348004
      vertex 4.616282629781182 3.6529166627493694 44.919430645491076
      vertex 4.699639355720478 3.7776688191470313 44.557206526348004
    endloop
  endfacet
  facet normal 0.6024706743768107 0.7740543551011647 0.1945994395286661
    outer loop
      vertex 4.42078250926059 3.805080511030276 44.919430645491076
      vertex 4.378287618888152 3.7414824132150386 45.30396571934088
      vertex 4.616282629781182 3.6529166627493694 44.919430645491076
    endloop
  endfacet
  facet normal 0.5676757280534156 0.7293498061785226 0.38182866315453085
    outer loop
      vertex 4.504139235199887 3.929832667427938 44.557206526348004
      vertex 4.42078250926059 3.805080511030276 44.919430645491076
      vertex 4.616282629781182 3.6529166627493694 44.919430645491076
    endloop
  endfacet
  facet normal 0.4399960393059697 0.8130414680928301 0.3812703195326317
    outer loop
      vertex 4.917518457354504 3.6597585457739044 44.557206526348004
      vertex 4.616282629781182 3.6529166627493694 44.919430645491076
      vertex 4.834161731415207 3.5350063893762425 44.919430645491076
    endloop
  endfacet
  facet normal 0.31848373763527343 0.9277114172908318 0.19472964615102226
    outer loop
      vertex 5.165046437539203 3.3581448292371654 44.919430645491076
      vertex 5.135775447951957 3.287478409191536 45.30396571934088
      vertex 5.370090351568862 3.2070379997100105 45.30396571934088
    endloop
  endfacet
  facet normal 0.4624235329543082 0.8651335806722908 0.19418641498106048
    outer loop
      vertex 5.165046437539203 3.3581448292371654 44.919430645491076
      vertex 4.791666841042769 3.471408291561005 45.30396571934088
      vertex 5.135775447951957 3.287478409191536 45.30396571934088
    endloop
  endfacet
  facet normal 0.4668788392673897 0.8627165314901161 0.19427901517662283
    outer loop
      vertex 4.573787739408743 3.589318564934132 45.30396571934088
      vertex 4.791666841042769 3.471408291561005 45.30396571934088
      vertex 4.616282629781182 3.6529166627493694 44.919430645491076
    endloop
  endfacet
  facet normal 0.6024706743768107 0.7740543551011647 0.1945994395286661
    outer loop
      vertex 4.573787739408743 3.589318564934132 45.30396571934088
      vertex 4.616282629781182 3.6529166627493694 44.919430645491076
      vertex 4.378287618888152 3.7414824132150386 45.30396571934088
    endloop
  endfacet
  facet normal 0.622317383273982 0.7582959255540194 0.19418641498106162
    outer loop
      vertex 4.42078250926059 3.805080511030276 44.919430645491076
      vertex 4.076673902351416 3.9890103933997487 45.30396571934088
      vertex 4.378287618888152 3.7414824132150386 45.30396571934088
    endloop
  endfacet
  facet normal 0.2652141459461188 0.49007281728977353 0.8303554001412496
    outer loop
      vertex 5.192556812614683 4.071382533210329 43.953979093274526
      vertex 5.15578977055219 4.460346158626432 43.73615747130329
      vertex 4.974677710980657 4.189292806583456 43.953979093274526
    endloop
  endfacet
  facet normal 0.5282625721440499 0.6436898065936703 0.5537166132230058
    outer loop
      vertex 4.625154444475143 4.110944726999474 44.23121343167271
      vertex 4.3908757728760435 4.303212263924376 44.23121343167271
      vertex 4.236852626891121 4.149189117939461 44.557206526348004
    endloop
  endfacet
  facet normal 0.33413132530045847 0.6251157418939535 0.7053981618131219
    outer loop
      vertex 5.03853366662976 3.8408706053454402 44.23121343167271
      vertex 5.411913263126209 3.9541340676692798 43.953979093274526
      vertex 5.192556812614683 4.071382533210329 43.953979093274526
    endloop
  endfacet
  facet normal 0.33727370469995616 0.6232272191606508 0.7055737250034534
    outer loop
      vertex 5.03853366662976 3.8408706053454402 44.23121343167271
      vertex 5.192556812614683 4.071382533210329 43.953979093274526
      vertex 4.820654564995735 3.958780878718567 44.23121343167271
    endloop
  endfacet
  facet normal 0.3372737046999562 0.6232272191606509 0.7055737250034534
    outer loop
      vertex 5.192556812614683 4.071382533210329 43.953979093274526
      vertex 4.974677710980657 4.189292806583456 43.953979093274526
      vertex 4.820654564995735 3.958780878718567 44.23121343167271
    endloop
  endfacet
  facet normal 0.5111114196330051 0.6566759796534494 0.5545644908096053
    outer loop
      vertex 4.699639355720478 3.7776688191470313 44.557206526348004
      vertex 4.820654564995735 3.958780878718567 44.23121343167271
      vertex 4.625154444475143 4.110944726999474 44.23121343167271
    endloop
  endfacet
  facet normal 0.43488227983692257 0.5587367767108201 0.706180300656032
    outer loop
      vertex 4.974677710980657 4.189292806583456 43.953979093274526
      vertex 4.7791775904600655 4.341456654864363 43.953979093274526
      vertex 4.820654564995735 3.958780878718567 44.23121343167271
    endloop
  endfacet
  facet normal 0.43488227983692257 0.55873677671082 0.7061803006560319
    outer loop
      vertex 4.7791775904600655 4.341456654864363 43.953979093274526
      vertex 4.625154444475143 4.110944726999474 44.23121343167271
      vertex 4.820654564995735 3.958780878718567 44.23121343167271
    endloop
  endfacet
  facet normal 0.26521414594611886 0.49007281728977353 0.8303554001412496
    outer loop
      vertex 5.192556812614683 4.071382533210329 43.953979093274526
      vertex 5.373668872186215 4.342435885253305 43.73615747130329
      vertex 5.15578977055219 4.460346158626432 43.73615747130329
    endloop
  endfacet
  facet normal 0.3418561546953527 0.439216806085691 0.8307965856626949
    outer loop
      vertex 4.974677710980657 4.189292806583456 43.953979093274526
      vertex 5.15578977055219 4.460346158626432 43.73615747130329
      vertex 4.7791775904600655 4.341456654864363 43.953979093274526
    endloop
  endfacet
  facet normal 0.3536263688945307 0.43089497723888437 0.8302276253008993
    outer loop
      vertex 4.7791775904600655 4.341456654864363 43.953979093274526
      vertex 4.960289650031598 4.612510006907339 43.73615747130329
      vertex 4.817421981400045 4.729758472448385 43.73615747130329
    endloop
  endfacet
  facet normal 0.3418561546953527 0.439216806085691 0.8307965856626949
    outer loop
      vertex 4.7791775904600655 4.341456654864363 43.953979093274526
      vertex 5.15578977055219 4.460346158626432 43.73615747130329
      vertex 4.960289650031598 4.612510006907339 43.73615747130329
    endloop
  endfacet
  facet normal 0.3536263688945468 0.43089497723888015 0.8302276253008947
    outer loop
      vertex 4.5869100535351635 4.499246544583496 43.953979093274526
      vertex 4.7791775904600655 4.341456654864363 43.953979093274526
      vertex 4.817421981400045 4.729758472448385 43.73615747130329
    endloop
  endfacet
  facet normal 0.4496651169597707 0.5479185303493872 0.7053981618131163
    outer loop
      vertex 4.5869100535351635 4.499246544583496 43.953979093274526
      vertex 4.3908757728760435 4.303212263924376 44.23121343167271
      vertex 4.625154444475143 4.110944726999474 44.23121343167271
    endloop
  endfacet
  facet normal 0.6118933806635425 0.5632875058746749 0.5552419980743792
    outer loop
      vertex 4.3908757728760435 4.303212263924376 44.23121343167271
      vertex 4.223087371629973 4.485479065520064 44.23121343167271
      vertex 4.06906422564505 4.3314559195351485 44.557206526348004
    endloop
  endfacet
  facet normal 0.5204576311589821 0.47911497367575934 0.7068045671669485
    outer loop
      vertex 4.5869100535351635 4.499246544583496 43.953979093274526
      vertex 4.419121652289093 4.681513346179184 43.953979093274526
      vertex 4.3908757728760435 4.303212263924376 44.23121343167271
    endloop
  endfacet
  facet normal 0.5204576311589821 0.47911497367575934 0.7068045671669485
    outer loop
      vertex 4.3908757728760435 4.303212263924376 44.23121343167271
      vertex 4.419121652289093 4.681513346179184 43.953979093274526
      vertex 4.223087371629973 4.485479065520064 44.23121343167271
    endloop
  endfacet
  facet normal 0.4496651169597542 0.5479185303493909 0.7053981618131239
    outer loop
      vertex 4.5869100535351635 4.499246544583496 43.953979093274526
      vertex 4.625154444475143 4.110944726999474 44.23121343167271
      vertex 4.7791775904600655 4.341456654864363 43.953979093274526
    endloop
  endfacet
  facet normal 0.23557480742521225 0.30266652535116706 0.9235244904919552
    outer loop
      vertex 5.15578977055219 4.460346158626432 43.73615747130329
      vertex 5.357030708829825 4.761524506536951 43.58611932853558
      vertex 5.161530588309233 4.913688354817857 43.58611932853558
    endloop
  endfacet
  facet normal 0.24377337593994322 0.2970387180273032 0.9232239929592055
    outer loop
      vertex 5.161530588309233 4.913688354817857 43.58611932853558
      vertex 5.073553112355441 4.985889603403773 43.58611932853558
      vertex 4.817421981400045 4.729758472448385 43.73615747130329
    endloop
  endfacet
  facet normal 0.2817547851895232 0.25937353668633323 0.923763827766399
    outer loop
      vertex 4.649633580153974 4.912025274044073 43.73615747130329
      vertex 5.073553112355441 4.985889603403773 43.58611932853558
      vertex 4.90576471110937 5.168156404999463 43.58611932853558
    endloop
  endfacet
  facet normal 0.12433987975366331 0.1515085818510234 0.9806042748878552
    outer loop
      vertex 5.161530588309233 4.913688354817857 43.58611932853558
      vertex 5.345460470678702 5.25779696172704 43.50963054665561
      vertex 5.073553112355441 4.985889603403773 43.58611932853558
    endloop
  endfacet
  facet normal 0.29703871802731086 0.24377337593993262 0.923223992959206
    outer loop
      vertex 4.649633580153974 4.912025274044073 43.73615747130329
      vertex 4.90576471110937 5.168156404999463 43.58611932853558
      vertex 4.833563462523458 5.256133880953257 43.58611932853558
    endloop
  endfacet
  facet normal 0.14365065859220624 0.13223973939366956 0.9807533530970566
    outer loop
      vertex 5.073553112355441 4.985889603403773 43.58611932853558
      vertex 5.345460470678702 5.25779696172704 43.50963054665561
      vertex 5.1776720694326315 5.440063763322728 43.50963054665561
    endloop
  endfacet
  facet normal 0.14365065859220735 0.1322397393936693 0.9807533530970565
    outer loop
      vertex 5.073553112355441 4.985889603403773 43.58611932853558
      vertex 5.1776720694326315 5.440063763322728 43.50963054665561
      vertex 4.90576471110937 5.168156404999463 43.58611932853558
    endloop
  endfacet
  facet normal 0.6960899517698551 0.4547782800315213 0.5555497232981147
    outer loop
      vertex 3.849707775133524 4.598742527843903 44.557206526348004
      vertex 4.0308198347050705 4.719757737119171 44.23121343167271
      vertex 3.895319969888405 4.927155712146732 44.23121343167271
    endloop
  endfacet
  facet normal 0.6251157418939589 0.3341313253004732 0.7053981618131102
    outer loop
      vertex 4.125831897753287 5.081178858131647 43.953979093274526
      vertex 3.7524523012568523 5.194442320455488 44.23121343167271
      vertex 3.895319969888405 4.927155712146732 44.23121343167271
    endloop
  endfacet
  facet normal 0.7343804027613244 0.3925345032999687 0.5537166132230112
    outer loop
      vertex 3.7142079103168584 4.8061405028714645 44.557206526348004
      vertex 3.895319969888405 4.927155712146732 44.23121343167271
      vertex 3.7524523012568523 5.194442320455488 44.23121343167271
    endloop
  endfacet
  facet normal 0.43089497723887266 0.35362636889455656 0.8302276253008944
    outer loop
      vertex 4.419121652289093 4.681513346179184 43.953979093274526
      vertex 4.649633580153974 4.912025274044073 43.73615747130329
      vertex 4.261331762569952 4.873780883104086 43.953979093274526
    endloop
  endfacet
  facet normal 0.23557480742521225 0.30266652535116706 0.9235244904919552
    outer loop
      vertex 5.15578977055219 4.460346158626432 43.73615747130329
      vertex 5.161530588309233 4.913688354817857 43.58611932853558
      vertex 4.960289650031598 4.612510006907339 43.73615747130329
    endloop
  endfacet
  facet normal 0.24377337593993714 0.2970387180273133 0.923223992959204
    outer loop
      vertex 5.161530588309233 4.913688354817857 43.58611932853558
      vertex 4.817421981400045 4.729758472448385 43.73615747130329
      vertex 4.960289650031598 4.612510006907339 43.73615747130329
    endloop
  endfacet
  facet normal 0.40898782087081664 0.37649979037461895 0.8312501850990524
    outer loop
      vertex 4.5869100535351635 4.499246544583496 43.953979093274526
      vertex 4.817421981400045 4.729758472448385 43.73615747130329
      vertex 4.419121652289093 4.681513346179184 43.953979093274526
    endloop
  endfacet
  facet normal 0.4089878208708166 0.37649979037461884 0.8312501850990524
    outer loop
      vertex 4.419121652289093 4.681513346179184 43.953979093274526
      vertex 4.817421981400045 4.729758472448385 43.73615747130329
      vertex 4.649633580153974 4.912025274044073 43.73615747130329
    endloop
  endfacet
  facet normal 0.2817547851895227 0.2593735366863353 0.9237638277663984
    outer loop
      vertex 4.817421981400045 4.729758472448385 43.73615747130329
      vertex 5.073553112355441 4.985889603403773 43.58611932853558
      vertex 4.649633580153974 4.912025274044073 43.73615747130329
    endloop
  endfacet
  facet normal 0.5479185303493981 0.4496651169597661 0.7053981618131109
    outer loop
      vertex 4.223087371629973 4.485479065520064 44.23121343167271
      vertex 4.261331762569952 4.873780883104086 43.953979093274526
      vertex 4.0308198347050705 4.719757737119171 44.23121343167271
    endloop
  endfacet
  facet normal 0.5479185303493869 0.44966511695977107 0.7053981618131163
    outer loop
      vertex 4.223087371629973 4.485479065520064 44.23121343167271
      vertex 4.419121652289093 4.681513346179184 43.953979093274526
      vertex 4.261331762569952 4.873780883104086 43.953979093274526
    endloop
  endfacet
  facet normal 0.6436898065936769 0.5282625721440394 0.5537166132230081
    outer loop
      vertex 4.223087371629973 4.485479065520064 44.23121343167271
      vertex 4.0308198347050705 4.719757737119171 44.23121343167271
      vertex 3.849707775133524 4.598742527843903 44.557206526348004
    endloop
  endfacet
  facet normal 0.5919818920476225 0.3867610874007194 0.7070879017210874
    outer loop
      vertex 4.261331762569952 4.873780883104086 43.953979093274526
      vertex 4.125831897753287 5.081178858131647 43.953979093274526
      vertex 4.0308198347050705 4.719757737119171 44.23121343167271
    endloop
  endfacet
  facet normal 0.5919818920476225 0.3867610874007195 0.7070879017210874
    outer loop
      vertex 4.125831897753287 5.081178858131647 43.953979093274526
      vertex 3.895319969888405 4.927155712146732 44.23121343167271
      vertex 4.0308198347050705 4.719757737119171 44.23121343167271
    endloop
  endfacet
  facet normal 0.430894977238883 0.35362636889451693 0.830227625300906
    outer loop
      vertex 4.261331762569952 4.873780883104086 43.953979093274526
      vertex 4.649633580153974 4.912025274044073 43.73615747130329
      vertex 4.532385114612936 5.054892942675622 43.73615747130329
    endloop
  endfacet
  facet normal 0.4651219403793108 0.303879341330534 0.8314559077247005
    outer loop
      vertex 4.261331762569952 4.873780883104086 43.953979093274526
      vertex 4.532385114612936 5.054892942675622 43.73615747130329
      vertex 4.125831897753287 5.081178858131647 43.953979093274526
    endloop
  endfacet
  facet normal 0.4651219403793108 0.303879341330534 0.8314559077247005
    outer loop
      vertex 4.532385114612936 5.054892942675622 43.73615747130329
      vertex 4.39688524979627 5.262290917703183 43.73615747130329
      vertex 4.125831897753287 5.081178858131647 43.953979093274526
    endloop
  endfacet
  facet normal 0.29703871802731524 0.24377337593992998 0.9232239929592053
    outer loop
      vertex 4.649633580153974 4.912025274044073 43.73615747130329
      vertex 4.833563462523458 5.256133880953257 43.58611932853558
      vertex 4.532385114612936 5.054892942675622 43.73615747130329
    endloop
  endfacet
  facet normal 0.62511574189396 0.334131325300437 0.7053981618131264
    outer loop
      vertex 4.125831897753287 5.081178858131647 43.953979093274526
      vertex 4.008583432212248 5.30053530864317 43.953979093274526
      vertex 3.7524523012568523 5.194442320455488 44.23121343167271
    endloop
  endfacet
  facet normal 0.7582959255540328 0.6223173832739576 0.1941864149810866
    outer loop
      vertex 3.7249556187358763 4.515385801904621 44.919430645491076
      vertex 3.6613575209206317 4.4728909115321756 45.30396571934088
      vertex 3.962971237457367 4.225362931347469 44.919430645491076
    endloop
  endfacet
  facet normal 0.7146714722143938 0.5865157196566229 0.3811089049059134
    outer loop
      vertex 3.849707775133524 4.598742527843903 44.557206526348004
      vertex 3.7249556187358763 4.515385801904621 44.919430645491076
      vertex 3.962971237457367 4.225362931347469 44.919430645491076
    endloop
  endfacet
  facet normal 0.5282625721440337 0.6436898065937035 0.5537166132229826
    outer loop
      vertex 4.504139235199887 3.929832667427938 44.557206526348004
      vertex 4.625154444475143 4.110944726999474 44.23121343167271
      vertex 4.236852626891121 4.149189117939461 44.557206526348004
    endloop
  endfacet
  facet normal 0.586515719656612 0.7146714722143795 0.3811089049059571
    outer loop
      vertex 4.504139235199887 3.929832667427938 44.557206526348004
      vertex 4.236852626891121 4.149189117939461 44.557206526348004
      vertex 4.42078250926059 3.805080511030276 44.919430645491076
    endloop
  endfacet
  facet normal 0.6118933806635426 0.563287505874675 0.5552419980743792
    outer loop
      vertex 4.236852626891121 4.149189117939461 44.557206526348004
      vertex 4.3908757728760435 4.303212263924376 44.23121343167271
      vertex 4.06906422564505 4.3314559195351485 44.557206526348004
    endloop
  endfacet
  facet normal 0.6798052938944601 0.6258048225051278 0.38240434950768026
    outer loop
      vertex 4.236852626891121 4.149189117939461 44.557206526348004
      vertex 4.06906422564505 4.3314559195351485 44.557206526348004
      vertex 4.130759638703438 4.043096129751781 44.919430645491076
    endloop
  endfacet
  facet normal 0.5111114196330051 0.6566759796534494 0.5545644908096053
    outer loop
      vertex 4.504139235199887 3.929832667427938 44.557206526348004
      vertex 4.699639355720478 3.7776688191470313 44.557206526348004
      vertex 4.625154444475143 4.110944726999474 44.23121343167271
    endloop
  endfacet
  facet normal 0.5865157196566383 0.71467147221437 0.3811089049059347
    outer loop
      vertex 4.42078250926059 3.805080511030276 44.919430645491076
      vertex 4.236852626891121 4.149189117939461 44.557206526348004
      vertex 4.130759638703438 4.043096129751781 44.919430645491076
    endloop
  endfacet
  facet normal 0.6223173832739828 0.7582959255540183 0.1941864149810629
    outer loop
      vertex 4.42078250926059 3.805080511030276 44.919430645491076
      vertex 4.130759638703438 4.043096129751781 44.919430645491076
      vertex 4.076673902351416 3.9890103933997487 45.30396571934088
    endloop
  endfacet
  facet normal 0.7216106529488788 0.6642893643846669 0.19493000260634036
    outer loop
      vertex 4.130759638703438 4.043096129751781 44.919430645491076
      vertex 3.962971237457367 4.225362931347469 44.919430645491076
      vertex 4.076673902351416 3.9890103933997487 45.30396571934088
    endloop
  endfacet
  facet normal 0.6798052938944602 0.6258048225051278 0.38240434950768026
    outer loop
      vertex 4.06906422564505 4.3314559195351485 44.557206526348004
      vertex 3.962971237457367 4.225362931347469 44.919430645491076
      vertex 4.130759638703438 4.043096129751781 44.919430645491076
    endloop
  endfacet
  facet normal 0.7146714722143702 0.5865157196566373 0.3811089049059357
    outer loop
      vertex 4.06906422564505 4.3314559195351485 44.557206526348004
      vertex 3.849707775133524 4.598742527843903 44.557206526348004
      vertex 3.962971237457367 4.225362931347469 44.919430645491076
    endloop
  endfacet
  facet normal 0.6436898065936764 0.528262572144041 0.5537166132230071
    outer loop
      vertex 4.223087371629973 4.485479065520064 44.23121343167271
      vertex 3.849707775133524 4.598742527843903 44.557206526348004
      vertex 4.06906422564505 4.3314559195351485 44.557206526348004
    endloop
  endfacet
  facet normal 0.7582959255540189 0.6223173832739832 0.19418641498105924
    outer loop
      vertex 3.9088855011053454 4.171277194995437 45.30396571934088
      vertex 3.962971237457367 4.225362931347469 44.919430645491076
      vertex 3.6613575209206317 4.4728909115321756 45.30396571934088
    endloop
  endfacet
  facet normal 0.8210822186916003 0.5364398067112026 0.19508030122010447
    outer loop
      vertex 3.7249556187358763 4.515385801904621 44.919430645491076
      vertex 3.525857656103966 4.680288886559737 45.30396571934088
      vertex 3.6613575209206317 4.4728909115321756 45.30396571934088
    endloop
  endfacet
  facet normal 0.7216106529488788 0.6642893643846669 0.19493000260634036
    outer loop
      vertex 3.9088855011053454 4.171277194995437 45.30396571934088
      vertex 4.076673902351416 3.9890103933997487 45.30396571934088
      vertex 3.962971237457367 4.225362931347469 44.919430645491076
    endloop
  endfacet
  facet normal 0.7734470140934606 0.5053181731335151 0.382665990507279
    outer loop
      vertex 3.849707775133524 4.598742527843903 44.557206526348004
      vertex 3.7142079103168584 4.8061405028714645 44.557206526348004
      vertex 3.7249556187358763 4.515385801904621 44.919430645491076
    endloop
  endfacet
  facet normal 0.6960899517698551 0.4547782800315213 0.5555497232981147
    outer loop
      vertex 3.849707775133524 4.598742527843903 44.557206526348004
      vertex 3.895319969888405 4.927155712146732 44.23121343167271
      vertex 3.7142079103168584 4.8061405028714645 44.557206526348004
    endloop
  endfacet
  facet normal 0.7734470140934606 0.5053181731335152 0.3826659905072791
    outer loop
      vertex 3.7142079103168584 4.8061405028714645 44.557206526348004
      vertex 3.5894557539192107 4.722783776932182 44.919430645491076
      vertex 3.7249556187358763 4.515385801904621 44.919430645491076
    endloop
  endfacet
  facet normal 0.8210822186916003 0.5364398067112025 0.19508030122010447
    outer loop
      vertex 3.7249556187358763 4.515385801904621 44.919430645491076
      vertex 3.5894557539192107 4.722783776932182 44.919430645491076
      vertex 3.525857656103966 4.680288886559737 45.30396571934088
    endloop
  endfacet
  facet normal 0.8153628008872987 0.43582049691431063 0.38110890490591115
    outer loop
      vertex 3.7142079103168584 4.8061405028714645 44.557206526348004
      vertex 3.412594193780123 5.053668483056175 44.919430645491076
      vertex 3.5894557539192107 4.722783776932182 44.919430645491076
    endloop
  endfacet
  facet normal 0.865133580672271 0.46242353295433414 0.19418641498108782
    outer loop
      vertex 3.5894557539192107 4.722783776932182 44.919430645491076
      vertex 3.412594193780123 5.053668483056175 44.919430645491076
      vertex 3.525857656103966 4.680288886559737 45.30396571934088
    endloop
  endfacet
  facet normal 0.7343804027613469 0.3925345032999516 0.5537166132229935
    outer loop
      vertex 3.7142079103168584 4.8061405028714645 44.557206526348004
      vertex 3.7524523012568523 5.194442320455488 44.23121343167271
      vertex 3.551211362979217 5.111085594516204 44.557206526348004
    endloop
  endfacet
  facet normal 0.8153628008873042 0.4358204969142746 0.3811089049059404
    outer loop
      vertex 3.7142079103168584 4.8061405028714645 44.557206526348004
      vertex 3.551211362979217 5.111085594516204 44.557206526348004
      vertex 3.412594193780123 5.053668483056175 44.919430645491076
    endloop
  endfacet
  facet normal 0.761487888030429 0.33401956114835873 0.5554881899313563
    outer loop
      vertex 3.7524523012568523 5.194442320455488 44.23121343167271
      vertex 3.451696126065059 5.337957479875492 44.557206526348004
      vertex 3.551211362979217 5.111085594516204 44.557206526348004
    endloop
  endfacet
  facet normal 0.8460906931526099 0.37112979268719803 0.38261366407970004
    outer loop
      vertex 3.551211362979217 5.111085594516204 44.557206526348004
      vertex 3.451696126065059 5.337957479875492 44.557206526348004
      vertex 3.412594193780123 5.053668483056175 44.919430645491076
    endloop
  endfacet
  facet normal 0.8460906931526099 0.37112979268719803 0.38261366407970004
    outer loop
      vertex 3.412594193780123 5.053668483056175 44.919430645491076
      vertex 3.451696126065059 5.337957479875492 44.557206526348004
      vertex 3.313078956865965 5.280540368415462 44.919430645491076
    endloop
  endfacet
  facet normal 0.8981842976301191 0.3939801665141792 0.195050239385009
    outer loop
      vertex 3.412594193780123 5.053668483056175 44.919430645491076
      vertex 3.313078956865965 5.280540368415462 44.919430645491076
      vertex 3.341927773734497 5.024397493468921 45.30396571934088
    endloop
  endfacet
  facet normal 0.8651335806722888 0.46242353295431193 0.19418641498106096
    outer loop
      vertex 3.525857656103966 4.680288886559737 45.30396571934088
      vertex 3.412594193780123 5.053668483056175 44.919430645491076
      vertex 3.341927773734497 5.024397493468921 45.30396571934088
    endloop
  endfacet
  facet normal 0.8981842976301191 0.3939801665141792 0.195050239385009
    outer loop
      vertex 3.341927773734497 5.024397493468921 45.30396571934088
      vertex 3.313078956865965 5.280540368415462 44.919430645491076
      vertex 3.242412536820339 5.2512693788282085 45.30396571934088
    endloop
  endfacet
  facet normal 0.27013787167840053 0.7868847234068058 0.5548314720291726
    outer loop
      vertex 5.222463548999244 3.4967619984362557 44.557206526348004
      vertex 5.540135178555431 3.6175625272323657 44.23121343167271
      vertex 5.305820274938526 3.698002936713891 44.23121343167271
    endloop
  endfacet
  facet normal 0.2417215536299495 0.7968491718961461 0.5537166132230001
    outer loop
      vertex 5.830158049112583 3.5295850512785734 44.23121343167271
      vertex 5.540135178555431 3.6175625272323657 44.23121343167271
      vertex 5.787663158740131 3.3159488106956267 44.557206526348004
    endloop
  endfacet
  facet normal 0.13687570089461185 0.8202510919429286 0.555385621591919
    outer loop
      vertex 6.032022376324264 3.2751724685420776 44.557206526348004
      vertex 6.074517266696716 3.488808709125024 44.23121343167271
      vertex 5.830158049112583 3.5295850512785734 44.23121343167271
    endloop
  endfacet
  facet normal 0.08161938021295648 0.8286954742331507 0.5537166132229973
    outer loop
      vertex 6.032022376324264 3.2751724685420776 44.557206526348004
      vertex 6.376130983233452 3.45910235091155 44.23121343167271
      vertex 6.074517266696716 3.488808709125024 44.23121343167271
    endloop
  endfacet
  facet normal 0.03436950109176367 0.830978375209451 0.5552419988878401
    outer loop
      vertex 6.5 3.23615747130329 44.557206526348004
      vertex 6.5 3.4539790932745262 44.23121343167271
      vertex 6.376130983233452 3.45910235091155 44.23121343167271
    endloop
  endfacet
  facet normal 0.11641392034632554 0.697630365779479 0.7069368231263593
    outer loop
      vertex 5.884243785464605 3.8014924096018383 43.953979093274526
      vertex 5.830158049112583 3.5295850512785734 44.23121343167271
      vertex 6.074517266696716 3.488808709125024 44.23121343167271
    endloop
  endfacet
  facet normal 0.06947565488253991 0.7053981618131137 0.7053981618131157
    outer loop
      vertex 6.128603003048738 3.760716067448289 43.953979093274526
      vertex 6.074517266696716 3.488808709125024 44.23121343167271
      vertex 6.376130983233452 3.45910235091155 44.23121343167271
    endloop
  endfacet
  facet normal 0.029233637232176053 0.7068045679161123 0.7068045679161215
    outer loop
      vertex 6.5 3.7312134316727104 43.953979093274526
      vertex 6.376130983233452 3.45910235091155 44.23121343167271
      vertex 6.5 3.4539790932745262 44.23121343167271
    endloop
  endfacet
  facet normal 0.09147424353732607 0.5481750789639149 0.8313462248498994
    outer loop
      vertex 5.884243785464605 3.8014924096018383 43.953979093274526
      vertex 6.128603003048738 3.760716067448289 43.953979093274526
      vertex 6.192201100863983 4.080445296218915 43.73615747130329
    endloop
  endfacet
  facet normal 0.054637156933120365 0.5547403638365404 0.830227625300898
    outer loop
      vertex 6.128603003048738 3.760716067448289 43.953979093274526
      vertex 6.376130983233452 3.7363366893097343 43.953979093274526
      vertex 6.376130983233452 4.062329783985028 43.73615747130329
    endloop
  endfacet
  facet normal 0.022972478194322642 0.555423616813207 0.8312501856431356
    outer loop
      vertex 6.376130983233452 3.7363366893097343 43.953979093274526
      vertex 6.5 3.7312134316727104 43.953979093274526
      vertex 6.5 4.057206526348004 43.73615747130329
    endloop
  endfacet
  facet normal 0.22981791475375576 0.6694367034187211 0.7064263770373461
    outer loop
      vertex 5.540135178555431 3.6175625272323657 44.23121343167271
      vertex 5.411913263126209 3.9541340676692798 43.953979093274526
      vertex 5.305820274938526 3.698002936713891 44.23121343167271
    endloop
  endfacet
  facet normal 0.2057570541928708 0.6782901060464853 0.7053981618131138
    outer loop
      vertex 5.884243785464605 3.8014924096018383 43.953979093274526
      vertex 5.540135178555431 3.6175625272323657 44.23121343167271
      vertex 5.830158049112583 3.5295850512785734 44.23121343167271
    endloop
  endfacet
  facet normal 0.20575705419287793 0.6782901060464785 0.7053981618131182
    outer loop
      vertex 5.884243785464605 3.8014924096018383 43.953979093274526
      vertex 5.646228166743114 3.8736936581877544 43.953979093274526
      vertex 5.540135178555431 3.6175625272323657 44.23121343167271
    endloop
  endfacet
  facet normal 0.22981791475375576 0.6694367034187211 0.7064263770373461
    outer loop
      vertex 5.646228166743114 3.8736936581877544 43.953979093274526
      vertex 5.411913263126209 3.9541340676692798 43.953979093274526
      vertex 5.540135178555431 3.6175625272323657 44.23121343167271
    endloop
  endfacet
  facet normal 0.33413132530045414 0.6251157418939595 0.7053981618131185
    outer loop
      vertex 5.03853366662976 3.8408706053454402 44.23121343167271
      vertex 5.305820274938526 3.698002936713891 44.23121343167271
      vertex 5.411913263126209 3.9541340676692798 43.953979093274526
    endloop
  endfacet
  facet normal 0.11641392034632557 0.697630365779479 0.7069368231263593
    outer loop
      vertex 5.884243785464605 3.8014924096018383 43.953979093274526
      vertex 6.074517266696716 3.488808709125024 44.23121343167271
      vertex 6.128603003048738 3.760716067448289 43.953979093274526
    endloop
  endfacet
  facet normal 0.06947565488253173 0.7053981618131105 0.7053981618131195
    outer loop
      vertex 6.128603003048738 3.760716067448289 43.953979093274526
      vertex 6.376130983233452 3.45910235091155 44.23121343167271
      vertex 6.376130983233452 3.7363366893097343 43.953979093274526
    endloop
  endfacet
  facet normal 0.029233637232176188 0.7068045679161123 0.7068045679161215
    outer loop
      vertex 6.376130983233452 3.7363366893097343 43.953979093274526
      vertex 6.376130983233452 3.45910235091155 44.23121343167271
      vertex 6.5 3.7312134316727104 43.953979093274526
    endloop
  endfacet
  facet normal 0.1520762756334916 0.9113431407597322 0.38252645160777193
    outer loop
      vertex 6.032022376324264 3.2751724685420776 44.557206526348004
      vertex 5.787663158740131 3.3159488106956267 44.557206526348004
      vertex 5.758392169152884 3.16879360877002 44.919430645491076
    endloop
  endfacet
  facet normal 0.03818405221735732 0.9232057685613705 0.38240435019919883
    outer loop
      vertex 6.376130983233452 3.241280728940314 44.557206526348004
      vertex 6.376130983233452 3.091242586172605 44.919430645491076
      vertex 6.5 3.23615747130329 44.557206526348004
    endloop
  endfacet
  facet normal 0.09061980168164208 0.9200782869650691 0.3811089049059385
    outer loop
      vertex 6.032022376324264 3.2751724685420776 44.557206526348004
      vertex 6.376130983233452 3.091242586172605 44.919430645491076
      vertex 6.376130983233452 3.241280728940314 44.557206526348004
    endloop
  endfacet
  facet normal 0.2683769368864808 0.8847201943828521 0.3811089049059316
    outer loop
      vertex 5.787663158740131 3.3159488106956267 44.557206526348004
      vertex 5.3993613411561086 3.27770441975564 44.919430645491076
      vertex 5.758392169152884 3.16879360877002 44.919430645491076
    endloop
  endfacet
  facet normal 0.31848373763527343 0.9277114172908318 0.19472964615102223
    outer loop
      vertex 5.165046437539203 3.3581448292371654 44.919430645491076
      vertex 5.370090351568862 3.2070379997100105 45.30396571934088
      vertex 5.3993613411561086 3.27770441975564 44.919430645491076
    endloop
  endfacet
  facet normal 0.2847590055933309 0.9387246374578103 0.19418641498106903
    outer loop
      vertex 5.3993613411561086 3.27770441975564 44.919430645491076
      vertex 5.743469948065297 3.0937745373861674 45.30396571934088
      vertex 5.758392169152884 3.16879360877002 44.919430645491076
    endloop
  endfacet
  facet normal 0.16143490597549282 0.9674263367320195 0.19500013879469164
    outer loop
      vertex 5.758392169152884 3.16879360877002 44.919430645491076
      vertex 5.743469948065297 3.0937745373861674 45.30396571934088
      vertex 6.0027513867370175 3.128017266616471 44.919430645491076
    endloop
  endfacet
  facet normal 0.09615134934208447 0.9762410328686747 0.1941864149810681
    outer loop
      vertex 6.376130983233452 3.091242586172605 44.919430645491076
      vertex 6.0027513867370175 3.128017266616471 44.919430645491076
      vertex 5.98782916564943 3.052998195232618 45.30396571934088
    endloop
  endfacet
  facet normal 0.040532221661980526 0.9799793022998944 0.19493000300353086
    outer loop
      vertex 6.376130983233452 3.091242586172605 44.919430645491076
      vertex 6.376130983233452 3.0147538042926314 45.30396571934088
      vertex 6.5 3.086119328535581 44.919430645491076
    endloop
  endfacet
  facet normal 0.15207627563349158 0.9113431407597322 0.38252645160777193
    outer loop
      vertex 6.032022376324264 3.2751724685420776 44.557206526348004
      vertex 5.758392169152884 3.16879360877002 44.919430645491076
      vertex 6.0027513867370175 3.128017266616471 44.919430645491076
    endloop
  endfacet
  facet normal 0.09061980168164654 0.9200782869650703 0.38110890490593485
    outer loop
      vertex 6.032022376324264 3.2751724685420776 44.557206526348004
      vertex 6.0027513867370175 3.128017266616471 44.919430645491076
      vertex 6.376130983233452 3.091242586172605 44.919430645491076
    endloop
  endfacet
  facet normal 0.038184052217357274 0.9232057685613705 0.38240435019919883
    outer loop
      vertex 6.5 3.23615747130329 44.557206526348004
      vertex 6.376130983233452 3.091242586172605 44.919430645491076
      vertex 6.5 3.086119328535581 44.919430645491076
    endloop
  endfacet
  facet normal 0.28475900559333656 0.9387246374578097 0.19418641498106362
    outer loop
      vertex 5.3993613411561086 3.27770441975564 44.919430645491076
      vertex 5.370090351568862 3.2070379997100105 45.30396571934088
      vertex 5.743469948065297 3.0937745373861674 45.30396571934088
    endloop
  endfacet
  facet normal 0.16143490597549282 0.9674263367320195 0.19500013879469164
    outer loop
      vertex 6.0027513867370175 3.128017266616471 44.919430645491076
      vertex 5.743469948065297 3.0937745373861674 45.30396571934088
      vertex 5.98782916564943 3.052998195232618 45.30396571934088
    endloop
  endfacet
  facet normal 0.09615134934208049 0.9762410328686758 0.1941864149810642
    outer loop
      vertex 6.376130983233452 3.091242586172605 44.919430645491076
      vertex 5.98782916564943 3.052998195232618 45.30396571934088
      vertex 6.376130983233452 3.0147538042926314 45.30396571934088
    endloop
  endfacet
  facet normal 0.040532221661980526 0.9799793022998944 0.19493000300353086
    outer loop
      vertex 6.5 3.086119328535581 44.919430645491076
      vertex 6.376130983233452 3.0147538042926314 45.30396571934088
      vertex 6.5 3.0096305466556075 45.30396571934088
    endloop
  endfacet
  facet normal 0.13687570089461187 0.8202510919429286 0.555385621591919
    outer loop
      vertex 6.032022376324264 3.2751724685420776 44.557206526348004
      vertex 5.830158049112583 3.5295850512785734 44.23121343167271
      vertex 5.787663158740131 3.3159488106956267 44.557206526348004
    endloop
  endfacet
  facet normal 0.26837693688648917 0.884720194382846 0.3811089049059399
    outer loop
      vertex 5.456778452616149 3.4163215889547303 44.557206526348004
      vertex 5.3993613411561086 3.27770441975564 44.919430645491076
      vertex 5.787663158740131 3.3159488106956267 44.557206526348004
    endloop
  endfacet
  facet normal 0.30006757643107723 0.8740669733432203 0.382055461530655
    outer loop
      vertex 5.222463548999244 3.4967619984362557 44.557206526348004
      vertex 5.165046437539203 3.3581448292371654 44.919430645491076
      vertex 5.456778452616149 3.4163215889547303 44.557206526348004
    endloop
  endfacet
  facet normal 0.27013787167840053 0.7868847234068058 0.5548314720291726
    outer loop
      vertex 5.222463548999244 3.4967619984362557 44.557206526348004
      vertex 5.456778452616149 3.4163215889547303 44.557206526348004
      vertex 5.540135178555431 3.6175625272323657 44.23121343167271
    endloop
  endfacet
  facet normal 0.2417215536299622 0.7968491718961479 0.5537166132229921
    outer loop
      vertex 5.456778452616149 3.4163215889547303 44.557206526348004
      vertex 5.787663158740131 3.3159488106956267 44.557206526348004
      vertex 5.540135178555431 3.6175625272323657 44.23121343167271
    endloop
  endfacet
  facet normal 0.08161938021295113 0.8286954742331538 0.5537166132229933
    outer loop
      vertex 6.032022376324264 3.2751724685420776 44.557206526348004
      vertex 6.376130983233452 3.241280728940314 44.557206526348004
      vertex 6.376130983233452 3.45910235091155 44.23121343167271
    endloop
  endfacet
  facet normal 0.03436950109176354 0.830978375209451 0.5552419988878401
    outer loop
      vertex 6.376130983233452 3.241280728940314 44.557206526348004
      vertex 6.5 3.23615747130329 44.557206526348004
      vertex 6.376130983233452 3.45910235091155 44.23121343167271
    endloop
  endfacet
  facet normal 0.30006757643107723 0.8740669733432203 0.38205546153065506
    outer loop
      vertex 5.165046437539203 3.3581448292371654 44.919430645491076
      vertex 5.3993613411561086 3.27770441975564 44.919430645491076
      vertex 5.456778452616149 3.4163215889547303 44.557206526348004
    endloop
  endfacet
  facet normal 0.11154543644208138 0.36771602417274046 0.923223992959205
    outer loop
      vertex 5.770980323140762 4.174872006098276 43.73615747130329
      vertex 6.018508303325476 4.476485722635015 43.58611932853558
      vertex 5.909597492339856 4.50952345595649 43.58611932853558
    endloop
  endfacet
  facet normal 0.12446123120511654 0.36254317428065885 0.9236188871549836
    outer loop
      vertex 5.770980323140762 4.174872006098276 43.73615747130329
      vertex 5.909597492339856 4.50952345595649 43.58611932853558
      vertex 5.6752825887229505 4.5899638654380155 43.58611932853558
    endloop
  endfacet
  facet normal 0.18281138466811406 0.3378058511824197 0.9232915057243015
    outer loop
      vertex 5.373668872186215 4.342435885253305 43.73615747130329
      vertex 5.574909810463851 4.643614233163824 43.58611932853558
      vertex 5.357030708829825 4.761524506536951 43.58611932853558
    endloop
  endfacet
  facet normal 0.1811399597248946 0.33888902876210875 0.923223992959205
    outer loop
      vertex 5.536665419523857 4.255312415579802 43.73615747130329
      vertex 5.6752825887229505 4.5899638654380155 43.58611932853558
      vertex 5.574909810463851 4.643614233163824 43.58611932853558
    endloop
  endfacet
  facet normal 0.06301346896407355 0.377619010438454 0.9238144757929465
    outer loop
      vertex 5.94784188327985 4.1212216383724645 43.73615747130329
      vertex 6.262867520909609 4.435709380481466 43.58611932853558
      vertex 6.018508303325476 4.476485722635015 43.58611932853558
    endloop
  endfacet
  facet normal 0.037664284592192766 0.3824118989919388 0.9232239929592047
    outer loop
      vertex 6.376130983233452 4.062329783985028 43.73615747130329
      vertex 6.376130983233452 4.4245539031281 43.58611932853558
      vertex 6.262867520909609 4.435709380481466 43.58611932853558
    endloop
  endfacet
  facet normal 0.015825912964608873 0.38263550600937946 0.9237638280533519
    outer loop
      vertex 6.5 4.057206526348004 43.73615747130329
      vertex 6.5 4.419430645491076 43.58611932853558
      vertex 6.376130983233452 4.4245539031281 43.58611932853558
    endloop
  endfacet
  facet normal 0.032125662151845195 0.19251853533688787 0.9807673298917765
    outer loop
      vertex 6.018508303325476 4.476485722635015 43.58611932853558
      vertex 6.262867520909609 4.435709380481466 43.58611932853558
      vertex 6.093527374709325 4.853632062865671 43.50963054665561
    endloop
  endfacet
  facet normal 0.019211173489079986 0.19505431778055052 0.9806042748878553
    outer loop
      vertex 6.376130983233452 4.4245539031281 43.58611932853558
      vertex 6.337886592293458 4.812855720712122 43.50963054665561
      vertex 6.262867520909609 4.435709380481466 43.58611932853558
    endloop
  endfacet
  facet normal 0.008068728338143833 0.19508397129581895 0.9807533531762496
    outer loop
      vertex 6.376130983233452 4.4245539031281 43.58611932853558
      vertex 6.5 4.419430645491076 43.58611932853558
      vertex 6.5 4.80396571934088 43.50963054665561
    endloop
  endfacet
  facet normal 0.1618117954993008 0.533422002756279 0.8302276253009006
    outer loop
      vertex 5.884243785464605 3.8014924096018383 43.953979093274526
      vertex 5.94784188327985 4.1212216383724645 43.73615747130329
      vertex 5.770980323140762 4.174872006098276 43.73615747130329
    endloop
  endfacet
  facet normal 0.2627680975095478 0.4916045332566079 0.8302276253008962
    outer loop
      vertex 5.192556812614683 4.071382533210329 43.953979093274526
      vertex 5.411913263126209 3.9541340676692798 43.953979093274526
      vertex 5.536665419523857 4.255312415579802 43.73615747130329
    endloop
  endfacet
  facet normal 0.1806332721707862 0.52616673673727 0.8309754425590007
    outer loop
      vertex 5.646228166743114 3.8736936581877544 43.953979093274526
      vertex 5.770980323140762 4.174872006098276 43.73615747130329
      vertex 5.411913263126209 3.9541340676692798 43.953979093274526
    endloop
  endfacet
  facet normal 0.161811795499309 0.53342200275628 0.8302276253008983
    outer loop
      vertex 5.884243785464605 3.8014924096018383 43.953979093274526
      vertex 5.770980323140762 4.174872006098276 43.73615747130329
      vertex 5.646228166743114 3.8736936581877544 43.953979093274526
    endloop
  endfacet
  facet normal 0.18063327217078623 0.5261667367372699 0.8309754425590007
    outer loop
      vertex 5.411913263126209 3.9541340676692798 43.953979093274526
      vertex 5.770980323140762 4.174872006098276 43.73615747130329
      vertex 5.536665419523857 4.255312415579802 43.73615747130329
    endloop
  endfacet
  facet normal 0.26276809750955504 0.49160453325659836 0.8302276253008998
    outer loop
      vertex 5.192556812614683 4.071382533210329 43.953979093274526
      vertex 5.536665419523857 4.255312415579802 43.73615747130329
      vertex 5.373668872186215 4.342435885253305 43.73615747130329
    endloop
  endfacet
  facet normal 0.0914742435373261 0.548175078963915 0.8313462248498994
    outer loop
      vertex 5.884243785464605 3.8014924096018383 43.953979093274526
      vertex 6.192201100863983 4.080445296218915 43.73615747130329
      vertex 5.94784188327985 4.1212216383724645 43.73615747130329
    endloop
  endfacet
  facet normal 0.05463715693312465 0.5547403638365379 0.8302276253008994
    outer loop
      vertex 6.128603003048738 3.760716067448289 43.953979093274526
      vertex 6.376130983233452 4.062329783985028 43.73615747130329
      vertex 6.192201100863983 4.080445296218915 43.73615747130329
    endloop
  endfacet
  facet normal 0.02297247819432255 0.555423616813207 0.8312501856431356
    outer loop
      vertex 6.376130983233452 3.7363366893097343 43.953979093274526
      vertex 6.5 4.057206526348004 43.73615747130329
      vertex 6.376130983233452 4.062329783985028 43.73615747130329
    endloop
  endfacet
  facet normal 0.11154543644207704 0.3677160241727438 0.9232239929592043
    outer loop
      vertex 5.770980323140762 4.174872006098276 43.73615747130329
      vertex 5.94784188327985 4.1212216383724645 43.73615747130329
      vertex 6.018508303325476 4.476485722635015 43.58611932853558
    endloop
  endfacet
  facet normal 0.06301346896407352 0.377619010438454 0.9238144757929465
    outer loop
      vertex 6.192201100863983 4.080445296218915 43.73615747130329
      vertex 6.262867520909609 4.435709380481466 43.58611932853558
      vertex 5.94784188327985 4.1212216383724645 43.73615747130329
    endloop
  endfacet
  facet normal 0.015825912964608866 0.38263550600937946 0.9237638280533519
    outer loop
      vertex 6.376130983233452 4.062329783985028 43.73615747130329
      vertex 6.5 4.057206526348004 43.73615747130329
      vertex 6.376130983233452 4.4245539031281 43.58611932853558
    endloop
  endfacet
  facet normal 0.03766428459219431 0.38241189899193906 0.9232239929592044
    outer loop
      vertex 6.192201100863983 4.080445296218915 43.73615747130329
      vertex 6.376130983233452 4.062329783985028 43.73615747130329
      vertex 6.262867520909609 4.435709380481466 43.58611932853558
    endloop
  endfacet
  facet normal 0.18113995972490277 0.3388890287621076 0.9232239929592039
    outer loop
      vertex 5.536665419523857 4.255312415579802 43.73615747130329
      vertex 5.574909810463851 4.643614233163824 43.58611932853558
      vertex 5.373668872186215 4.342435885253305 43.73615747130329
    endloop
  endfacet
  facet normal 0.12446123120511651 0.36254317428065885 0.9236188871549836
    outer loop
      vertex 5.536665419523857 4.255312415579802 43.73615747130329
      vertex 5.770980323140762 4.174872006098276 43.73615747130329
      vertex 5.6752825887229505 4.5899638654380155 43.58611932853558
    endloop
  endfacet
  facet normal 0.182811384668114 0.3378058511824197 0.9232915057243015
    outer loop
      vertex 5.15578977055219 4.460346158626432 43.73615747130329
      vertex 5.373668872186215 4.342435885253305 43.73615747130329
      vertex 5.357030708829825 4.761524506536951 43.58611932853558
    endloop
  endfacet
  facet normal 0.06346303601975321 0.18486150510732913 0.980713345982713
    outer loop
      vertex 5.6752825887229505 4.5899638654380155 43.58611932853558
      vertex 5.909597492339856 4.50952345595649 43.58611932853558
      vertex 6.0567526942654695 4.864787540219037 43.50963054665561
    endloop
  endfacet
  facet normal 0.09239286580797693 0.17285489411484067 0.9806042748878553
    outer loop
      vertex 5.6752825887229505 4.5899638654380155 43.58611932853558
      vertex 5.788546051046794 4.96334346193445 43.50963054665561
      vertex 5.574909810463851 4.643614233163824 43.58611932853558
    endloop
  endfacet
  facet normal 0.09324035397248195 0.17229308336242866 0.9806229294772549
    outer loop
      vertex 5.574909810463851 4.643614233163824 43.58611932853558
      vertex 5.788546051046794 4.96334346193445 43.50963054665561
      vertex 5.357030708829825 4.761524506536951 43.58611932853558
    endloop
  endfacet
  facet normal 0.12012916077534815 0.15434195227674855 0.9806872827251367
    outer loop
      vertex 5.161530588309233 4.913688354817857 43.58611932853558
      vertex 5.357030708829825 4.761524506536951 43.58611932853558
      vertex 5.570666949412768 5.081253735307577 43.50963054665561
    endloop
  endfacet
  facet normal 0.06346303601975323 0.18486150510732913 0.980713345982713
    outer loop
      vertex 5.6752825887229505 4.5899638654380155 43.58611932853558
      vertex 6.0567526942654695 4.864787540219037 43.50963054665561
      vertex 5.822437790648564 4.945227949700563 43.50963054665561
    endloop
  endfacet
  facet normal 0.09239286580796131 0.17285489411484548 0.9806042748878558
    outer loop
      vertex 5.6752825887229505 4.5899638654380155 43.58611932853558
      vertex 5.822437790648564 4.945227949700563 43.50963054665561
      vertex 5.788546051046794 4.96334346193445 43.50963054665561
    endloop
  endfacet
  facet normal 0.056895245843808596 0.18755848973596556 0.9806042748878552
    outer loop
      vertex 6.018508303325476 4.476485722635015 43.58611932853558
      vertex 6.093527374709325 4.853632062865671 43.50963054665561
      vertex 5.909597492339856 4.50952345595649 43.58611932853558
    endloop
  endfacet
  facet normal 0.056895245843819914 0.18755848973595973 0.9806042748878557
    outer loop
      vertex 5.909597492339856 4.50952345595649 43.58611932853558
      vertex 6.093527374709325 4.853632062865671 43.50963054665561
      vertex 6.0567526942654695 4.864787540219037 43.50963054665561
    endloop
  endfacet
  facet normal 0.03212566215184522 0.19251853533688787 0.9807673298917765
    outer loop
      vertex 6.262867520909609 4.435709380481466 43.58611932853558
      vertex 6.337886592293458 4.812855720712122 43.50963054665561
      vertex 6.093527374709325 4.853632062865671 43.50963054665561
    endloop
  endfacet
  facet normal 0.019211173489070057 0.19505431778054963 0.9806042748878556
    outer loop
      vertex 6.376130983233452 4.4245539031281 43.58611932853558
      vertex 6.376130983233452 4.809088976977904 43.50963054665561
      vertex 6.337886592293458 4.812855720712122 43.50963054665561
    endloop
  endfacet
  facet normal 0.008068728338143837 0.19508397129581895 0.9807533531762496
    outer loop
      vertex 6.376130983233452 4.4245539031281 43.58611932853558
      vertex 6.5 4.80396571934088 43.50963054665561
      vertex 6.376130983233452 4.809088976977904 43.50963054665561
    endloop
  endfacet
  facet normal 0.09324035397248195 0.17229308336242866 0.9806229294772549
    outer loop
      vertex 5.357030708829825 4.761524506536951 43.58611932853558
      vertex 5.788546051046794 4.96334346193445 43.50963054665561
      vertex 5.570666949412768 5.081253735307577 43.50963054665561
    endloop
  endfacet
  facet normal 0.12012916077534815 0.15434195227674855 0.9806872827251367
    outer loop
      vertex 5.161530588309233 4.913688354817857 43.58611932853558
      vertex 5.570666949412768 5.081253735307577 43.50963054665561
      vertex 5.375166828892176 5.2334175835884835 43.50963054665561
    endloop
  endfacet
  facet normal 0.12433987975366213 0.15150858185102395 0.9806042748878553
    outer loop
      vertex 5.161530588309233 4.913688354817857 43.58611932853558
      vertex 5.375166828892176 5.2334175835884835 43.50963054665561
      vertex 5.345460470678702 5.25779696172704 43.50963054665561
    endloop
  endfacet
  facet normal 0 0 1
    outer loop
      vertex 6.0567526942654695 4.864787540219037 43.50963054665561
      vertex 6.093527374709325 4.853632062865671 43.50963054665561
      vertex 7 5.5 43.50963054665561
    endloop
  endfacet
  facet normal 0 0 1
    outer loop
      vertex 6.093527374709325 4.853632062865671 43.50963054665561
      vertex 6.337886592293458 4.812855720712122 43.50963054665561
      vertex 7 5.5 43.50963054665561
    endloop
  endfacet
  facet normal 0 0 1
    outer loop
      vertex 5.822437790648564 4.945227949700563 43.50963054665561
      vertex 7 5.5 43.50963054665561
      vertex 5.788546051046794 4.96334346193445 43.50963054665561
    endloop
  endfacet
  facet normal 0 0 1
    outer loop
      vertex 5.570666949412768 5.081253735307577 43.50963054665561
      vertex 5.788546051046794 4.96334346193445 43.50963054665561
      vertex 7 5.5 43.50963054665561
    endloop
  endfacet
  facet normal 0 0 1
    outer loop
      vertex 6.0567526942654695 4.864787540219037 43.50963054665561
      vertex 7 5.5 43.50963054665561
      vertex 5.822437790648564 4.945227949700563 43.50963054665561
    endloop
  endfacet
  facet normal 0 0 1
    outer loop
      vertex 6.376130983233452 4.809088976977904 43.50963054665561
      vertex 7 5.5 43.50963054665561
      vertex 6.337886592293458 4.812855720712122 43.50963054665561
    endloop
  endfacet
  facet normal 0 0 1
    outer loop
      vertex 6.376130983233452 4.809088976977904 43.50963054665561
      vertex 6.5 4.80396571934088 43.50963054665561
      vertex 7 5.5 43.50963054665561
    endloop
  endfacet
  facet normal 0.3246994744959047 0.9458172398841561 0
    outer loop
      vertex 5.135775447951957 3.287478409191536 45.30396571934088
      vertex 5.135775447951957 3.287478409191536 49
      vertex 5.370090351568862 3.2070379997100105 45.30396571934088
    endloop
  endfacet
  facet normal 0.47139673682598665 0.8819212643483608 6.981345553098688e-19
    outer loop
      vertex 5.135775447951957 3.287478409191536 45.30396571934088
      vertex 4.791666841042769 3.471408291561005 45.30396571934088
      vertex 4.791666841042769 3.471408291561005 49
    endloop
  endfacet
  facet normal 0.4759473930699911 0.8794737511886749 0
    outer loop
      vertex 4.573787739408743 3.589318564934132 45.30396571934088
      vertex 4.573787739408743 3.589318564934132 49
      vertex 4.791666841042769 3.471408291561005 45.30396571934088
    endloop
  endfacet
  facet normal 0.6142127043694494 0.7891405158722794 0
    outer loop
      vertex 4.573787739408743 3.589318564934132 45.30396571934088
      vertex 4.378287618888152 3.7414824132150386 45.30396571934088
      vertex 4.378287618888152 3.7414824132150386 49
    endloop
  endfacet
  facet normal 0.6343932841636513 0.7730104533627321 2.5120818957517793e-18
    outer loop
      vertex 4.378287618888152 3.7414824132150386 45.30396571934088
      vertex 4.076673902351416 3.9890103933997487 45.30396571934088
      vertex 4.076673902351416 3.9890103933997487 49
    endloop
  endfacet
  facet normal 0.47139673682598665 0.8819212643483608 0
    outer loop
      vertex 5.135775447951957 3.287478409191536 45.30396571934088
      vertex 4.791666841042769 3.471408291561005 49
      vertex 5.135775447951957 3.287478409191536 49
    endloop
  endfacet
  facet normal 0.4759473930699911 0.8794737511886749 0
    outer loop
      vertex 4.791666841042769 3.471408291561005 45.30396571934088
      vertex 4.573787739408743 3.589318564934132 49
      vertex 4.791666841042769 3.471408291561005 49
    endloop
  endfacet
  facet normal 0.6142127043694494 0.7891405158722794 0
    outer loop
      vertex 4.573787739408743 3.589318564934132 45.30396571934088
      vertex 4.378287618888152 3.7414824132150386 49
      vertex 4.573787739408743 3.589318564934132 49
    endloop
  endfacet
  facet normal 0.6343932841636513 0.7730104533627321 0
    outer loop
      vertex 4.378287618888152 3.7414824132150386 45.30396571934088
      vertex 4.076673902351416 3.9890103933997487 49
      vertex 4.378287618888152 3.7414824132150386 49
    endloop
  endfacet
  facet normal 0.7730104533627314 0.6343932841636523 -3.0720017192827265e-18
    outer loop
      vertex 3.9088855011053454 4.171277194995437 45.30396571934088
      vertex 3.6613575209206317 4.4728909115321756 45.30396571934088
      vertex 3.6613575209206317 4.4728909115321756 49
    endloop
  endfacet
  facet normal 0.7357239301097214 0.6772815505119757 0
    outer loop
      vertex 3.9088855011053454 4.171277194995437 45.30396571934088
      vertex 3.9088855011053454 4.171277194995437 49
      vertex 4.076673902351416 3.9890103933997487 45.30396571934088
    endloop
  endfacet
  facet normal 0.8371664690032126 0.5469481722948649 0
    outer loop
      vertex 3.6613575209206317 4.4728909115321756 45.30396571934088
      vertex 3.525857656103966 4.680288886559737 45.30396571934088
      vertex 3.525857656103966 4.680288886559737 49
    endloop
  endfacet
  facet normal 0.8819212643483588 0.4713967368259904 1.5262079535168183e-18
    outer loop
      vertex 3.525857656103966 4.680288886559737 45.30396571934088
      vertex 3.341927773734497 5.024397493468921 45.30396571934088
      vertex 3.341927773734497 5.024397493468921 49
    endloop
  endfacet
  facet normal 0.9157733246598184 0.4016954292016562 0
    outer loop
      vertex 3.341927773734497 5.024397493468921 45.30396571934088
      vertex 3.242412536820339 5.2512693788282085 45.30396571934088
      vertex 3.242412536820339 5.2512693788282085 49
    endloop
  endfacet
  facet normal 0.7730104533627314 0.6343932841636523 0
    outer loop
      vertex 3.9088855011053454 4.171277194995437 45.30396571934088
      vertex 3.6613575209206317 4.4728909115321756 49
      vertex 3.9088855011053454 4.171277194995437 49
    endloop
  endfacet
  facet normal 0.8371664690032126 0.5469481722948649 0
    outer loop
      vertex 3.6613575209206317 4.4728909115321756 45.30396571934088
      vertex 3.525857656103966 4.680288886559737 49
      vertex 3.6613575209206317 4.4728909115321756 49
    endloop
  endfacet
  facet normal 0.7357239301097214 0.6772815505119757 0
    outer loop
      vertex 4.076673902351416 3.9890103933997487 45.30396571934088
      vertex 3.9088855011053454 4.171277194995437 49
      vertex 4.076673902351416 3.9890103933997487 49
    endloop
  endfacet
  facet normal 0.8819212643483588 0.4713967368259904 0
    outer loop
      vertex 3.525857656103966 4.680288886559737 45.30396571934088
      vertex 3.341927773734497 5.024397493468921 49
      vertex 3.525857656103966 4.680288886559737 49
    endloop
  endfacet
  facet normal 0.9157733246598184 0.4016954292016562 0
    outer loop
      vertex 3.341927773734497 5.024397493468921 45.30396571934088
      vertex 3.242412536820339 5.2512693788282085 49
      vertex 3.341927773734497 5.024397493468921 49
    endloop
  endfacet
  facet normal 0.16459459304781118 0.9863613029409788 0
    outer loop
      vertex 5.743469948065297 3.0937745373861674 45.30396571934088
      vertex 5.743469948065297 3.0937745373861674 49
      vertex 5.98782916564943 3.052998195232618 45.30396571934088
    endloop
  endfacet
  facet normal 0.29028467725446716 0.9569403357322074 2.076603640062655e-18
    outer loop
      vertex 5.743469948065297 3.0937745373861674 45.30396571934088
      vertex 5.370090351568862 3.2070379997100105 45.30396571934088
      vertex 5.370090351568862 3.2070379997100105 49
    endloop
  endfacet
  facet normal 0.09801714032955766 0.9951847266721972 0
    outer loop
      vertex 5.98782916564943 3.052998195232618 45.30396571934088
      vertex 5.98782916564943 3.052998195232618 49
      vertex 6.376130983233452 3.0147538042926314 45.30396571934088
    endloop
  endfacet
  facet normal 0.04132495175586508 0.999145759317616 0
    outer loop
      vertex 6.376130983233452 3.0147538042926314 45.30396571934088
      vertex 6.376130983233452 3.0147538042926314 49
      vertex 6.5 3.0096305466556075 45.30396571934088
    endloop
  endfacet
  facet normal 0.3246994744959047 0.9458172398841561 0
    outer loop
      vertex 5.370090351568862 3.2070379997100105 45.30396571934088
      vertex 5.135775447951957 3.287478409191536 49
      vertex 5.370090351568862 3.2070379997100105 49
    endloop
  endfacet
  facet normal 0.29028467725446716 0.9569403357322074 0
    outer loop
      vertex 5.743469948065297 3.0937745373861674 45.30396571934088
      vertex 5.370090351568862 3.2070379997100105 49
      vertex 5.743469948065297 3.0937745373861674 49
    endloop
  endfacet
  facet normal 0.16459459304781118 0.9863613029409788 0
    outer loop
      vertex 5.98782916564943 3.052998195232618 45.30396571934088
      vertex 5.743469948065297 3.0937745373861674 49
      vertex 5.98782916564943 3.052998195232618 49
    endloop
  endfacet
  facet normal 0.09801714032955766 0.9951847266721972 0
    outer loop
      vertex 6.376130983233452 3.0147538042926314 45.30396571934088
      vertex 5.98782916564943 3.052998195232618 49
      vertex 6.376130983233452 3.0147538042926314 49
    endloop
  endfacet
  facet normal 0.04132495175586508 0.999145759317616 0
    outer loop
      vertex 6.5 3.0096305466556075 45.30396571934088
      vertex 6.376130983233452 3.0147538042926314 49
      vertex 6.5 3.0096305466556075 49
    endloop
  endfacet
  facet normal 0.33888902876208926 0.18113995972492564 0.9232239929592059
    outer loop
      vertex 4.698063597706792 5.463531855980818 43.58611932853558
      vertex 4.6444132299809695 5.563904634239922 43.58611932853558
      vertex 4.39688524979627 5.262290917703183 43.73615747130329
    endloop
  endfacet
  facet normal 0.32038433999476157 0.20931754397745586 0.9238723074480406
    outer loop
      vertex 4.532385114612936 5.054892942675622 43.73615747130329
      vertex 4.833563462523458 5.256133880953257 43.58611932853558
      vertex 4.698063597706792 5.463531855980818 43.58611932853558
    endloop
  endfacet
  facet normal 0.16333146549019895 0.10670977617447229 0.9807832869954596
    outer loop
      vertex 4.833563462523458 5.256133880953257 43.58611932853558
      vertex 5.153292691294084 5.469770121536202 43.50963054665561
      vertex 4.698063597706792 5.463531855980818 43.58611932853558
    endloop
  endfacet
  facet normal 0.1515085818510288 0.12433987975365912 0.9806042748878548
    outer loop
      vertex 4.90576471110937 5.168156404999463 43.58611932853558
      vertex 5.1776720694326315 5.440063763322728 43.50963054665561
      vertex 4.833563462523458 5.256133880953257 43.58611932853558
    endloop
  endfacet
  facet normal 0.15150858185104338 0.12433987975363256 0.9806042748878561
    outer loop
      vertex 4.833563462523458 5.256133880953257 43.58611932853558
      vertex 5.1776720694326315 5.440063763322728 43.50963054665561
      vertex 5.153292691294084 5.469770121536202 43.50963054665561
    endloop
  endfacet
  facet normal 0.17285489411482993 0.09239286580799239 0.9806042748878557
    outer loop
      vertex 4.698063597706792 5.463531855980818 43.58611932853558
      vertex 5.017792826477418 5.677168096563763 43.50963054665561
      vertex 4.6444132299809695 5.563904634239922 43.58611932853558
    endloop
  endfacet
  facet normal 0.16333146549019895 0.10670977617447229 0.9807832869954596
    outer loop
      vertex 5.153292691294084 5.469770121536202 43.50963054665561
      vertex 5.017792826477418 5.677168096563763 43.50963054665561
      vertex 4.698063597706792 5.463531855980818 43.58611932853558
    endloop
  endfacet
  facet normal 0.3505151787360591 0.15375021457016066 0.9238506269929453
    outer loop
      vertex 4.6444132299809695 5.563904634239922 43.58611932853558
      vertex 4.544897993066812 5.790776519599209 43.58611932853558
      vertex 4.210246543208598 5.652159350400117 43.73615747130329
    endloop
  endfacet
  facet normal 0.3677160241727423 0.11154543644204783 0.9232239929592083
    outer loop
      vertex 4.544897993066812 5.790776519599209 43.58611932853558
      vertex 4.511860259745347 5.899687330584827 43.58611932853558
      vertex 4.15659617548279 5.829020910539196 43.73615747130329
    endloop
  endfacet
  facet normal 0.1728548941148305 0.09239286580799067 0.9806042748878557
    outer loop
      vertex 4.6444132299809695 5.563904634239922 43.58611932853558
      vertex 5.017792826477418 5.677168096563763 43.50963054665561
      vertex 4.999677314243527 5.711059836165527 43.50963054665561
    endloop
  endfacet
  facet normal 0.17869522635215737 0.07838299469192489 0.9807773051116532
    outer loop
      vertex 4.6444132299809695 5.563904634239922 43.58611932853558
      vertex 4.999677314243527 5.711059836165527 43.50963054665561
      vertex 4.544897993066812 5.790776519599209 43.58611932853558
    endloop
  endfacet
  facet normal 0.17869522635215737 0.07838299469192489 0.9807773051116532
    outer loop
      vertex 4.544897993066812 5.790776519599209 43.58611932853558
      vertex 4.999677314243527 5.711059836165527 43.50963054665561
      vertex 4.9001620773293695 5.937931721524814 43.50963054665561
    endloop
  endfacet
  facet normal 0.18755848973595546 0.05689524584382027 0.9806042748878565
    outer loop
      vertex 4.544897993066812 5.790776519599209 43.58611932853558
      vertex 4.9001620773293695 5.937931721524814 43.50963054665561
      vertex 4.889006599976 5.97470640196868 43.50963054665561
    endloop
  endfacet
  facet normal 0.18755848973597 0.05689524584379251 0.9806042748878552
    outer loop
      vertex 4.544897993066812 5.790776519599209 43.58611932853558
      vertex 4.889006599976 5.97470640196868 43.50963054665561
      vertex 4.511860259745347 5.899687330584827 43.58611932853558
    endloop
  endfacet
  facet normal 0.6476186844760865 0.2840718968487857 0.7070312559839177
    outer loop
      vertex 3.7524523012568523 5.194442320455488 44.23121343167271
      vertex 4.008583432212248 5.30053530864317 43.953979093274526
      vertex 3.6529370643426944 5.421314205814776 44.23121343167271
    endloop
  endfacet
  facet normal 0.761487888030429 0.3340195611483586 0.5554881899313563
    outer loop
      vertex 3.7524523012568523 5.194442320455488 44.23121343167271
      vertex 3.6529370643426944 5.421314205814776 44.23121343167271
      vertex 3.451696126065059 5.337957479875492 44.557206526348004
    endloop
  endfacet
  facet normal 0.6476186844760865 0.2840718968487857 0.7070312559839177
    outer loop
      vertex 3.90906819529809 5.527407194002457 43.953979093274526
      vertex 3.6529370643426944 5.421314205814776 44.23121343167271
      vertex 4.008583432212248 5.30053530864317 43.953979093274526
    endloop
  endfacet
  facet normal 0.678290106046464 0.20575705419289467 0.7053981618131271
    outer loop
      vertex 3.90906819529809 5.527407194002457 43.953979093274526
      vertex 3.8368669467121634 5.765422812723958 43.953979093274526
      vertex 3.6529370643426944 5.421314205814776 44.23121343167271
    endloop
  endfacet
  facet normal 0.7968491718961515 0.2417215536299496 0.5537166132229925
    outer loop
      vertex 3.6529370643426944 5.421314205814776 44.23121343167271
      vertex 3.564959588388902 5.7113370763719296 44.23121343167271
      vertex 3.451696126065059 5.337957479875492 44.557206526348004
    endloop
  endfacet
  facet normal 0.6782901060464872 0.2057570541928701 0.7053981618131121
    outer loop
      vertex 3.8368669467121634 5.765422812723958 43.953979093274526
      vertex 3.564959588388902 5.7113370763719296 44.23121343167271
      vertex 3.6529370643426944 5.421314205814776 44.23121343167271
    endloop
  endfacet
  facet normal 0.685927083050449 0.17370033093819948 0.7066344399828403
    outer loop
      vertex 3.8368669467121634 5.765422812723958 43.953979093274526
      vertex 3.504143494109613 5.951494397467396 44.23121343167271
      vertex 3.564959588388902 5.7113370763719296 44.23121343167271
    endloop
  endfacet
  facet normal 0.8063588882742797 0.20419780645678248 0.555057293564643
    outer loop
      vertex 3.564959588388902 5.7113370763719296 44.23121343167271
      vertex 3.504143494109613 5.951494397467396 44.23121343167271
      vertex 3.351323347805959 5.668842185999486 44.557206526348004
    endloop
  endfacet
  facet normal 0.3203843399947615 0.20931754397745586 0.9238723074480406
    outer loop
      vertex 4.532385114612936 5.054892942675622 43.73615747130329
      vertex 4.698063597706792 5.463531855980818 43.58611932853558
      vertex 4.39688524979627 5.262290917703183 43.73615747130329
    endloop
  endfacet
  facet normal 0.4916045332565792 0.26276809750956825 0.8302276253009069
    outer loop
      vertex 4.125831897753287 5.081178858131647 43.953979093274526
      vertex 4.39688524979627 5.262290917703183 43.73615747130329
      vertex 4.309761780122756 5.42528746504083 43.73615747130329
    endloop
  endfacet
  facet normal 0.491604533256622 0.2627680975095357 0.8302276253008918
    outer loop
      vertex 4.125831897753287 5.081178858131647 43.953979093274526
      vertex 4.309761780122756 5.42528746504083 43.73615747130329
      vertex 4.008583432212248 5.30053530864317 43.953979093274526
    endloop
  endfacet
  facet normal 0.508851533434122 0.22320298005914307 0.8314147861413461
    outer loop
      vertex 4.008583432212248 5.30053530864317 43.953979093274526
      vertex 4.309761780122756 5.42528746504083 43.73615747130329
      vertex 4.210246543208598 5.652159350400117 43.73615747130329
    endloop
  endfacet
  facet normal 0.3388890287621007 0.18113995972491528 0.9232239929592039
    outer loop
      vertex 4.6444132299809695 5.563904634239922 43.58611932853558
      vertex 4.309761780122756 5.42528746504083 43.73615747130329
      vertex 4.39688524979627 5.262290917703183 43.73615747130329
    endloop
  endfacet
  facet normal 0.3505151787360591 0.15375021457016066 0.9238506269929453
    outer loop
      vertex 4.6444132299809695 5.563904634239922 43.58611932853558
      vertex 4.210246543208598 5.652159350400117 43.73615747130329
      vertex 4.309761780122756 5.42528746504083 43.73615747130329
    endloop
  endfacet
  facet normal 0.508851533434122 0.22320298005914302 0.8314147861413461
    outer loop
      vertex 3.90906819529809 5.527407194002457 43.953979093274526
      vertex 4.008583432212248 5.30053530864317 43.953979093274526
      vertex 4.210246543208598 5.652159350400117 43.73615747130329
    endloop
  endfacet
  facet normal 0.5334220027562859 0.16181179549932737 0.8302276253008911
    outer loop
      vertex 3.90906819529809 5.527407194002457 43.953979093274526
      vertex 4.210246543208598 5.652159350400117 43.73615747130329
      vertex 3.8368669467121634 5.765422812723958 43.953979093274526
    endloop
  endfacet
  facet normal 0.5334220027562818 0.16181179549929903 0.8302276253008991
    outer loop
      vertex 3.8368669467121634 5.765422812723958 43.953979093274526
      vertex 4.210246543208598 5.652159350400117 43.73615747130329
      vertex 4.15659617548279 5.829020910539196 43.73615747130329
    endloop
  endfacet
  facet normal 0.539067223887184 0.13651036312886555 0.8311266142345521
    outer loop
      vertex 3.8368669467121634 5.765422812723958 43.953979093274526
      vertex 4.15659617548279 5.829020910539196 43.73615747130329
      vertex 4.0957800812035 6.0691782316346625 43.73615747130329
    endloop
  endfacet
  facet normal 0.3677160241727435 0.11154543644207522 0.9232239929592045
    outer loop
      vertex 4.544897993066812 5.790776519599209 43.58611932853558
      vertex 4.15659617548279 5.829020910539196 43.73615747130329
      vertex 4.210246543208598 5.652159350400117 43.73615747130329
    endloop
  endfacet
  facet normal 0.37139647101856355 0.09405036121085648 0.9236986472172972
    outer loop
      vertex 4.511860259745347 5.899687330584827 43.58611932853558
      vertex 4.451044165466058 6.139844651680294 43.58611932853558
      vertex 4.15659617548279 5.829020910539196 43.73615747130329
    endloop
  endfacet
  facet normal 0.38241189899193023 0.03766428459220455 0.9232239929592077
    outer loop
      vertex 4.451044165466058 6.139844651680294 43.58611932853558
      vertex 4.439888688112688 6.253108114004135 43.58611932853558
      vertex 4.0957800812035 6.0691782316346625 43.73615747130329
    endloop
  endfacet
  facet normal 0.19505431778055088 0.01921117348908644 0.9806042748878551
    outer loop
      vertex 4.451044165466058 6.139844651680294 43.58611932853558
      vertex 4.8281905056967105 6.214863723064147 43.50963054665561
      vertex 4.439888688112688 6.253108114004135 43.58611932853558
    endloop
  endfacet
  facet normal 0.18936371806618374 0.04795340686870766 0.9807353634135129
    outer loop
      vertex 4.511860259745347 5.899687330584827 43.58611932853558
      vertex 4.889006599976 5.97470640196868 43.50963054665561
      vertex 4.451044165466058 6.139844651680294 43.58611932853558
    endloop
  endfacet
  facet normal 0 0 1
    outer loop
      vertex 4.999677314243527 5.711059836165527 43.50963054665561
      vertex 5.68078937381506 6.286078907549381 43.50963054665561
      vertex 4.9001620773293695 5.937931721524814 43.50963054665561
    endloop
  endfacet
  facet normal 0 0 1
    outer loop
      vertex 4.9001620773293695 5.937931721524814 43.50963054665561
      vertex 5.68078937381506 6.286078907549381 43.50963054665561
      vertex 4.889006599976 5.97470640196868 43.50963054665561
    endloop
  endfacet
  facet normal 0.18936371806618374 0.047953406868707624 0.9807353634135129
    outer loop
      vertex 4.451044165466058 6.139844651680294 43.58611932853558
      vertex 4.889006599976 5.97470640196868 43.50963054665561
      vertex 4.8281905056967105 6.214863723064147 43.50963054665561
    endloop
  endfacet
  facet normal 0 0 1
    outer loop
      vertex 4.889006599976 5.97470640196868 43.50963054665561
      vertex 5.581274136900902 6.5129507929086685 43.50963054665561
      vertex 4.8281905056967105 6.214863723064147 43.50963054665561
    endloop
  endfacet
  facet normal 0.38249117803088767 0.03169411903102297 0.9234153894902288
    outer loop
      vertex 4.439888688112688 6.253108114004135 43.58611932853558
      vertex 4.419430645491076 6.5 43.58611932853558
      vertex 4.057206526348011 6.5 43.73615747130329
    endloop
  endfacet
  facet normal 0.19506483572762345 0.016163531284946357 0.9806571521785562
    outer loop
      vertex 4.439888688112688 6.253108114004135 43.58611932853558
      vertex 4.80396571934088 6.5 43.50963054665561
      vertex 4.419430645491076 6.5 43.58611932853558
    endloop
  endfacet
  facet normal 0.19505431778054963 0.019211173489072628 0.9806042748878556
    outer loop
      vertex 4.8281905056967105 6.214863723064147 43.50963054665561
      vertex 4.824423761962493 6.253108114004135 43.50963054665561
      vertex 4.439888688112688 6.253108114004135 43.58611932853558
    endloop
  endfacet
  facet normal 0.19506483572762345 0.01616353128494636 0.9806571521785562
    outer loop
      vertex 4.439888688112688 6.253108114004135 43.58611932853558
      vertex 4.824423761962493 6.253108114004135 43.50963054665561
      vertex 4.80396571934088 6.5 43.50963054665561
    endloop
  endfacet
  facet normal 0 0 1
    outer loop
      vertex 4.8281905056967105 6.214863723064147 43.50963054665561
      vertex 5.581274136900902 6.5129507929086685 43.50963054665561
      vertex 4.824423761962493 6.253108114004135 43.50963054665561
    endloop
  endfacet
  facet normal 0 0 1
    outer loop
      vertex 4.824423761962493 6.253108114004135 43.50963054665561
      vertex 5.581274136900902 6.5129507929086685 43.50963054665561
      vertex 4.80396571934088 6.5 43.50963054665561
    endloop
  endfacet
  facet normal 0.5390672238871839 0.1365103631288655 0.8311266142345521
    outer loop
      vertex 3.8368669467121634 5.765422812723958 43.953979093274526
      vertex 4.0957800812035 6.0691782316346625 43.73615747130329
      vertex 3.776050852432874 6.005580133819425 43.953979093274526
    endloop
  endfacet
  facet normal 0.554740363836542 0.05463715693310539 0.8302276253008981
    outer loop
      vertex 3.776050852432874 6.005580133819425 43.953979093274526
      vertex 4.0957800812035 6.0691782316346625 43.73615747130329
      vertex 3.7516714742943265 6.253108114004135 43.953979093274526
    endloop
  endfacet
  facet normal 0.7053981618131173 0.06947565488253946 0.705398161813112
    outer loop
      vertex 3.776050852432874 6.005580133819425 43.953979093274526
      vertex 3.474437135896139 6.253108114004135 44.23121343167271
      vertex 3.504143494109613 5.951494397467396 44.23121343167271
    endloop
  endfacet
  facet normal 0.6859270830504491 0.17370033093819942 0.7066344399828401
    outer loop
      vertex 3.8368669467121634 5.765422812723958 43.953979093274526
      vertex 3.776050852432874 6.005580133819425 43.953979093274526
      vertex 3.504143494109613 5.951494397467396 44.23121343167271
    endloop
  endfacet
  facet normal 0.705398161813107 0.06947565488251212 0.7053981618131251
    outer loop
      vertex 3.776050852432874 6.005580133819425 43.953979093274526
      vertex 3.7516714742943265 6.253108114004135 43.953979093274526
      vertex 3.474437135896139 6.253108114004135 44.23121343167271
    endloop
  endfacet
  facet normal 0.8286954742331494 0.0816193802129554 0.5537166132229994
    outer loop
      vertex 3.504143494109613 5.951494397467396 44.23121343167271
      vertex 3.474437135896139 6.253108114004135 44.23121343167271
      vertex 3.256615513924899 6.253108114004135 44.557206526348004
    endloop
  endfacet
  facet normal 0.5549824570818974 0.04598715229312508 0.8305899434470109
    outer loop
      vertex 3.7516714742943265 6.253108114004135 43.953979093274526
      vertex 4.057206526348011 6.5 43.73615747130329
      vertex 3.731213431672714 6.5 43.953979093274526
    endloop
  endfacet
  facet normal 0.7058961187634974 0.05849221340686903 0.7058961187635157
    outer loop
      vertex 3.7516714742943265 6.253108114004135 43.953979093274526
      vertex 3.731213431672714 6.5 43.953979093274526
      vertex 3.474437135896139 6.253108114004135 44.23121343167271
    endloop
  endfacet
  facet normal 0.7058961187634974 0.058492213406868956 0.7058961187635157
    outer loop
      vertex 3.731213431672714 6.5 43.953979093274526
      vertex 3.4539790932745262 6.5 44.23121343167271
      vertex 3.474437135896139 6.253108114004135 44.23121343167271
    endloop
  endfacet
  facet normal 0.8295031715207434 0.06873458465143069 0.554256299296475
    outer loop
      vertex 3.474437135896139 6.253108114004135 44.23121343167271
      vertex 3.4539790932745262 6.5 44.23121343167271
      vertex 3.2361574713032866 6.5 44.557206526348004
    endloop
  endfacet
  facet normal 0.37139647101856355 0.09405036121085648 0.9236986472172972
    outer loop
      vertex 4.15659617548279 5.829020910539196 43.73615747130329
      vertex 4.451044165466058 6.139844651680294 43.58611932853558
      vertex 4.0957800812035 6.0691782316346625 43.73615747130329
    endloop
  endfacet
  facet normal 0.38241189899194544 0.03766428459217204 0.9232239929592027
    outer loop
      vertex 4.0957800812035 6.0691782316346625 43.73615747130329
      vertex 4.439888688112688 6.253108114004135 43.58611932853558
      vertex 4.077664568969624 6.253108114004135 43.73615747130329
    endloop
  endfacet
  facet normal 0.5547403638365371 0.05463715693309125 0.8302276253009022
    outer loop
      vertex 3.7516714742943265 6.253108114004135 43.953979093274526
      vertex 4.0957800812035 6.0691782316346625 43.73615747130329
      vertex 4.077664568969624 6.253108114004135 43.73615747130329
    endloop
  endfacet
  facet normal 0.38249117803088767 0.031694119031022996 0.9234153894902288
    outer loop
      vertex 4.439888688112688 6.253108114004135 43.58611932853558
      vertex 4.057206526348011 6.5 43.73615747130329
      vertex 4.077664568969624 6.253108114004135 43.73615747130329
    endloop
  endfacet
  facet normal 0.5549824570818974 0.045987152293125076 0.8305899434470109
    outer loop
      vertex 3.7516714742943265 6.253108114004135 43.953979093274526
      vertex 4.077664568969624 6.253108114004135 43.73615747130329
      vertex 4.057206526348011 6.5 43.73615747130329
    endloop
  endfacet
  facet normal 0.7968491718961543 0.2417215536299465 0.5537166132229898
    outer loop
      vertex 3.451696126065059 5.337957479875492 44.557206526348004
      vertex 3.564959588388902 5.7113370763719296 44.23121343167271
      vertex 3.351323347805959 5.668842185999486 44.557206526348004
    endloop
  endfacet
  facet normal 0.884720194382847 0.2683769368864699 0.3811089049059513
    outer loop
      vertex 3.451696126065059 5.337957479875492 44.557206526348004
      vertex 3.351323347805959 5.668842185999486 44.557206526348004
      vertex 3.2041681458803453 5.639571196412232 44.919430645491076
    endloop
  endfacet
  facet normal 0.9387246374578109 0.2847590055933352 0.19418641498106032
    outer loop
      vertex 3.313078956865965 5.280540368415462 44.919430645491076
      vertex 3.2041681458803453 5.639571196412232 44.919430645491076
      vertex 3.242412536820339 5.2512693788282085 45.30396571934088
    endloop
  endfacet
  facet normal 0.8847201943828475 0.2683769368864834 0.38110890490594035
    outer loop
      vertex 3.451696126065059 5.337957479875492 44.557206526348004
      vertex 3.2041681458803453 5.639571196412232 44.919430645491076
      vertex 3.313078956865965 5.280540368415462 44.919430645491076
    endloop
  endfacet
  facet normal 0.8957840487359957 0.2268433330006866 0.38224735486761274
    outer loop
      vertex 3.351323347805959 5.668842185999486 44.557206526348004
      vertex 3.2905072535266697 5.908999507094952 44.557206526348004
      vertex 3.143352051601056 5.879728517507699 44.919430645491076
    endloop
  endfacet
  facet normal 0.8063588882742797 0.20419780645678248 0.555057293564643
    outer loop
      vertex 3.351323347805959 5.668842185999486 44.557206526348004
      vertex 3.504143494109613 5.951494397467396 44.23121343167271
      vertex 3.2905072535266697 5.908999507094952 44.557206526348004
    endloop
  endfacet
  facet normal 0.8957840487359957 0.22684333300068657 0.38224735486761274
    outer loop
      vertex 3.351323347805959 5.668842185999486 44.557206526348004
      vertex 3.143352051601056 5.879728517507699 44.919430645491076
      vertex 3.2041681458803453 5.639571196412232 44.919430645491076
    endloop
  endfacet
  facet normal 0.9508217784958348 0.24078077928266717 0.1948398364453455
    outer loop
      vertex 3.2041681458803453 5.639571196412232 44.919430645491076
      vertex 3.143352051601056 5.879728517507699 44.919430645491076
      vertex 3.129149074496496 5.6246489753246465 45.30396571934088
    endloop
  endfacet
  facet normal 0.9387246374578112 0.28475900559333434 0.19418641498105935
    outer loop
      vertex 3.242412536820339 5.2512693788282085 45.30396571934088
      vertex 3.2041681458803453 5.639571196412232 44.919430645491076
      vertex 3.129149074496496 5.6246489753246465 45.30396571934088
    endloop
  endfacet
  facet normal 0.9508217784958348 0.24078077928266717 0.1948398364453455
    outer loop
      vertex 3.143352051601056 5.879728517507699 44.919430645491076
      vertex 3.068332980217207 5.864806296420113 45.30396571934088
      vertex 3.129149074496496 5.6246489753246465 45.30396571934088
    endloop
  endfacet
  facet normal 0.9200782869650614 0.09061980168166174 0.38110890490595234
    outer loop
      vertex 3.2905072535266697 5.908999507094952 44.557206526348004
      vertex 3.256615513924899 6.253108114004135 44.557206526348004
      vertex 3.143352051601056 5.879728517507699 44.919430645491076
    endloop
  endfacet
  facet normal 0.8286954742331543 0.08161938021296956 0.5537166132229899
    outer loop
      vertex 3.504143494109613 5.951494397467396 44.23121343167271
      vertex 3.256615513924899 6.253108114004135 44.557206526348004
      vertex 3.2905072535266697 5.908999507094952 44.557206526348004
    endloop
  endfacet
  facet normal 0.9200782869650805 0.0906198016816209 0.3811089049059162
    outer loop
      vertex 3.256615513924899 6.253108114004135 44.557206526348004
      vertex 3.1065773711572007 6.253108114004135 44.919430645491076
      vertex 3.143352051601056 5.879728517507699 44.919430645491076
    endloop
  endfacet
  facet normal 0.9762410328686714 0.09615134934205581 0.19418641498109937
    outer loop
      vertex 3.143352051601056 5.879728517507699 44.919430645491076
      vertex 3.1065773711572007 6.253108114004135 44.919430645491076
      vertex 3.030088589277213 6.253108114004135 45.30396571934088
    endloop
  endfacet
  facet normal 0.9211841106843284 0.07633148300000382 0.38156695208802244
    outer loop
      vertex 3.256615513924899 6.253108114004135 44.557206526348004
      vertex 3.2361574713032866 6.5 44.557206526348004
      vertex 3.1065773711572007 6.253108114004135 44.919430645491076
    endloop
  endfacet
  facet normal 0.8295031715207434 0.0687345846514307 0.554256299296475
    outer loop
      vertex 3.474437135896139 6.253108114004135 44.23121343167271
      vertex 3.2361574713032866 6.5 44.557206526348004
      vertex 3.256615513924899 6.253108114004135 44.557206526348004
    endloop
  endfacet
  facet normal 0.9775622715634991 0.0810031100708648 0.1944492256977612
    outer loop
      vertex 3.1065773711572007 6.253108114004135 44.919430645491076
      vertex 3.086119328535588 6.5 44.919430645491076
      vertex 3.030088589277213 6.253108114004135 45.30396571934088
    endloop
  endfacet
  facet normal 0.9211841106843284 0.07633148300000384 0.38156695208802244
    outer loop
      vertex 3.2361574713032866 6.5 44.557206526348004
      vertex 3.086119328535588 6.5 44.919430645491076
      vertex 3.1065773711572007 6.253108114004135 44.919430645491076
    endloop
  endfacet
  facet normal 0.9762410328686751 0.09615134934209826 0.19418641498105926
    outer loop
      vertex 3.143352051601056 5.879728517507699 44.919430645491076
      vertex 3.030088589277213 6.253108114004135 45.30396571934088
      vertex 3.068332980217207 5.864806296420113 45.30396571934088
    endloop
  endfacet
  facet normal 0.9775622715634991 0.0810031100708648 0.1944492256977612
    outer loop
      vertex 3.086119328535588 6.5 44.919430645491076
      vertex 3.0096305466556004 6.5 45.30396571934088
      vertex 3.030088589277213 6.253108114004135 45.30396571934088
    endloop
  endfacet
  facet normal 0 0 1
    outer loop
      vertex 5.570666949412768 5.081253735307577 43.50963054665561
      vertex 6.631771765649319 5.545899599790573 43.50963054665561
      vertex 5.375166828892176 5.2334175835884835 43.50963054665561
    endloop
  endfacet
  facet normal 0 0 1
    outer loop
      vertex 5.375166828892176 5.2334175835884835 43.50963054665561
      vertex 6.631771765649319 5.545899599790573 43.50963054665561
      vertex 5.345460470678702 5.25779696172704 43.50963054665561
    endloop
  endfacet
  facet normal 0 0 1
    outer loop
      vertex 5.1776720694326315 5.440063763322728 43.50963054665561
      vertex 5.345460470678702 5.25779696172704 43.50963054665561
      vertex 6.179577760398388 5.7442502826452255 43.50963054665561
    endloop
  endfacet
  facet normal 0 0 1
    outer loop
      vertex 5.1776720694326315 5.440063763322728 43.50963054665561
      vertex 6.179577760398388 5.7442502826452255 43.50963054665561
      vertex 5.153292691294084 5.469770121536202 43.50963054665561
    endloop
  endfacet
  facet normal 0 0 1
    outer loop
      vertex 5.570666949412768 5.081253735307577 43.50963054665561
      vertex 6.876130983233452 5.505123257637024 43.50963054665561
      vertex 6.631771765649319 5.545899599790573 43.50963054665561
    endloop
  endfacet
  facet normal 0 0 1
    outer loop
      vertex 5.570666949412768 5.081253735307577 43.50963054665561
      vertex 7 5.5 43.50963054665561
      vertex 6.876130983233452 5.505123257637024 43.50963054665561
    endloop
  endfacet
  facet normal 0 0 1
    outer loop
      vertex 5.345460470678702 5.25779696172704 43.50963054665561
      vertex 6.631771765649319 5.545899599790573 43.50963054665561
      vertex 6.3974568620324135 5.6263400092720985 43.50963054665561
    endloop
  endfacet
  facet normal 0 0 1
    outer loop
      vertex 5.345460470678702 5.25779696172704 43.50963054665561
      vertex 6.3974568620324135 5.6263400092720985 43.50963054665561
      vertex 6.179577760398388 5.7442502826452255 43.50963054665561
    endloop
  endfacet
  facet normal 0 0 1
    outer loop
      vertex 5.153292691294084 5.469770121536202 43.50963054665561
      vertex 5.984077639877796 5.896414130926132 43.50963054665561
      vertex 5.017792826477418 5.677168096563763 43.50963054665561
    endloop
  endfacet
  facet normal 0 0 1
    outer loop
      vertex 5.153292691294084 5.469770121536202 43.50963054665561
      vertex 6.179577760398388 5.7442502826452255 43.50963054665561
      vertex 5.984077639877796 5.896414130926132 43.50963054665561
    endloop
  endfacet
  facet normal 0 0 1
    outer loop
      vertex 5.017792826477418 5.677168096563763 43.50963054665561
      vertex 5.816289238631725 6.07868093252182 43.50963054665561
      vertex 4.999677314243527 5.711059836165527 43.50963054665561
    endloop
  endfacet
  facet normal 0 0 1
    outer loop
      vertex 5.017792826477418 5.677168096563763 43.50963054665561
      vertex 5.984077639877796 5.896414130926132 43.50963054665561
      vertex 5.816289238631725 6.07868093252182 43.50963054665561
    endloop
  endfacet
  facet normal 0 0 1
    outer loop
      vertex 4.999677314243527 5.711059836165527 43.50963054665561
      vertex 5.816289238631725 6.07868093252182 43.50963054665561
      vertex 5.68078937381506 6.286078907549381 43.50963054665561
    endloop
  endfacet
  facet normal 0 0 1
    outer loop
      vertex 4.889006599976 5.97470640196868 43.50963054665561
      vertex 5.68078937381506 6.286078907549381 43.50963054665561
      vertex 5.581274136900902 6.5129507929086685 43.50963054665561
    endloop
  endfacet
  facet normal 0 0 1
    outer loop
      vertex 4.80396571934088 6.5 43.50963054665561
      vertex 5.581274136900902 6.5129507929086685 43.50963054665561
      vertex 5.5204580426216125 6.753108114004135 43.50963054665561
    endloop
  endfacet
  facet normal 0 0 1
    outer loop
      vertex 4.80396571934088 6.5 43.50963054665561
      vertex 5.5204580426216125 6.753108114004135 43.50963054665561
      vertex 5.5 7 43.50963054665561
    endloop
  endfacet
  facet normal 0.9569403357322082 0.29028467725446466 2.120424178574637e-18
    outer loop
      vertex 3.242412536820339 5.2512693788282085 45.30396571934088
      vertex 3.129149074496496 5.6246489753246465 45.30396571934088
      vertex 3.129149074496496 5.6246489753246465 49
    endloop
  endfacet
  facet normal 0.969400264940313 0.24548549108583023 0
    outer loop
      vertex 3.129149074496496 5.6246489753246465 45.30396571934088
      vertex 3.068332980217207 5.864806296420113 45.30396571934088
      vertex 3.068332980217207 5.864806296420113 49
    endloop
  endfacet
  facet normal 0.9951847266721954 0.09801714032957569 -2.5230017390004753e-20
    outer loop
      vertex 3.068332980217207 5.864806296420113 45.30396571934088
      vertex 3.030088589277213 6.253108114004135 45.30396571934088
      vertex 3.030088589277213 6.253108114004135 49
    endloop
  endfacet
  facet normal 0.996584493778003 0.08257933616372483 0
    outer loop
      vertex 3.030088589277213 6.253108114004135 45.30396571934088
      vertex 3.0096305466556004 6.5 45.30396571934088
      vertex 3.0096305466556004 6.5 49
    endloop
  endfacet
  facet normal 0.9569403357322082 0.29028467725446466 0
    outer loop
      vertex 3.242412536820339 5.2512693788282085 45.30396571934088
      vertex 3.129149074496496 5.6246489753246465 49
      vertex 3.242412536820339 5.2512693788282085 49
    endloop
  endfacet
  facet normal 0.969400264940313 0.24548549108583023 0
    outer loop
      vertex 3.129149074496496 5.6246489753246465 45.30396571934088
      vertex 3.068332980217207 5.864806296420113 49
      vertex 3.129149074496496 5.6246489753246465 49
    endloop
  endfacet
  facet normal 0.9951847266721954 0.09801714032957569 0
    outer loop
      vertex 3.068332980217207 5.864806296420113 45.30396571934088
      vertex 3.030088589277213 6.253108114004135 49
      vertex 3.068332980217207 5.864806296420113 49
    endloop
  endfacet
  facet normal 0.996584493778003 0.08257933616372483 0
    outer loop
      vertex 3.030088589277213 6.253108114004135 45.30396571934088
      vertex 3.0096305466556004 6.5 49
      vertex 3.030088589277213 6.253108114004135 49
    endloop
  endfacet
  facet normal 0.3826834323650905 0 0.9238795325112864
    outer loop
      vertex 4.419430645491076 6.5 43.58611932853558
      vertex 4.419430645491076 35.5 43.58611932853558
      vertex 4.057206526348011 6.5 43.73615747130329
    endloop
  endfacet
  facet normal 0.19509032201612186 1.3344756307925596e-20 0.9807852804032318
    outer loop
      vertex 4.419430645491076 6.5 43.58611932853558
      vertex 4.80396571934088 6.5 43.50963054665561
      vertex 4.80396571934088 35.5 43.50963054665561
    endloop
  endfacet
  facet normal 0.5555702330196064 0 0.8314696123025422
    outer loop
      vertex 3.731213431672714 6.5 43.953979093274526
      vertex 4.057206526348011 6.5 43.73615747130329
      vertex 3.731213431672714 35.5 43.953979093274526
    endloop
  endfacet
  facet normal 0.7071067811865384 0 0.7071067811865566
    outer loop
      vertex 3.731213431672714 6.5 43.953979093274526
      vertex 3.731213431672714 35.5 43.953979093274526
      vertex 3.4539790932745262 6.5 44.23121343167271
    endloop
  endfacet
  facet normal 0.8314696123025422 0 0.5555702330196064
    outer loop
      vertex 3.4539790932745262 6.5 44.23121343167271
      vertex 3.4539790932745262 35.5 44.23121343167271
      vertex 3.2361574713032866 6.5 44.557206526348004
    endloop
  endfacet
  facet normal 0.9238795325112955 4.948151430199429e-20 0.38268343236506863
    outer loop
      vertex 3.2361574713032866 6.5 44.557206526348004
      vertex 3.086119328535588 35.5 44.919430645491076
      vertex 3.086119328535588 6.5 44.919430645491076
    endloop
  endfacet
  facet normal 0.9807852804032248 0 0.1950903220161567
    outer loop
      vertex 3.086119328535588 6.5 44.919430645491076
      vertex 3.086119328535588 35.5 44.919430645491076
      vertex 3.0096305466556004 6.5 45.30396571934088
    endloop
  endfacet
  facet normal 0 0 1
    outer loop
      vertex 4.80396571934088 6.5 43.50963054665561
      vertex 5.5 7 43.50963054665561
      vertex 5.5 35 43.50963054665561
    endloop
  endfacet
  facet normal 1 0 0
    outer loop
      vertex 3.0096305466556004 6.5 45.30396571934088
      vertex 3.0096305466556004 35.5 49
      vertex 3.0096305466556004 6.5 49
    endloop
  endfacet
  facet normal 8.48518174522808e-20 0.8314696123025466 0.5555702330196002
    outer loop
      vertex 6.5 3.23615747130329 44.557206526348004
      vertex 161.5 3.4539790932745262 44.23121343167271
      vertex 6.5 3.4539790932745262 44.23121343167271
    endloop
  endfacet
  facet normal -1.0839825229930952e-19 0.707106781186543 0.707106781186552
    outer loop
      vertex 6.5 3.7312134316727104 43.953979093274526
      vertex 6.5 3.4539790932745262 44.23121343167271
      vertex 161.5 3.4539790932745262 44.23121343167271
    endloop
  endfacet
  facet normal 0 0.9807852804032318 0.19509032201612186
    outer loop
      vertex 6.5 3.086119328535581 44.919430645491076
      vertex 6.5 3.0096305466556075 45.30396571934088
      vertex 161.5 3.086119328535581 44.919430645491076
    endloop
  endfacet
  facet normal -3.370269329280487e-20 0.9238795325112859 0.38268343236509184
    outer loop
      vertex 6.5 3.23615747130329 44.557206526348004
      vertex 6.5 3.086119328535581 44.919430645491076
      vertex 161.5 3.086119328535581 44.919430645491076
    endloop
  endfacet
  facet normal -7.315214587734955e-20 0.5555702330196107 0.8314696123025396
    outer loop
      vertex 6.5 3.7312134316727104 43.953979093274526
      vertex 161.5 4.057206526348004 43.73615747130329
      vertex 6.5 4.057206526348004 43.73615747130329
    endloop
  endfacet
  facet normal 0 0.3826834323650841 0.9238795325112891
    outer loop
      vertex 6.5 4.057206526348004 43.73615747130329
      vertex 161.5 4.057206526348004 43.73615747130329
      vertex 6.5 4.419430645491076 43.58611932853558
    endloop
  endfacet
  facet normal 2.4967608576118857e-21 0.19509032201612186 0.9807852804032318
    outer loop
      vertex 6.5 4.419430645491076 43.58611932853558
      vertex 161.5 4.80396571934088 43.50963054665561
      vertex 6.5 4.80396571934088 43.50963054665561
    endloop
  endfacet
  facet normal 0 0 1
    outer loop
      vertex 6.5 4.80396571934088 43.50963054665561
      vertex 161.5 4.80396571934088 43.50963054665561
      vertex 7 5.5 43.50963054665561
    endloop
  endfacet
  facet normal 0 1 0
    outer loop
      vertex 6.5 3.0096305466556075 45.30396571934088
      vertex 6.5 3.0096305466556075 49
      vertex 161.5 3.0096305466556075 45.30396571934088
    endloop
  endfacet
  facet normal 0.19509032201612186 0 0.9807852804032318
    outer loop
      vertex 4.419430645491076 6.5 43.58611932853558
      vertex 4.80396571934088 35.5 43.50963054665561
      vertex 4.419430645491076 35.5 43.58611932853558
    endloop
  endfacet
  facet normal 0 0 1
    outer loop
      vertex 4.80396571934088 6.5 43.50963054665561
      vertex 5.5 35 43.50963054665561
      vertex 4.80396571934088 35.5 43.50963054665561
    endloop
  endfacet
  facet normal 0.7071067811865384 0 0.7071067811865566
    outer loop
      vertex 3.4539790932745262 6.5 44.23121343167271
      vertex 3.731213431672714 35.5 43.953979093274526
      vertex 3.4539790932745262 35.5 44.23121343167271
    endloop
  endfacet
  facet normal 0.3826834323650905 0 0.9238795325112864
    outer loop
      vertex 4.057206526348011 6.5 43.73615747130329
      vertex 4.419430645491076 35.5 43.58611932853558
      vertex 4.057206526348011 35.5 43.73615747130329
    endloop
  endfacet
  facet normal 0.5555702330196064 0 0.8314696123025422
    outer loop
      vertex 4.057206526348011 6.5 43.73615747130329
      vertex 4.057206526348011 35.5 43.73615747130329
      vertex 3.731213431672714 35.5 43.953979093274526
    endloop
  endfacet
  facet normal 0.9238795325112955 0 0.38268343236506863
    outer loop
      vertex 3.2361574713032866 6.5 44.557206526348004
      vertex 3.2361574713032866 35.5 44.557206526348004
      vertex 3.086119328535588 35.5 44.919430645491076
    endloop
  endfacet
  facet normal 0.8314696123025422 0 0.5555702330196064
    outer loop
      vertex 3.2361574713032866 6.5 44.557206526348004
      vertex 3.4539790932745262 35.5 44.23121343167271
      vertex 3.2361574713032866 35.5 44.557206526348004
    endloop
  endfacet
  facet normal 0.9807852804032248 0 0.1950903220161567
    outer loop
      vertex 3.0096305466556004 6.5 45.30396571934088
      vertex 3.086119328535588 35.5 44.919430645491076
      vertex 3.0096305466556004 35.5 45.30396571934088
    endloop
  endfacet
  facet normal 1 0 0
    outer loop
      vertex 3.0096305466556004 6.5 45.30396571934088
      vertex 3.0096305466556004 35.5 45.30396571934088
      vertex 3.0096305466556004 35.5 49
    endloop
  endfacet
  facet normal 0.38263550600938584 -0.015825912964609133 0.9237638280533492
    outer loop
      vertex 4.419430645491076 35.5 43.58611932853558
      vertex 4.4245539031281 35.62386901676655 43.58611932853558
      vertex 4.062329783985035 35.62386901676655 43.73615747130329
    endloop
  endfacet
  facet normal 0.19508397129581895 -0.008068728338143833 0.9807533531762496
    outer loop
      vertex 4.419430645491076 35.5 43.58611932853558
      vertex 4.80396571934088 35.5 43.50963054665561
      vertex 4.4245539031281 35.62386901676655 43.58611932853558
    endloop
  endfacet
  facet normal 0.19505431778055074 -0.019211173489086127 0.9806042748878551
    outer loop
      vertex 4.4245539031281 35.62386901676655 43.58611932853558
      vertex 4.812855720712122 35.662113407706535 43.50963054665561
      vertex 4.43570938048147 35.73713247909039 43.58611932853558
    endloop
  endfacet
  facet normal 0.3824118989919309 -0.037664284592204014 0.9232239929592074
    outer loop
      vertex 4.4245539031281 35.62386901676655 43.58611932853558
      vertex 4.43570938048147 35.73713247909039 43.58611932853558
      vertex 4.080445296218912 35.80779889913602 43.73615747130329
    endloop
  endfacet
  facet normal 0.19508397129581895 -0.008068728338143828 0.9807533531762496
    outer loop
      vertex 4.4245539031281 35.62386901676655 43.58611932853558
      vertex 4.80396571934088 35.5 43.50963054665561
      vertex 4.809088976977904 35.62386901676655 43.50963054665561
    endloop
  endfacet
  facet normal 0 0 1
    outer loop
      vertex 4.80396571934088 35.5 43.50963054665561
      vertex 5.6263400092720985 35.60254313796759 43.50963054665561
      vertex 4.809088976977904 35.62386901676655 43.50963054665561
    endloop
  endfacet
  facet normal 0.1950543177805496 -0.019211173489073505 0.9806042748878556
    outer loop
      vertex 4.4245539031281 35.62386901676655 43.58611932853558
      vertex 4.809088976977904 35.62386901676655 43.50963054665561
      vertex 4.812855720712122 35.662113407706535 43.50963054665561
    endloop
  endfacet
  facet normal 0 0 1
    outer loop
      vertex 4.809088976977904 35.62386901676655 43.50963054665561
      vertex 5.7442502826452255 35.82042223960161 43.50963054665561
      vertex 4.812855720712122 35.662113407706535 43.50963054665561
    endloop
  endfacet
  facet normal 0.3776190104384477 -0.06301346896407248 0.9238144757929491
    outer loop
      vertex 4.43570938048147 35.73713247909039 43.58611932853558
      vertex 4.476485722635019 35.981491696674524 43.58611932853558
      vertex 4.080445296218912 35.80779889913602 43.73615747130329
    endloop
  endfacet
  facet normal 0.192518535336889 -0.03212566215184538 0.9807673298917763
    outer loop
      vertex 4.43570938048147 35.73713247909039 43.58611932853558
      vertex 4.812855720712122 35.662113407706535 43.50963054665561
      vertex 4.476485722635019 35.981491696674524 43.58611932853558
    endloop
  endfacet
  facet normal 0.3677160241727439 -0.11154543644204652 0.9232239929592078
    outer loop
      vertex 4.476485722635019 35.981491696674524 43.58611932853558
      vertex 4.509523455956483 36.090402507660144 43.58611932853558
      vertex 4.121221638372461 36.05215811672015 43.73615747130329
    endloop
  endfacet
  facet normal 0.192518535336889 -0.03212566215184538 0.9807673298917764
    outer loop
      vertex 4.812855720712122 35.662113407706535 43.50963054665561
      vertex 4.853632062865671 35.90647262529067 43.50963054665561
      vertex 4.476485722635019 35.981491696674524 43.58611932853558
    endloop
  endfacet
  facet normal 0 0 1
    outer loop
      vertex 4.812855720712122 35.662113407706535 43.50963054665561
      vertex 5.7442502826452255 35.82042223960161 43.50963054665561
      vertex 4.853632062865671 35.90647262529067 43.50963054665561
    endloop
  endfacet
  facet normal 0.18755848973595726 -0.056895245843815154 0.9806042748878564
    outer loop
      vertex 4.509523455956483 36.090402507660144 43.58611932853558
      vertex 4.853632062865671 35.90647262529067 43.50963054665561
      vertex 4.864787540219041 35.94324730573454 43.50963054665561
    endloop
  endfacet
  facet normal 0.1875584897359697 -0.05689524584379149 0.9806042748878554
    outer loop
      vertex 4.476485722635019 35.981491696674524 43.58611932853558
      vertex 4.853632062865671 35.90647262529067 43.50963054665561
      vertex 4.509523455956483 36.090402507660144 43.58611932853558
    endloop
  endfacet
  facet normal 0.18486150510732555 -0.06346303601975198 0.9807133459827138
    outer loop
      vertex 4.509523455956483 36.090402507660144 43.58611932853558
      vertex 4.864787540219041 35.94324730573454 43.50963054665561
      vertex 4.945227949700566 36.17756220935144 43.50963054665561
    endloop
  endfacet
  facet normal 0 0 1
    outer loop
      vertex 4.853632062865671 35.90647262529067 43.50963054665561
      vertex 5.896414130926132 36.015922360122204 43.50963054665561
      vertex 4.864787540219041 35.94324730573454 43.50963054665561
    endloop
  endfacet
  facet normal 0 0 1
    outer loop
      vertex 4.864787540219041 35.94324730573454 43.50963054665561
      vertex 5.896414130926132 36.015922360122204 43.50963054665561
      vertex 4.945227949700566 36.17756220935144 43.50963054665561
    endloop
  endfacet
  facet normal 0.5554236168132027 -0.02297247819432247 0.8312501856431385
    outer loop
      vertex 3.731213431672714 35.5 43.953979093274526
      vertex 4.062329783985035 35.62386901676655 43.73615747130329
      vertex 3.736336689309738 35.62386901676655 43.953979093274526
    endloop
  endfacet
  facet normal 0.7068045679161078 -0.029233637232175994 0.7068045679161259
    outer loop
      vertex 3.731213431672714 35.5 43.953979093274526
      vertex 3.45910235091155 35.62386901676655 44.23121343167271
      vertex 3.4539790932745262 35.5 44.23121343167271
    endloop
  endfacet
  facet normal 0.7068045679161078 -0.029233637232176 0.7068045679161259
    outer loop
      vertex 3.731213431672714 35.5 43.953979093274526
      vertex 3.736336689309738 35.62386901676655 43.953979093274526
      vertex 3.45910235091155 35.62386901676655 44.23121343167271
    endloop
  endfacet
  facet normal 0.8309783752094467 -0.03436950109176336 0.5552419988878463
    outer loop
      vertex 3.4539790932745262 35.5 44.23121343167271
      vertex 3.45910235091155 35.62386901676655 44.23121343167271
      vertex 3.2361574713032866 35.5 44.557206526348004
    endloop
  endfacet
  facet normal 0.7053981618131071 -0.06947565488251113 0.7053981618131252
    outer loop
      vertex 3.736336689309738 35.62386901676655 43.953979093274526
      vertex 3.7607160674482856 35.87139699695126 43.953979093274526
      vertex 3.45910235091155 35.62386901676655 44.23121343167271
    endloop
  endfacet
  facet normal 0.8286954742331493 -0.08161938021295637 0.5537166132229994
    outer loop
      vertex 3.45910235091155 35.62386901676655 44.23121343167271
      vertex 3.488808709125024 35.925482733303284 44.23121343167271
      vertex 3.2412807289403105 35.62386901676655 44.557206526348004
    endloop
  endfacet
  facet normal 0.5547403638365412 -0.05463715693310454 0.8302276253008984
    outer loop
      vertex 3.736336689309738 35.62386901676655 43.953979093274526
      vertex 4.080445296218912 35.80779889913602 43.73615747130329
      vertex 3.7607160674482856 35.87139699695126 43.953979093274526
    endloop
  endfacet
  facet normal 0.5481750789639149 -0.09147424353732607 0.8313462248498994
    outer loop
      vertex 3.7607160674482856 35.87139699695126 43.953979093274526
      vertex 4.080445296218912 35.80779889913602 43.73615747130329
      vertex 3.8014924096018348 36.115756214535395 43.953979093274526
    endloop
  endfacet
  facet normal 0.7053981618131182 -0.06947565488254043 0.7053981618131112
    outer loop
      vertex 3.7607160674482856 35.87139699695126 43.953979093274526
      vertex 3.488808709125024 35.925482733303284 44.23121343167271
      vertex 3.45910235091155 35.62386901676655 44.23121343167271
    endloop
  endfacet
  facet normal 0.6976303657794836 -0.1164139203463263 0.7069368231263549
    outer loop
      vertex 3.488808709125024 35.925482733303284 44.23121343167271
      vertex 3.8014924096018348 36.115756214535395 43.953979093274526
      vertex 3.5295850512785734 36.16984195088742 44.23121343167271
    endloop
  endfacet
  facet normal 0.6976303657794836 -0.1164139203463263 0.7069368231263549
    outer loop
      vertex 3.7607160674482856 35.87139699695126 43.953979093274526
      vertex 3.8014924096018348 36.115756214535395 43.953979093274526
      vertex 3.488808709125024 35.925482733303284 44.23121343167271
    endloop
  endfacet
  facet normal 0.38263550600938584 -0.015825912964609144 0.9237638280533492
    outer loop
      vertex 4.419430645491076 35.5 43.58611932853558
      vertex 4.062329783985035 35.62386901676655 43.73615747130329
      vertex 4.057206526348011 35.5 43.73615747130329
    endloop
  endfacet
  facet normal 0.5554236168132027 -0.02297247819432249 0.8312501856431385
    outer loop
      vertex 3.731213431672714 35.5 43.953979093274526
      vertex 4.057206526348011 35.5 43.73615747130329
      vertex 4.062329783985035 35.62386901676655 43.73615747130329
    endloop
  endfacet
  facet normal 0.3824118989919454 -0.037664284592172775 0.9232239929592028
    outer loop
      vertex 4.4245539031281 35.62386901676655 43.58611932853558
      vertex 4.080445296218912 35.80779889913602 43.73615747130329
      vertex 4.062329783985035 35.62386901676655 43.73615747130329
    endloop
  endfacet
  facet normal 0.554740363836537 -0.054637156933092394 0.8302276253009021
    outer loop
      vertex 3.736336689309738 35.62386901676655 43.953979093274526
      vertex 4.062329783985035 35.62386901676655 43.73615747130329
      vertex 4.080445296218912 35.80779889913602 43.73615747130329
    endloop
  endfacet
  facet normal 0.3776190104384477 -0.06301346896407249 0.9238144757929491
    outer loop
      vertex 4.476485722635019 35.981491696674524 43.58611932853558
      vertex 4.121221638372461 36.05215811672015 43.73615747130329
      vertex 4.080445296218912 35.80779889913602 43.73615747130329
    endloop
  endfacet
  facet normal 0.5481750789639149 -0.09147424353732607 0.8313462248498994
    outer loop
      vertex 4.080445296218912 35.80779889913602 43.73615747130329
      vertex 4.121221638372461 36.05215811672015 43.73615747130329
      vertex 3.8014924096018348 36.115756214535395 43.953979093274526
    endloop
  endfacet
  facet normal 0.36254317428066085 -0.12446123120511719 0.9236188871549826
    outer loop
      vertex 4.509523455956483 36.090402507660144 43.58611932853558
      vertex 4.589963865438008 36.32471741127705 43.58611932853558
      vertex 4.174872006098269 36.22901967685923 43.73615747130329
    endloop
  endfacet
  facet normal 0.1728548941148301 -0.09239286580799043 0.9806042748878558
    outer loop
      vertex 4.589963865438008 36.32471741127705 43.58611932853558
      vertex 4.945227949700566 36.17756220935144 43.50963054665561
      vertex 4.963343461934457 36.211453948953206 43.50963054665561
    endloop
  endfacet
  facet normal 0.18486150510732555 -0.06346303601975198 0.9807133459827136
    outer loop
      vertex 4.509523455956483 36.090402507660144 43.58611932853558
      vertex 4.945227949700566 36.17756220935144 43.50963054665561
      vertex 4.589963865438008 36.32471741127705 43.58611932853558
    endloop
  endfacet
  facet normal 0.17285489411482868 -0.09239286580799498 0.9806042748878557
    outer loop
      vertex 4.589963865438008 36.32471741127705 43.58611932853558
      vertex 4.963343461934457 36.211453948953206 43.50963054665561
      vertex 4.643614233163831 36.42509018953615 43.58611932853558
    endloop
  endfacet
  facet normal 0.3388890287620862 -0.18113995972493044 0.9232239929592062
    outer loop
      vertex 4.589963865438008 36.32471741127705 43.58611932853558
      vertex 4.643614233163831 36.42509018953615 43.58611932853558
      vertex 4.342435885253309 36.626331127813785 43.73615747130329
    endloop
  endfacet
  facet normal 0.33780585118241724 -0.18281138466811264 0.9232915057243027
    outer loop
      vertex 4.643614233163831 36.42509018953615 43.58611932853558
      vertex 4.761524506536958 36.642969291170175 43.58611932853558
      vertex 4.342435885253309 36.626331127813785 43.73615747130329
    endloop
  endfacet
  facet normal 0.17229308336242866 -0.09324035397248195 0.9806229294772549
    outer loop
      vertex 4.963343461934457 36.211453948953206 43.50963054665561
      vertex 4.761524506536958 36.642969291170175 43.58611932853558
      vertex 4.643614233163831 36.42509018953615 43.58611932853558
    endloop
  endfacet
  facet normal 0.17229308336242866 -0.09324035397248195 0.9806229294772549
    outer loop
      vertex 4.963343461934457 36.211453948953206 43.50963054665561
      vertex 5.081253735307584 36.42933305058723 43.50963054665561
      vertex 4.761524506536958 36.642969291170175 43.58611932853558
    endloop
  endfacet
  facet normal 0.15434195227674855 -0.12012916077534815 0.9806872827251367
    outer loop
      vertex 5.081253735307584 36.42933305058723 43.50963054665561
      vertex 5.233417583588491 36.624833171107824 43.50963054665561
      vertex 4.761524506536958 36.642969291170175 43.58611932853558
    endloop
  endfacet
  facet normal 0.15150858185104368 -0.12433987975363295 0.9806042748878558
    outer loop
      vertex 5.233417583588491 36.624833171107824 43.50963054665561
      vertex 5.257796961727038 36.6545395293213 43.50963054665561
      vertex 4.9136883548178645 36.83846941169077 43.58611932853558
    endloop
  endfacet
  facet normal 0.15434195227674855 -0.12012916077534815 0.9806872827251367
    outer loop
      vertex 5.233417583588491 36.624833171107824 43.50963054665561
      vertex 4.9136883548178645 36.83846941169077 43.58611932853558
      vertex 4.761524506536958 36.642969291170175 43.58611932853558
    endloop
  endfacet
  facet normal 0.6782901060464905 -0.20575705419286744 0.7053981618131097
    outer loop
      vertex 3.8014924096018348 36.115756214535395 43.953979093274526
      vertex 3.6175625272323657 36.459864821444576 44.23121343167271
      vertex 3.5295850512785734 36.16984195088742 44.23121343167271
    endloop
  endfacet
  facet normal 0.820251091942934 -0.1368757008946128 0.5553856215919106
    outer loop
      vertex 3.488808709125024 35.925482733303284 44.23121343167271
      vertex 3.5295850512785734 36.16984195088742 44.23121343167271
      vertex 3.3159488106956303 36.21233684125986 44.557206526348004
    endloop
  endfacet
  facet normal 0.6782901060464624 -0.20575705419289725 0.705398161813128
    outer loop
      vertex 3.8014924096018348 36.115756214535395 43.953979093274526
      vertex 3.8736936581877615 36.35377183325689 43.953979093274526
      vertex 3.6175625272323657 36.459864821444576 44.23121343167271
    endloop
  endfacet
  facet normal 0.7968491718961533 -0.24172155362994574 0.5537166132229913
    outer loop
      vertex 3.5295850512785734 36.16984195088742 44.23121343167271
      vertex 3.6175625272323657 36.459864821444576 44.23121343167271
      vertex 3.4163215889547303 36.54322154738386 44.557206526348004
    endloop
  endfacet
  facet normal 0.669436703418713 -0.22981791475375296 0.7064263770373547
    outer loop
      vertex 3.8736936581877615 36.35377183325689 43.953979093274526
      vertex 3.954134067669287 36.5880867368738 43.953979093274526
      vertex 3.6175625272323657 36.459864821444576 44.23121343167271
    endloop
  endfacet
  facet normal 0.669436703418713 -0.229817914753753 0.7064263770373547
    outer loop
      vertex 3.954134067669287 36.5880867368738 43.953979093274526
      vertex 3.698002936713891 36.69417972506148 44.23121343167271
      vertex 3.6175625272323657 36.459864821444576 44.23121343167271
    endloop
  endfacet
  facet normal 0.7868847234068058 -0.27013787167840053 0.5548314720291727
    outer loop
      vertex 3.6175625272323657 36.459864821444576 44.23121343167271
      vertex 3.698002936713891 36.69417972506148 44.23121343167271
      vertex 3.4163215889547303 36.54322154738386 44.557206526348004
    endloop
  endfacet
  facet normal 0.625115741893957 -0.33413132530044076 0.7053981618131271
    outer loop
      vertex 3.954134067669287 36.5880867368738 43.953979093274526
      vertex 4.0713825332103255 36.80744318738532 43.953979093274526
      vertex 3.698002936713891 36.69417972506148 44.23121343167271
    endloop
  endfacet
  facet normal 0.5334220027562799 -0.1618117954992969 0.8302276253009009
    outer loop
      vertex 4.121221638372461 36.05215811672015 43.73615747130329
      vertex 4.174872006098269 36.22901967685923 43.73615747130329
      vertex 3.8014924096018348 36.115756214535395 43.953979093274526
    endloop
  endfacet
  facet normal 0.36771602417274524 -0.11154543644207462 0.9232239929592038
    outer loop
      vertex 4.509523455956483 36.090402507660144 43.58611932853558
      vertex 4.174872006098269 36.22901967685923 43.73615747130329
      vertex 4.121221638372461 36.05215811672015 43.73615747130329
    endloop
  endfacet
  facet normal 0.5334220027562844 -0.16181179549932934 0.8302276253008917
    outer loop
      vertex 3.8014924096018348 36.115756214535395 43.953979093274526
      vertex 4.174872006098269 36.22901967685923 43.73615747130329
      vertex 3.8736936581877615 36.35377183325689 43.953979093274526
    endloop
  endfacet
  facet normal 0.36254317428066085 -0.12446123120511723 0.9236188871549829
    outer loop
      vertex 4.589963865438008 36.32471741127705 43.58611932853558
      vertex 4.255312415579795 36.463334580476136 43.73615747130329
      vertex 4.174872006098269 36.22901967685923 43.73615747130329
    endloop
  endfacet
  facet normal 0.5261667367372798 -0.18063327217078956 0.8309754425589937
    outer loop
      vertex 3.8736936581877615 36.35377183325689 43.953979093274526
      vertex 4.174872006098269 36.22901967685923 43.73615747130329
      vertex 3.954134067669287 36.5880867368738 43.953979093274526
    endloop
  endfacet
  facet normal 0.5261667367372798 -0.18063327217078956 0.8309754425589937
    outer loop
      vertex 4.174872006098269 36.22901967685923 43.73615747130329
      vertex 4.255312415579795 36.463334580476136 43.73615747130329
      vertex 3.954134067669287 36.5880867368738 43.953979093274526
    endloop
  endfacet
  facet normal 0.3388890287621034 -0.18113995972491484 0.923223992959203
    outer loop
      vertex 4.589963865438008 36.32471741127705 43.58611932853558
      vertex 4.342435885253309 36.626331127813785 43.73615747130329
      vertex 4.255312415579795 36.463334580476136 43.73615747130329
    endloop
  endfacet
  facet normal 0.4916045332565822 -0.26276809750956703 0.8302276253009054
    outer loop
      vertex 4.255312415579795 36.463334580476136 43.73615747130329
      vertex 4.342435885253309 36.626331127813785 43.73615747130329
      vertex 4.0713825332103255 36.80744318738532 43.953979093274526
    endloop
  endfacet
  facet normal 0.33780585118241724 -0.1828113846681127 0.9232915057243027
    outer loop
      vertex 4.761524506536958 36.642969291170175 43.58611932853558
      vertex 4.460346158626436 36.84421022944781 43.73615747130329
      vertex 4.342435885253309 36.626331127813785 43.73615747130329
    endloop
  endfacet
  facet normal 0.4916045332566196 -0.2627680975095387 0.8302276253008922
    outer loop
      vertex 4.255312415579795 36.463334580476136 43.73615747130329
      vertex 4.0713825332103255 36.80744318738532 43.953979093274526
      vertex 3.954134067669287 36.5880867368738 43.953979093274526
    endloop
  endfacet
  facet normal 0.9232057685613801 -0.03818405221735772 0.38240435019917557
    outer loop
      vertex 3.2361574713032866 35.5 44.557206526348004
      vertex 3.2412807289403105 35.62386901676655 44.557206526348004
      vertex 3.086119328535588 35.5 44.919430645491076
    endloop
  endfacet
  facet normal 0.8309783752094467 -0.034369501091763385 0.5552419988878463
    outer loop
      vertex 3.45910235091155 35.62386901676655 44.23121343167271
      vertex 3.2412807289403105 35.62386901676655 44.557206526348004
      vertex 3.2361574713032866 35.5 44.557206526348004
    endloop
  endfacet
  facet normal 0.9232057685613801 -0.038184052217357704 0.38240435019917557
    outer loop
      vertex 3.2412807289403105 35.62386901676655 44.557206526348004
      vertex 3.091242586172612 35.62386901676655 44.919430645491076
      vertex 3.086119328535588 35.5 44.919430645491076
    endloop
  endfacet
  facet normal 0.9799793022998874 -0.04053222166198024 0.1949300030035657
    outer loop
      vertex 3.086119328535588 35.5 44.919430645491076
      vertex 3.091242586172612 35.62386901676655 44.919430645491076
      vertex 3.0147538042926243 35.62386901676655 45.30396571934088
    endloop
  endfacet
  facet normal 0.9200782869650804 -0.09061980168162131 0.38110890490591615
    outer loop
      vertex 3.2412807289403105 35.62386901676655 44.557206526348004
      vertex 3.1280172666164674 35.99724861326298 44.919430645491076
      vertex 3.091242586172612 35.62386901676655 44.919430645491076
    endloop
  endfacet
  facet normal 0.9762410328686713 -0.09615134934205627 0.19418641498109934
    outer loop
      vertex 3.091242586172612 35.62386901676655 44.919430645491076
      vertex 3.1280172666164674 35.99724861326298 44.919430645491076
      vertex 3.0147538042926243 35.62386901676655 45.30396571934088
    endloop
  endfacet
  facet normal 0.9200782869650613 -0.0906198016816622 0.3811089049059523
    outer loop
      vertex 3.2412807289403105 35.62386901676655 44.557206526348004
      vertex 3.275172468542081 35.96797762367573 44.557206526348004
      vertex 3.1280172666164674 35.99724861326298 44.919430645491076
    endloop
  endfacet
  facet normal 0.9113431407597249 -0.15207627563349038 0.3825264516077897
    outer loop
      vertex 3.275172468542081 35.96797762367573 44.557206526348004
      vertex 3.3159488106956303 36.21233684125986 44.557206526348004
      vertex 3.1280172666164674 35.99724861326298 44.919430645491076
    endloop
  endfacet
  facet normal 0.8286954742331538 -0.08161938021296994 0.5537166132229903
    outer loop
      vertex 3.2412807289403105 35.62386901676655 44.557206526348004
      vertex 3.488808709125024 35.925482733303284 44.23121343167271
      vertex 3.275172468542081 35.96797762367573 44.557206526348004
    endloop
  endfacet
  facet normal 0.820251091942934 -0.13687570089461276 0.5553856215919106
    outer loop
      vertex 3.488808709125024 35.925482733303284 44.23121343167271
      vertex 3.3159488106956303 36.21233684125986 44.557206526348004
      vertex 3.275172468542081 35.96797762367573 44.557206526348004
    endloop
  endfacet
  facet normal 0.9799793022998874 -0.04053222166198022 0.1949300030035657
    outer loop
      vertex 3.086119328535588 35.5 44.919430645491076
      vertex 3.0147538042926243 35.62386901676655 45.30396571934088
      vertex 3.0096305466556004 35.5 45.30396571934088
    endloop
  endfacet
  facet normal 0.9762410328686751 -0.09615134934209828 0.1941864149810597
    outer loop
      vertex 3.0147538042926243 35.62386901676655 45.30396571934088
      vertex 3.1280172666164674 35.99724861326298 44.919430645491076
      vertex 3.052998195232618 36.01217083435057 45.30396571934088
    endloop
  endfacet
  facet normal 0.9674263367320213 -0.16143490597549312 0.19500013879468306
    outer loop
      vertex 3.1280172666164674 35.99724861326298 44.919430645491076
      vertex 3.0937745373861674 36.2565300519347 45.30396571934088
      vertex 3.052998195232618 36.01217083435057 45.30396571934088
    endloop
  endfacet
  facet normal 0.7968491718961541 -0.2417215536299451 0.5537166132229908
    outer loop
      vertex 3.5295850512785734 36.16984195088742 44.23121343167271
      vertex 3.4163215889547303 36.54322154738386 44.557206526348004
      vertex 3.3159488106956303 36.21233684125986 44.557206526348004
    endloop
  endfacet
  facet normal 0.8847201943828473 -0.2683769368864686 0.3811089049059513
    outer loop
      vertex 3.3159488106956303 36.21233684125986 44.557206526348004
      vertex 3.4163215889547303 36.54322154738386 44.557206526348004
      vertex 3.1687936087700166 36.241607830847116 44.919430645491076
    endloop
  endfacet
  facet normal 0.9113431407597249 -0.15207627563349044 0.3825264516077897
    outer loop
      vertex 3.3159488106956303 36.21233684125986 44.557206526348004
      vertex 3.1687936087700166 36.241607830847116 44.919430645491076
      vertex 3.1280172666164674 35.99724861326298 44.919430645491076
    endloop
  endfacet
  facet normal 0.9674263367320213 -0.16143490597549312 0.19500013879468303
    outer loop
      vertex 3.1280172666164674 35.99724861326298 44.919430645491076
      vertex 3.1687936087700166 36.241607830847116 44.919430645491076
      vertex 3.0937745373861674 36.2565300519347 45.30396571934088
    endloop
  endfacet
  facet normal 0.7868847234068058 -0.27013787167840053 0.5548314720291726
    outer loop
      vertex 3.698002936713891 36.69417972506148 44.23121343167271
      vertex 3.4967619984362557 36.77753645100076 44.557206526348004
      vertex 3.4163215889547303 36.54322154738386 44.557206526348004
    endloop
  endfacet
  facet normal 0.8740669733432194 -0.30006757643107695 0.38205546153065734
    outer loop
      vertex 3.4163215889547303 36.54322154738386 44.557206526348004
      vertex 3.4967619984362557 36.77753645100076 44.557206526348004
      vertex 3.358144829237162 36.8349535624608 44.919430645491076
    endloop
  endfacet
  facet normal 0.938724637457813 -0.2847590055933317 0.1941864149810552
    outer loop
      vertex 3.1687936087700166 36.241607830847116 44.919430645491076
      vertex 3.2777044197556364 36.60063865884389 44.919430645491076
      vertex 3.2070379997100105 36.62990964843114 45.30396571934088
    endloop
  endfacet
  facet normal 0.9277114172908335 -0.318483737635274 0.194729646151014
    outer loop
      vertex 3.2777044197556364 36.60063865884389 44.919430645491076
      vertex 3.358144829237162 36.8349535624608 44.919430645491076
      vertex 3.2070379997100105 36.62990964843114 45.30396571934088
    endloop
  endfacet
  facet normal 0.8847201943828477 -0.26837693688647946 0.38110890490594246
    outer loop
      vertex 3.4163215889547303 36.54322154738386 44.557206526348004
      vertex 3.2777044197556364 36.60063865884389 44.919430645491076
      vertex 3.1687936087700166 36.241607830847116 44.919430645491076
    endloop
  endfacet
  facet normal 0.8740669733432194 -0.30006757643107695 0.38205546153065734
    outer loop
      vertex 3.4163215889547303 36.54322154738386 44.557206526348004
      vertex 3.358144829237162 36.8349535624608 44.919430645491076
      vertex 3.2777044197556364 36.60063865884389 44.919430645491076
    endloop
  endfacet
  facet normal 0.9387246374578103 -0.2847590055933367 0.1941864149810606
    outer loop
      vertex 3.1687936087700166 36.241607830847116 44.919430645491076
      vertex 3.2070379997100105 36.62990964843114 45.30396571934088
      vertex 3.0937745373861674 36.2565300519347 45.30396571934088
    endloop
  endfacet
  facet normal 0 0 1
    outer loop
      vertex 4.80396571934088 35.5 43.50963054665561
      vertex 5.5 35 43.50963054665561
      vertex 5.505123257637024 35.12386901676655 43.50963054665561
    endloop
  endfacet
  facet normal 0 0 1
    outer loop
      vertex 4.80396571934088 35.5 43.50963054665561
      vertex 5.505123257637024 35.12386901676655 43.50963054665561
      vertex 5.545899599790573 35.36822823435068 43.50963054665561
    endloop
  endfacet
  facet normal 0 0 1
    outer loop
      vertex 4.80396571934088 35.5 43.50963054665561
      vertex 5.545899599790573 35.36822823435068 43.50963054665561
      vertex 5.6263400092720985 35.60254313796759 43.50963054665561
    endloop
  endfacet
  facet normal 0 0 1
    outer loop
      vertex 4.809088976977904 35.62386901676655 43.50963054665561
      vertex 5.6263400092720985 35.60254313796759 43.50963054665561
      vertex 5.7442502826452255 35.82042223960161 43.50963054665561
    endloop
  endfacet
  facet normal 0 0 1
    outer loop
      vertex 4.853632062865671 35.90647262529067 43.50963054665561
      vertex 5.7442502826452255 35.82042223960161 43.50963054665561
      vertex 5.896414130926132 36.015922360122204 43.50963054665561
    endloop
  endfacet
  facet normal 0 0 1
    outer loop
      vertex 4.945227949700566 36.17756220935144 43.50963054665561
      vertex 6.286078907549381 36.31921062618494 43.50963054665561
      vertex 4.963343461934457 36.211453948953206 43.50963054665561
    endloop
  endfacet
  facet normal 0 0 1
    outer loop
      vertex 4.945227949700566 36.17756220935144 43.50963054665561
      vertex 5.896414130926132 36.015922360122204 43.50963054665561
      vertex 6.07868093252182 36.183710761368275 43.50963054665561
    endloop
  endfacet
  facet normal 0 0 1
    outer loop
      vertex 4.945227949700566 36.17756220935144 43.50963054665561
      vertex 6.07868093252182 36.183710761368275 43.50963054665561
      vertex 6.286078907549381 36.31921062618494 43.50963054665561
    endloop
  endfacet
  facet normal 0 0 1
    outer loop
      vertex 4.963343461934457 36.211453948953206 43.50963054665561
      vertex 6.286078907549381 36.31921062618494 43.50963054665561
      vertex 5.081253735307584 36.42933305058723 43.50963054665561
    endloop
  endfacet
  facet normal 0 0 1
    outer loop
      vertex 5.081253735307584 36.42933305058723 43.50963054665561
      vertex 6.286078907549381 36.31921062618494 43.50963054665561
      vertex 6.5129507929086685 36.4187258630991 43.50963054665561
    endloop
  endfacet
  facet normal 0 0 1
    outer loop
      vertex 5.081253735307584 36.42933305058723 43.50963054665561
      vertex 6.753108114004135 36.47954195737839 43.50963054665561
      vertex 5.233417583588491 36.624833171107824 43.50963054665561
    endloop
  endfacet
  facet normal 0 0 1
    outer loop
      vertex 5.081253735307584 36.42933305058723 43.50963054665561
      vertex 6.5129507929086685 36.4187258630991 43.50963054665561
      vertex 6.753108114004135 36.47954195737839 43.50963054665561
    endloop
  endfacet
  facet normal 0 0 1
    outer loop
      vertex 5.233417583588491 36.624833171107824 43.50963054665561
      vertex 6.753108114004135 36.47954195737839 43.50963054665561
      vertex 7 36.5 43.50963054665561
    endloop
  endfacet
  facet normal 0.999145759317616 -0.04132495175586508 0
    outer loop
      vertex 3.0096305466556004 35.5 45.30396571934088
      vertex 3.0147538042926243 35.62386901676655 45.30396571934088
      vertex 3.0147538042926243 35.62386901676655 49
    endloop
  endfacet
  facet normal 0.9951847266721954 -0.09801714032957569 2.5230017390004753e-20
    outer loop
      vertex 3.0147538042926243 35.62386901676655 45.30396571934088
      vertex 3.052998195232618 36.01217083435057 45.30396571934088
      vertex 3.052998195232618 36.01217083435057 49
    endloop
  endfacet
  facet normal 0.9863613029409788 -0.16459459304781118 0
    outer loop
      vertex 3.052998195232618 36.01217083435057 45.30396571934088
      vertex 3.0937745373861674 36.2565300519347 45.30396571934088
      vertex 3.0937745373861674 36.2565300519347 49
    endloop
  endfacet
  facet normal 0.9569403357322074 -0.29028467725446716 -2.076603640062655e-18
    outer loop
      vertex 3.0937745373861674 36.2565300519347 45.30396571934088
      vertex 3.2070379997100105 36.62990964843114 45.30396571934088
      vertex 3.2070379997100105 36.62990964843114 49
    endloop
  endfacet
  facet normal 0.999145759317616 -0.04132495175586508 0
    outer loop
      vertex 3.0096305466556004 35.5 45.30396571934088
      vertex 3.0147538042926243 35.62386901676655 49
      vertex 3.0096305466556004 35.5 49
    endloop
  endfacet
  facet normal 0.9951847266721954 -0.09801714032957569 0
    outer loop
      vertex 3.0147538042926243 35.62386901676655 45.30396571934088
      vertex 3.052998195232618 36.01217083435057 49
      vertex 3.0147538042926243 35.62386901676655 49
    endloop
  endfacet
  facet normal 0.9863613029409788 -0.16459459304781118 0
    outer loop
      vertex 3.052998195232618 36.01217083435057 45.30396571934088
      vertex 3.0937745373861674 36.2565300519347 49
      vertex 3.052998195232618 36.01217083435057 49
    endloop
  endfacet
  facet normal 0.9569403357322074 -0.29028467725446716 0
    outer loop
      vertex 3.0937745373861674 36.2565300519347 45.30396571934088
      vertex 3.2070379997100105 36.62990964843114 49
      vertex 3.0937745373861674 36.2565300519347 49
    endloop
  endfacet
  facet normal 0.9458172398841561 -0.3246994744959047 0
    outer loop
      vertex 3.2070379997100105 36.62990964843114 45.30396571934088
      vertex 3.287478409191536 36.86422455204804 49
      vertex 3.2070379997100105 36.62990964843114 49
    endloop
  endfacet
  facet normal 0.30266652535116506 -0.2355748074252107 0.9235244904919563
    outer loop
      vertex 4.761524506536958 36.642969291170175 43.58611932853558
      vertex 4.9136883548178645 36.83846941169077 43.58611932853558
      vertex 4.612510006907343 37.0397103499684 43.73615747130329
    endloop
  endfacet
  facet normal 0.15150858185102833 -0.12433987975366126 0.9806042748878546
    outer loop
      vertex 5.257796961727038 36.6545395293213 43.50963054665561
      vertex 4.985889603403777 36.92644688764456 43.58611932853558
      vertex 4.9136883548178645 36.83846941169077 43.58611932853558
    endloop
  endfacet
  facet normal 0.13223973939367073 -0.14365065859220752 0.9807533530970561
    outer loop
      vertex 5.257796961727038 36.6545395293213 43.50963054665561
      vertex 5.168156404999465 37.09423528889063 43.58611932853558
      vertex 4.985889603403777 36.92644688764456 43.58611932853558
    endloop
  endfacet
  facet normal 0.29703871802730586 -0.2437733759399334 0.9232239929592074
    outer loop
      vertex 4.9136883548178645 36.83846941169077 43.58611932853558
      vertex 4.985889603403777 36.92644688764456 43.58611932853558
      vertex 4.729758472448381 37.182578018599955 43.73615747130329
    endloop
  endfacet
  facet normal 0.2593735366863323 -0.28175478518951946 0.9237638277664002
    outer loop
      vertex 4.985889603403777 36.92644688764456 43.58611932853558
      vertex 5.168156404999465 37.09423528889063 43.58611932853558
      vertex 4.729758472448381 37.182578018599955 43.73615747130329
    endloop
  endfacet
  facet normal 0.24377337593994675 -0.2970387180272929 0.9232239929592081
    outer loop
      vertex 5.168156404999465 37.09423528889063 43.58611932853558
      vertex 5.256133880953257 37.16643653747655 43.58611932853558
      vertex 4.912025274044069 37.350366419846026 43.73615747130329
    endloop
  endfacet
  facet normal 0.6251157418939559 -0.3341313253004783 0.7053981618131103
    outer loop
      vertex 3.698002936713891 36.69417972506148 44.23121343167271
      vertex 4.0713825332103255 36.80744318738532 43.953979093274526
      vertex 3.8408706053454438 36.96146633337023 44.23121343167271
    endloop
  endfacet
  facet normal 0.7343804027613192 -0.39253450329997375 0.5537166132230145
    outer loop
      vertex 3.698002936713891 36.69417972506148 44.23121343167271
      vertex 3.8408706053454438 36.96146633337023 44.23121343167271
      vertex 3.6597585457738973 37.0824815426455 44.557206526348004
    endloop
  endfacet
  facet normal 0.7322310711941239 -0.39626363946468024 0.5539068391129611
    outer loop
      vertex 3.8408706053454438 36.96146633337023 44.23121343167271
      vertex 3.9587808787185708 37.179345435004265 44.23121343167271
      vertex 3.6597585457738973 37.0824815426455 44.557206526348004
    endloop
  endfacet
  facet normal 0.4900728172897671 -0.2652141459461153 0.8303554001412546
    outer loop
      vertex 4.342435885253309 36.626331127813785 43.73615747130329
      vertex 4.460346158626436 36.84421022944781 43.73615747130329
      vertex 4.0713825332103255 36.80744318738532 43.953979093274526
    endloop
  endfacet
  facet normal 0.4900728172897671 -0.2652141459461153 0.8303554001412546
    outer loop
      vertex 4.460346158626436 36.84421022944781 43.73615747130329
      vertex 4.1892928065834525 37.02532228901934 43.953979093274526
      vertex 4.0713825332103255 36.80744318738532 43.953979093274526
    endloop
  endfacet
  facet normal 0.4392168060856858 -0.34185615469534864 0.8307965856626993
    outer loop
      vertex 4.460346158626436 36.84421022944781 43.73615747130329
      vertex 4.612510006907343 37.0397103499684 43.73615747130329
      vertex 4.341456654864359 37.220822409539934 43.953979093274526
    endloop
  endfacet
  facet normal 0.4392168060856858 -0.34185615469534864 0.8307965856626993
    outer loop
      vertex 4.460346158626436 36.84421022944781 43.73615747130329
      vertex 4.341456654864359 37.220822409539934 43.953979093274526
      vertex 4.1892928065834525 37.02532228901934 43.953979093274526
    endloop
  endfacet
  facet normal 0.3026665253511651 -0.2355748074252107 0.9235244904919563
    outer loop
      vertex 4.761524506536958 36.642969291170175 43.58611932853558
      vertex 4.612510006907343 37.0397103499684 43.73615747130329
      vertex 4.460346158626436 36.84421022944781 43.73615747130329
    endloop
  endfacet
  facet normal 0.2970387180273178 -0.24377337593992604 0.9232239929592053
    outer loop
      vertex 4.9136883548178645 36.83846941169077 43.58611932853558
      vertex 4.729758472448381 37.182578018599955 43.73615747130329
      vertex 4.612510006907343 37.0397103499684 43.73615747130329
    endloop
  endfacet
  facet normal 0.6232272191606667 -0.33727370469995366 0.7055737250034404
    outer loop
      vertex 4.0713825332103255 36.80744318738532 43.953979093274526
      vertex 3.9587808787185708 37.179345435004265 44.23121343167271
      vertex 3.8408706053454438 36.96146633337023 44.23121343167271
    endloop
  endfacet
  facet normal 0.6232272191606579 -0.33727370469995993 0.7055737250034454
    outer loop
      vertex 4.0713825332103255 36.80744318738532 43.953979093274526
      vertex 4.1892928065834525 37.02532228901934 43.953979093274526
      vertex 3.9587808787185708 37.179345435004265 44.23121343167271
    endloop
  endfacet
  facet normal 0.430894977238889 -0.35362636889451315 0.8302276253009045
    outer loop
      vertex 4.612510006907343 37.0397103499684 43.73615747130329
      vertex 4.729758472448381 37.182578018599955 43.73615747130329
      vertex 4.341456654864359 37.220822409539934 43.953979093274526
    endloop
  endfacet
  facet normal 0.43089497723887676 -0.35362636889455995 0.8302276253008909
    outer loop
      vertex 4.341456654864359 37.220822409539934 43.953979093274526
      vertex 4.729758472448381 37.182578018599955 43.73615747130329
      vertex 4.4992465445834995 37.41308994646484 43.953979093274526
    endloop
  endfacet
  facet normal 0.2593735366863323 -0.28175478518951946 0.9237638277664002
    outer loop
      vertex 5.168156404999465 37.09423528889063 43.58611932853558
      vertex 4.912025274044069 37.350366419846026 43.73615747130329
      vertex 4.729758472448381 37.182578018599955 43.73615747130329
    endloop
  endfacet
  facet normal 0.3764997903746228 -0.4089878208708208 0.8312501850990486
    outer loop
      vertex 4.729758472448381 37.182578018599955 43.73615747130329
      vertex 4.912025274044069 37.350366419846026 43.73615747130329
      vertex 4.681513346179187 37.58087834771091 43.953979093274526
    endloop
  endfacet
  facet normal 0.24377337593992926 -0.2970387180273218 0.9232239929592034
    outer loop
      vertex 4.912025274044069 37.350366419846026 43.73615747130329
      vertex 5.256133880953257 37.16643653747655 43.58611932853558
      vertex 5.054892942675622 37.467614885387064 43.73615747130329
    endloop
  endfacet
  facet normal 0.3764997903746227 -0.4089878208708208 0.8312501850990486
    outer loop
      vertex 4.729758472448381 37.182578018599955 43.73615747130329
      vertex 4.681513346179187 37.58087834771091 43.953979093274526
      vertex 4.4992465445834995 37.41308994646484 43.953979093274526
    endloop
  endfacet
  facet normal 0.5587367767108258 -0.434882279836927 0.7061803006560249
    outer loop
      vertex 4.1892928065834525 37.02532228901934 43.953979093274526
      vertex 4.341456654864359 37.220822409539934 43.953979093274526
      vertex 3.9587808787185708 37.179345435004265 44.23121343167271
    endloop
  endfacet
  facet normal 0.5587367767108258 -0.434882279836927 0.7061803006560249
    outer loop
      vertex 4.341456654864359 37.220822409539934 43.953979093274526
      vertex 4.110944726999477 37.37484555552486 44.23121343167271
      vertex 3.9587808787185708 37.179345435004265 44.23121343167271
    endloop
  endfacet
  facet normal 0.5479185303493873 -0.44966511695977085 0.7053981618131161
    outer loop
      vertex 4.341456654864359 37.220822409539934 43.953979093274526
      vertex 4.3032122639243795 37.60912422712396 44.23121343167271
      vertex 4.110944726999477 37.37484555552486 44.23121343167271
    endloop
  endfacet
  facet normal 0.6566759796534374 -0.5111114196329958 0.5545644908096279
    outer loop
      vertex 3.9587808787185708 37.179345435004265 44.23121343167271
      vertex 4.110944726999477 37.37484555552486 44.23121343167271
      vertex 3.929832667427931 37.49586076480012 44.557206526348004
    endloop
  endfacet
  facet normal 0.35362636889451315 -0.430894977238889 0.8302276253009045
    outer loop
      vertex 4.912025274044069 37.350366419846026 43.73615747130329
      vertex 5.054892942675622 37.467614885387064 43.73615747130329
      vertex 4.873780883104089 37.73866823743005 43.953979093274526
    endloop
  endfacet
  facet normal 0.35362636889455995 -0.43089497723887676 0.8302276253008909
    outer loop
      vertex 4.912025274044069 37.350366419846026 43.73615747130329
      vertex 4.873780883104089 37.73866823743005 43.953979093274526
      vertex 4.681513346179187 37.58087834771091 43.953979093274526
    endloop
  endfacet
  facet normal 0.3038793413305353 -0.46512194037931276 0.8314559077246989
    outer loop
      vertex 5.054892942675622 37.467614885387064 43.73615747130329
      vertex 5.262290917703183 37.60311475020373 43.73615747130329
      vertex 5.081178858131651 37.87416810224671 43.953979093274526
    endloop
  endfacet
  facet normal 0.30387934133053524 -0.46512194037931276 0.8314559077246989
    outer loop
      vertex 5.054892942675622 37.467614885387064 43.73615747130329
      vertex 5.081178858131651 37.87416810224671 43.953979093274526
      vertex 4.873780883104089 37.73866823743005 43.953979093274526
    endloop
  endfacet
  facet normal 0.5479185303493869 -0.44966511695977107 0.7053981618131163
    outer loop
      vertex 4.341456654864359 37.220822409539934 43.953979093274526
      vertex 4.4992465445834995 37.41308994646484 43.953979093274526
      vertex 4.3032122639243795 37.60912422712396 44.23121343167271
    endloop
  endfacet
  facet normal 0.6436898065936714 -0.5282625721440509 0.5537166132230037
    outer loop
      vertex 4.110944726999477 37.37484555552486 44.23121343167271
      vertex 4.3032122639243795 37.60912422712396 44.23121343167271
      vertex 3.929832667427931 37.49586076480012 44.557206526348004
    endloop
  endfacet
  facet normal 0.47911497367575934 -0.5204576311589821 0.7068045671669485
    outer loop
      vertex 4.4992465445834995 37.41308994646484 43.953979093274526
      vertex 4.681513346179187 37.58087834771091 43.953979093274526
      vertex 4.485479065520067 37.77691262837003 44.23121343167271
    endloop
  endfacet
  facet normal 0.47911497367575934 -0.5204576311589821 0.7068045671669485
    outer loop
      vertex 4.4992465445834995 37.41308994646484 43.953979093274526
      vertex 4.485479065520067 37.77691262837003 44.23121343167271
      vertex 4.3032122639243795 37.60912422712396 44.23121343167271
    endloop
  endfacet
  facet normal 0.5632875058746712 -0.6118933806635385 0.5552419980743878
    outer loop
      vertex 4.3032122639243795 37.60912422712396 44.23121343167271
      vertex 4.485479065520067 37.77691262837003 44.23121343167271
      vertex 4.331455919535145 37.93093577435495 44.557206526348004
    endloop
  endfacet
  facet normal 0.5282625721440458 -0.6436898065936653 0.5537166132230156
    outer loop
      vertex 4.485479065520067 37.77691262837003 44.23121343167271
      vertex 4.719757737119167 37.96918016529493 44.23121343167271
      vertex 4.331455919535145 37.93093577435495 44.557206526348004
    endloop
  endfacet
  facet normal 0.44966511695977124 -0.547918530349387 0.7053981618131161
    outer loop
      vertex 4.681513346179187 37.58087834771091 43.953979093274526
      vertex 4.873780883104089 37.73866823743005 43.953979093274526
      vertex 4.719757737119167 37.96918016529493 44.23121343167271
    endloop
  endfacet
  facet normal 0.44966511695977074 -0.5479185303493871 0.7053981618131163
    outer loop
      vertex 4.681513346179187 37.58087834771091 43.953979093274526
      vertex 4.719757737119167 37.96918016529493 44.23121343167271
      vertex 4.485479065520067 37.77691262837003 44.23121343167271
    endloop
  endfacet
  facet normal 0.38676108740071663 -0.5919818920476184 0.7070879017210923
    outer loop
      vertex 4.873780883104089 37.73866823743005 43.953979093274526
      vertex 4.927155712146728 38.104680030111595 44.23121343167271
      vertex 4.719757737119167 37.96918016529493 44.23121343167271
    endloop
  endfacet
  facet normal 0.38676108740071674 -0.5919818920476184 0.7070879017210923
    outer loop
      vertex 4.873780883104089 37.73866823743005 43.953979093274526
      vertex 5.081178858131651 37.87416810224671 43.953979093274526
      vertex 4.927155712146728 38.104680030111595 44.23121343167271
    endloop
  endfacet
  facet normal 0.33413132530045453 -0.6251157418939651 0.7053981618131134
    outer loop
      vertex 5.081178858131651 37.87416810224671 43.953979093274526
      vertex 5.300535308643177 37.99141656778776 43.953979093274526
      vertex 4.927155712146728 38.104680030111595 44.23121343167271
    endloop
  endfacet
  facet normal 0.7343804027613479 -0.3925345032999521 0.553716613222992
    outer loop
      vertex 3.698002936713891 36.69417972506148 44.23121343167271
      vertex 3.6597585457738973 37.0824815426455 44.557206526348004
      vertex 3.4967619984362557 36.77753645100076 44.557206526348004
    endloop
  endfacet
  facet normal 0.8153628008873028 -0.4358204969142739 0.381108904905944
    outer loop
      vertex 3.4967619984362557 36.77753645100076 44.557206526348004
      vertex 3.6597585457738973 37.0824815426455 44.557206526348004
      vertex 3.358144829237162 36.8349535624608 44.919430645491076
    endloop
  endfacet
  facet normal 0.8153628008872966 -0.4358204969143142 0.3811089049059112
    outer loop
      vertex 3.6597585457738973 37.0824815426455 44.557206526348004
      vertex 3.5350063893762496 37.165838268584785 44.919430645491076
      vertex 3.358144829237162 36.8349535624608 44.919430645491076
    endloop
  endfacet
  facet normal 0.8651335806722689 -0.4624235329543381 0.1941864149810879
    outer loop
      vertex 3.358144829237162 36.8349535624608 44.919430645491076
      vertex 3.5350063893762496 37.165838268584785 44.919430645491076
      vertex 3.471408291561005 37.20833315895723 45.30396571934088
    endloop
  endfacet
  facet normal 0.7322310711941217 -0.396263639464692 0.5539068391129556
    outer loop
      vertex 3.6597585457738973 37.0824815426455 44.557206526348004
      vertex 3.9587808787185708 37.179345435004265 44.23121343167271
      vertex 3.7776688191470242 37.30036064427953 44.557206526348004
    endloop
  endfacet
  facet normal 0.8130414680928453 -0.439996039305978 0.38127031953258966
    outer loop
      vertex 3.6597585457738973 37.0824815426455 44.557206526348004
      vertex 3.7776688191470242 37.30036064427953 44.557206526348004
      vertex 3.5350063893762496 37.165838268584785 44.919430645491076
    endloop
  endfacet
  facet normal 0.6566759796534374 -0.5111114196329958 0.5545644908096279
    outer loop
      vertex 3.7776688191470242 37.30036064427953 44.557206526348004
      vertex 3.9587808787185708 37.179345435004265 44.23121343167271
      vertex 3.929832667427931 37.49586076480012 44.557206526348004
    endloop
  endfacet
  facet normal 0.7293498061785368 -0.5676757280534266 0.3818286631544874
    outer loop
      vertex 3.7776688191470242 37.30036064427953 44.557206526348004
      vertex 3.929832667427931 37.49586076480012 44.557206526348004
      vertex 3.6529166627493765 37.38371737021881 44.919430645491076
    endloop
  endfacet
  facet normal 0.8130414680928453 -0.4399960393059779 0.38127031953258966
    outer loop
      vertex 3.7776688191470242 37.30036064427953 44.557206526348004
      vertex 3.6529166627493765 37.38371737021881 44.919430645491076
      vertex 3.5350063893762496 37.165838268584785 44.919430645491076
    endloop
  endfacet
  facet normal 0.8627165314901118 -0.46687883926738744 0.19427901517664647
    outer loop
      vertex 3.5350063893762496 37.165838268584785 44.919430645491076
      vertex 3.6529166627493765 37.38371737021881 44.919430645491076
      vertex 3.589318564934132 37.42621226059126 45.30396571934088
    endloop
  endfacet
  facet normal 0.9277114172908335 -0.318483737635274 0.194729646151014
    outer loop
      vertex 3.2070379997100105 36.62990964843114 45.30396571934088
      vertex 3.358144829237162 36.8349535624608 44.919430645491076
      vertex 3.287478409191536 36.86422455204804 45.30396571934088
    endloop
  endfacet
  facet normal 0.8651335806722922 -0.462423532954309 0.1941864149810528
    outer loop
      vertex 3.358144829237162 36.8349535624608 44.919430645491076
      vertex 3.471408291561005 37.20833315895723 45.30396571934088
      vertex 3.287478409191536 36.86422455204804 45.30396571934088
    endloop
  endfacet
  facet normal 0.8627165314901118 -0.46687883926738744 0.19427901517664647
    outer loop
      vertex 3.5350063893762496 37.165838268584785 44.919430645491076
      vertex 3.589318564934132 37.42621226059126 45.30396571934088
      vertex 3.471408291561005 37.20833315895723 45.30396571934088
    endloop
  endfacet
  facet normal 0.7293498061785368 -0.5676757280534266 0.3818286631544874
    outer loop
      vertex 3.929832667427931 37.49586076480012 44.557206526348004
      vertex 3.805080511030283 37.5792174907394 44.919430645491076
      vertex 3.6529166627493765 37.38371737021881 44.919430645491076
    endloop
  endfacet
  facet normal 0.7740543551011608 -0.6024706743768077 0.19459943952869055
    outer loop
      vertex 3.6529166627493765 37.38371737021881 44.919430645491076
      vertex 3.805080511030283 37.5792174907394 44.919430645491076
      vertex 3.7414824132150386 37.62171238111185 45.30396571934088
    endloop
  endfacet
  facet normal 0.7146714722143939 -0.5865157196566229 0.3811089049059134
    outer loop
      vertex 3.929832667427931 37.49586076480012 44.557206526348004
      vertex 4.043096129751774 37.869240361296555 44.919430645491076
      vertex 3.805080511030283 37.5792174907394 44.919430645491076
    endloop
  endfacet
  facet normal 0.7582959255540328 -0.6223173832739576 0.1941864149810866
    outer loop
      vertex 3.805080511030283 37.5792174907394 44.919430645491076
      vertex 4.043096129751774 37.869240361296555 44.919430645491076
      vertex 3.7414824132150386 37.62171238111185 45.30396571934088
    endloop
  endfacet
  facet normal 0.6436898065936759 -0.5282625721440336 0.5537166132230149
    outer loop
      vertex 3.929832667427931 37.49586076480012 44.557206526348004
      vertex 4.3032122639243795 37.60912422712396 44.23121343167271
      vertex 4.149189117939457 37.76314737310888 44.557206526348004
    endloop
  endfacet
  facet normal 0.7146714722143757 -0.586515719656634 0.3811089049059305
    outer loop
      vertex 3.929832667427931 37.49586076480012 44.557206526348004
      vertex 4.149189117939457 37.76314737310888 44.557206526348004
      vertex 4.043096129751774 37.869240361296555 44.919430645491076
    endloop
  endfacet
  facet normal 0.5632875058746711 -0.6118933806635384 0.5552419980743878
    outer loop
      vertex 4.3032122639243795 37.60912422712396 44.23121343167271
      vertex 4.331455919535145 37.93093577435495 44.557206526348004
      vertex 4.149189117939457 37.76314737310888 44.557206526348004
    endloop
  endfacet
  facet normal 0.6258048225051297 -0.679805293894462 0.3824043495076741
    outer loop
      vertex 4.149189117939457 37.76314737310888 44.557206526348004
      vertex 4.331455919535145 37.93093577435495 44.557206526348004
      vertex 4.043096129751774 37.869240361296555 44.919430645491076
    endloop
  endfacet
  facet normal 0.5282625721440264 -0.6436898065937051 0.5537166132229878
    outer loop
      vertex 4.719757737119167 37.96918016529493 44.23121343167271
      vertex 4.5987425278439105 38.15029222486647 44.557206526348004
      vertex 4.331455919535145 37.93093577435495 44.557206526348004
    endloop
  endfacet
  facet normal 0.6258048225051296 -0.6798052938944621 0.38240434950767405
    outer loop
      vertex 4.331455919535145 37.93093577435495 44.557206526348004
      vertex 4.225362931347462 38.037028762542626 44.919430645491076
      vertex 4.043096129751774 37.869240361296555 44.919430645491076
    endloop
  endfacet
  facet normal 0.6642893643846676 -0.7216106529488796 0.19493000260633547
    outer loop
      vertex 4.043096129751774 37.869240361296555 44.919430645491076
      vertex 4.225362931347462 38.037028762542626 44.919430645491076
      vertex 3.9890103933997523 37.923326097648584 45.30396571934088
    endloop
  endfacet
  facet normal 0.7740543551011608 -0.6024706743768077 0.19459943952869055
    outer loop
      vertex 3.6529166627493765 37.38371737021881 44.919430645491076
      vertex 3.7414824132150386 37.62171238111185 45.30396571934088
      vertex 3.589318564934132 37.42621226059126 45.30396571934088
    endloop
  endfacet
  facet normal 0.7582959255540161 -0.6223173832739883 0.19418641498105382
    outer loop
      vertex 3.7414824132150386 37.62171238111185 45.30396571934088
      vertex 4.043096129751774 37.869240361296555 44.919430645491076
      vertex 3.9890103933997523 37.923326097648584 45.30396571934088
    endloop
  endfacet
  facet normal 0.6642893643846676 -0.7216106529488796 0.19493000260633547
    outer loop
      vertex 4.225362931347462 38.037028762542626 44.919430645491076
      vertex 4.17127719499544 38.091114498894655 45.30396571934088
      vertex 3.9890103933997523 37.923326097648584 45.30396571934088
    endloop
  endfacet
  facet normal 0.33413132530046075 -0.6251157418939564 0.7053981618131182
    outer loop
      vertex 4.927155712146728 38.104680030111595 44.23121343167271
      vertex 5.300535308643177 37.99141656778776 43.953979093274526
      vertex 5.194442320455494 38.24754769874315 44.23121343167271
    endloop
  endfacet
  facet normal 0.45477828003152887 -0.6960899517698668 0.555549723298094
    outer loop
      vertex 4.719757737119167 37.96918016529493 44.23121343167271
      vertex 4.927155712146728 38.104680030111595 44.23121343167271
      vertex 4.5987425278439105 38.15029222486647 44.557206526348004
    endloop
  endfacet
  facet normal 0.39253450329996475 -0.7343804027613414 0.5537166132229914
    outer loop
      vertex 4.927155712146728 38.104680030111595 44.23121343167271
      vertex 5.194442320455494 38.24754769874315 44.23121343167271
      vertex 5.1110855945162115 38.44878863702078 44.557206526348004
    endloop
  endfacet
  facet normal 0.33401956114835896 -0.7614878880304298 0.5554881899313551
    outer loop
      vertex 5.194442320455494 38.24754769874315 44.23121343167271
      vertex 5.421314205814781 38.347062935657306 44.23121343167271
      vertex 5.1110855945162115 38.44878863702078 44.557206526348004
    endloop
  endfacet
  facet normal 0.5865157196566063 -0.7146714722143841 0.38110890490595734
    outer loop
      vertex 4.331455919535145 37.93093577435495 44.557206526348004
      vertex 4.5987425278439105 38.15029222486647 44.557206526348004
      vertex 4.515385801904614 38.27504438126413 44.919430645491076
    endloop
  endfacet
  facet normal 0.45477828003152887 -0.6960899517698668 0.5555497232980939
    outer loop
      vertex 4.927155712146728 38.104680030111595 44.23121343167271
      vertex 4.806140502871472 38.285792089683135 44.557206526348004
      vertex 4.5987425278439105 38.15029222486647 44.557206526348004
    endloop
  endfacet
  facet normal 0.3925345032999658 -0.7343804027613415 0.5537166132229907
    outer loop
      vertex 4.927155712146728 38.104680030111595 44.23121343167271
      vertex 5.1110855945162115 38.44878863702078 44.557206526348004
      vertex 4.806140502871472 38.285792089683135 44.557206526348004
    endloop
  endfacet
  facet normal 0.5053181731335054 -0.7734470140934457 0.38266599050732186
    outer loop
      vertex 4.5987425278439105 38.15029222486647 44.557206526348004
      vertex 4.806140502871472 38.285792089683135 44.557206526348004
      vertex 4.722783776932175 38.410544246080796 44.919430645491076
    endloop
  endfacet
  facet normal 0.435820496914287 -0.8153628008872918 0.3811089049059524
    outer loop
      vertex 4.806140502871472 38.285792089683135 44.557206526348004
      vertex 5.1110855945162115 38.44878863702078 44.557206526348004
      vertex 4.722783776932175 38.410544246080796 44.919430645491076
    endloop
  endfacet
  facet normal 0.5865157196566398 -0.7146714722143719 0.38110890490592864
    outer loop
      vertex 4.331455919535145 37.93093577435495 44.557206526348004
      vertex 4.515385801904614 38.27504438126413 44.919430645491076
      vertex 4.225362931347462 38.037028762542626 44.919430645491076
    endloop
  endfacet
  facet normal 0.6223173832739837 -0.7582959255540193 0.19418641498105613
    outer loop
      vertex 4.225362931347462 38.037028762542626 44.919430645491076
      vertex 4.515385801904614 38.27504438126413 44.919430645491076
      vertex 4.17127719499544 38.091114498894655 45.30396571934088
    endloop
  endfacet
  facet normal 0.5053181731335054 -0.7734470140934457 0.38266599050732186
    outer loop
      vertex 4.5987425278439105 38.15029222486647 44.557206526348004
      vertex 4.722783776932175 38.410544246080796 44.919430645491076
      vertex 4.515385801904614 38.27504438126413 44.919430645491076
    endloop
  endfacet
  facet normal 0.5364398067112052 -0.8210822186916042 0.19508030122008035
    outer loop
      vertex 4.515385801904614 38.27504438126413 44.919430645491076
      vertex 4.722783776932175 38.410544246080796 44.919430645491076
      vertex 4.680288886559737 38.474142343896034 45.30396571934088
    endloop
  endfacet
  facet normal 0.3711297926871965 -0.8460906931526064 0.3826136640797093
    outer loop
      vertex 5.1110855945162115 38.44878863702078 44.557206526348004
      vertex 5.337957479875499 38.54830387393494 44.557206526348004
      vertex 5.280540368415458 38.686921043134035 44.919430645491076
    endloop
  endfacet
  facet normal 0.4358204969142857 -0.8153628008872934 0.38110890490595084
    outer loop
      vertex 5.1110855945162115 38.44878863702078 44.557206526348004
      vertex 5.053668483056171 38.58740580621988 44.919430645491076
      vertex 4.722783776932175 38.410544246080796 44.919430645491076
    endloop
  endfacet
  facet normal 0.4624235329543181 -0.865133580672285 0.19418641498106382
    outer loop
      vertex 4.722783776932175 38.410544246080796 44.919430645491076
      vertex 5.053668483056171 38.58740580621988 44.919430645491076
      vertex 4.680288886559737 38.474142343896034 45.30396571934088
    endloop
  endfacet
  facet normal 0.3711297926871965 -0.8460906931526064 0.3826136640797093
    outer loop
      vertex 5.1110855945162115 38.44878863702078 44.557206526348004
      vertex 5.280540368415458 38.686921043134035 44.919430645491076
      vertex 5.053668483056171 38.58740580621988 44.919430645491076
    endloop
  endfacet
  facet normal 0.3939801665141798 -0.8981842976301204 0.195050239385002
    outer loop
      vertex 5.053668483056171 38.58740580621988 44.919430645491076
      vertex 5.280540368415458 38.686921043134035 44.919430645491076
      vertex 5.251269378828212 38.75758746317966 45.30396571934088
    endloop
  endfacet
  facet normal 0.6223173832739872 -0.7582959255540149 0.19418641498106146
    outer loop
      vertex 4.515385801904614 38.27504438126413 44.919430645491076
      vertex 4.4728909115321756 38.33864247907937 45.30396571934088
      vertex 4.17127719499544 38.091114498894655 45.30396571934088
    endloop
  endfacet
  facet normal 0.5364398067112052 -0.8210822186916042 0.19508030122008035
    outer loop
      vertex 4.515385801904614 38.27504438126413 44.919430645491076
      vertex 4.680288886559737 38.474142343896034 45.30396571934088
      vertex 4.4728909115321756 38.33864247907937 45.30396571934088
    endloop
  endfacet
  facet normal 0.462423532954309 -0.8651335806722922 0.1941864149810528
    outer loop
      vertex 5.053668483056171 38.58740580621988 44.919430645491076
      vertex 5.024397493468925 38.6580722262655 45.30396571934088
      vertex 4.680288886559737 38.474142343896034 45.30396571934088
    endloop
  endfacet
  facet normal 0.39398016651417983 -0.8981842976301203 0.19505023938500202
    outer loop
      vertex 5.053668483056171 38.58740580621988 44.919430645491076
      vertex 5.251269378828212 38.75758746317966 45.30396571934088
      vertex 5.024397493468925 38.6580722262655 45.30396571934088
    endloop
  endfacet
  facet normal 0.13223973939367073 -0.14365065859220752 0.9807533530970561
    outer loop
      vertex 5.257796961727038 36.6545395293213 43.50963054665561
      vertex 5.440063763322726 36.82232793056737 43.50963054665561
      vertex 5.168156404999465 37.09423528889063 43.58611932853558
    endloop
  endfacet
  facet normal 0.12433987975365632 -0.15150858185102797 0.9806042748878553
    outer loop
      vertex 5.440063763322726 36.82232793056737 43.50963054665561
      vertex 5.4697701215362 36.84670730870592 43.50963054665561
      vertex 5.256133880953257 37.16643653747655 43.58611932853558
    endloop
  endfacet
  facet normal 0.10670977617447253 -0.1633314654901993 0.9807832869954595
    outer loop
      vertex 5.4697701215362 36.84670730870592 43.50963054665561
      vertex 5.677168096563761 36.98220717352259 43.50963054665561
      vertex 5.256133880953257 37.16643653747655 43.58611932853558
    endloop
  endfacet
  facet normal 0.12433987975366799 -0.15150858185102165 0.9806042748878548
    outer loop
      vertex 5.168156404999465 37.09423528889063 43.58611932853558
      vertex 5.440063763322726 36.82232793056737 43.50963054665561
      vertex 5.256133880953257 37.16643653747655 43.58611932853558
    endloop
  endfacet
  facet normal 0.10670977617447253 -0.16333146549019936 0.9807832869954595
    outer loop
      vertex 5.677168096563761 36.98220717352259 43.50963054665561
      vertex 5.463531855980818 37.301936402293215 43.58611932853558
      vertex 5.256133880953257 37.16643653747655 43.58611932853558
    endloop
  endfacet
  facet normal 0.0923928658079769 -0.17285489411484067 0.9806042748878553
    outer loop
      vertex 5.677168096563761 36.98220717352259 43.50963054665561
      vertex 5.563904634239918 37.35558677001902 43.58611932853558
      vertex 5.463531855980818 37.301936402293215 43.58611932853558
    endloop
  endfacet
  facet normal 0.09239286580794574 -0.17285489411485036 0.9806042748878565
    outer loop
      vertex 5.677168096563761 36.98220717352259 43.50963054665561
      vertex 5.711059836165532 37.00032268575647 43.50963054665561
      vertex 5.563904634239918 37.35558677001902 43.58611932853558
    endloop
  endfacet
  facet normal 0.07838299469192549 -0.1786952263521587 0.980777305111653
    outer loop
      vertex 5.711059836165532 37.00032268575647 43.50963054665561
      vertex 5.937931721524819 37.09983792267063 43.50963054665561
      vertex 5.563904634239918 37.35558677001902 43.58611932853558
    endloop
  endfacet
  facet normal 0.05689524584383547 -0.18755848973595143 0.9806042748878564
    outer loop
      vertex 5.974706401968675 37.110993400024 43.50963054665561
      vertex 5.790776519599206 37.45510200693318 43.58611932853558
      vertex 5.937931721524819 37.09983792267063 43.50963054665561
    endloop
  endfacet
  facet normal 0.2093175439774588 -0.320384339994766 0.9238723074480384
    outer loop
      vertex 5.054892942675622 37.467614885387064 43.73615747130329
      vertex 5.256133880953257 37.16643653747655 43.58611932853558
      vertex 5.463531855980818 37.301936402293215 43.58611932853558
    endloop
  endfacet
  facet normal 0.07838299469192549 -0.1786952263521587 0.980777305111653
    outer loop
      vertex 5.563904634239918 37.35558677001902 43.58611932853558
      vertex 5.937931721524819 37.09983792267063 43.50963054665561
      vertex 5.790776519599206 37.45510200693318 43.58611932853558
    endloop
  endfacet
  facet normal 0.05689524584380331 -0.1875584897359683 0.980604274887855
    outer loop
      vertex 5.974706401968675 37.110993400024 43.50963054665561
      vertex 5.899687330584825 37.48813974025465 43.58611932853558
      vertex 5.790776519599206 37.45510200693318 43.58611932853558
    endloop
  endfacet
  facet normal 0.04795340686870776 -0.18936371806618416 0.9807353634135126
    outer loop
      vertex 5.974706401968675 37.110993400024 43.50963054665561
      vertex 6.214863723064141 37.17180949430329 43.50963054665561
      vertex 6.139844651680292 37.54895583453394 43.58611932853558
    endloop
  endfacet
  facet normal 0.04795340686870777 -0.18936371806618416 0.9807353634135126
    outer loop
      vertex 5.974706401968675 37.110993400024 43.50963054665561
      vertex 6.139844651680292 37.54895583453394 43.58611932853558
      vertex 5.899687330584825 37.48813974025465 43.58611932853558
    endloop
  endfacet
  facet normal 0.01921117348906995 -0.19505431778054963 0.9806042748878556
    outer loop
      vertex 6.214863723064141 37.17180949430329 43.50963054665561
      vertex 6.253108114004135 37.17557623803751 43.50963054665561
      vertex 6.253108114004135 37.56011131188731 43.58611932853558
    endloop
  endfacet
  facet normal 0.016163531284946357 -0.19506483572762345 0.9806571521785562
    outer loop
      vertex 6.253108114004135 37.17557623803751 43.50963054665561
      vertex 6.5 37.19603428065912 43.50963054665561
      vertex 6.253108114004135 37.56011131188731 43.58611932853558
    endloop
  endfacet
  facet normal 0.18113995972489452 -0.33888902876210875 0.923223992959205
    outer loop
      vertex 5.463531855980818 37.301936402293215 43.58611932853558
      vertex 5.563904634239918 37.35558677001902 43.58611932853558
      vertex 5.4252874650408245 37.69023821987724 43.73615747130329
    endloop
  endfacet
  facet normal 0.15375021457016042 -0.3505151787360585 0.9238506269929455
    outer loop
      vertex 5.563904634239918 37.35558677001902 43.58611932853558
      vertex 5.790776519599206 37.45510200693318 43.58611932853558
      vertex 5.652159350400112 37.789753456791395 43.73615747130329
    endloop
  endfacet
  facet normal 0.11154543644207074 -0.3677160241727447 0.9232239929592045
    outer loop
      vertex 5.790776519599206 37.45510200693318 43.58611932853558
      vertex 5.899687330584825 37.48813974025465 43.58611932853558
      vertex 5.652159350400112 37.789753456791395 43.73615747130329
    endloop
  endfacet
  facet normal 0.01921117348908619 -0.19505431778055107 0.9806042748878551
    outer loop
      vertex 6.214863723064141 37.17180949430329 43.50963054665561
      vertex 6.253108114004135 37.56011131188731 43.58611932853558
      vertex 6.139844651680292 37.54895583453394 43.58611932853558
    endloop
  endfacet
  facet normal 0.01616353128494636 -0.19506483572762345 0.9806571521785562
    outer loop
      vertex 6.5 37.19603428065912 43.50963054665561
      vertex 6.5 37.580569354508924 43.58611932853558
      vertex 6.253108114004135 37.56011131188731 43.58611932853558
    endloop
  endfacet
  facet normal 0.09405036121085676 -0.37139647101856466 0.9236986472172967
    outer loop
      vertex 5.899687330584825 37.48813974025465 43.58611932853558
      vertex 6.139844651680292 37.54895583453394 43.58611932853558
      vertex 5.8290209105391995 37.84340382451721 43.73615747130329
    endloop
  endfacet
  facet normal 0.03766428459220478 -0.38241189899193856 0.9232239929592042
    outer loop
      vertex 6.139844651680292 37.54895583453394 43.58611932853558
      vertex 6.253108114004135 37.56011131188731 43.58611932853558
      vertex 6.253108114004135 37.92233543103038 43.73615747130329
    endloop
  endfacet
  facet normal 0.03169411903102244 -0.3824911780308813 0.9234153894902317
    outer loop
      vertex 6.253108114004135 37.56011131188731 43.58611932853558
      vertex 6.5 37.580569354508924 43.58611932853558
      vertex 6.5 37.942793473651996 43.73615747130329
    endloop
  endfacet
  facet normal 0.20931754397745883 -0.320384339994766 0.9238723074480384
    outer loop
      vertex 5.054892942675622 37.467614885387064 43.73615747130329
      vertex 5.463531855980818 37.301936402293215 43.58611932853558
      vertex 5.262290917703183 37.60311475020373 43.73615747130329
    endloop
  endfacet
  facet normal 0.1811399597249096 -0.3388890287621065 0.923223992959203
    outer loop
      vertex 5.463531855980818 37.301936402293215 43.58611932853558
      vertex 5.4252874650408245 37.69023821987724 43.73615747130329
      vertex 5.262290917703183 37.60311475020373 43.73615747130329
    endloop
  endfacet
  facet normal 0.15375021457016047 -0.35051517873605853 0.9238506269929455
    outer loop
      vertex 5.563904634239918 37.35558677001902 43.58611932853558
      vertex 5.652159350400112 37.789753456791395 43.73615747130329
      vertex 5.4252874650408245 37.69023821987724 43.73615747130329
    endloop
  endfacet
  facet normal 0.26276809750955954 -0.4916045332565869 0.830227625300905
    outer loop
      vertex 5.081178858131651 37.87416810224671 43.953979093274526
      vertex 5.262290917703183 37.60311475020373 43.73615747130329
      vertex 5.4252874650408245 37.69023821987724 43.73615747130329
    endloop
  endfacet
  facet normal 0.11154543644208212 -0.3677160241727363 0.9232239929592064
    outer loop
      vertex 5.899687330584825 37.48813974025465 43.58611932853558
      vertex 5.8290209105391995 37.84340382451721 43.73615747130329
      vertex 5.652159350400112 37.789753456791395 43.73615747130329
    endloop
  endfacet
  facet normal 0.22320298005913924 -0.5088515334341134 0.8314147861413524
    outer loop
      vertex 5.4252874650408245 37.69023821987724 43.73615747130329
      vertex 5.652159350400112 37.789753456791395 43.73615747130329
      vertex 5.527407194002464 38.09093180470192 43.953979093274526
    endloop
  endfacet
  facet normal 0.2627680975095414 -0.49160453325661074 0.8302276253008966
    outer loop
      vertex 5.081178858131651 37.87416810224671 43.953979093274526
      vertex 5.4252874650408245 37.69023821987724 43.73615747130329
      vertex 5.300535308643177 37.99141656778776 43.953979093274526
    endloop
  endfacet
  facet normal 0.1618117954993108 -0.5334220027562766 0.8302276253009001
    outer loop
      vertex 5.652159350400112 37.789753456791395 43.73615747130329
      vertex 5.8290209105391995 37.84340382451721 43.73615747130329
      vertex 5.765422812723955 38.16313305328784 43.953979093274526
    endloop
  endfacet
  facet normal 0.2232029800591392 -0.5088515334341134 0.8314147861413524
    outer loop
      vertex 5.4252874650408245 37.69023821987724 43.73615747130329
      vertex 5.527407194002464 38.09093180470192 43.953979093274526
      vertex 5.300535308643177 37.99141656778776 43.953979093274526
    endloop
  endfacet
  facet normal 0.1618117954993161 -0.5334220027562774 0.8302276253008987
    outer loop
      vertex 5.652159350400112 37.789753456791395 43.73615747130329
      vertex 5.765422812723955 38.16313305328784 43.953979093274526
      vertex 5.527407194002464 38.09093180470192 43.953979093274526
    endloop
  endfacet
  facet normal 0.09405036121085676 -0.37139647101856466 0.9236986472172966
    outer loop
      vertex 6.139844651680292 37.54895583453394 43.58611932853558
      vertex 6.069178231634666 37.9042199187965 43.73615747130329
      vertex 5.8290209105391995 37.84340382451721 43.73615747130329
    endloop
  endfacet
  facet normal 0.03766428459218644 -0.38241189899193406 0.9232239929592068
    outer loop
      vertex 6.139844651680292 37.54895583453394 43.58611932853558
      vertex 6.253108114004135 37.92233543103038 43.73615747130329
      vertex 6.069178231634666 37.9042199187965 43.73615747130329
    endloop
  endfacet
  facet normal 0.03169411903102243 -0.3824911780308813 0.9234153894902317
    outer loop
      vertex 6.253108114004135 37.56011131188731 43.58611932853558
      vertex 6.5 37.942793473651996 43.73615747130329
      vertex 6.253108114004135 37.92233543103038 43.73615747130329
    endloop
  endfacet
  facet normal 0.136510363128865 -0.5390672238871819 0.8311266142345535
    outer loop
      vertex 5.8290209105391995 37.84340382451721 43.73615747130329
      vertex 6.069178231634666 37.9042199187965 43.73615747130329
      vertex 6.0055801338194215 38.223949147567126 43.953979093274526
    endloop
  endfacet
  facet normal 0.05463715693311407 -0.5547403638365397 0.830227625300899
    outer loop
      vertex 6.069178231634666 37.9042199187965 43.73615747130329
      vertex 6.253108114004135 37.92233543103038 43.73615747130329
      vertex 6.0055801338194215 38.223949147567126 43.953979093274526
    endloop
  endfacet
  facet normal 0.045987152293125784 -0.5549824570819059 0.8305899434470053
    outer loop
      vertex 6.253108114004135 37.92233543103038 43.73615747130329
      vertex 6.5 37.942793473651996 43.73615747130329
      vertex 6.253108114004135 38.24832852570567 43.953979093274526
    endloop
  endfacet
  facet normal 0.13651036312886497 -0.5390672238871819 0.8311266142345535
    outer loop
      vertex 5.8290209105391995 37.84340382451721 43.73615747130329
      vertex 6.0055801338194215 38.223949147567126 43.953979093274526
      vertex 5.765422812723955 38.16313305328784 43.953979093274526
    endloop
  endfacet
  facet normal 0.054637156933104884 -0.554740363836545 0.8302276253008959
    outer loop
      vertex 6.253108114004135 37.92233543103038 43.73615747130329
      vertex 6.253108114004135 38.24832852570567 43.953979093274526
      vertex 6.0055801338194215 38.223949147567126 43.953979093274526
    endloop
  endfacet
  facet normal 0.04598715229312572 -0.5549824570819059 0.8305899434470053
    outer loop
      vertex 6.5 37.942793473651996 43.73615747130329
      vertex 6.5 38.268786568327286 43.953979093274526
      vertex 6.253108114004135 38.24832852570567 43.953979093274526
    endloop
  endfacet
  facet normal 0.28407189684878864 -0.6476186844760932 0.7070312559839103
    outer loop
      vertex 5.300535308643177 37.99141656778776 43.953979093274526
      vertex 5.527407194002464 38.09093180470192 43.953979093274526
      vertex 5.421314205814781 38.347062935657306 44.23121343167271
    endloop
  endfacet
  facet normal 0.20575705419288706 -0.6782901060464752 0.7053981618131187
    outer loop
      vertex 5.527407194002464 38.09093180470192 43.953979093274526
      vertex 5.765422812723955 38.16313305328784 43.953979093274526
      vertex 5.421314205814781 38.347062935657306 44.23121343167271
    endloop
  endfacet
  facet normal 0.28407189684878864 -0.6476186844760932 0.7070312559839103
    outer loop
      vertex 5.194442320455494 38.24754769874315 44.23121343167271
      vertex 5.300535308643177 37.99141656778776 43.953979093274526
      vertex 5.421314205814781 38.347062935657306 44.23121343167271
    endloop
  endfacet
  facet normal 0.17370033093819998 -0.6859270830504512 0.7066344399828379
    outer loop
      vertex 5.765422812723955 38.16313305328784 43.953979093274526
      vertex 6.0055801338194215 38.223949147567126 43.953979093274526
      vertex 5.711337076371933 38.4350404116111 44.23121343167271
    endloop
  endfacet
  facet normal 0.2057570541928721 -0.6782901060464893 0.7053981618131093
    outer loop
      vertex 5.765422812723955 38.16313305328784 43.953979093274526
      vertex 5.711337076371933 38.4350404116111 44.23121343167271
      vertex 5.421314205814781 38.347062935657306 44.23121343167271
    endloop
  endfacet
  facet normal 0.17370033093820003 -0.6859270830504512 0.706634439982838
    outer loop
      vertex 6.0055801338194215 38.223949147567126 43.953979093274526
      vertex 5.9514943974674 38.49585650589039 44.23121343167271
      vertex 5.711337076371933 38.4350404116111 44.23121343167271
    endloop
  endfacet
  facet normal 0.06947565488251113 -0.7053981618131071 0.7053981618131252
    outer loop
      vertex 6.0055801338194215 38.223949147567126 43.953979093274526
      vertex 6.253108114004135 38.24832852570567 43.953979093274526
      vertex 6.253108114004135 38.52556286410386 44.23121343167271
    endloop
  endfacet
  facet normal 0.05849221340686903 -0.7058961187634974 0.7058961187635157
    outer loop
      vertex 6.253108114004135 38.24832852570567 43.953979093274526
      vertex 6.5 38.268786568327286 43.953979093274526
      vertex 6.5 38.546020906725474 44.23121343167271
    endloop
  endfacet
  facet normal 0.24172155362995065 -0.79684917189615 0.5537166132229941
    outer loop
      vertex 5.421314205814781 38.347062935657306 44.23121343167271
      vertex 5.711337076371933 38.4350404116111 44.23121343167271
      vertex 5.66884218599948 38.64867665219404 44.557206526348004
    endloop
  endfacet
  facet normal 0.20419780645678182 -0.8063588882742772 0.5550572935646468
    outer loop
      vertex 5.711337076371933 38.4350404116111 44.23121343167271
      vertex 5.9514943974674 38.49585650589039 44.23121343167271
      vertex 5.908999507094947 38.70949274647333 44.557206526348004
    endloop
  endfacet
  facet normal 0.06947565488254043 -0.7053981618131182 0.7053981618131112
    outer loop
      vertex 6.0055801338194215 38.223949147567126 43.953979093274526
      vertex 6.253108114004135 38.52556286410386 44.23121343167271
      vertex 5.9514943974674 38.49585650589039 44.23121343167271
    endloop
  endfacet
  facet normal 0.058492213406869095 -0.7058961187634974 0.7058961187635157
    outer loop
      vertex 6.253108114004135 38.24832852570567 43.953979093274526
      vertex 6.5 38.546020906725474 44.23121343167271
      vertex 6.253108114004135 38.52556286410386 44.23121343167271
    endloop
  endfacet
  facet normal 0.08161938021295691 -0.8286954742331548 0.5537166132229909
    outer loop
      vertex 5.9514943974674 38.49585650589039 44.23121343167271
      vertex 6.253108114004135 38.52556286410386 44.23121343167271
      vertex 5.908999507094947 38.70949274647333 44.557206526348004
    endloop
  endfacet
  facet normal 0.06873458465143069 -0.8295031715207434 0.554256299296475
    outer loop
      vertex 6.253108114004135 38.52556286410386 44.23121343167271
      vertex 6.5 38.546020906725474 44.23121343167271
      vertex 6.253108114004135 38.7433844860751 44.557206526348004
    endloop
  endfacet
  facet normal 0.33401956114835896 -0.7614878880304298 0.5554881899313551
    outer loop
      vertex 5.1110855945162115 38.44878863702078 44.557206526348004
      vertex 5.421314205814781 38.347062935657306 44.23121343167271
      vertex 5.337957479875499 38.54830387393494 44.557206526348004
    endloop
  endfacet
  facet normal 0.24172155362995443 -0.7968491718961506 0.5537166132229918
    outer loop
      vertex 5.421314205814781 38.347062935657306 44.23121343167271
      vertex 5.66884218599948 38.64867665219404 44.557206526348004
      vertex 5.337957479875499 38.54830387393494 44.557206526348004
    endloop
  endfacet
  facet normal 0.2041978064567818 -0.8063588882742772 0.5550572935646468
    outer loop
      vertex 5.711337076371933 38.4350404116111 44.23121343167271
      vertex 5.908999507094947 38.70949274647333 44.557206526348004
      vertex 5.66884218599948 38.64867665219404 44.557206526348004
    endloop
  endfacet
  facet normal 0.2683769368864796 -0.8847201943828458 0.381108904905947
    outer loop
      vertex 5.337957479875499 38.54830387393494 44.557206526348004
      vertex 5.66884218599948 38.64867665219404 44.557206526348004
      vertex 5.280540368415458 38.686921043134035 44.919430645491076
    endloop
  endfacet
  facet normal 0.08161938021296772 -0.8286954742331484 0.5537166132229988
    outer loop
      vertex 6.253108114004135 38.52556286410386 44.23121343167271
      vertex 6.253108114004135 38.7433844860751 44.557206526348004
      vertex 5.908999507094947 38.70949274647333 44.557206526348004
    endloop
  endfacet
  facet normal 0.06873458465143072 -0.8295031715207434 0.554256299296475
    outer loop
      vertex 6.5 38.546020906725474 44.23121343167271
      vertex 6.5 38.76384252869671 44.557206526348004
      vertex 6.253108114004135 38.7433844860751 44.557206526348004
    endloop
  endfacet
  facet normal 0.268376936886479 -0.8847201943828462 0.3811089049059464
    outer loop
      vertex 5.66884218599948 38.64867665219404 44.557206526348004
      vertex 5.639571196412234 38.795831854119655 44.919430645491076
      vertex 5.280540368415458 38.686921043134035 44.919430645491076
    endloop
  endfacet
  facet normal 0.22684333300068701 -0.8957840487359974 0.382247354867609
    outer loop
      vertex 5.66884218599948 38.64867665219404 44.557206526348004
      vertex 5.908999507094947 38.70949274647333 44.557206526348004
      vertex 5.879728517507701 38.856647948398944 44.919430645491076
    endloop
  endfacet
  facet normal 0.09061980168166126 -0.9200782869650708 0.3811089049059302
    outer loop
      vertex 5.908999507094947 38.70949274647333 44.557206526348004
      vertex 6.253108114004135 38.7433844860751 44.557206526348004
      vertex 6.253108114004135 38.893422628842806 44.919430645491076
    endloop
  endfacet
  facet normal 0.0763314830000033 -0.921184110684322 0.38156695208803787
    outer loop
      vertex 6.253108114004135 38.7433844860751 44.557206526348004
      vertex 6.5 38.76384252869671 44.557206526348004
      vertex 6.5 38.91388067146442 44.919430645491076
    endloop
  endfacet
  facet normal 0.22684333300068701 -0.8957840487359973 0.382247354867609
    outer loop
      vertex 5.66884218599948 38.64867665219404 44.557206526348004
      vertex 5.879728517507701 38.856647948398944 44.919430645491076
      vertex 5.639571196412234 38.795831854119655 44.919430645491076
    endloop
  endfacet
  facet normal 0.2847590055933314 -0.9387246374578119 0.19418641498106065
    outer loop
      vertex 5.280540368415458 38.686921043134035 44.919430645491076
      vertex 5.639571196412234 38.795831854119655 44.919430645491076
      vertex 5.6246489753246465 38.870850925503504 45.30396571934088
    endloop
  endfacet
  facet normal 0.2407807792826671 -0.9508217784958347 0.19483983644534658
    outer loop
      vertex 5.639571196412234 38.795831854119655 44.919430645491076
      vertex 5.879728517507701 38.856647948398944 44.919430645491076
      vertex 5.6246489753246465 38.870850925503504 45.30396571934088
    endloop
  endfacet
  facet normal 0.09061980168163732 -0.9200782869650649 0.38110890490595
    outer loop
      vertex 5.908999507094947 38.70949274647333 44.557206526348004
      vertex 6.253108114004135 38.893422628842806 44.919430645491076
      vertex 5.879728517507701 38.856647948398944 44.919430645491076
    endloop
  endfacet
  facet normal 0.0763314830000033 -0.921184110684322 0.38156695208803787
    outer loop
      vertex 6.253108114004135 38.7433844860751 44.557206526348004
      vertex 6.5 38.91388067146442 44.919430645491076
      vertex 6.253108114004135 38.893422628842806 44.919430645491076
    endloop
  endfacet
  facet normal 0.09615134934207546 -0.9762410328686775 0.1941864149810593
    outer loop
      vertex 5.879728517507701 38.856647948398944 44.919430645491076
      vertex 6.253108114004135 38.893422628842806 44.919430645491076
      vertex 5.864806296420113 38.93166701978279 45.30396571934088
    endloop
  endfacet
  facet normal 0.08100311007086536 -0.977562271563506 0.19444922569772644
    outer loop
      vertex 6.253108114004135 38.893422628842806 44.919430645491076
      vertex 6.5 38.91388067146442 44.919430645491076
      vertex 6.253108114004135 38.96991141072278 45.30396571934088
    endloop
  endfacet
  facet normal 0.28475900559333706 -0.9387246374578113 0.19418641498105532
    outer loop
      vertex 5.280540368415458 38.686921043134035 44.919430645491076
      vertex 5.6246489753246465 38.870850925503504 45.30396571934088
      vertex 5.251269378828212 38.75758746317966 45.30396571934088
    endloop
  endfacet
  facet normal 0.2407807792826671 -0.9508217784958347 0.19483983644534658
    outer loop
      vertex 5.879728517507701 38.856647948398944 44.919430645491076
      vertex 5.864806296420113 38.93166701978279 45.30396571934088
      vertex 5.6246489753246465 38.870850925503504 45.30396571934088
    endloop
  endfacet
  facet normal 0.09615134934208049 -0.9762410328686758 0.1941864149810642
    outer loop
      vertex 6.253108114004135 38.893422628842806 44.919430645491076
      vertex 6.253108114004135 38.96991141072278 45.30396571934088
      vertex 5.864806296420113 38.93166701978279 45.30396571934088
    endloop
  endfacet
  facet normal 0.08100311007086539 -0.977562271563506 0.19444922569772644
    outer loop
      vertex 6.5 38.91388067146442 44.919430645491076
      vertex 6.5 38.99036945334439 45.30396571934088
      vertex 6.253108114004135 38.96991141072278 45.30396571934088
    endloop
  endfacet
  facet normal 0.9458172398841561 -0.3246994744959047 0
    outer loop
      vertex 3.2070379997100105 36.62990964843114 45.30396571934088
      vertex 3.287478409191536 36.86422455204804 45.30396571934088
      vertex 3.287478409191536 36.86422455204804 49
    endloop
  endfacet
  facet normal 0.8819212643483608 -0.47139673682598665 -6.981345553098688e-19
    outer loop
      vertex 3.287478409191536 36.86422455204804 45.30396571934088
      vertex 3.471408291561005 37.20833315895723 45.30396571934088
      vertex 3.471408291561005 37.20833315895723 49
    endloop
  endfacet
  facet normal 0.8794737511886749 -0.4759473930699911 0
    outer loop
      vertex 3.471408291561005 37.20833315895723 45.30396571934088
      vertex 3.589318564934132 37.42621226059126 45.30396571934088
      vertex 3.589318564934132 37.42621226059126 49
    endloop
  endfacet
  facet normal 0.7891405158722794 -0.6142127043694494 0
    outer loop
      vertex 3.589318564934132 37.42621226059126 45.30396571934088
      vertex 3.7414824132150386 37.62171238111185 45.30396571934088
      vertex 3.7414824132150386 37.62171238111185 49
    endloop
  endfacet
  facet normal 0.7730104533627277 -0.6343932841636567 -4.612725819777794e-19
    outer loop
      vertex 3.7414824132150386 37.62171238111185 45.30396571934088
      vertex 3.9890103933997523 37.923326097648584 45.30396571934088
      vertex 3.9890103933997523 37.923326097648584 49
    endloop
  endfacet
  facet normal 0.6772815505119757 -0.7357239301097214 0
    outer loop
      vertex 3.9890103933997523 37.923326097648584 45.30396571934088
      vertex 4.17127719499544 38.091114498894655 45.30396571934088
      vertex 4.17127719499544 38.091114498894655 49
    endloop
  endfacet
  facet normal 0.8819212643483608 -0.47139673682598665 0
    outer loop
      vertex 3.287478409191536 36.86422455204804 45.30396571934088
      vertex 3.471408291561005 37.20833315895723 49
      vertex 3.287478409191536 36.86422455204804 49
    endloop
  endfacet
  facet normal 0.8794737511886749 -0.4759473930699911 0
    outer loop
      vertex 3.471408291561005 37.20833315895723 45.30396571934088
      vertex 3.589318564934132 37.42621226059126 49
      vertex 3.471408291561005 37.20833315895723 49
    endloop
  endfacet
  facet normal 0.7891405158722794 -0.6142127043694494 0
    outer loop
      vertex 3.589318564934132 37.42621226059126 45.30396571934088
      vertex 3.7414824132150386 37.62171238111185 49
      vertex 3.589318564934132 37.42621226059126 49
    endloop
  endfacet
  facet normal 0.7730104533627277 -0.6343932841636567 0
    outer loop
      vertex 3.7414824132150386 37.62171238111185 45.30396571934088
      vertex 3.9890103933997523 37.923326097648584 49
      vertex 3.7414824132150386 37.62171238111185 49
    endloop
  endfacet
  facet normal 0.6772815505119757 -0.7357239301097214 0
    outer loop
      vertex 3.9890103933997523 37.923326097648584 45.30396571934088
      vertex 4.17127719499544 38.091114498894655 49
      vertex 3.9890103933997523 37.923326097648584 49
    endloop
  endfacet
  facet normal 0.6343932841636567 -0.7730104533627277 -4.612725819777794e-19
    outer loop
      vertex 4.17127719499544 38.091114498894655 45.30396571934088
      vertex 4.4728909115321756 38.33864247907937 45.30396571934088
      vertex 4.4728909115321756 38.33864247907937 49
    endloop
  endfacet
  facet normal 0.5469481722948649 -0.8371664690032126 0
    outer loop
      vertex 4.4728909115321756 38.33864247907937 45.30396571934088
      vertex 4.680288886559737 38.474142343896034 45.30396571934088
      vertex 4.680288886559737 38.474142343896034 49
    endloop
  endfacet
  facet normal 0.47139673682598665 -0.8819212643483608 -6.981345553098688e-19
    outer loop
      vertex 4.680288886559737 38.474142343896034 45.30396571934088
      vertex 5.024397493468925 38.6580722262655 45.30396571934088
      vertex 5.024397493468925 38.6580722262655 49
    endloop
  endfacet
  facet normal 0.4016954292016562 -0.9157733246598184 0
    outer loop
      vertex 5.024397493468925 38.6580722262655 45.30396571934088
      vertex 5.251269378828212 38.75758746317966 45.30396571934088
      vertex 5.251269378828212 38.75758746317966 49
    endloop
  endfacet
  facet normal 0.6343932841636567 -0.7730104533627277 0
    outer loop
      vertex 4.17127719499544 38.091114498894655 45.30396571934088
      vertex 4.4728909115321756 38.33864247907937 49
      vertex 4.17127719499544 38.091114498894655 49
    endloop
  endfacet
  facet normal 0.5469481722948649 -0.8371664690032126 0
    outer loop
      vertex 4.4728909115321756 38.33864247907937 45.30396571934088
      vertex 4.680288886559737 38.474142343896034 49
      vertex 4.4728909115321756 38.33864247907937 49
    endloop
  endfacet
  facet normal 0.47139673682598665 -0.8819212643483608 0
    outer loop
      vertex 4.680288886559737 38.474142343896034 45.30396571934088
      vertex 5.024397493468925 38.6580722262655 49
      vertex 4.680288886559737 38.474142343896034 49
    endloop
  endfacet
  facet normal 0.4016954292016562 -0.9157733246598184 0
    outer loop
      vertex 5.024397493468925 38.6580722262655 45.30396571934088
      vertex 5.251269378828212 38.75758746317966 49
      vertex 5.024397493468925 38.6580722262655 49
    endloop
  endfacet
  facet normal 0.29028467725446716 -0.9569403357322074 -2.076603640062655e-18
    outer loop
      vertex 5.251269378828212 38.75758746317966 45.30396571934088
      vertex 5.6246489753246465 38.870850925503504 45.30396571934088
      vertex 5.6246489753246465 38.870850925503504 49
    endloop
  endfacet
  facet normal 0.24548549108583023 -0.969400264940313 0
    outer loop
      vertex 5.6246489753246465 38.870850925503504 45.30396571934088
      vertex 5.864806296420113 38.93166701978279 45.30396571934088
      vertex 5.864806296420113 38.93166701978279 49
    endloop
  endfacet
  facet normal 0.09801714032955766 -0.9951847266721972 -5.572667659000233e-19
    outer loop
      vertex 5.864806296420113 38.93166701978279 45.30396571934088
      vertex 6.253108114004135 38.96991141072278 45.30396571934088
      vertex 6.253108114004135 38.96991141072278 49
    endloop
  endfacet
  facet normal 0.08257933616372483 -0.996584493778003 0
    outer loop
      vertex 6.253108114004135 38.96991141072278 45.30396571934088
      vertex 6.5 38.99036945334439 45.30396571934088
      vertex 6.5 38.99036945334439 49
    endloop
  endfacet
  facet normal 0.29028467725446716 -0.9569403357322074 0
    outer loop
      vertex 5.251269378828212 38.75758746317966 45.30396571934088
      vertex 5.6246489753246465 38.870850925503504 49
      vertex 5.251269378828212 38.75758746317966 49
    endloop
  endfacet
  facet normal 0.24548549108583023 -0.969400264940313 0
    outer loop
      vertex 5.6246489753246465 38.870850925503504 45.30396571934088
      vertex 5.864806296420113 38.93166701978279 49
      vertex 5.6246489753246465 38.870850925503504 49
    endloop
  endfacet
  facet normal 0.09801714032955766 -0.9951847266721972 0
    outer loop
      vertex 5.864806296420113 38.93166701978279 45.30396571934088
      vertex 6.253108114004135 38.96991141072278 49
      vertex 5.864806296420113 38.93166701978279 49
    endloop
  endfacet
  facet normal 0.08257933616372483 -0.996584493778003 0
    outer loop
      vertex 6.253108114004135 38.96991141072278 45.30396571934088
      vertex 6.5 38.99036945334439 49
      vertex 6.253108114004135 38.96991141072278 49
    endloop
  endfacet
  facet normal 0 0 1
    outer loop
      vertex 5.233417583588491 36.624833171107824 43.50963054665561
      vertex 7 36.5 43.50963054665561
      vertex 161 36.5 43.50963054665561
    endloop
  endfacet
  facet normal 0 0 1
    outer loop
      vertex 5.233417583588491 36.624833171107824 43.50963054665561
      vertex 161.94324730573453 37.13521245978096 43.50963054665561
      vertex 5.257796961727038 36.6545395293213 43.50963054665561
    endloop
  endfacet
  facet normal 0 0 1
    outer loop
      vertex 5.257796961727038 36.6545395293213 43.50963054665561
      vertex 161.94324730573453 37.13521245978096 43.50963054665561
      vertex 5.440063763322726 36.82232793056737 43.50963054665561
    endloop
  endfacet
  facet normal 0 0 1
    outer loop
      vertex 5.440063763322726 36.82232793056737 43.50963054665561
      vertex 161.94324730573453 37.13521245978096 43.50963054665561
      vertex 5.4697701215362 36.84670730870592 43.50963054665561
    endloop
  endfacet
  facet normal 0 0 1
    outer loop
      vertex 5.4697701215362 36.84670730870592 43.50963054665561
      vertex 161.94324730573453 37.13521245978096 43.50963054665561
      vertex 5.677168096563761 36.98220717352259 43.50963054665561
    endloop
  endfacet
  facet normal 0 0 1
    outer loop
      vertex 5.677168096563761 36.98220717352259 43.50963054665561
      vertex 161.94324730573453 37.13521245978096 43.50963054665561
      vertex 5.711059836165532 37.00032268575647 43.50963054665561
    endloop
  endfacet
  facet normal 0 0 1
    outer loop
      vertex 5.711059836165532 37.00032268575647 43.50963054665561
      vertex 161.94324730573453 37.13521245978096 43.50963054665561
      vertex 5.937931721524819 37.09983792267063 43.50963054665561
    endloop
  endfacet
  facet normal 0 0 1
    outer loop
      vertex 5.974706401968675 37.110993400024 43.50963054665561
      vertex 5.937931721524819 37.09983792267063 43.50963054665561
      vertex 161.94324730573453 37.13521245978096 43.50963054665561
    endloop
  endfacet
  facet normal 0 0 1
    outer loop
      vertex 5.974706401968675 37.110993400024 43.50963054665561
      vertex 161.94324730573453 37.13521245978096 43.50963054665561
      vertex 6.214863723064141 37.17180949430329 43.50963054665561
    endloop
  endfacet
  facet normal 0 0 1
    outer loop
      vertex 6.214863723064141 37.17180949430329 43.50963054665561
      vertex 161.94324730573453 37.13521245978096 43.50963054665561
      vertex 6.253108114004135 37.17557623803751 43.50963054665561
    endloop
  endfacet
  facet normal 0 0 1
    outer loop
      vertex 6.253108114004135 37.17557623803751 43.50963054665561
      vertex 161.94324730573453 37.13521245978096 43.50963054665561
      vertex 6.5 37.19603428065912 43.50963054665561
    endloop
  endfacet
  facet normal 0 -0.19509032201612186 0.9807852804032318
    outer loop
      vertex 6.5 37.19603428065912 43.50963054665561
      vertex 161.5 37.19603428065912 43.50963054665561
      vertex 6.5 37.580569354508924 43.58611932853558
    endloop
  endfacet
  facet normal -1.867805058185328e-20 -0.3826834323650841 0.9238795325112891
    outer loop
      vertex 6.5 37.580569354508924 43.58611932853558
      vertex 161.5 37.942793473651996 43.73615747130329
      vertex 6.5 37.942793473651996 43.73615747130329
    endloop
  endfacet
  facet normal 0 -0.5555702330196148 0.8314696123025368
    outer loop
      vertex 6.5 37.942793473651996 43.73615747130329
      vertex 161.5 37.942793473651996 43.73615747130329
      vertex 6.5 38.268786568327286 43.953979093274526
    endloop
  endfacet
  facet normal 1.0200193694821519e-19 -0.7071067811865385 0.7071067811865566
    outer loop
      vertex 6.5 38.268786568327286 43.953979093274526
      vertex 161.5 38.546020906725474 44.23121343167271
      vertex 6.5 38.546020906725474 44.23121343167271
    endloop
  endfacet
  facet normal 1.8878206567165736e-20 -0.8314696123025423 0.5555702330196065
    outer loop
      vertex 6.5 38.546020906725474 44.23121343167271
      vertex 161.5 38.76384252869671 44.557206526348004
      vertex 6.5 38.76384252869671 44.557206526348004
    endloop
  endfacet
  facet normal -1.867805058185328e-20 -0.9238795325112891 0.3826834323650841
    outer loop
      vertex 6.5 38.76384252869671 44.557206526348004
      vertex 161.5 38.91388067146442 44.919430645491076
      vertex 6.5 38.91388067146442 44.919430645491076
    endloop
  endfacet
  facet normal -2.4967608576118857e-21 -0.9807852804032318 0.19509032201612186
    outer loop
      vertex 6.5 38.91388067146442 44.919430645491076
      vertex 161.5 38.99036945334439 45.30396571934088
      vertex 6.5 38.99036945334439 45.30396571934088
    endloop
  endfacet
  facet normal 0 -1 0
    outer loop
      vertex 6.5 38.99036945334439 45.30396571934088
      vertex 161.5 38.99036945334439 49
      vertex 6.5 38.99036945334439 49
    endloop
  endfacet
  facet normal 0 0.5555702330196107 0.8314696123025396
    outer loop
      vertex 6.5 3.7312134316727104 43.953979093274526
      vertex 161.5 3.7312134316727104 43.953979093274526
      vertex 161.5 4.057206526348004 43.73615747130329
    endloop
  endfacet
  facet normal 0 0.707106781186543 0.707106781186552
    outer loop
      vertex 6.5 3.7312134316727104 43.953979093274526
      vertex 161.5 3.4539790932745262 44.23121343167271
      vertex 161.5 3.7312134316727104 43.953979093274526
    endloop
  endfacet
  facet normal 0 0.9238795325112859 0.38268343236509184
    outer loop
      vertex 6.5 3.23615747130329 44.557206526348004
      vertex 161.5 3.086119328535581 44.919430645491076
      vertex 161.5 3.23615747130329 44.557206526348004
    endloop
  endfacet
  facet normal 0 0.9807852804032318 0.19509032201612186
    outer loop
      vertex 6.5 3.0096305466556075 45.30396571934088
      vertex 161.5 3.0096305466556075 45.30396571934088
      vertex 161.5 3.086119328535581 44.919430645491076
    endloop
  endfacet
  facet normal 0 0.8314696123025466 0.5555702330196002
    outer loop
      vertex 6.5 3.23615747130329 44.557206526348004
      vertex 161.5 3.23615747130329 44.557206526348004
      vertex 161.5 3.4539790932745262 44.23121343167271
    endloop
  endfacet
  facet normal 0 0.3826834323650841 0.9238795325112891
    outer loop
      vertex 6.5 4.419430645491076 43.58611932853558
      vertex 161.5 4.057206526348004 43.73615747130329
      vertex 161.5 4.419430645491076 43.58611932853558
    endloop
  endfacet
  facet normal 0 0.19509032201612186 0.9807852804032318
    outer loop
      vertex 6.5 4.419430645491076 43.58611932853558
      vertex 161.5 4.419430645491076 43.58611932853558
      vertex 161.5 4.80396571934088 43.50963054665561
    endloop
  endfacet
  facet normal 0 1 0
    outer loop
      vertex 6.5 3.0096305466556075 49
      vertex 161.5 3.0096305466556075 49
      vertex 161.5 3.0096305466556075 45.30396571934088
    endloop
  endfacet
  facet normal 0 0 1
    outer loop
      vertex 7 5.5 43.50963054665561
      vertex 161.5 4.80396571934088 43.50963054665561
      vertex 161 5.5 43.50963054665561
    endloop
  endfacet
  facet normal -0.068734584651431 0.8295031715207474 0.5542562992964686
    outer loop
      vertex 161.74689188599586 3.2566155139249027 44.557206526348004
      vertex 161.74689188599586 3.474437135896139 44.23121343167271
      vertex 161.5 3.4539790932745262 44.23121343167271
    endloop
  endfacet
  facet normal -0.08161938021295666 0.8286954742331523 0.5537166132229948
    outer loop
      vertex 161.74689188599586 3.474437135896139 44.23121343167271
      vertex 162.09100049290504 3.290507253526666 44.557206526348004
      vertex 162.0485056025326 3.504143494109613 44.23121343167271
    endloop
  endfacet
  facet normal -0.05849221340686939 0.705896118763502 0.7058961187635111
    outer loop
      vertex 161.5 3.7312134316727104 43.953979093274526
      vertex 161.5 3.4539790932745262 44.23121343167271
      vertex 161.74689188599586 3.474437135896139 44.23121343167271
    endloop
  endfacet
  facet normal -0.06947565488253998 0.7053981618131137 0.7053981618131157
    outer loop
      vertex 161.99441986618058 3.7760508524328777 43.953979093274526
      vertex 161.74689188599586 3.474437135896139 44.23121343167271
      vertex 162.0485056025326 3.504143494109613 44.23121343167271
    endloop
  endfacet
  facet normal -0.20419780645678184 0.8063588882742773 0.5550572935646467
    outer loop
      vertex 162.0485056025326 3.504143494109613 44.23121343167271
      vertex 162.3311578140005 3.3513233478059554 44.557206526348004
      vertex 162.28866292362807 3.564959588388902 44.23121343167271
    endloop
  endfacet
  facet normal -0.2417215536299509 0.7968491718961508 0.5537166132229929
    outer loop
      vertex 162.28866292362807 3.564959588388902 44.23121343167271
      vertex 162.3311578140005 3.3513233478059554 44.557206526348004
      vertex 162.57868579418522 3.6529370643426944 44.23121343167271
    endloop
  endfacet
  facet normal -0.04598715229312543 0.5549824570819016 0.830589943447008
    outer loop
      vertex 161.5 3.7312134316727104 43.953979093274526
      vertex 161.74689188599586 3.751671474294323 43.953979093274526
      vertex 161.5 4.057206526348004 43.73615747130329
    endloop
  endfacet
  facet normal -0.05463715693312037 0.5547403638365404 0.830227625300898
    outer loop
      vertex 161.74689188599586 3.751671474294323 43.953979093274526
      vertex 161.99441986618058 3.7760508524328777 43.953979093274526
      vertex 161.74689188599586 4.077664568969617 43.73615747130329
    endloop
  endfacet
  facet normal -0.136510363128864 0.539067223887178 0.8311266142345562
    outer loop
      vertex 161.99441986618058 3.7760508524328777 43.953979093274526
      vertex 162.23457718727605 3.836866946712167 43.953979093274526
      vertex 162.1709790894608 4.156596175482793 43.73615747130329
    endloop
  endfacet
  facet normal -0.05849221340686941 0.705896118763502 0.7058961187635111
    outer loop
      vertex 161.5 3.7312134316727104 43.953979093274526
      vertex 161.74689188599586 3.474437135896139 44.23121343167271
      vertex 161.74689188599586 3.751671474294323 43.953979093274526
    endloop
  endfacet
  facet normal -0.06947565488253173 0.7053981618131105 0.7053981618131195
    outer loop
      vertex 161.74689188599586 3.751671474294323 43.953979093274526
      vertex 161.74689188599586 3.474437135896139 44.23121343167271
      vertex 161.99441986618058 3.7760508524328777 43.953979093274526
    endloop
  endfacet
  facet normal -0.17370033093819887 0.6859270830504469 0.7066344399828424
    outer loop
      vertex 161.99441986618058 3.7760508524328777 43.953979093274526
      vertex 162.0485056025326 3.504143494109613 44.23121343167271
      vertex 162.23457718727605 3.836866946712167 43.953979093274526
    endloop
  endfacet
  facet normal -0.173700330938199 0.685927083050447 0.7066344399828425
    outer loop
      vertex 162.23457718727605 3.836866946712167 43.953979093274526
      vertex 162.0485056025326 3.504143494109613 44.23121343167271
      vertex 162.28866292362807 3.564959588388902 44.23121343167271
    endloop
  endfacet
  facet normal -0.20575705419287085 0.6782901060464852 0.7053981618131138
    outer loop
      vertex 162.23457718727605 3.836866946712167 43.953979093274526
      vertex 162.28866292362807 3.564959588388902 44.23121343167271
      vertex 162.57868579418522 3.6529370643426944 44.23121343167271
    endloop
  endfacet
  facet normal -0.20575705419288745 0.6782901060464697 0.705398161813124
    outer loop
      vertex 162.23457718727605 3.836866946712167 43.953979093274526
      vertex 162.57868579418522 3.6529370643426944 44.23121343167271
      vertex 162.47259280599752 3.909068195298083 43.953979093274526
    endloop
  endfacet
  facet normal -0.28407189684878575 0.6476186844760866 0.7070312559839175
    outer loop
      vertex 162.57868579418522 3.6529370643426944 44.23121343167271
      vertex 162.8055576795445 3.7524523012568523 44.23121343167271
      vertex 162.6994646913568 4.008583432212241 43.953979093274526
    endloop
  endfacet
  facet normal -0.28407189684878575 0.6476186844760866 0.7070312559839175
    outer loop
      vertex 162.47259280599752 3.909068195298083 43.953979093274526
      vertex 162.57868579418522 3.6529370643426944 44.23121343167271
      vertex 162.6994646913568 4.008583432212241 43.953979093274526
    endloop
  endfacet
  facet normal -0.07633148300000303 0.9211841106843189 0.38156695208804564
    outer loop
      vertex 161.5 3.23615747130329 44.557206526348004
      vertex 161.5 3.086119328535581 44.919430645491076
      vertex 161.74689188599586 3.2566155139249027 44.557206526348004
    endloop
  endfacet
  facet normal -0.0906198016816458 0.9200782869650688 0.3811089049059384
    outer loop
      vertex 161.74689188599586 3.2566155139249027 44.557206526348004
      vertex 161.74689188599586 3.1065773711571936 44.919430645491076
      vertex 162.09100049290504 3.290507253526666 44.557206526348004
    endloop
  endfacet
  facet normal -0.22684333300068854 0.8957840487360034 0.382247354867594
    outer loop
      vertex 162.09100049290504 3.290507253526666 44.557206526348004
      vertex 162.12027148249229 3.1433520516010596 44.919430645491076
      vertex 162.3311578140005 3.3513233478059554 44.557206526348004
    endloop
  endfacet
  facet normal -0.08100311007086536 0.977562271563506 0.19444922569772646
    outer loop
      vertex 161.5 3.086119328535581 44.919430645491076
      vertex 161.74689188599586 3.03008858927722 45.30396571934088
      vertex 161.74689188599586 3.1065773711571936 44.919430645491076
    endloop
  endfacet
  facet normal -0.09615134934208802 0.9762410328686736 0.19418641498107161
    outer loop
      vertex 161.74689188599586 3.1065773711571936 44.919430645491076
      vertex 162.1351937035799 3.068332980217207 45.30396571934088
      vertex 162.12027148249229 3.1433520516010596 44.919430645491076
    endloop
  endfacet
  facet normal -0.07633148300000306 0.9211841106843189 0.38156695208804564
    outer loop
      vertex 161.74689188599586 3.2566155139249027 44.557206526348004
      vertex 161.5 3.086119328535581 44.919430645491076
      vertex 161.74689188599586 3.1065773711571936 44.919430645491076
    endloop
  endfacet
  facet normal -0.09061980168164999 0.9200782869650698 0.3811089049059349
    outer loop
      vertex 162.09100049290504 3.290507253526666 44.557206526348004
      vertex 161.74689188599586 3.1065773711571936 44.919430645491076
      vertex 162.12027148249229 3.1433520516010596 44.919430645491076
    endloop
  endfacet
  facet normal -0.22684333300068854 0.8957840487360033 0.38224735486759404
    outer loop
      vertex 162.3311578140005 3.3513233478059554 44.557206526348004
      vertex 162.12027148249229 3.1433520516010596 44.919430645491076
      vertex 162.36042880358775 3.204168145880349 44.919430645491076
    endloop
  endfacet
  facet normal -0.2407807792826663 0.9508217784958315 0.1948398364453636
    outer loop
      vertex 162.12027148249229 3.1433520516010596 44.919430645491076
      vertex 162.37535102467535 3.129149074496496 45.30396571934088
      vertex 162.36042880358775 3.204168145880349 44.919430645491076
    endloop
  endfacet
  facet normal -0.2847590055933303 0.9387246374578083 0.19418641498107916
    outer loop
      vertex 162.36042880358775 3.204168145880349 44.919430645491076
      vertex 162.37535102467535 3.129149074496496 45.30396571934088
      vertex 162.71945963158453 3.3130789568659686 44.919430645491076
    endloop
  endfacet
  facet normal -0.08100311007086539 0.977562271563506 0.19444922569772644
    outer loop
      vertex 161.5 3.086119328535581 44.919430645491076
      vertex 161.5 3.0096305466556075 45.30396571934088
      vertex 161.74689188599586 3.03008858927722 45.30396571934088
    endloop
  endfacet
  facet normal -0.09615134934208049 0.9762410328686758 0.1941864149810642
    outer loop
      vertex 161.74689188599586 3.1065773711571936 44.919430645491076
      vertex 161.74689188599586 3.03008858927722 45.30396571934088
      vertex 162.1351937035799 3.068332980217207 45.30396571934088
    endloop
  endfacet
  facet normal -0.2407807792826663 0.9508217784958315 0.19483983644536362
    outer loop
      vertex 162.12027148249229 3.1433520516010596 44.919430645491076
      vertex 162.1351937035799 3.068332980217207 45.30396571934088
      vertex 162.37535102467535 3.129149074496496 45.30396571934088
    endloop
  endfacet
  facet normal -0.2847590055933465 0.9387246374578068 0.19418641498106387
    outer loop
      vertex 162.37535102467535 3.129149074496496 45.30396571934088
      vertex 162.74873062117177 3.242412536820339 45.30396571934088
      vertex 162.71945963158453 3.3130789568659686 44.919430645491076
    endloop
  endfacet
  facet normal -0.06873458465143102 0.8295031715207474 0.5542562992964686
    outer loop
      vertex 161.5 3.23615747130329 44.557206526348004
      vertex 161.74689188599586 3.2566155139249027 44.557206526348004
      vertex 161.5 3.4539790932745262 44.23121343167271
    endloop
  endfacet
  facet normal -0.08161938021295448 0.8286954742331536 0.5537166132229931
    outer loop
      vertex 161.74689188599586 3.2566155139249027 44.557206526348004
      vertex 162.09100049290504 3.290507253526666 44.557206526348004
      vertex 161.74689188599586 3.474437135896139 44.23121343167271
    endloop
  endfacet
  facet normal -0.20419780645678182 0.8063588882742773 0.5550572935646467
    outer loop
      vertex 162.0485056025326 3.504143494109613 44.23121343167271
      vertex 162.09100049290504 3.290507253526666 44.557206526348004
      vertex 162.3311578140005 3.3513233478059554 44.557206526348004
    endloop
  endfacet
  facet normal -0.26837693688648917 0.884720194382846 0.3811089049059399
    outer loop
      vertex 162.3311578140005 3.3513233478059554 44.557206526348004
      vertex 162.71945963158453 3.3130789568659686 44.919430645491076
      vertex 162.6620425201245 3.451696126065059 44.557206526348004
    endloop
  endfacet
  facet normal -0.2417215536299636 0.7968491718961525 0.5537166132229848
    outer loop
      vertex 162.3311578140005 3.3513233478059554 44.557206526348004
      vertex 162.6620425201245 3.451696126065059 44.557206526348004
      vertex 162.57868579418522 3.6529370643426944 44.23121343167271
    endloop
  endfacet
  facet normal -0.3340195611483617 0.761487888030436 0.5554881899313451
    outer loop
      vertex 162.6620425201245 3.451696126065059 44.557206526348004
      vertex 162.88891440548377 3.551211362979217 44.557206526348004
      vertex 162.57868579418522 3.6529370643426944 44.23121343167271
    endloop
  endfacet
  facet normal -0.2683769368864808 0.8847201943828521 0.3811089049059315
    outer loop
      vertex 162.3311578140005 3.3513233478059554 44.557206526348004
      vertex 162.36042880358775 3.204168145880349 44.919430645491076
      vertex 162.71945963158453 3.3130789568659686 44.919430645491076
    endloop
  endfacet
  facet normal -0.03169411903102243 0.3824911780308813 0.9234153894902317
    outer loop
      vertex 161.5 4.057206526348004 43.73615747130329
      vertex 161.74689188599586 4.439888688112688 43.58611932853558
      vertex 161.5 4.419430645491076 43.58611932853558
    endloop
  endfacet
  facet normal -0.037664284592188055 0.38241189899193884 0.9232239929592049
    outer loop
      vertex 161.74689188599586 4.077664568969617 43.73615747130329
      vertex 161.86015534831972 4.451044165466055 43.58611932853558
      vertex 161.74689188599586 4.439888688112688 43.58611932853558
    endloop
  endfacet
  facet normal -0.09405036121085986 0.3713964710185768 0.9236986472172914
    outer loop
      vertex 162.1709790894608 4.156596175482793 43.73615747130329
      vertex 162.1003126694152 4.511860259745344 43.58611932853558
      vertex 161.86015534831972 4.451044165466055 43.58611932853558
    endloop
  endfacet
  facet normal -0.016163531284946357 0.19506483572762345 0.9806571521785562
    outer loop
      vertex 161.5 4.419430645491076 43.58611932853558
      vertex 161.74689188599586 4.439888688112688 43.58611932853558
      vertex 161.74689188599586 4.824423761962493 43.50963054665561
    endloop
  endfacet
  facet normal -0.01921117348907762 0.19505431778055096 0.9806042748878552
    outer loop
      vertex 161.74689188599586 4.439888688112688 43.58611932853558
      vertex 161.86015534831972 4.451044165466055 43.58611932853558
      vertex 161.78513627693587 4.8281905056967105 43.50963054665561
    endloop
  endfacet
  facet normal -0.1115454364420933 0.3677160241727317 0.9232239929592071
    outer loop
      vertex 162.3478406495999 4.210246543208605 43.73615747130329
      vertex 162.2092234804008 4.544897993066819 43.58611932853558
      vertex 162.1003126694152 4.511860259745344 43.58611932853558
    endloop
  endfacet
  facet normal -0.15375021457015836 0.35051517873605376 0.9238506269929475
    outer loop
      vertex 162.2092234804008 4.544897993066819 43.58611932853558
      vertex 162.5747125349592 4.309761780122763 43.73615747130329
      vertex 162.43609536576008 4.644413229980977 43.58611932853558
    endloop
  endfacet
  facet normal -0.18113995972489175 0.3388890287621034 0.9232239929592074
    outer loop
      vertex 162.5747125349592 4.309761780122763 43.73615747130329
      vertex 162.53646814401918 4.698063597706785 43.58611932853558
      vertex 162.43609536576008 4.644413229980977 43.58611932853558
    endloop
  endfacet
  facet normal -0.04598715229312548 0.5549824570819016 0.830589943447008
    outer loop
      vertex 161.74689188599586 3.751671474294323 43.953979093274526
      vertex 161.74689188599586 4.077664568969617 43.73615747130329
      vertex 161.5 4.057206526348004 43.73615747130329
    endloop
  endfacet
  facet normal -0.05463715693312862 0.5547403638365355 0.8302276253009008
    outer loop
      vertex 161.99441986618058 3.7760508524328777 43.953979093274526
      vertex 161.93082176836532 4.095780081203504 43.73615747130329
      vertex 161.74689188599586 4.077664568969617 43.73615747130329
    endloop
  endfacet
  facet normal -0.13651036312886397 0.539067223887178 0.8311266142345562
    outer loop
      vertex 161.99441986618058 3.7760508524328777 43.953979093274526
      vertex 162.1709790894608 4.156596175482793 43.73615747130329
      vertex 161.93082176836532 4.095780081203504 43.73615747130329
    endloop
  endfacet
  facet normal -0.03169411903102244 0.3824911780308813 0.9234153894902317
    outer loop
      vertex 161.5 4.057206526348004 43.73615747130329
      vertex 161.74689188599586 4.077664568969617 43.73615747130329
      vertex 161.74689188599586 4.439888688112688 43.58611932853558
    endloop
  endfacet
  facet normal -0.037664284592197415 0.3824118989919411 0.9232239929592034
    outer loop
      vertex 161.74689188599586 4.077664568969617 43.73615747130329
      vertex 161.93082176836532 4.095780081203504 43.73615747130329
      vertex 161.86015534831972 4.451044165466055 43.58611932853558
    endloop
  endfacet
  facet normal -0.09405036121085984 0.3713964710185768 0.9236986472172914
    outer loop
      vertex 161.93082176836532 4.095780081203504 43.73615747130329
      vertex 162.1709790894608 4.156596175482793 43.73615747130329
      vertex 161.86015534831972 4.451044165466055 43.58611932853558
    endloop
  endfacet
  facet normal -0.16181179549927505 0.5334220027562799 0.8302276253009051
    outer loop
      vertex 162.23457718727605 3.836866946712167 43.953979093274526
      vertex 162.3478406495999 4.210246543208605 43.73615747130329
      vertex 162.1709790894608 4.156596175482793 43.73615747130329
    endloop
  endfacet
  facet normal -0.1618117954993205 0.5334220027562863 0.8302276253008922
    outer loop
      vertex 162.23457718727605 3.836866946712167 43.953979093274526
      vertex 162.47259280599752 3.909068195298083 43.953979093274526
      vertex 162.3478406495999 4.210246543208605 43.73615747130329
    endloop
  endfacet
  facet normal -0.22320298005914466 0.5088515334341258 0.8314147861413435
    outer loop
      vertex 162.47259280599752 3.909068195298083 43.953979093274526
      vertex 162.6994646913568 4.008583432212241 43.953979093274526
      vertex 162.3478406495999 4.210246543208605 43.73615747130329
    endloop
  endfacet
  facet normal -0.22320298005914463 0.5088515334341257 0.8314147861413435
    outer loop
      vertex 162.6994646913568 4.008583432212241 43.953979093274526
      vertex 162.5747125349592 4.309761780122763 43.73615747130329
      vertex 162.3478406495999 4.210246543208605 43.73615747130329
    endloop
  endfacet
  facet normal -0.26276809750952784 0.4916045332566342 0.830227625300887
    outer loop
      vertex 162.6994646913568 4.008583432212241 43.953979093274526
      vertex 162.91882114186836 4.12583189775329 43.953979093274526
      vertex 162.5747125349592 4.309761780122763 43.73615747130329
    endloop
  endfacet
  facet normal -0.11154543644206237 0.3677160241727545 0.9232239929592017
    outer loop
      vertex 162.1709790894608 4.156596175482793 43.73615747130329
      vertex 162.3478406495999 4.210246543208605 43.73615747130329
      vertex 162.1003126694152 4.511860259745344 43.58611932853558
    endloop
  endfacet
  facet normal -0.15375021457015836 0.35051517873605376 0.9238506269929475
    outer loop
      vertex 162.3478406495999 4.210246543208605 43.73615747130329
      vertex 162.5747125349592 4.309761780122763 43.73615747130329
      vertex 162.2092234804008 4.544897993066819 43.58611932853558
    endloop
  endfacet
  facet normal -0.2627680975095684 0.49160453325658066 0.8302276253009058
    outer loop
      vertex 162.5747125349592 4.309761780122763 43.73615747130329
      vertex 162.91882114186836 4.12583189775329 43.953979093274526
      vertex 162.73770908229682 4.3968852497962665 43.73615747130329
    endloop
  endfacet
  facet normal -0.18113995972491448 0.3388890287620999 0.9232239929592043
    outer loop
      vertex 162.5747125349592 4.309761780122763 43.73615747130329
      vertex 162.73770908229682 4.3968852497962665 43.73615747130329
      vertex 162.53646814401918 4.698063597706785 43.58611932853558
    endloop
  endfacet
  facet normal -0.20931754397745736 0.3203843399947638 0.9238723074480395
    outer loop
      vertex 162.73770908229682 4.3968852497962665 43.73615747130329
      vertex 162.94510705732438 4.532385114612932 43.73615747130329
      vertex 162.53646814401918 4.698063597706785 43.58611932853558
    endloop
  endfacet
  facet normal -0.016163531284946357 0.19506483572762345 0.9806571521785562
    outer loop
      vertex 161.5 4.419430645491076 43.58611932853558
      vertex 161.74689188599586 4.824423761962493 43.50963054665561
      vertex 161.5 4.80396571934088 43.50963054665561
    endloop
  endfacet
  facet normal -0.019211173489062806 0.19505431778054966 0.9806042748878558
    outer loop
      vertex 161.74689188599586 4.439888688112688 43.58611932853558
      vertex 161.78513627693587 4.8281905056967105 43.50963054665561
      vertex 161.74689188599586 4.824423761962493 43.50963054665561
    endloop
  endfacet
  facet normal -0.047953406868707346 0.18936371806618252 0.9807353634135131
    outer loop
      vertex 161.86015534831972 4.451044165466055 43.58611932853558
      vertex 162.1003126694152 4.511860259745344 43.58611932853558
      vertex 162.02529359803134 4.889006599976 43.50963054665561
    endloop
  endfacet
  facet normal -0.04795340686870734 0.18936371806618252 0.980735363413513
    outer loop
      vertex 161.86015534831972 4.451044165466055 43.58611932853558
      vertex 162.02529359803134 4.889006599976 43.50963054665561
      vertex 161.78513627693587 4.8281905056967105 43.50963054665561
    endloop
  endfacet
  facet normal -0.05689524584381559 0.18755848973596417 0.9806042748878551
    outer loop
      vertex 162.1003126694152 4.511860259745344 43.58611932853558
      vertex 162.2092234804008 4.544897993066819 43.58611932853558
      vertex 162.02529359803134 4.889006599976 43.50963054665561
    endloop
  endfacet
  facet normal -0.07838299469192613 0.17869522635216017 0.9807773051116527
    outer loop
      vertex 162.2092234804008 4.544897993066819 43.58611932853558
      vertex 162.43609536576008 4.644413229980977 43.58611932853558
      vertex 162.28894016383447 4.999677314243524 43.50963054665561
    endloop
  endfacet
  facet normal -0.20931754397745736 0.3203843399947638 0.9238723074480395
    outer loop
      vertex 162.53646814401918 4.698063597706785 43.58611932853558
      vertex 162.94510705732438 4.532385114612932 43.73615747130329
      vertex 162.74386611904674 4.8335634625234505 43.58611932853558
    endloop
  endfacet
  facet normal -0.05689524584383939 0.18755848973595166 0.980604274887856
    outer loop
      vertex 162.2092234804008 4.544897993066819 43.58611932853558
      vertex 162.06206827847518 4.900162077329366 43.50963054665561
      vertex 162.02529359803134 4.889006599976 43.50963054665561
    endloop
  endfacet
  facet normal -0.07838299469192611 0.17869522635216017 0.9807773051116527
    outer loop
      vertex 162.2092234804008 4.544897993066819 43.58611932853558
      vertex 162.28894016383447 4.999677314243524 43.50963054665561
      vertex 162.06206827847518 4.900162077329366 43.50963054665561
    endloop
  endfacet
  facet normal -0.09239286580799286 0.17285489411483224 0.9806042748878552
    outer loop
      vertex 162.43609536576008 4.644413229980977 43.58611932853558
      vertex 162.32283190343622 5.017792826477411 43.50963054665561
      vertex 162.28894016383447 4.999677314243524 43.50963054665561
    endloop
  endfacet
  facet normal -0.09239286580797536 0.17285489411483776 0.980604274887856
    outer loop
      vertex 162.43609536576008 4.644413229980977 43.58611932853558
      vertex 162.53646814401918 4.698063597706785 43.58611932853558
      vertex 162.32283190343622 5.017792826477411 43.50963054665561
    endloop
  endfacet
  facet normal -0.10670977617447046 0.16333146549019614 0.9807832869954602
    outer loop
      vertex 162.53646814401918 4.698063597706785 43.58611932853558
      vertex 162.74386611904674 4.8335634625234505 43.58611932853558
      vertex 162.53022987846379 5.153292691294077 43.50963054665561
    endloop
  endfacet
  facet normal 0 0 1
    outer loop
      vertex 161.5 4.80396571934088 43.50963054665561
      vertex 161.74689188599586 4.824423761962493 43.50963054665561
      vertex 161.48704920709133 5.581274136900902 43.50963054665561
    endloop
  endfacet
  facet normal 0 0 1
    outer loop
      vertex 161.74689188599586 4.824423761962493 43.50963054665561
      vertex 161.78513627693587 4.8281905056967105 43.50963054665561
      vertex 161.71392109245062 5.68078937381506 43.50963054665561
    endloop
  endfacet
  facet normal 0 0 1
    outer loop
      vertex 161.78513627693587 4.8281905056967105 43.50963054665561
      vertex 162.02529359803134 4.889006599976 43.50963054665561
      vertex 161.71392109245062 5.68078937381506 43.50963054665561
    endloop
  endfacet
  facet normal 0 0 1
    outer loop
      vertex 162.06206827847518 4.900162077329366 43.50963054665561
      vertex 161.92131906747818 5.816289238631725 43.50963054665561
      vertex 162.02529359803134 4.889006599976 43.50963054665561
    endloop
  endfacet
  facet normal 0 0 1
    outer loop
      vertex 162.06206827847518 4.900162077329366 43.50963054665561
      vertex 162.28894016383447 4.999677314243524 43.50963054665561
      vertex 161.92131906747818 5.816289238631725 43.50963054665561
    endloop
  endfacet
  facet normal -0.10670977617447046 0.16333146549019614 0.9807832869954602
    outer loop
      vertex 162.53646814401918 4.698063597706785 43.58611932853558
      vertex 162.53022987846379 5.153292691294077 43.50963054665561
      vertex 162.32283190343622 5.017792826477411 43.50963054665561
    endloop
  endfacet
  facet normal -0.12433987975368004 0.15150858185101929 0.9806042748878537
    outer loop
      vertex 162.74386611904674 4.8335634625234505 43.58611932853558
      vertex 162.83184359500052 4.9057647111093665 43.58611932853558
      vertex 162.5599362366773 5.177672069432633 43.50963054665561
    endloop
  endfacet
  facet normal -0.12433987975358277 0.1515085818510723 0.9806042748878578
    outer loop
      vertex 162.74386611904674 4.8335634625234505 43.58611932853558
      vertex 162.5599362366773 5.177672069432633 43.50963054665561
      vertex 162.53022987846379 5.153292691294077 43.50963054665561
    endloop
  endfacet
  facet normal -0.1322397393936758 0.14365065859221304 0.9807533530970547
    outer loop
      vertex 162.5599362366773 5.177672069432633 43.50963054665561
      vertex 162.83184359500052 4.9057647111093665 43.58611932853558
      vertex 162.74220303827298 5.345460470678704 43.50963054665561
    endloop
  endfacet
  facet normal -0.3340195611483617 0.761487888030436 0.5554881899313451
    outer loop
      vertex 162.57868579418522 3.6529370643426944 44.23121343167271
      vertex 162.88891440548377 3.551211362979217 44.557206526348004
      vertex 162.8055576795445 3.7524523012568523 44.23121343167271
    endloop
  endfacet
  facet normal -0.3925345032999443 0.7343804027613605 0.5537166132229807
    outer loop
      vertex 162.88891440548377 3.551211362979217 44.557206526348004
      vertex 163.0728442878533 3.8953199698884013 44.23121343167271
      vertex 162.8055576795445 3.7524523012568523 44.23121343167271
    endloop
  endfacet
  facet normal -0.3341313253004359 0.6251157418939587 0.705398161813128
    outer loop
      vertex 162.6994646913568 4.008583432212241 43.953979093274526
      vertex 162.8055576795445 3.7524523012568523 44.23121343167271
      vertex 163.0728442878533 3.8953199698884013 44.23121343167271
    endloop
  endfacet
  facet normal -0.45477828003153586 0.6960899517698774 0.5555497232980751
    outer loop
      vertex 163.0728442878533 3.8953199698884013 44.23121343167271
      vertex 163.4012574721561 3.849707775133531 44.557206526348004
      vertex 163.28024226288085 4.030819834705067 44.23121343167271
    endloop
  endfacet
  facet normal -0.37112979268719765 0.8460906931526091 0.3826136640797023
    outer loop
      vertex 162.6620425201245 3.451696126065059 44.557206526348004
      vertex 162.71945963158453 3.3130789568659686 44.919430645491076
      vertex 162.88891440548377 3.551211362979217 44.557206526348004
    endloop
  endfacet
  facet normal -0.37112979268719765 0.8460906931526091 0.3826136640797022
    outer loop
      vertex 162.71945963158453 3.3130789568659686 44.919430645491076
      vertex 162.94633151694381 3.4125941937801265 44.919430645491076
      vertex 162.88891440548377 3.551211362979217 44.557206526348004
    endloop
  endfacet
  facet normal -0.39398016651417916 0.898184297630119 0.19505023938500998
    outer loop
      vertex 162.71945963158453 3.3130789568659686 44.919430645491076
      vertex 162.97560250653106 3.341927773734497 45.30396571934088
      vertex 162.94633151694381 3.4125941937801265 44.919430645491076
    endloop
  endfacet
  facet normal -0.43582049691426544 0.8153628008873071 0.38110890490594485
    outer loop
      vertex 162.88891440548377 3.551211362979217 44.557206526348004
      vertex 162.94633151694381 3.4125941937801265 44.919430645491076
      vertex 163.27721622306782 3.5894557539192036 44.919430645491076
    endloop
  endfacet
  facet normal -0.4624235329542954 0.8651335806722972 0.19418641498106332
    outer loop
      vertex 162.94633151694381 3.4125941937801265 44.919430645491076
      vertex 163.31971111344026 3.525857656103966 45.30396571934088
      vertex 163.27721622306782 3.5894557539192036 44.919430645491076
    endloop
  endfacet
  facet normal -0.3925345032999572 0.7343804027613596 0.5537166132229725
    outer loop
      vertex 162.88891440548377 3.551211362979217 44.557206526348004
      vertex 163.19385949712853 3.7142079103168655 44.557206526348004
      vertex 163.0728442878533 3.8953199698884013 44.23121343167271
    endloop
  endfacet
  facet normal -0.43582049691427127 0.8153628008873004 0.3811089049059518
    outer loop
      vertex 162.88891440548377 3.551211362979217 44.557206526348004
      vertex 163.27721622306782 3.5894557539192036 44.919430645491076
      vertex 163.19385949712853 3.7142079103168655 44.557206526348004
    endloop
  endfacet
  facet normal -0.5053181731335054 0.7734470140934457 0.38266599050732186
    outer loop
      vertex 163.19385949712853 3.7142079103168655 44.557206526348004
      vertex 163.27721622306782 3.5894557539192036 44.919430645491076
      vertex 163.4012574721561 3.849707775133531 44.557206526348004
    endloop
  endfacet
  facet normal -0.45477828003153586 0.6960899517698774 0.5555497232980751
    outer loop
      vertex 163.0728442878533 3.8953199698884013 44.23121343167271
      vertex 163.19385949712853 3.7142079103168655 44.557206526348004
      vertex 163.4012574721561 3.849707775133531 44.557206526348004
    endloop
  endfacet
  facet normal -0.5865157196565931 0.7146714722143945 0.38110890490595795
    outer loop
      vertex 163.4012574721561 3.849707775133531 44.557206526348004
      vertex 163.4846141980954 3.7249556187358692 44.919430645491076
      vertex 163.66854408046487 4.069064225645054 44.557206526348004
    endloop
  endfacet
  facet normal -0.5053181731335054 0.7734470140934457 0.38266599050732186
    outer loop
      vertex 163.4012574721561 3.849707775133531 44.557206526348004
      vertex 163.27721622306782 3.5894557539192036 44.919430645491076
      vertex 163.4846141980954 3.7249556187358692 44.919430645491076
    endloop
  endfacet
  facet normal -0.5364398067112052 0.8210822186916042 0.19508030122008035
    outer loop
      vertex 163.27721622306782 3.5894557539192036 44.919430645491076
      vertex 163.52710908846782 3.6613575209206317 45.30396571934088
      vertex 163.4846141980954 3.7249556187358692 44.919430645491076
    endloop
  endfacet
  facet normal -0.5865157196566434 0.7146714722143762 0.381108904905915
    outer loop
      vertex 163.4846141980954 3.7249556187358692 44.919430645491076
      vertex 163.77463706865254 3.9629712374573742 44.919430645491076
      vertex 163.66854408046487 4.069064225645054 44.557206526348004
    endloop
  endfacet
  facet normal -0.6223173832739828 0.7582959255540183 0.19418641498106287
    outer loop
      vertex 163.4846141980954 3.7249556187358692 44.919430645491076
      vertex 163.82872280500456 3.908885501105342 45.30396571934088
      vertex 163.77463706865254 3.9629712374573742 44.919430645491076
    endloop
  endfacet
  facet normal -0.39398016651417916 0.898184297630119 0.19505023938501
    outer loop
      vertex 162.74873062117177 3.242412536820339 45.30396571934088
      vertex 162.97560250653106 3.341927773734497 45.30396571934088
      vertex 162.71945963158453 3.3130789568659686 44.919430645491076
    endloop
  endfacet
  facet normal -0.4624235329542934 0.8651335806722987 0.1941864149810608
    outer loop
      vertex 162.94633151694381 3.4125941937801265 44.919430645491076
      vertex 162.97560250653106 3.341927773734497 45.30396571934088
      vertex 163.31971111344026 3.525857656103966 45.30396571934088
    endloop
  endfacet
  facet normal -0.5364398067112053 0.8210822186916042 0.19508030122008035
    outer loop
      vertex 163.27721622306782 3.5894557539192036 44.919430645491076
      vertex 163.31971111344026 3.525857656103966 45.30396571934088
      vertex 163.52710908846782 3.6613575209206317 45.30396571934088
    endloop
  endfacet
  facet normal -0.6223173832739819 0.7582959255540194 0.19418641498106157
    outer loop
      vertex 163.4846141980954 3.7249556187358692 44.919430645491076
      vertex 163.52710908846782 3.6613575209206317 45.30396571934088
      vertex 163.82872280500456 3.908885501105342 45.30396571934088
    endloop
  endfacet
  facet normal -0.3038793413305341 0.465121940379311 0.8314559077247003
    outer loop
      vertex 162.73770908229682 4.3968852497962665 43.73615747130329
      vertex 162.91882114186836 4.12583189775329 43.953979093274526
      vertex 163.12621911689592 4.261331762569956 43.953979093274526
    endloop
  endfacet
  facet normal -0.33413132530042566 0.6251157418939732 0.7053981618131201
    outer loop
      vertex 162.6994646913568 4.008583432212241 43.953979093274526
      vertex 163.0728442878533 3.8953199698884013 44.23121343167271
      vertex 162.91882114186836 4.12583189775329 43.953979093274526
    endloop
  endfacet
  facet normal -0.3867610874007125 0.5919818920476121 0.7070879017210998
    outer loop
      vertex 163.0728442878533 3.8953199698884013 44.23121343167271
      vertex 163.12621911689592 4.261331762569956 43.953979093274526
      vertex 162.91882114186836 4.12583189775329 43.953979093274526
    endloop
  endfacet
  facet normal -0.3867610874007126 0.5919818920476121 0.7070879017210998
    outer loop
      vertex 163.0728442878533 3.8953199698884013 44.23121343167271
      vertex 163.28024226288085 4.030819834705067 44.23121343167271
      vertex 163.12621911689592 4.261331762569956 43.953979093274526
    endloop
  endfacet
  facet normal -0.44966511695979555 0.5479185303493603 0.7053981618131214
    outer loop
      vertex 163.12621911689592 4.261331762569956 43.953979093274526
      vertex 163.28024226288085 4.030819834705067 44.23121343167271
      vertex 163.3184866538208 4.419121652289089 43.953979093274526
    endloop
  endfacet
  facet normal -0.4496651169597561 0.5479185303493693 0.7053981618131395
    outer loop
      vertex 163.3184866538208 4.419121652289089 43.953979093274526
      vertex 163.28024226288085 4.030819834705067 44.23121343167271
      vertex 163.51452093447995 4.223087371629969 44.23121343167271
    endloop
  endfacet
  facet normal -0.5282625721440499 0.6436898065936703 0.5537166132230058
    outer loop
      vertex 163.28024226288085 4.030819834705067 44.23121343167271
      vertex 163.66854408046487 4.069064225645054 44.557206526348004
      vertex 163.51452093447995 4.223087371629969 44.23121343167271
    endloop
  endfacet
  facet normal -0.5632875058746754 0.6118933806635429 0.5552419980743786
    outer loop
      vertex 163.51452093447995 4.223087371629969 44.23121343167271
      vertex 163.66854408046487 4.069064225645054 44.557206526348004
      vertex 163.69678773607563 4.39087577287604 44.23121343167271
    endloop
  endfacet
  facet normal -0.3038793413305341 0.465121940379311 0.8314559077247003
    outer loop
      vertex 162.73770908229682 4.3968852497962665 43.73615747130329
      vertex 163.12621911689592 4.261331762569956 43.953979093274526
      vertex 162.94510705732438 4.532385114612932 43.73615747130329
    endloop
  endfacet
  facet normal -0.3536263688945462 0.43089497723886033 0.8302276253009054
    outer loop
      vertex 163.12621911689592 4.261331762569956 43.953979093274526
      vertex 163.08797472595592 4.649633580153978 43.73615747130329
      vertex 162.94510705732438 4.532385114612932 43.73615747130329
    endloop
  endfacet
  facet normal -0.3536263688945763 0.4308949772388524 0.8302276253008967
    outer loop
      vertex 163.12621911689592 4.261331762569956 43.953979093274526
      vertex 163.3184866538208 4.419121652289089 43.953979093274526
      vertex 163.08797472595592 4.649633580153978 43.73615747130329
    endloop
  endfacet
  facet normal -0.4791149736757427 0.520457631158964 0.7068045671669732
    outer loop
      vertex 163.3184866538208 4.419121652289089 43.953979093274526
      vertex 163.51452093447995 4.223087371629969 44.23121343167271
      vertex 163.5007534554165 4.58691005353516 43.953979093274526
    endloop
  endfacet
  facet normal -0.4791149736757427 0.520457631158964 0.7068045671669729
    outer loop
      vertex 163.5007534554165 4.58691005353516 43.953979093274526
      vertex 163.51452093447995 4.223087371629969 44.23121343167271
      vertex 163.69678773607563 4.39087577287604 44.23121343167271
    endloop
  endfacet
  facet normal -0.5479185303493651 0.44966511695975325 0.7053981618131445
    outer loop
      vertex 163.5007534554165 4.58691005353516 43.953979093274526
      vertex 163.69678773607563 4.39087577287604 44.23121343167271
      vertex 163.65854334513563 4.779177590460062 43.953979093274526
    endloop
  endfacet
  facet normal -0.6436898065937139 0.5282625721439915 0.553716613223011
    outer loop
      vertex 163.69678773607563 4.39087577287604 44.23121343167271
      vertex 164.07016733257205 4.5041392351998795 44.557206526348004
      vertex 163.8890552730005 4.625154444475147 44.23121343167271
    endloop
  endfacet
  facet normal -0.24377337593996515 0.29703871802728193 0.9232239929592068
    outer loop
      vertex 162.74386611904674 4.8335634625234505 43.58611932853558
      vertex 163.08797472595592 4.649633580153978 43.73615747130329
      vertex 162.83184359500052 4.9057647111093665 43.58611932853558
    endloop
  endfacet
  facet normal -0.2593735366863361 0.28175478518952063 0.9237638277663988
    outer loop
      vertex 162.83184359500052 4.9057647111093665 43.58611932853558
      vertex 163.2702415275516 4.817421981400049 43.73615747130329
      vertex 163.0141103965962 5.073553112355439 43.58611932853558
    endloop
  endfacet
  facet normal -0.297038718027259 0.243773375939986 0.9232239929592085
    outer loop
      vertex 163.2702415275516 4.817421981400049 43.73615747130329
      vertex 163.08631164518215 5.161530588309233 43.58611932853558
      vertex 163.0141103965962 5.073553112355439 43.58611932853558
    endloop
  endfacet
  facet normal -0.132239739393677 0.14365065859221282 0.9807533530970546
    outer loop
      vertex 162.83184359500052 4.9057647111093665 43.58611932853558
      vertex 163.0141103965962 5.073553112355439 43.58611932853558
      vertex 162.74220303827298 5.345460470678704 43.50963054665561
    endloop
  endfacet
  facet normal -0.15150858185101043 0.12433987975369298 0.9806042748878534
    outer loop
      vertex 163.0141103965962 5.073553112355439 43.58611932853558
      vertex 163.08631164518215 5.161530588309233 43.58611932853558
      vertex 162.74220303827298 5.345460470678704 43.50963054665561
    endloop
  endfacet
  facet normal -0.30266652535117305 0.23557480742521694 0.9235244904919521
    outer loop
      vertex 163.08631164518215 5.161530588309233 43.58611932853558
      vertex 163.38748999309266 4.960289650031598 43.73615747130329
      vertex 163.23847549346306 5.357030708829825 43.58611932853558
    endloop
  endfacet
  facet normal -0.24377337593995255 0.29703871802730264 0.9232239929592032
    outer loop
      vertex 162.74386611904674 4.8335634625234505 43.58611932853558
      vertex 162.94510705732438 4.532385114612932 43.73615747130329
      vertex 163.08797472595592 4.649633580153978 43.73615747130329
    endloop
  endfacet
  facet normal -0.37649979037461856 0.4089878208708163 0.8312501850990528
    outer loop
      vertex 163.3184866538208 4.419121652289089 43.953979093274526
      vertex 163.2702415275516 4.817421981400049 43.73615747130329
      vertex 163.08797472595592 4.649633580153978 43.73615747130329
    endloop
  endfacet
  facet normal -0.37649979037461867 0.4089878208708163 0.8312501850990528
    outer loop
      vertex 163.3184866538208 4.419121652289089 43.953979093274526
      vertex 163.5007534554165 4.58691005353516 43.953979093274526
      vertex 163.2702415275516 4.817421981400049 43.73615747130329
    endloop
  endfacet
  facet normal -0.25937353668633545 0.2817547851895229 0.9237638277663982
    outer loop
      vertex 162.83184359500052 4.9057647111093665 43.58611932853558
      vertex 163.08797472595592 4.649633580153978 43.73615747130329
      vertex 163.2702415275516 4.817421981400049 43.73615747130329
    endloop
  endfacet
  facet normal -0.43089497723887266 0.35362636889455656 0.8302276253008944
    outer loop
      vertex 163.5007534554165 4.58691005353516 43.953979093274526
      vertex 163.65854334513563 4.779177590460062 43.953979093274526
      vertex 163.2702415275516 4.817421981400049 43.73615747130329
    endloop
  endfacet
  facet normal -0.4308949772388737 0.3536263688945523 0.8302276253008957
    outer loop
      vertex 163.2702415275516 4.817421981400049 43.73615747130329
      vertex 163.65854334513563 4.779177590460062 43.953979093274526
      vertex 163.38748999309266 4.960289650031598 43.73615747130329
    endloop
  endfacet
  facet normal -0.43921680608569424 0.3418561546953552 0.8307965856626922
    outer loop
      vertex 163.65854334513563 4.779177590460062 43.953979093274526
      vertex 163.81070719341653 4.974677710980654 43.953979093274526
      vertex 163.38748999309266 4.960289650031598 43.73615747130329
    endloop
  endfacet
  facet normal -0.5479185303494286 0.4496651169597247 0.7053981618131133
    outer loop
      vertex 163.69678773607563 4.39087577287604 44.23121343167271
      vertex 163.8890552730005 4.625154444475147 44.23121343167271
      vertex 163.65854334513563 4.779177590460062 43.953979093274526
    endloop
  endfacet
  facet normal -0.6566759796534355 0.5111114196329942 0.5545644908096318
    outer loop
      vertex 164.07016733257205 4.5041392351998795 44.557206526348004
      vertex 164.04121912128142 4.820654564995738 44.23121343167271
      vertex 163.8890552730005 4.625154444475147 44.23121343167271
    endloop
  endfacet
  facet normal -0.5587367767108302 0.4348822798369304 0.7061803006560193
    outer loop
      vertex 163.65854334513563 4.779177590460062 43.953979093274526
      vertex 163.8890552730005 4.625154444475147 44.23121343167271
      vertex 163.81070719341653 4.974677710980654 43.953979093274526
    endloop
  endfacet
  facet normal -0.5587367767108302 0.43488227983693034 0.7061803006560192
    outer loop
      vertex 163.81070719341653 4.974677710980654 43.953979093274526
      vertex 163.8890552730005 4.625154444475147 44.23121343167271
      vertex 164.04121912128142 4.820654564995738 44.23121343167271
    endloop
  endfacet
  facet normal -0.2970387180273099 0.24377337593995518 0.9232239929592003
    outer loop
      vertex 163.2702415275516 4.817421981400049 43.73615747130329
      vertex 163.38748999309266 4.960289650031598 43.73615747130329
      vertex 163.08631164518215 5.161530588309233 43.58611932853558
    endloop
  endfacet
  facet normal -0.30266652535117305 0.23557480742521694 0.9235244904919521
    outer loop
      vertex 163.38748999309266 4.960289650031598 43.73615747130329
      vertex 163.53965384137356 5.15578977055219 43.73615747130329
      vertex 163.23847549346306 5.357030708829825 43.58611932853558
    endloop
  endfacet
  facet normal -0.43921680608569424 0.3418561546953552 0.8307965856626922
    outer loop
      vertex 163.38748999309266 4.960289650031598 43.73615747130329
      vertex 163.81070719341653 4.974677710980654 43.953979093274526
      vertex 163.53965384137356 5.15578977055219 43.73615747130329
    endloop
  endfacet
  facet normal -0.4900728172897783 0.2652141459461214 0.830355400141246
    outer loop
      vertex 163.53965384137356 5.15578977055219 43.73615747130329
      vertex 163.92861746678966 5.192556812614679 43.953979093274526
      vertex 163.6575641147467 5.373668872186215 43.73615747130329
    endloop
  endfacet
  facet normal -0.4900728172897783 0.2652141459461214 0.8303554001412462
    outer loop
      vertex 163.81070719341653 4.974677710980654 43.953979093274526
      vertex 163.92861746678966 5.192556812614679 43.953979093274526
      vertex 163.53965384137356 5.15578977055219 43.73615747130329
    endloop
  endfacet
  facet normal -0.6232272191606617 0.337273704699962 0.705573725003441
    outer loop
      vertex 163.81070719341653 4.974677710980654 43.953979093274526
      vertex 164.04121912128142 4.820654564995738 44.23121343167271
      vertex 163.92861746678966 5.192556812614679 43.953979093274526
    endloop
  endfacet
  facet normal -0.6232272191606639 0.33727370469996043 0.7055737250034397
    outer loop
      vertex 163.92861746678966 5.192556812614679 43.953979093274526
      vertex 164.04121912128142 4.820654564995738 44.23121343167271
      vertex 164.15912939465454 5.038533666629766 44.23121343167271
    endloop
  endfacet
  facet normal -0.7322310711941206 0.3962636394646881 0.55390683911296
    outer loop
      vertex 164.04121912128142 4.820654564995738 44.23121343167271
      vertex 164.3402414542261 4.917518457354497 44.557206526348004
      vertex 164.15912939465454 5.038533666629766 44.23121343167271
    endloop
  endfacet
  facet normal -0.6251157418939438 0.33413132530050055 0.7053981618131107
    outer loop
      vertex 163.92861746678966 5.192556812614679 43.953979093274526
      vertex 164.15912939465454 5.038533666629766 44.23121343167271
      vertex 164.3019970632861 5.305820274938521 44.23121343167271
    endloop
  endfacet
  facet normal -0.7343804027613052 0.3925345033000001 0.5537166132230144
    outer loop
      vertex 164.3402414542261 4.917518457354497 44.557206526348004
      vertex 164.3019970632861 5.305820274938521 44.23121343167271
      vertex 164.15912939465454 5.038533666629766 44.23121343167271
    endloop
  endfacet
  facet normal -0.5282625721440233 0.6436898065937251 0.5537166132229677
    outer loop
      vertex 163.4012574721561 3.849707775133531 44.557206526348004
      vertex 163.66854408046487 4.069064225645054 44.557206526348004
      vertex 163.28024226288085 4.030819834705067 44.23121343167271
    endloop
  endfacet
  facet normal -0.5632875058746754 0.6118933806635429 0.5552419980743786
    outer loop
      vertex 163.66854408046487 4.069064225645054 44.557206526348004
      vertex 163.85081088206056 4.236852626891125 44.557206526348004
      vertex 163.69678773607563 4.39087577287604 44.23121343167271
    endloop
  endfacet
  facet normal -0.6258048225051339 0.6798052938944666 0.3824043495076589
    outer loop
      vertex 163.66854408046487 4.069064225645054 44.557206526348004
      vertex 163.95690387024823 4.130759638703445 44.919430645491076
      vertex 163.85081088206056 4.236852626891125 44.557206526348004
    endloop
  endfacet
  facet normal -0.6258048225051339 0.6798052938944666 0.3824043495076589
    outer loop
      vertex 163.66854408046487 4.069064225645054 44.557206526348004
      vertex 163.77463706865254 3.9629712374573742 44.919430645491076
      vertex 163.95690387024823 4.130759638703445 44.919430645491076
    endloop
  endfacet
  facet normal -0.6642893643846667 0.7216106529488786 0.19493000260634188
    outer loop
      vertex 163.77463706865254 3.9629712374573742 44.919430645491076
      vertex 164.01098960660025 4.076673902351413 45.30396571934088
      vertex 163.95690387024823 4.130759638703445 44.919430645491076
    endloop
  endfacet
  facet normal -0.6436898065937111 0.5282625721440012 0.5537166132230047
    outer loop
      vertex 163.85081088206056 4.236852626891125 44.557206526348004
      vertex 164.07016733257205 4.5041392351998795 44.557206526348004
      vertex 163.69678773607563 4.39087577287604 44.23121343167271
    endloop
  endfacet
  facet normal -0.7146714722144158 0.5865157196565987 0.3811089049059097
    outer loop
      vertex 163.85081088206056 4.236852626891125 44.557206526348004
      vertex 163.95690387024823 4.130759638703445 44.919430645491076
      vertex 164.07016733257205 4.5041392351998795 44.557206526348004
    endloop
  endfacet
  facet normal -0.7146714722143618 0.5865157196566315 0.38110890490596044
    outer loop
      vertex 164.07016733257205 4.5041392351998795 44.557206526348004
      vertex 163.95690387024823 4.130759638703445 44.919430645491076
      vertex 164.19491948896973 4.420782509260597 44.919430645491076
    endloop
  endfacet
  facet normal -0.7582959255540187 0.6223173832739831 0.19418641498105907
    outer loop
      vertex 163.95690387024823 4.130759638703445 44.919430645491076
      vertex 164.25851758678496 4.378287618888152 45.30396571934088
      vertex 164.19491948896973 4.420782509260597 44.919430645491076
    endloop
  endfacet
  facet normal -0.7293498061785207 0.5676757280534142 0.38182866315453623
    outer loop
      vertex 164.07016733257205 4.5041392351998795 44.557206526348004
      vertex 164.19491948896973 4.420782509260597 44.919430645491076
      vertex 164.34708333725064 4.616282629781189 44.919430645491076
    endloop
  endfacet
  facet normal -0.7740543551011652 0.602470674376811 0.19459943952866302
    outer loop
      vertex 164.19491948896973 4.420782509260597 44.919430645491076
      vertex 164.25851758678496 4.378287618888152 45.30396571934088
      vertex 164.34708333725064 4.616282629781189 44.919430645491076
    endloop
  endfacet
  facet normal -0.6642893643846667 0.7216106529488786 0.19493000260634188
    outer loop
      vertex 163.82872280500456 3.908885501105342 45.30396571934088
      vertex 164.01098960660025 4.076673902351413 45.30396571934088
      vertex 163.77463706865254 3.9629712374573742 44.919430645491076
    endloop
  endfacet
  facet normal -0.7582959255540189 0.6223173832739832 0.19418641498105924
    outer loop
      vertex 163.95690387024823 4.130759638703445 44.919430645491076
      vertex 164.01098960660025 4.076673902351413 45.30396571934088
      vertex 164.25851758678496 4.378287618888152 45.30396571934088
    endloop
  endfacet
  facet normal -0.7740543551011652 0.602470674376811 0.19459943952866302
    outer loop
      vertex 164.25851758678496 4.378287618888152 45.30396571934088
      vertex 164.41068143506587 4.573787739408743 45.30396571934088
      vertex 164.34708333725064 4.616282629781189 44.919430645491076
    endloop
  endfacet
  facet normal -0.6566759796534355 0.5111114196329942 0.5545644908096319
    outer loop
      vertex 164.07016733257205 4.5041392351998795 44.557206526348004
      vertex 164.22233118085296 4.699639355720471 44.557206526348004
      vertex 164.04121912128142 4.820654564995738 44.23121343167271
    endloop
  endfacet
  facet normal -0.7293498061785209 0.5676757280534142 0.3818286631545363
    outer loop
      vertex 164.07016733257205 4.5041392351998795 44.557206526348004
      vertex 164.34708333725064 4.616282629781189 44.919430645491076
      vertex 164.22233118085296 4.699639355720471 44.557206526348004
    endloop
  endfacet
  facet normal -0.7322310711941199 0.39626363946469106 0.5539068391129586
    outer loop
      vertex 164.04121912128142 4.820654564995738 44.23121343167271
      vertex 164.22233118085296 4.699639355720471 44.557206526348004
      vertex 164.3402414542261 4.917518457354497 44.557206526348004
    endloop
  endfacet
  facet normal -0.8130414680928255 0.4399960393059673 0.3812703195326441
    outer loop
      vertex 164.22233118085296 4.699639355720471 44.557206526348004
      vertex 164.46499361062376 4.8341617314152145 44.919430645491076
      vertex 164.3402414542261 4.917518457354497 44.557206526348004
    endloop
  endfacet
  facet normal -0.8130414680928255 0.4399960393059673 0.38127031953264423
    outer loop
      vertex 164.22233118085296 4.699639355720471 44.557206526348004
      vertex 164.34708333725064 4.616282629781189 44.919430645491076
      vertex 164.46499361062376 4.8341617314152145 44.919430645491076
    endloop
  endfacet
  facet normal -0.8627165314901173 0.4668788392673904 0.1942790151766158
    outer loop
      vertex 164.34708333725064 4.616282629781189 44.919430645491076
      vertex 164.528591708439 4.791666841042769 45.30396571934088
      vertex 164.46499361062376 4.8341617314152145 44.919430645491076
    endloop
  endfacet
  facet normal -0.7343804027613335 0.3925345032999787 0.5537166132229921
    outer loop
      vertex 164.3402414542261 4.917518457354497 44.557206526348004
      vertex 164.50323800156374 5.222463548999237 44.557206526348004
      vertex 164.3019970632861 5.305820274938521 44.23121343167271
    endloop
  endfacet
  facet normal -0.8153628008872987 0.4358204969143096 0.3811089049059118
    outer loop
      vertex 164.3402414542261 4.917518457354497 44.557206526348004
      vertex 164.64185517076282 5.165046437539207 44.919430645491076
      vertex 164.50323800156374 5.222463548999237 44.557206526348004
    endloop
  endfacet
  facet normal -0.8153628008873086 0.43582049691424585 0.3811089049059636
    outer loop
      vertex 164.3402414542261 4.917518457354497 44.557206526348004
      vertex 164.46499361062376 4.8341617314152145 44.919430645491076
      vertex 164.64185517076282 5.165046437539207 44.919430645491076
    endloop
  endfacet
  facet normal -0.8651335806723074 0.46242353295427924 0.1941864149810558
    outer loop
      vertex 164.46499361062376 4.8341617314152145 44.919430645491076
      vertex 164.528591708439 4.791666841042769 45.30396571934088
      vertex 164.64185517076282 5.165046437539207 44.919430645491076
    endloop
  endfacet
  facet normal -0.92771141729082 0.3184837376352693 0.19472964615108562
    outer loop
      vertex 164.64185517076282 5.165046437539207 44.919430645491076
      vertex 164.71252159080848 5.1357754479519535 45.30396571934088
      vertex 164.72229558024435 5.399361341156112 44.919430645491076
    endloop
  endfacet
  facet normal -0.8627165314901173 0.4668788392673904 0.1942790151766158
    outer loop
      vertex 164.41068143506587 4.573787739408743 45.30396571934088
      vertex 164.528591708439 4.791666841042769 45.30396571934088
      vertex 164.34708333725064 4.616282629781189 44.919430645491076
    endloop
  endfacet
  facet normal -0.8651335806722632 0.4624235329543339 0.19418641498112182
    outer loop
      vertex 164.528591708439 4.791666841042769 45.30396571934088
      vertex 164.71252159080848 5.1357754479519535 45.30396571934088
      vertex 164.64185517076282 5.165046437539207 44.919430645491076
    endloop
  endfacet
  facet normal -0.08257933616372483 0.996584493778003 0
    outer loop
      vertex 161.5 3.0096305466556075 45.30396571934088
      vertex 161.5 3.0096305466556075 49
      vertex 161.74689188599586 3.03008858927722 45.30396571934088
    endloop
  endfacet
  facet normal -0.09801714032955766 0.9951847266721972 0
    outer loop
      vertex 161.74689188599586 3.03008858927722 45.30396571934088
      vertex 161.74689188599586 3.03008858927722 49
      vertex 162.1351937035799 3.068332980217207 45.30396571934088
    endloop
  endfacet
  facet normal -0.24548549108583023 0.969400264940313 0
    outer loop
      vertex 162.1351937035799 3.068332980217207 45.30396571934088
      vertex 162.1351937035799 3.068332980217207 49
      vertex 162.37535102467535 3.129149074496496 45.30396571934088
    endloop
  endfacet
  facet normal -0.29028467725447726 0.9569403357322043 0
    outer loop
      vertex 162.37535102467535 3.129149074496496 45.30396571934088
      vertex 162.37535102467535 3.129149074496496 49
      vertex 162.74873062117177 3.242412536820339 45.30396571934088
    endloop
  endfacet
  facet normal -0.08257933616372483 0.996584493778003 0
    outer loop
      vertex 161.74689188599586 3.03008858927722 45.30396571934088
      vertex 161.5 3.0096305466556075 49
      vertex 161.74689188599586 3.03008858927722 49
    endloop
  endfacet
  facet normal -0.09801714032955766 0.9951847266721972 0
    outer loop
      vertex 162.1351937035799 3.068332980217207 45.30396571934088
      vertex 161.74689188599586 3.03008858927722 49
      vertex 162.1351937035799 3.068332980217207 49
    endloop
  endfacet
  facet normal -0.24548549108583023 0.969400264940313 0
    outer loop
      vertex 162.37535102467535 3.129149074496496 45.30396571934088
      vertex 162.1351937035799 3.068332980217207 49
      vertex 162.37535102467535 3.129149074496496 49
    endloop
  endfacet
  facet normal -0.29028467725447726 0.9569403357322043 0
    outer loop
      vertex 162.74873062117177 3.242412536820339 45.30396571934088
      vertex 162.37535102467535 3.129149074496496 49
      vertex 162.74873062117177 3.242412536820339 49
    endloop
  endfacet
  facet normal -0.4016954292016562 0.9157733246598184 0
    outer loop
      vertex 162.74873062117177 3.242412536820339 45.30396571934088
      vertex 162.74873062117177 3.242412536820339 49
      vertex 162.97560250653106 3.341927773734497 45.30396571934088
    endloop
  endfacet
  facet normal -0.47139673682597155 0.8819212643483689 0
    outer loop
      vertex 162.97560250653106 3.341927773734497 45.30396571934088
      vertex 162.97560250653106 3.341927773734497 49
      vertex 163.31971111344026 3.525857656103966 45.30396571934088
    endloop
  endfacet
  facet normal -0.5469481722948649 0.8371664690032126 0
    outer loop
      vertex 163.31971111344026 3.525857656103966 45.30396571934088
      vertex 163.31971111344026 3.525857656103966 49
      vertex 163.52710908846782 3.6613575209206317 45.30396571934088
    endloop
  endfacet
  facet normal -0.6343932841636513 0.7730104533627321 0
    outer loop
      vertex 163.52710908846782 3.6613575209206317 45.30396571934088
      vertex 163.52710908846782 3.6613575209206317 49
      vertex 163.82872280500456 3.908885501105342 45.30396571934088
    endloop
  endfacet
  facet normal -0.4016954292016562 0.9157733246598184 0
    outer loop
      vertex 162.97560250653106 3.341927773734497 45.30396571934088
      vertex 162.74873062117177 3.242412536820339 49
      vertex 162.97560250653106 3.341927773734497 49
    endloop
  endfacet
  facet normal -0.47139673682597155 0.8819212643483689 0
    outer loop
      vertex 163.31971111344026 3.525857656103966 45.30396571934088
      vertex 162.97560250653106 3.341927773734497 49
      vertex 163.31971111344026 3.525857656103966 49
    endloop
  endfacet
  facet normal -0.5469481722948649 0.8371664690032126 0
    outer loop
      vertex 163.52710908846782 3.6613575209206317 45.30396571934088
      vertex 163.31971111344026 3.525857656103966 49
      vertex 163.52710908846782 3.6613575209206317 49
    endloop
  endfacet
  facet normal -0.6343932841636513 0.7730104533627321 0
    outer loop
      vertex 163.82872280500456 3.908885501105342 45.30396571934088
      vertex 163.52710908846782 3.6613575209206317 49
      vertex 163.82872280500456 3.908885501105342 49
    endloop
  endfacet
  facet normal -0.6772815505119757 0.7357239301097214 0
    outer loop
      vertex 163.82872280500456 3.908885501105342 45.30396571934088
      vertex 163.82872280500456 3.908885501105342 49
      vertex 164.01098960660025 4.076673902351413 45.30396571934088
    endloop
  endfacet
  facet normal -0.7730104533627314 0.6343932841636523 0
    outer loop
      vertex 164.01098960660025 4.076673902351413 45.30396571934088
      vertex 164.01098960660025 4.076673902351413 49
      vertex 164.25851758678496 4.378287618888152 45.30396571934088
    endloop
  endfacet
  facet normal -0.7891405158722794 0.6142127043694494 0
    outer loop
      vertex 164.25851758678496 4.378287618888152 45.30396571934088
      vertex 164.25851758678496 4.378287618888152 49
      vertex 164.41068143506587 4.573787739408743 45.30396571934088
    endloop
  endfacet
  facet normal -0.8794737511886749 0.4759473930699911 0
    outer loop
      vertex 164.41068143506587 4.573787739408743 45.30396571934088
      vertex 164.41068143506587 4.573787739408743 49
      vertex 164.528591708439 4.791666841042769 45.30396571934088
    endloop
  endfacet
  facet normal -0.8819212643483437 0.4713967368260188 0
    outer loop
      vertex 164.528591708439 4.791666841042769 45.30396571934088
      vertex 164.528591708439 4.791666841042769 49
      vertex 164.71252159080848 5.1357754479519535 45.30396571934088
    endloop
  endfacet
  facet normal -0.9458172398841561 0.3246994744959047 0
    outer loop
      vertex 164.71252159080848 5.1357754479519535 45.30396571934088
      vertex 164.71252159080848 5.1357754479519535 49
      vertex 164.79296200029 5.370090351568859 45.30396571934088
    endloop
  endfacet
  facet normal -0.6772815505119757 0.7357239301097214 0
    outer loop
      vertex 164.01098960660025 4.076673902351413 45.30396571934088
      vertex 163.82872280500456 3.908885501105342 49
      vertex 164.01098960660025 4.076673902351413 49
    endloop
  endfacet
  facet normal -0.7730104533627314 0.6343932841636523 0
    outer loop
      vertex 164.25851758678496 4.378287618888152 45.30396571934088
      vertex 164.01098960660025 4.076673902351413 49
      vertex 164.25851758678496 4.378287618888152 49
    endloop
  endfacet
  facet normal -0.7891405158722794 0.6142127043694494 0
    outer loop
      vertex 164.41068143506587 4.573787739408743 45.30396571934088
      vertex 164.25851758678496 4.378287618888152 49
      vertex 164.41068143506587 4.573787739408743 49
    endloop
  endfacet
  facet normal -0.8794737511886749 0.4759473930699911 0
    outer loop
      vertex 164.528591708439 4.791666841042769 45.30396571934088
      vertex 164.41068143506587 4.573787739408743 49
      vertex 164.528591708439 4.791666841042769 49
    endloop
  endfacet
  facet normal -0.8819212643483437 0.4713967368260188 0
    outer loop
      vertex 164.71252159080848 5.1357754479519535 45.30396571934088
      vertex 164.528591708439 4.791666841042769 49
      vertex 164.71252159080848 5.1357754479519535 49
    endloop
  endfacet
  facet normal 0 0 1
    outer loop
      vertex 161.5 4.80396571934088 43.50963054665561
      vertex 161.24689188599586 5.5204580426216125 43.50963054665561
      vertex 161 5.5 43.50963054665561
    endloop
  endfacet
  facet normal 0 0 1
    outer loop
      vertex 161.5 4.80396571934088 43.50963054665561
      vertex 161.48704920709133 5.581274136900902 43.50963054665561
      vertex 161.24689188599586 5.5204580426216125 43.50963054665561
    endloop
  endfacet
  facet normal 0 0 1
    outer loop
      vertex 161.74689188599586 4.824423761962493 43.50963054665561
      vertex 161.71392109245062 5.68078937381506 43.50963054665561
      vertex 161.48704920709133 5.581274136900902 43.50963054665561
    endloop
  endfacet
  facet normal 0 0 1
    outer loop
      vertex 162.02529359803134 4.889006599976 43.50963054665561
      vertex 161.92131906747818 5.816289238631725 43.50963054665561
      vertex 161.71392109245062 5.68078937381506 43.50963054665561
    endloop
  endfacet
  facet normal 0 0 1
    outer loop
      vertex 162.28894016383447 4.999677314243524 43.50963054665561
      vertex 162.32283190343622 5.017792826477411 43.50963054665561
      vertex 162.25574971735477 6.179577760398388 43.50963054665561
    endloop
  endfacet
  facet normal 0 0 1
    outer loop
      vertex 162.32283190343622 5.017792826477411 43.50963054665561
      vertex 162.53022987846379 5.153292691294077 43.50963054665561
      vertex 162.25574971735477 6.179577760398388 43.50963054665561
    endloop
  endfacet
  facet normal 0 0 1
    outer loop
      vertex 162.28894016383447 4.999677314243524 43.50963054665561
      vertex 162.10358586907387 5.984077639877796 43.50963054665561
      vertex 161.92131906747818 5.816289238631725 43.50963054665561
    endloop
  endfacet
  facet normal 0 0 1
    outer loop
      vertex 162.28894016383447 4.999677314243524 43.50963054665561
      vertex 162.25574971735477 6.179577760398388 43.50963054665561
      vertex 162.10358586907387 5.984077639877796 43.50963054665561
    endloop
  endfacet
  facet normal 0 0 1
    outer loop
      vertex 162.53022987846379 5.153292691294077 43.50963054665561
      vertex 162.5599362366773 5.177672069432633 43.50963054665561
      vertex 162.49487674236298 6.876130983233452 43.50963054665561
    endloop
  endfacet
  facet normal 0 0 1
    outer loop
      vertex 162.5599362366773 5.177672069432633 43.50963054665561
      vertex 162.74220303827298 5.345460470678704 43.50963054665561
      vertex 162.5 7 43.50963054665561
    endloop
  endfacet
  facet normal 0 0 1
    outer loop
      vertex 162.53022987846379 5.153292691294077 43.50963054665561
      vertex 162.3736599907279 6.3974568620324135 43.50963054665561
      vertex 162.25574971735477 6.179577760398388 43.50963054665561
    endloop
  endfacet
  facet normal 0 0 1
    outer loop
      vertex 162.74220303827298 5.345460470678704 43.50963054665561
      vertex 162.7665824164115 5.375166828892178 43.50963054665561
      vertex 162.5 7 43.50963054665561
    endloop
  endfacet
  facet normal 0 0 1
    outer loop
      vertex 162.5 7 43.50963054665561
      vertex 162.7665824164115 5.375166828892178 43.50963054665561
      vertex 162.9187462646924 5.57066694941277 43.50963054665561
    endloop
  endfacet
  facet normal 0 0 1
    outer loop
      vertex 162.53022987846379 5.153292691294077 43.50963054665561
      vertex 162.45410040020943 6.631771765649319 43.50963054665561
      vertex 162.3736599907279 6.3974568620324135 43.50963054665561
    endloop
  endfacet
  facet normal 0 0 1
    outer loop
      vertex 162.53022987846379 5.153292691294077 43.50963054665561
      vertex 162.49487674236298 6.876130983233452 43.50963054665561
      vertex 162.45410040020943 6.631771765649319 43.50963054665561
    endloop
  endfacet
  facet normal 0 0 1
    outer loop
      vertex 162.5599362366773 5.177672069432633 43.50963054665561
      vertex 162.5 7 43.50963054665561
      vertex 162.49487674236298 6.876130983233452 43.50963054665561
    endloop
  endfacet
  facet normal -0.1515085818510979 0.12433987975353238 0.9806042748878604
    outer loop
      vertex 163.08631164518215 5.161530588309233 43.58611932853558
      vertex 162.7665824164115 5.375166828892178 43.50963054665561
      vertex 162.74220303827298 5.345460470678704 43.50963054665561
    endloop
  endfacet
  facet normal -0.15434195227673947 0.1201291607753411 0.9806872827251392
    outer loop
      vertex 163.08631164518215 5.161530588309233 43.58611932853558
      vertex 162.9187462646924 5.57066694941277 43.50963054665561
      vertex 162.7665824164115 5.375166828892178 43.50963054665561
    endloop
  endfacet
  facet normal -0.15434195227673947 0.12012916077534108 0.9806872827251392
    outer loop
      vertex 163.08631164518215 5.161530588309233 43.58611932853558
      vertex 163.23847549346306 5.357030708829825 43.58611932853558
      vertex 162.9187462646924 5.57066694941277 43.50963054665561
    endloop
  endfacet
  facet normal -0.3378058511824271 0.18281138466811803 0.923291505724298
    outer loop
      vertex 163.53965384137356 5.15578977055219 43.73615747130329
      vertex 163.35638576683618 5.574909810463851 43.58611932853558
      vertex 163.23847549346306 5.357030708829825 43.58611932853558
    endloop
  endfacet
  facet normal -0.17229308336241747 0.09324035397247592 0.9806229294772577
    outer loop
      vertex 163.23847549346306 5.357030708829825 43.58611932853558
      vertex 163.35638576683618 5.574909810463851 43.58611932853558
      vertex 162.9187462646924 5.57066694941277 43.50963054665561
    endloop
  endfacet
  facet normal -0.33888902876209936 0.18113995972493105 0.9232239929592013
    outer loop
      vertex 163.35638576683618 5.574909810463851 43.58611932853558
      vertex 163.6575641147467 5.373668872186215 43.73615747130329
      vertex 163.410036134562 5.675282588722954 43.58611932853558
    endloop
  endfacet
  facet normal -0.17229308336241747 0.09324035397247592 0.9806229294772577
    outer loop
      vertex 162.9187462646924 5.57066694941277 43.50963054665561
      vertex 163.35638576683618 5.574909810463851 43.58611932853558
      vertex 163.03665653806553 5.788546051046795 43.50963054665561
    endloop
  endfacet
  facet normal -0.17285489411481902 0.09239286580798654 0.9806042748878581
    outer loop
      vertex 163.35638576683618 5.574909810463851 43.58611932853558
      vertex 163.410036134562 5.675282588722954 43.58611932853558
      vertex 163.03665653806553 5.788546051046795 43.50963054665561
    endloop
  endfacet
  facet normal -0.17285489411478086 0.09239286580810915 0.9806042748878534
    outer loop
      vertex 163.03665653806553 5.788546051046795 43.50963054665561
      vertex 163.410036134562 5.675282588722954 43.58611932853558
      vertex 163.05477205029945 5.822437790648559 43.50963054665561
    endloop
  endfacet
  facet normal -0.18486150510732582 0.06346303601975208 0.9807133459827138
    outer loop
      vertex 163.05477205029945 5.822437790648559 43.50963054665561
      vertex 163.410036134562 5.675282588722954 43.58611932853558
      vertex 163.49047654404353 5.909597492339859 43.58611932853558
    endloop
  endfacet
  facet normal -0.36254317428067073 0.12446123120512059 0.9236188871549783
    outer loop
      vertex 163.7446875844202 5.536665419523862 43.73615747130329
      vertex 163.49047654404353 5.909597492339859 43.58611932853558
      vertex 163.410036134562 5.675282588722954 43.58611932853558
    endloop
  endfacet
  facet normal -0.3378058511824271 0.18281138466811803 0.923291505724298
    outer loop
      vertex 163.53965384137356 5.15578977055219 43.73615747130329
      vertex 163.6575641147467 5.373668872186215 43.73615747130329
      vertex 163.35638576683618 5.574909810463851 43.58611932853558
    endloop
  endfacet
  facet normal -0.4916045332565922 0.2627680975095752 0.8302276253008968
    outer loop
      vertex 163.92861746678966 5.192556812614679 43.953979093274526
      vertex 163.7446875844202 5.536665419523862 43.73615747130329
      vertex 163.6575641147467 5.373668872186215 43.73615747130329
    endloop
  endfacet
  facet normal -0.49160453325661047 0.26276809750956137 0.8302276253008904
    outer loop
      vertex 163.92861746678966 5.192556812614679 43.953979093274526
      vertex 164.0458659323307 5.411913263126202 43.953979093274526
      vertex 163.7446875844202 5.536665419523862 43.73615747130329
    endloop
  endfacet
  facet normal -0.33888902876211074 0.1811399597249207 0.9232239929591991
    outer loop
      vertex 163.6575641147467 5.373668872186215 43.73615747130329
      vertex 163.7446875844202 5.536665419523862 43.73615747130329
      vertex 163.410036134562 5.675282588722954 43.58611932853558
    endloop
  endfacet
  facet normal -0.5261667367372804 0.18063327217078984 0.8309754425589934
    outer loop
      vertex 164.0458659323307 5.411913263126202 43.953979093274526
      vertex 163.82512799390173 5.770980323140767 43.73615747130329
      vertex 163.7446875844202 5.536665419523862 43.73615747130329
    endloop
  endfacet
  facet normal -0.3625431742806708 0.12446123120512062 0.9236188871549783
    outer loop
      vertex 163.7446875844202 5.536665419523862 43.73615747130329
      vertex 163.82512799390173 5.770980323140767 43.73615747130329
      vertex 163.49047654404353 5.909597492339859 43.58611932853558
    endloop
  endfacet
  facet normal -0.5261667367372804 0.1806332721707898 0.8309754425589934
    outer loop
      vertex 164.0458659323307 5.411913263126202 43.953979093274526
      vertex 164.12630634181224 5.646228166743107 43.953979093274526
      vertex 163.82512799390173 5.770980323140767 43.73615747130329
    endloop
  endfacet
  facet normal -0.36771602417274485 0.11154543644210513 0.9232239929592004
    outer loop
      vertex 163.82512799390173 5.770980323140767 43.73615747130329
      vertex 163.87877836162755 5.947841883279846 43.73615747130329
      vertex 163.49047654404353 5.909597492339859 43.58611932853558
    endloop
  endfacet
  facet normal -0.5334220027563035 0.1618117954993485 0.8302276253008757
    outer loop
      vertex 163.82512799390173 5.770980323140767 43.73615747130329
      vertex 164.19850759039815 5.884243785464609 43.953979093274526
      vertex 163.87877836162755 5.947841883279846 43.73615747130329
    endloop
  endfacet
  facet normal -0.5334220027562966 0.16181179549929875 0.8302276253008898
    outer loop
      vertex 163.82512799390173 5.770980323140767 43.73615747130329
      vertex 164.12630634181224 5.646228166743107 43.953979093274526
      vertex 164.19850759039815 5.884243785464609 43.953979093274526
    endloop
  endfacet
  facet normal -0.6251157418939448 0.3341313253004693 0.7053981618131246
    outer loop
      vertex 163.92861746678966 5.192556812614679 43.953979093274526
      vertex 164.3019970632861 5.305820274938521 44.23121343167271
      vertex 164.0458659323307 5.411913263126202 43.953979093274526
    endloop
  endfacet
  facet normal -0.7868847234068053 0.27013787167840037 0.5548314720291738
    outer loop
      vertex 164.50323800156374 5.222463548999237 44.557206526348004
      vertex 164.38243747276763 5.540135178555426 44.23121343167271
      vertex 164.3019970632861 5.305820274938521 44.23121343167271
    endloop
  endfacet
  facet normal -0.6694367034187138 0.22981791475375327 0.706426377037354
    outer loop
      vertex 164.0458659323307 5.411913263126202 43.953979093274526
      vertex 164.3019970632861 5.305820274938521 44.23121343167271
      vertex 164.38243747276763 5.540135178555426 44.23121343167271
    endloop
  endfacet
  facet normal -0.6694367034187138 0.2298179147537532 0.706426377037354
    outer loop
      vertex 164.0458659323307 5.411913263126202 43.953979093274526
      vertex 164.38243747276763 5.540135178555426 44.23121343167271
      vertex 164.12630634181224 5.646228166743107 43.953979093274526
    endloop
  endfacet
  facet normal -0.6782901060464771 0.20575705419285814 0.7053981618131253
    outer loop
      vertex 164.12630634181224 5.646228166743107 43.953979093274526
      vertex 164.38243747276763 5.540135178555426 44.23121343167271
      vertex 164.19850759039815 5.884243785464609 43.953979093274526
    endloop
  endfacet
  facet normal -0.7968491718961396 0.24172155362998504 0.5537166132229941
    outer loop
      vertex 164.38243747276763 5.540135178555426 44.23121343167271
      vertex 164.58367841104527 5.456778452616142 44.557206526348004
      vertex 164.47041494872144 5.83015804911258 44.23121343167271
    endloop
  endfacet
  facet normal -0.6782901060464462 0.20575705419289098 0.7053981618131455
    outer loop
      vertex 164.19850759039815 5.884243785464609 43.953979093274526
      vertex 164.38243747276763 5.540135178555426 44.23121343167271
      vertex 164.47041494872144 5.83015804911258 44.23121343167271
    endloop
  endfacet
  facet normal -0.18486150510732582 0.06346303601975209 0.9807133459827138
    outer loop
      vertex 163.05477205029945 5.822437790648559 43.50963054665561
      vertex 163.49047654404353 5.909597492339859 43.58611932853558
      vertex 163.13521245978097 6.056752694265464 43.50963054665561
    endloop
  endfacet
  facet normal -0.1875584897359819 0.05689524584375574 0.9806042748878552
    outer loop
      vertex 163.13521245978097 6.056752694265464 43.50963054665561
      vertex 163.49047654404353 5.909597492339859 43.58611932853558
      vertex 163.14636793713433 6.09352737470933 43.50963054665561
    endloop
  endfacet
  facet normal -0.18755848973596362 0.056895245843790576 0.9806042748878566
    outer loop
      vertex 163.14636793713433 6.09352737470933 43.50963054665561
      vertex 163.49047654404353 5.909597492339859 43.58611932853558
      vertex 163.523514277365 6.018508303325477 43.58611932853558
    endloop
  endfacet
  facet normal 0 0 1
    outer loop
      vertex 162.5 7 43.50963054665561
      vertex 162.9187462646924 5.57066694941277 43.50963054665561
      vertex 163.03665653806553 5.788546051046795 43.50963054665561
    endloop
  endfacet
  facet normal 0 0 1
    outer loop
      vertex 162.5 7 43.50963054665561
      vertex 163.03665653806553 5.788546051046795 43.50963054665561
      vertex 163.05477205029945 5.822437790648559 43.50963054665561
    endloop
  endfacet
  facet normal -0.19251853533688254 0.0321256621518443 0.9807673298917776
    outer loop
      vertex 163.14636793713433 6.09352737470933 43.50963054665561
      vertex 163.523514277365 6.018508303325477 43.58611932853558
      vertex 163.18714427928788 6.337886592293463 43.50963054665561
    endloop
  endfacet
  facet normal -0.3677160241727423 0.11154543644204783 0.9232239929592083
    outer loop
      vertex 163.49047654404353 5.909597492339859 43.58611932853558
      vertex 163.87877836162755 5.947841883279846 43.73615747130329
      vertex 163.523514277365 6.018508303325477 43.58611932853558
    endloop
  endfacet
  facet normal -0.19251853533688254 0.0321256621518443 0.9807673298917776
    outer loop
      vertex 163.523514277365 6.018508303325477 43.58611932853558
      vertex 163.56429061951854 6.2628675209096105 43.58611932853558
      vertex 163.18714427928788 6.337886592293463 43.50963054665561
    endloop
  endfacet
  facet normal -0.377619010438447 0.06301346896407235 0.9238144757929495
    outer loop
      vertex 163.523514277365 6.018508303325477 43.58611932853558
      vertex 163.9195547037811 6.192201100863979 43.73615747130329
      vertex 163.56429061951854 6.2628675209096105 43.58611932853558
    endloop
  endfacet
  facet normal 0 0 1
    outer loop
      vertex 162.5 7 43.50963054665561
      vertex 163.05477205029945 5.822437790648559 43.50963054665561
      vertex 163.13521245978097 6.056752694265464 43.50963054665561
    endloop
  endfacet
  facet normal 0 0 1
    outer loop
      vertex 162.5 7 43.50963054665561
      vertex 163.13521245978097 6.056752694265464 43.50963054665561
      vertex 163.14636793713433 6.09352737470933 43.50963054665561
    endloop
  endfacet
  facet normal -0.19505431778054963 0.019211173489072628 0.9806042748878556
    outer loop
      vertex 163.18714427928788 6.337886592293463 43.50963054665561
      vertex 163.5754460968719 6.376130983233452 43.58611932853558
      vertex 163.1909110230221 6.376130983233452 43.50963054665561
    endloop
  endfacet
  facet normal 0 0 1
    outer loop
      vertex 162.5 7 43.50963054665561
      vertex 163.14636793713433 6.09352737470933 43.50963054665561
      vertex 163.18714427928788 6.337886592293463 43.50963054665561
    endloop
  endfacet
  facet normal -0.19508397129581895 0.008068728338143833 0.9807533531762496
    outer loop
      vertex 163.1909110230221 6.376130983233452 43.50963054665561
      vertex 163.58056935450892 6.5 43.58611932853558
      vertex 163.19603428065912 6.5 43.50963054665561
    endloop
  endfacet
  facet normal -0.3824118989919389 0.037664284592157475 0.9232239929592061
    outer loop
      vertex 163.9195547037811 6.192201100863979 43.73615747130329
      vertex 163.5754460968719 6.376130983233452 43.58611932853558
      vertex 163.56429061951854 6.2628675209096105 43.58611932853558
    endloop
  endfacet
  facet normal -0.1950543177805486 0.01921117348906172 0.980604274887856
    outer loop
      vertex 163.18714427928788 6.337886592293463 43.50963054665561
      vertex 163.56429061951854 6.2628675209096105 43.58611932853558
      vertex 163.5754460968719 6.376130983233452 43.58611932853558
    endloop
  endfacet
  facet normal -0.19508397129581895 0.008068728338143831 0.9807533531762496
    outer loop
      vertex 163.1909110230221 6.376130983233452 43.50963054665561
      vertex 163.5754460968719 6.376130983233452 43.58611932853558
      vertex 163.58056935450892 6.5 43.58611932853558
    endloop
  endfacet
  facet normal -0.38263550600938584 0.015825912964609133 0.9237638280533492
    outer loop
      vertex 163.5754460968719 6.376130983233452 43.58611932853558
      vertex 163.93767021601496 6.376130983233452 43.73615747130329
      vertex 163.58056935450892 6.5 43.58611932853558
    endloop
  endfacet
  facet normal -0.377619010438447 0.06301346896407237 0.9238144757929495
    outer loop
      vertex 163.523514277365 6.018508303325477 43.58611932853558
      vertex 163.87877836162755 5.947841883279846 43.73615747130329
      vertex 163.9195547037811 6.192201100863979 43.73615747130329
    endloop
  endfacet
  facet normal -0.548175078963949 0.0914742435373317 0.8313462248498765
    outer loop
      vertex 164.19850759039815 5.884243785464609 43.953979093274526
      vertex 163.9195547037811 6.192201100863979 43.73615747130329
      vertex 163.87877836162755 5.947841883279846 43.73615747130329
    endloop
  endfacet
  facet normal -0.3824118989919459 0.03766428459214254 0.9232239929592038
    outer loop
      vertex 163.9195547037811 6.192201100863979 43.73615747130329
      vertex 163.93767021601496 6.376130983233452 43.73615747130329
      vertex 163.5754460968719 6.376130983233452 43.58611932853558
    endloop
  endfacet
  facet normal -0.5547403638365217 0.05463715693304696 0.8302276253009154
    outer loop
      vertex 163.9195547037811 6.192201100863979 43.73615747130329
      vertex 164.26366331069028 6.376130983233452 43.953979093274526
      vertex 163.93767021601496 6.376130983233452 43.73615747130329
    endloop
  endfacet
  facet normal -0.38263550600938584 0.015825912964609144 0.9237638280533492
    outer loop
      vertex 163.58056935450892 6.5 43.58611932853558
      vertex 163.93767021601496 6.376130983233452 43.73615747130329
      vertex 163.942793473652 6.5 43.73615747130329
    endloop
  endfacet
  facet normal -0.5554236168131859 0.02297247819432177 0.8312501856431496
    outer loop
      vertex 163.93767021601496 6.376130983233452 43.73615747130329
      vertex 164.2687865683273 6.5 43.953979093274526
      vertex 163.942793473652 6.5 43.73615747130329
    endloop
  endfacet
  facet normal -0.548175078963949 0.09147424353733175 0.8313462248498765
    outer loop
      vertex 164.19850759039815 5.884243785464609 43.953979093274526
      vertex 164.2392839325517 6.128603003048742 43.953979093274526
      vertex 163.9195547037811 6.192201100863979 43.73615747130329
    endloop
  endfacet
  facet normal -0.5547403638365647 0.054637156933171276 0.8302276253008785
    outer loop
      vertex 163.9195547037811 6.192201100863979 43.73615747130329
      vertex 164.2392839325517 6.128603003048742 43.953979093274526
      vertex 164.26366331069028 6.376130983233452 43.953979093274526
    endloop
  endfacet
  facet normal -0.6976303657794467 0.11641392034632017 0.7069368231263922
    outer loop
      vertex 164.19850759039815 5.884243785464609 43.953979093274526
      vertex 164.511191290875 6.074517266696713 44.23121343167271
      vertex 164.2392839325517 6.128603003048742 43.953979093274526
    endloop
  endfacet
  facet normal -0.6976303657794467 0.11641392034632021 0.7069368231263922
    outer loop
      vertex 164.19850759039815 5.884243785464609 43.953979093274526
      vertex 164.47041494872144 5.83015804911258 44.23121343167271
      vertex 164.511191290875 6.074517266696713 44.23121343167271
    endloop
  endfacet
  facet normal -0.8202510919429505 0.13687570089461557 0.5553856215918854
    outer loop
      vertex 164.47041494872144 5.83015804911258 44.23121343167271
      vertex 164.72482753145792 6.032022376324269 44.557206526348004
      vertex 164.511191290875 6.074517266696713 44.23121343167271
    endloop
  endfacet
  facet normal -0.7053981618130911 0.06947565488247044 0.7053981618131451
    outer loop
      vertex 164.2392839325517 6.128603003048742 43.953979093274526
      vertex 164.511191290875 6.074517266696713 44.23121343167271
      vertex 164.54089764908844 6.376130983233452 44.23121343167271
    endloop
  endfacet
  facet normal -0.5554236168131859 0.022972478194321806 0.8312501856431496
    outer loop
      vertex 163.93767021601496 6.376130983233452 43.73615747130329
      vertex 164.26366331069028 6.376130983233452 43.953979093274526
      vertex 164.2687865683273 6.5 43.953979093274526
    endloop
  endfacet
  facet normal -0.705398161813139 0.06947565488259626 0.7053981618130848
    outer loop
      vertex 164.2392839325517 6.128603003048742 43.953979093274526
      vertex 164.54089764908844 6.376130983233452 44.23121343167271
      vertex 164.26366331069028 6.376130983233452 43.953979093274526
    endloop
  endfacet
  facet normal -0.8286954742331215 0.08161938021287457 0.553716613223053
    outer loop
      vertex 164.511191290875 6.074517266696713 44.23121343167271
      vertex 164.7587192710597 6.376130983233452 44.557206526348004
      vertex 164.54089764908844 6.376130983233452 44.23121343167271
    endloop
  endfacet
  facet normal -0.706804567916144 0.0292336372321775 0.7068045679160898
    outer loop
      vertex 164.26366331069028 6.376130983233452 43.953979093274526
      vertex 164.54602090672546 6.5 44.23121343167271
      vertex 164.2687865683273 6.5 43.953979093274526
    endloop
  endfacet
  facet normal -0.706804567916144 0.029233637232177406 0.7068045679160898
    outer loop
      vertex 164.26366331069028 6.376130983233452 43.953979093274526
      vertex 164.54089764908844 6.376130983233452 44.23121343167271
      vertex 164.54602090672546 6.5 44.23121343167271
    endloop
  endfacet
  facet normal -0.8309783752094133 0.034369501091761984 0.5552419988878965
    outer loop
      vertex 164.54089764908844 6.376130983233452 44.23121343167271
      vertex 164.7587192710597 6.376130983233452 44.557206526348004
      vertex 164.54602090672546 6.5 44.23121343167271
    endloop
  endfacet
  facet normal -0.7868847234068053 0.27013787167840037 0.5548314720291737
    outer loop
      vertex 164.50323800156374 5.222463548999237 44.557206526348004
      vertex 164.58367841104527 5.456778452616142 44.557206526348004
      vertex 164.38243747276763 5.540135178555426 44.23121343167271
    endloop
  endfacet
  facet normal -0.8740669733432319 0.30006757643108123 0.38205546153062553
    outer loop
      vertex 164.50323800156374 5.222463548999237 44.557206526348004
      vertex 164.72229558024435 5.399361341156112 44.919430645491076
      vertex 164.58367841104527 5.456778452616142 44.557206526348004
    endloop
  endfacet
  facet normal -0.8740669733432319 0.3000675764310813 0.38205546153062553
    outer loop
      vertex 164.50323800156374 5.222463548999237 44.557206526348004
      vertex 164.64185517076282 5.165046437539207 44.919430645491076
      vertex 164.72229558024435 5.399361341156112 44.919430645491076
    endloop
  endfacet
  facet normal -0.884720194382849 0.26837693688651887 0.3811089049059118
    outer loop
      vertex 164.58367841104527 5.456778452616142 44.557206526348004
      vertex 164.72229558024435 5.399361341156112 44.919430645491076
      vertex 164.83120639122998 5.7583921691528825 44.919430645491076
    endloop
  endfacet
  facet normal -0.9387246374577877 0.28475900559336537 0.19418641498112774
    outer loop
      vertex 164.72229558024435 5.399361341156112 44.919430645491076
      vertex 164.79296200029 5.370090351568859 45.30396571934088
      vertex 164.83120639122998 5.7583921691528825 44.919430645491076
    endloop
  endfacet
  facet normal -0.7968491718961696 0.2417215536299511 0.5537166132229657
    outer loop
      vertex 164.58367841104527 5.456778452616142 44.557206526348004
      vertex 164.68405118930437 5.787663158740136 44.557206526348004
      vertex 164.47041494872144 5.83015804911258 44.23121343167271
    endloop
  endfacet
  facet normal -0.884720194382847 0.2683769368864699 0.38110890490595123
    outer loop
      vertex 164.58367841104527 5.456778452616142 44.557206526348004
      vertex 164.83120639122998 5.7583921691528825 44.919430645491076
      vertex 164.68405118930437 5.787663158740136 44.557206526348004
    endloop
  endfacet
  facet normal -0.8202510919429505 0.13687570089461554 0.5553856215918854
    outer loop
      vertex 164.47041494872144 5.83015804911258 44.23121343167271
      vertex 164.68405118930437 5.787663158740136 44.557206526348004
      vertex 164.72482753145792 6.032022376324269 44.557206526348004
    endloop
  endfacet
  facet normal -0.9113431407597249 0.15207627563349038 0.3825264516077897
    outer loop
      vertex 164.68405118930437 5.787663158740136 44.557206526348004
      vertex 164.83120639122998 5.7583921691528825 44.919430645491076
      vertex 164.72482753145792 6.032022376324269 44.557206526348004
    endloop
  endfacet
  facet normal -0.92771141729082 0.3184837376352693 0.19472964615108562
    outer loop
      vertex 164.71252159080848 5.1357754479519535 45.30396571934088
      vertex 164.79296200029 5.370090351568859 45.30396571934088
      vertex 164.72229558024435 5.399361341156112 44.919430645491076
    endloop
  endfacet
  facet normal -0.9387246374578211 0.2847590055933016 0.19418641498106
    outer loop
      vertex 164.79296200029 5.370090351568859 45.30396571934088
      vertex 164.90622546261383 5.743469948065297 45.30396571934088
      vertex 164.83120639122998 5.7583921691528825 44.919430645491076
    endloop
  endfacet
  facet normal -0.9674263367320213 0.16143490597549312 0.1950001387946823
    outer loop
      vertex 164.83120639122998 5.7583921691528825 44.919430645491076
      vertex 164.90622546261383 5.743469948065297 45.30396571934088
      vertex 164.94700180476738 5.98782916564943 45.30396571934088
    endloop
  endfacet
  facet normal -0.8286954742331665 0.08161938021300498 0.5537166132229665
    outer loop
      vertex 164.511191290875 6.074517266696713 44.23121343167271
      vertex 164.72482753145792 6.032022376324269 44.557206526348004
      vertex 164.7587192710597 6.376130983233452 44.557206526348004
    endloop
  endfacet
  facet normal -0.9200782869650573 0.09061980168169932 0.38110890490595367
    outer loop
      vertex 164.72482753145792 6.032022376324269 44.557206526348004
      vertex 164.87198273338353 6.002751386737016 44.919430645491076
      vertex 164.7587192710597 6.376130983233452 44.557206526348004
    endloop
  endfacet
  facet normal -0.9113431407597249 0.15207627563349044 0.3825264516077897
    outer loop
      vertex 164.72482753145792 6.032022376324269 44.557206526348004
      vertex 164.83120639122998 5.7583921691528825 44.919430645491076
      vertex 164.87198273338353 6.002751386737016 44.919430645491076
    endloop
  endfacet
  facet normal -0.9674263367320213 0.16143490597549312 0.1950001387946823
    outer loop
      vertex 164.83120639122998 5.7583921691528825 44.919430645491076
      vertex 164.94700180476738 5.98782916564943 45.30396571934088
      vertex 164.87198273338353 6.002751386737016 44.919430645491076
    endloop
  endfacet
  facet normal -0.8309783752094133 0.03436950109176193 0.5552419988878965
    outer loop
      vertex 164.54602090672546 6.5 44.23121343167271
      vertex 164.7587192710597 6.376130983233452 44.557206526348004
      vertex 164.76384252869673 6.5 44.557206526348004
    endloop
  endfacet
  facet normal -0.9232057685613801 0.03818405221735772 0.38240435019917557
    outer loop
      vertex 164.7587192710597 6.376130983233452 44.557206526348004
      vertex 164.9087574138274 6.376130983233452 44.919430645491076
      vertex 164.76384252869673 6.5 44.557206526348004
    endloop
  endfacet
  facet normal -0.9200782869650777 0.09061980168165563 0.381108904905915
    outer loop
      vertex 164.7587192710597 6.376130983233452 44.557206526348004
      vertex 164.87198273338353 6.002751386737016 44.919430645491076
      vertex 164.9087574138274 6.376130983233452 44.919430645491076
    endloop
  endfacet
  facet normal -0.9762410328686816 0.09615134934209398 0.19418641498102926
    outer loop
      vertex 164.87198273338353 6.002751386737016 44.919430645491076
      vertex 164.98524619570736 6.376130983233452 45.30396571934088
      vertex 164.9087574138274 6.376130983233452 44.919430645491076
    endloop
  endfacet
  facet normal -0.9232057685613801 0.0381840522173577 0.38240435019917557
    outer loop
      vertex 164.76384252869673 6.5 44.557206526348004
      vertex 164.9087574138274 6.376130983233452 44.919430645491076
      vertex 164.91388067146443 6.5 44.919430645491076
    endloop
  endfacet
  facet normal -0.9799793022999012 0.04053222166198081 0.194930003003496
    outer loop
      vertex 164.9087574138274 6.376130983233452 44.919430645491076
      vertex 164.99036945334439 6.5 45.30396571934088
      vertex 164.91388067146443 6.5 44.919430645491076
    endloop
  endfacet
  facet normal -0.9762410328686787 0.0961513493420629 0.19418641498105857
    outer loop
      vertex 164.87198273338353 6.002751386737016 44.919430645491076
      vertex 164.94700180476738 5.98782916564943 45.30396571934088
      vertex 164.98524619570736 6.376130983233452 45.30396571934088
    endloop
  endfacet
  facet normal -0.9799793022999012 0.040532221661980804 0.194930003003496
    outer loop
      vertex 164.9087574138274 6.376130983233452 44.919430645491076
      vertex 164.98524619570736 6.376130983233452 45.30396571934088
      vertex 164.99036945334439 6.5 45.30396571934088
    endloop
  endfacet
  facet normal 0 0 1
    outer loop
      vertex 162.5 7 43.50963054665561
      vertex 163.18714427928788 6.337886592293463 43.50963054665561
      vertex 163.1909110230221 6.376130983233452 43.50963054665561
    endloop
  endfacet
  facet normal 0 0 1
    outer loop
      vertex 162.5 7 43.50963054665561
      vertex 163.1909110230221 6.376130983233452 43.50963054665561
      vertex 163.19603428065912 6.5 43.50963054665561
    endloop
  endfacet
  facet normal -0.9569403357322182 0.2902846772544313 0
    outer loop
      vertex 164.79296200029 5.370090351568859 45.30396571934088
      vertex 164.79296200029 5.370090351568859 49
      vertex 164.90622546261383 5.743469948065297 45.30396571934088
    endloop
  endfacet
  facet normal -0.9863613029409788 0.16459459304781118 0
    outer loop
      vertex 164.90622546261383 5.743469948065297 45.30396571934088
      vertex 164.90622546261383 5.743469948065297 49
      vertex 164.94700180476738 5.98782916564943 45.30396571934088
    endloop
  endfacet
  facet normal -0.995184726672199 0.09801714032953963 0
    outer loop
      vertex 164.94700180476738 5.98782916564943 45.30396571934088
      vertex 164.94700180476738 5.98782916564943 49
      vertex 164.98524619570736 6.376130983233452 45.30396571934088
    endloop
  endfacet
  facet normal -0.999145759317616 0.04132495175586508 0
    outer loop
      vertex 164.98524619570736 6.376130983233452 45.30396571934088
      vertex 164.98524619570736 6.376130983233452 49
      vertex 164.99036945334439 6.5 45.30396571934088
    endloop
  endfacet
  facet normal -0.9458172398841561 0.3246994744959047 0
    outer loop
      vertex 164.71252159080848 5.1357754479519535 49
      vertex 164.79296200029 5.370090351568859 49
      vertex 164.79296200029 5.370090351568859 45.30396571934088
    endloop
  endfacet
  facet normal -0.9569403357322182 0.2902846772544313 0
    outer loop
      vertex 164.90622546261383 5.743469948065297 45.30396571934088
      vertex 164.79296200029 5.370090351568859 49
      vertex 164.90622546261383 5.743469948065297 49
    endloop
  endfacet
  facet normal -0.9863613029409788 0.16459459304781118 0
    outer loop
      vertex 164.94700180476738 5.98782916564943 45.30396571934088
      vertex 164.90622546261383 5.743469948065297 49
      vertex 164.94700180476738 5.98782916564943 49
    endloop
  endfacet
  facet normal -0.995184726672199 0.09801714032953963 0
    outer loop
      vertex 164.98524619570736 6.376130983233452 45.30396571934088
      vertex 164.94700180476738 5.98782916564943 49
      vertex 164.98524619570736 6.376130983233452 49
    endloop
  endfacet
  facet normal -0.999145759317616 0.04132495175586508 0
    outer loop
      vertex 164.99036945334439 6.5 45.30396571934088
      vertex 164.98524619570736 6.376130983233452 49
      vertex 164.99036945334439 6.5 49
    endloop
  endfacet
  facet normal -0.19509032201612186 0 0.9807852804032318
    outer loop
      vertex 163.19603428065912 6.5 43.50963054665561
      vertex 163.58056935450892 6.5 43.58611932853558
      vertex 163.19603428065912 35.5 43.50963054665561
    endloop
  endfacet
  facet normal 0 0 1
    outer loop
      vertex 162.5 7 43.50963054665561
      vertex 163.19603428065912 6.5 43.50963054665561
      vertex 163.19603428065912 35.5 43.50963054665561
    endloop
  endfacet
  facet normal -0.3826834323650905 1.2044515946931163e-19 0.9238795325112864
    outer loop
      vertex 163.58056935450892 6.5 43.58611932853558
      vertex 163.942793473652 6.5 43.73615747130329
      vertex 163.942793473652 35.5 43.73615747130329
    endloop
  endfacet
  facet normal -0.5555702330195897 1.6112443788771184e-19 0.8314696123025536
    outer loop
      vertex 163.942793473652 6.5 43.73615747130329
      vertex 164.2687865683273 6.5 43.953979093274526
      vertex 164.2687865683273 35.5 43.953979093274526
    endloop
  endfacet
  facet normal -0.7071067811865748 0 0.7071067811865204
    outer loop
      vertex 164.2687865683273 6.5 43.953979093274526
      vertex 164.54602090672546 6.5 44.23121343167271
      vertex 164.2687865683273 35.5 43.953979093274526
    endloop
  endfacet
  facet normal -0.8314696123025089 -3.4599877277802075e-19 0.5555702330196566
    outer loop
      vertex 164.54602090672546 6.5 44.23121343167271
      vertex 164.76384252869673 6.5 44.557206526348004
      vertex 164.76384252869673 35.5 44.557206526348004
    endloop
  endfacet
  facet normal -0.9238795325112955 -4.948151430199429e-20 0.38268343236506863
    outer loop
      vertex 164.76384252869673 6.5 44.557206526348004
      vertex 164.91388067146443 6.5 44.919430645491076
      vertex 164.91388067146443 35.5 44.919430645491076
    endloop
  endfacet
  facet normal -0.9807852804032386 0 0.19509032201608698
    outer loop
      vertex 164.91388067146443 6.5 44.919430645491076
      vertex 164.99036945334439 6.5 45.30396571934088
      vertex 164.91388067146443 35.5 44.919430645491076
    endloop
  endfacet
  facet normal -1 0 0
    outer loop
      vertex 164.99036945334439 6.5 45.30396571934088
      vertex 164.99036945334439 6.5 49
      vertex 164.99036945334439 35.5 45.30396571934088
    endloop
  endfacet
  facet normal 0 0 1
    outer loop
      vertex 5.233417583588491 36.624833171107824 43.50963054665561
      vertex 161 36.5 43.50963054665561
      vertex 161.94324730573453 37.13521245978096 43.50963054665561
    endloop
  endfacet
  facet normal 0 0 1
    outer loop
      vertex 6.5 37.19603428065912 43.50963054665561
      vertex 161.94324730573453 37.13521245978096 43.50963054665561
      vertex 161.5 37.19603428065912 43.50963054665561
    endloop
  endfacet
  facet normal 0 -0.19509032201612186 0.9807852804032318
    outer loop
      vertex 6.5 37.580569354508924 43.58611932853558
      vertex 161.5 37.19603428065912 43.50963054665561
      vertex 161.5 37.580569354508924 43.58611932853558
    endloop
  endfacet
  facet normal 0 -0.3826834323650841 0.9238795325112891
    outer loop
      vertex 6.5 37.580569354508924 43.58611932853558
      vertex 161.5 37.580569354508924 43.58611932853558
      vertex 161.5 37.942793473651996 43.73615747130329
    endloop
  endfacet
  facet normal 0 -0.5555702330196148 0.8314696123025368
    outer loop
      vertex 6.5 38.268786568327286 43.953979093274526
      vertex 161.5 37.942793473651996 43.73615747130329
      vertex 161.5 38.268786568327286 43.953979093274526
    endloop
  endfacet
  facet normal 0 -0.7071067811865385 0.7071067811865566
    outer loop
      vertex 6.5 38.268786568327286 43.953979093274526
      vertex 161.5 38.268786568327286 43.953979093274526
      vertex 161.5 38.546020906725474 44.23121343167271
    endloop
  endfacet
  facet normal 0 -0.8314696123025423 0.5555702330196065
    outer loop
      vertex 6.5 38.546020906725474 44.23121343167271
      vertex 161.5 38.546020906725474 44.23121343167271
      vertex 161.5 38.76384252869671 44.557206526348004
    endloop
  endfacet
  facet normal 0 -0.9238795325112891 0.3826834323650841
    outer loop
      vertex 6.5 38.76384252869671 44.557206526348004
      vertex 161.5 38.76384252869671 44.557206526348004
      vertex 161.5 38.91388067146442 44.919430645491076
    endloop
  endfacet
  facet normal 0 -0.9807852804032318 0.19509032201612186
    outer loop
      vertex 6.5 38.91388067146442 44.919430645491076
      vertex 161.5 38.91388067146442 44.919430645491076
      vertex 161.5 38.99036945334439 45.30396571934088
    endloop
  endfacet
  facet normal 0 -1 0
    outer loop
      vertex 6.5 38.99036945334439 45.30396571934088
      vertex 161.5 38.99036945334439 45.30396571934088
      vertex 161.5 38.99036945334439 49
    endloop
  endfacet
  facet normal 0 0 1
    outer loop
      vertex 162.5 7 43.50963054665561
      vertex 163.19603428065912 35.5 43.50963054665561
      vertex 162.5 35 43.50963054665561
    endloop
  endfacet
  facet normal -0.19509032201612186 0 0.9807852804032318
    outer loop
      vertex 163.58056935450892 6.5 43.58611932853558
      vertex 163.58056935450892 35.5 43.58611932853558
      vertex 163.19603428065912 35.5 43.50963054665561
    endloop
  endfacet
  facet normal -0.3826834323650905 0 0.9238795325112864
    outer loop
      vertex 163.58056935450892 6.5 43.58611932853558
      vertex 163.942793473652 35.5 43.73615747130329
      vertex 163.58056935450892 35.5 43.58611932853558
    endloop
  endfacet
  facet normal -0.5555702330195897 0 0.8314696123025536
    outer loop
      vertex 163.942793473652 6.5 43.73615747130329
      vertex 164.2687865683273 35.5 43.953979093274526
      vertex 163.942793473652 35.5 43.73615747130329
    endloop
  endfacet
  facet normal -0.7071067811865748 0 0.7071067811865204
    outer loop
      vertex 164.54602090672546 6.5 44.23121343167271
      vertex 164.54602090672546 35.5 44.23121343167271
      vertex 164.2687865683273 35.5 43.953979093274526
    endloop
  endfacet
  facet normal -0.8314696123025089 0 0.5555702330196566
    outer loop
      vertex 164.54602090672546 6.5 44.23121343167271
      vertex 164.76384252869673 35.5 44.557206526348004
      vertex 164.54602090672546 35.5 44.23121343167271
    endloop
  endfacet
  facet normal -0.9238795325112955 0 0.38268343236506863
    outer loop
      vertex 164.76384252869673 6.5 44.557206526348004
      vertex 164.91388067146443 35.5 44.919430645491076
      vertex 164.76384252869673 35.5 44.557206526348004
    endloop
  endfacet
  facet normal -0.9807852804032386 0 0.19509032201608698
    outer loop
      vertex 164.99036945334439 6.5 45.30396571934088
      vertex 164.99036945334439 35.5 45.30396571934088
      vertex 164.91388067146443 35.5 44.919430645491076
    endloop
  endfacet
  facet normal -1 0 0
    outer loop
      vertex 164.99036945334439 6.5 49
      vertex 164.99036945334439 35.5 49
      vertex 164.99036945334439 35.5 45.30396571934088
    endloop
  endfacet
  facet normal 0 0 1
    outer loop
      vertex 162.5 35 43.50963054665561
      vertex 163.19603428065912 35.5 43.50963054665561
      vertex 162.4795419573784 35.246891885995865 43.50963054665561
    endloop
  endfacet
  facet normal 0 0 1
    outer loop
      vertex 162.4795419573784 35.246891885995865 43.50963054665561
      vertex 163.19603428065912 35.5 43.50963054665561
      vertex 162.4187258630991 35.48704920709133 43.50963054665561
    endloop
  endfacet
  facet normal 0 0 1
    outer loop
      vertex 162.4187258630991 35.48704920709133 43.50963054665561
      vertex 163.19603428065912 35.5 43.50963054665561
      vertex 162.31921062618494 35.71392109245062 43.50963054665561
    endloop
  endfacet
  facet normal 0 0 1
    outer loop
      vertex 162.31921062618494 35.71392109245062 43.50963054665561
      vertex 163.19603428065912 35.5 43.50963054665561
      vertex 162.18371076136827 35.92131906747818 43.50963054665561
    endloop
  endfacet
  facet normal 0 0 1
    outer loop
      vertex 161 36.5 43.50963054665561
      vertex 161.12386901676655 36.494876742362976 43.50963054665561
      vertex 161.94324730573453 37.13521245978096 43.50963054665561
    endloop
  endfacet
  facet normal 0 0 1
    outer loop
      vertex 162.18371076136827 35.92131906747818 43.50963054665561
      vertex 161.94324730573453 37.13521245978096 43.50963054665561
      vertex 162.0159223601222 36.10358586907387 43.50963054665561
    endloop
  endfacet
  facet normal 0 0 1
    outer loop
      vertex 162.18371076136827 35.92131906747818 43.50963054665561
      vertex 163.19603428065912 35.5 43.50963054665561
      vertex 161.94324730573453 37.13521245978096 43.50963054665561
    endloop
  endfacet
  facet normal 0 0 1
    outer loop
      vertex 163.1718094943033 35.78513627693585 43.50963054665561
      vertex 163.110993400024 36.02529359803132 43.50963054665561
      vertex 161.94324730573453 37.13521245978096 43.50963054665561
    endloop
  endfacet
  facet normal 0 0 1
    outer loop
      vertex 163.110993400024 36.02529359803132 43.50963054665561
      vertex 163.09983792267064 36.06206827847519 43.50963054665561
      vertex 161.94324730573453 37.13521245978096 43.50963054665561
    endloop
  endfacet
  facet normal 0 0 1
    outer loop
      vertex 162.0159223601222 36.10358586907387 43.50963054665561
      vertex 161.94324730573453 37.13521245978096 43.50963054665561
      vertex 161.8204222396016 36.255749717354774 43.50963054665561
    endloop
  endfacet
  facet normal 0 0 1
    outer loop
      vertex 161.36822823435068 36.45410040020943 43.50963054665561
      vertex 161.6025431379676 36.3736599907279 43.50963054665561
      vertex 161.94324730573453 37.13521245978096 43.50963054665561
    endloop
  endfacet
  facet normal 0 0 1
    outer loop
      vertex 161.12386901676655 36.494876742362976 43.50963054665561
      vertex 161.36822823435068 36.45410040020943 43.50963054665561
      vertex 161.94324730573453 37.13521245978096 43.50963054665561
    endloop
  endfacet
  facet normal 0 0 1
    outer loop
      vertex 161.8204222396016 36.255749717354774 43.50963054665561
      vertex 161.94324730573453 37.13521245978096 43.50963054665561
      vertex 161.6025431379676 36.3736599907279 43.50963054665561
    endloop
  endfacet
  facet normal 0 0 1
    outer loop
      vertex 163.09983792267064 36.06206827847519 43.50963054665561
      vertex 163.0003226857565 36.288940163834475 43.50963054665561
      vertex 161.94324730573453 37.13521245978096 43.50963054665561
    endloop
  endfacet
  facet normal 0 0 1
    outer loop
      vertex 163.0003226857565 36.288940163834475 43.50963054665561
      vertex 162.98220717352257 36.32283190343624 43.50963054665561
      vertex 161.94324730573453 37.13521245978096 43.50963054665561
    endloop
  endfacet
  facet normal 0 0 1
    outer loop
      vertex 162.98220717352257 36.32283190343624 43.50963054665561
      vertex 162.8467073087059 36.5302298784638 43.50963054665561
      vertex 161.94324730573453 37.13521245978096 43.50963054665561
    endloop
  endfacet
  facet normal 0 0 1
    outer loop
      vertex 162.8467073087059 36.5302298784638 43.50963054665561
      vertex 162.82232793056738 36.559936236677274 43.50963054665561
      vertex 161.94324730573453 37.13521245978096 43.50963054665561
    endloop
  endfacet
  facet normal -0.19506483572762345 -0.016163531284946357 0.9806571521785562
    outer loop
      vertex 163.19603428065912 35.5 43.50963054665561
      vertex 163.5601113118873 35.746891885995865 43.58611932853558
      vertex 163.1755762380375 35.746891885995865 43.50963054665561
    endloop
  endfacet
  facet normal -0.1950543177805496 -0.01921117348907352 0.9806042748878556
    outer loop
      vertex 163.1755762380375 35.746891885995865 43.50963054665561
      vertex 163.5601113118873 35.746891885995865 43.58611932853558
      vertex 163.1718094943033 35.78513627693585 43.50963054665561
    endloop
  endfacet
  facet normal -0.19506483572762345 -0.01616353128494636 0.9806571521785562
    outer loop
      vertex 163.19603428065912 35.5 43.50963054665561
      vertex 163.58056935450892 35.5 43.58611932853558
      vertex 163.5601113118873 35.746891885995865 43.58611932853558
    endloop
  endfacet
  facet normal -0.38249117803088767 -0.03169411903102297 0.9234153894902288
    outer loop
      vertex 163.58056935450892 35.5 43.58611932853558
      vertex 163.942793473652 35.5 43.73615747130329
      vertex 163.5601113118873 35.746891885995865 43.58611932853558
    endloop
  endfacet
  facet normal -0.18936371806617677 -0.047953406868705896 0.9807353634135142
    outer loop
      vertex 163.1718094943033 35.78513627693585 43.50963054665561
      vertex 163.54895583453396 35.86015534831971 43.58611932853558
      vertex 163.110993400024 36.02529359803132 43.50963054665561
    endloop
  endfacet
  facet normal -0.18936371806617677 -0.04795340686870588 0.9807353634135142
    outer loop
      vertex 163.110993400024 36.02529359803132 43.50963054665561
      vertex 163.54895583453396 35.86015534831971 43.58611932853558
      vertex 163.48813974025467 36.100312669415175 43.58611932853558
    endloop
  endfacet
  facet normal -0.19505431778054852 -0.019211173489061435 0.9806042748878561
    outer loop
      vertex 163.5601113118873 35.746891885995865 43.58611932853558
      vertex 163.54895583453396 35.86015534831971 43.58611932853558
      vertex 163.1718094943033 35.78513627693585 43.50963054665561
    endloop
  endfacet
  facet normal -0.3824118989919395 -0.037664284592156885 0.9232239929592058
    outer loop
      vertex 163.5601113118873 35.746891885995865 43.58611932853558
      vertex 163.9042199187965 35.930821768365334 43.73615747130329
      vertex 163.54895583453396 35.86015534831971 43.58611932853558
    endloop
  endfacet
  facet normal -0.37139647101856466 -0.09405036121085676 0.9236986472172967
    outer loop
      vertex 163.54895583453396 35.86015534831971 43.58611932853558
      vertex 163.84340382451722 36.1709790894608 43.73615747130329
      vertex 163.48813974025467 36.100312669415175 43.58611932853558
    endloop
  endfacet
  facet normal -0.38249117803088767 -0.031694119031022996 0.9234153894902288
    outer loop
      vertex 163.5601113118873 35.746891885995865 43.58611932853558
      vertex 163.942793473652 35.5 43.73615747130329
      vertex 163.92233543103038 35.746891885995865 43.73615747130329
    endloop
  endfacet
  facet normal -0.5549824570818808 -0.04598715229312371 0.8305899434470221
    outer loop
      vertex 163.942793473652 35.5 43.73615747130329
      vertex 164.2483285257057 35.746891885995865 43.953979093274526
      vertex 163.92233543103038 35.746891885995865 43.73615747130329
    endloop
  endfacet
  facet normal -0.3824118989919458 -0.03766428459214324 0.9232239929592037
    outer loop
      vertex 163.5601113118873 35.746891885995865 43.58611932853558
      vertex 163.92233543103038 35.746891885995865 43.73615747130329
      vertex 163.9042199187965 35.930821768365334 43.73615747130329
    endloop
  endfacet
  facet normal -0.5547403638365216 -0.054637156933048006 0.8302276253009153
    outer loop
      vertex 163.92233543103038 35.746891885995865 43.73615747130329
      vertex 164.2483285257057 35.746891885995865 43.953979093274526
      vertex 163.9042199187965 35.930821768365334 43.73615747130329
    endloop
  endfacet
  facet normal -0.37139647101856466 -0.09405036121085675 0.9236986472172967
    outer loop
      vertex 163.54895583453396 35.86015534831971 43.58611932853558
      vertex 163.9042199187965 35.930821768365334 43.73615747130329
      vertex 163.84340382451722 36.1709790894608 43.73615747130329
    endloop
  endfacet
  facet normal -0.5390672238872134 -0.136510363128873 0.8311266142345317
    outer loop
      vertex 163.9042199187965 35.930821768365334 43.73615747130329
      vertex 164.2239491475671 35.99441986618058 43.953979093274526
      vertex 163.84340382451722 36.1709790894608 43.73615747130329
    endloop
  endfacet
  facet normal -0.5549824570818808 -0.04598715229312369 0.8305899434470221
    outer loop
      vertex 163.942793473652 35.5 43.73615747130329
      vertex 164.2687865683273 35.5 43.953979093274526
      vertex 164.2483285257057 35.746891885995865 43.953979093274526
    endloop
  endfacet
  facet normal -0.7058961187635335 -0.058492213406872016 0.7058961187634794
    outer loop
      vertex 164.2687865683273 35.5 43.953979093274526
      vertex 164.54602090672546 35.5 44.23121343167271
      vertex 164.2483285257057 35.746891885995865 43.953979093274526
    endloop
  endfacet
  facet normal -0.82950317152071 -0.06873458465142793 0.5542562992965251
    outer loop
      vertex 164.54602090672546 35.5 44.23121343167271
      vertex 164.76384252869673 35.5 44.557206526348004
      vertex 164.52556286410385 35.746891885995865 44.23121343167271
    endloop
  endfacet
  facet normal -0.7058961187635335 -0.058492213406871975 0.7058961187634794
    outer loop
      vertex 164.2483285257057 35.746891885995865 43.953979093274526
      vertex 164.54602090672546 35.5 44.23121343167271
      vertex 164.52556286410385 35.746891885995865 44.23121343167271
    endloop
  endfacet
  facet normal -0.5547403638365641 -0.05463715693317041 0.8302276253008789
    outer loop
      vertex 163.9042199187965 35.930821768365334 43.73615747130329
      vertex 164.2483285257057 35.746891885995865 43.953979093274526
      vertex 164.2239491475671 35.99441986618058 43.953979093274526
    endloop
  endfacet
  facet normal -0.7053981618131391 -0.06947565488259527 0.7053981618130849
    outer loop
      vertex 164.2483285257057 35.746891885995865 43.953979093274526
      vertex 164.52556286410385 35.746891885995865 44.23121343167271
      vertex 164.2239491475671 35.99441986618058 43.953979093274526
    endloop
  endfacet
  facet normal -0.8286954742331214 -0.08161938021287553 0.553716613223053
    outer loop
      vertex 164.52556286410385 35.746891885995865 44.23121343167271
      vertex 164.74338448607512 35.746891885995865 44.557206526348004
      vertex 164.4958565058904 36.0485056025326 44.23121343167271
    endloop
  endfacet
  facet normal -0.7053981618130919 -0.06947565488247129 0.7053981618131442
    outer loop
      vertex 164.2239491475671 35.99441986618058 43.953979093274526
      vertex 164.52556286410385 35.746891885995865 44.23121343167271
      vertex 164.4958565058904 36.0485056025326 44.23121343167271
    endloop
  endfacet
  facet normal 0 0 1
    outer loop
      vertex 163.19603428065912 35.5 43.50963054665561
      vertex 163.1755762380375 35.746891885995865 43.50963054665561
      vertex 161.94324730573453 37.13521245978096 43.50963054665561
    endloop
  endfacet
  facet normal 0 0 1
    outer loop
      vertex 163.1755762380375 35.746891885995865 43.50963054665561
      vertex 163.1718094943033 35.78513627693585 43.50963054665561
      vertex 161.94324730573453 37.13521245978096 43.50963054665561
    endloop
  endfacet
  facet normal -0.18755848973598369 -0.05689524584375078 0.9806042748878551
    outer loop
      vertex 163.110993400024 36.02529359803132 43.50963054665561
      vertex 163.4551020069332 36.209223480400794 43.58611932853558
      vertex 163.09983792267064 36.06206827847519 43.50963054665561
    endloop
  endfacet
  facet normal -0.18755848973596329 -0.05689524584378958 0.9806042748878567
    outer loop
      vertex 163.110993400024 36.02529359803132 43.50963054665561
      vertex 163.48813974025467 36.100312669415175 43.58611932853558
      vertex 163.4551020069332 36.209223480400794 43.58611932853558
    endloop
  endfacet
  facet normal -0.17869522635215707 -0.07838299469192476 0.9807773051116533
    outer loop
      vertex 163.09983792267064 36.06206827847519 43.50963054665561
      vertex 163.4551020069332 36.209223480400794 43.58611932853558
      vertex 163.0003226857565 36.288940163834475 43.50963054665561
    endloop
  endfacet
  facet normal -0.17869522635215707 -0.07838299469192476 0.9807773051116533
    outer loop
      vertex 163.0003226857565 36.288940163834475 43.50963054665561
      vertex 163.4551020069332 36.209223480400794 43.58611932853558
      vertex 163.35558677001904 36.43609536576008 43.58611932853558
    endloop
  endfacet
  facet normal -0.1728548941147805 -0.09239286580810896 0.9806042748878534
    outer loop
      vertex 163.0003226857565 36.288940163834475 43.50963054665561
      vertex 163.35558677001904 36.43609536576008 43.58611932853558
      vertex 162.98220717352257 36.32283190343624 43.50963054665561
    endloop
  endfacet
  facet normal -0.3677160241727439 -0.11154543644204652 0.9232239929592078
    outer loop
      vertex 163.48813974025467 36.100312669415175 43.58611932853558
      vertex 163.84340382451722 36.1709790894608 43.73615747130329
      vertex 163.4551020069332 36.209223480400794 43.58611932853558
    endloop
  endfacet
  facet normal -0.3505151787360716 -0.15375021457016616 0.9238506269929395
    outer loop
      vertex 163.4551020069332 36.209223480400794 43.58611932853558
      vertex 163.69023821987724 36.57471253495917 43.73615747130329
      vertex 163.35558677001904 36.43609536576008 43.58611932853558
    endloop
  endfacet
  facet normal -0.1633314654901896 -0.10670977617446617 0.9807832869954617
    outer loop
      vertex 162.98220717352257 36.32283190343624 43.50963054665561
      vertex 163.30193640229322 36.53646814401918 43.58611932853558
      vertex 162.8467073087059 36.5302298784638 43.50963054665561
    endloop
  endfacet
  facet normal -0.17285489411481778 -0.09239286580798918 0.9806042748878582
    outer loop
      vertex 162.98220717352257 36.32283190343624 43.50963054665561
      vertex 163.35558677001904 36.43609536576008 43.58611932853558
      vertex 163.30193640229322 36.53646814401918 43.58611932853558
    endloop
  endfacet
  facet normal -0.15150858185109822 -0.12433987975353276 0.9806042748878603
    outer loop
      vertex 162.8467073087059 36.5302298784638 43.50963054665561
      vertex 163.16643653747656 36.74386611904674 43.58611932853558
      vertex 162.82232793056738 36.559936236677274 43.50963054665561
    endloop
  endfacet
  facet normal -0.1515085818510099 -0.12433987975369507 0.9806042748878533
    outer loop
      vertex 162.82232793056738 36.559936236677274 43.50963054665561
      vertex 163.16643653747656 36.74386611904674 43.58611932853558
      vertex 163.09423528889062 36.831843595000535 43.58611932853558
    endloop
  endfacet
  facet normal -0.1633314654901896 -0.10670977617446621 0.9807832869954617
    outer loop
      vertex 162.8467073087059 36.5302298784638 43.50963054665561
      vertex 163.30193640229322 36.53646814401918 43.58611932853558
      vertex 163.16643653747656 36.74386611904674 43.58611932853558
    endloop
  endfacet
  facet normal -0.3203843399947705 -0.20931754397746175 0.9238723074480362
    outer loop
      vertex 163.30193640229322 36.53646814401918 43.58611932853558
      vertex 163.46761488538706 36.94510705732438 43.73615747130329
      vertex 163.16643653747656 36.74386611904674 43.58611932853558
    endloop
  endfacet
  facet normal -0.33888902876209626 -0.18113995972493582 0.9232239929592017
    outer loop
      vertex 163.35558677001904 36.43609536576008 43.58611932853558
      vertex 163.60311475020373 36.73770908229682 43.73615747130329
      vertex 163.30193640229322 36.53646814401918 43.58611932853558
    endloop
  endfacet
  facet normal -0.36771602417274657 -0.11154543644210457 0.9232239929591997
    outer loop
      vertex 163.4551020069332 36.209223480400794 43.58611932853558
      vertex 163.84340382451722 36.1709790894608 43.73615747130329
      vertex 163.7897534567914 36.34784064959988 43.73615747130329
    endloop
  endfacet
  facet normal -0.5334220027563016 -0.1618117954993463 0.8302276253008773
    outer loop
      vertex 163.84340382451722 36.1709790894608 43.73615747130329
      vertex 164.16313305328782 36.234577187276045 43.953979093274526
      vertex 163.7897534567914 36.34784064959988 43.73615747130329
    endloop
  endfacet
  facet normal -0.3505151787360716 -0.15375021457016616 0.9238506269929395
    outer loop
      vertex 163.4551020069332 36.209223480400794 43.58611932853558
      vertex 163.7897534567914 36.34784064959988 43.73615747130329
      vertex 163.69023821987724 36.57471253495917 43.73615747130329
    endloop
  endfacet
  facet normal -0.5334220027562953 -0.16181179549930075 0.8302276253008903
    outer loop
      vertex 163.7897534567914 36.34784064959988 43.73615747130329
      vertex 164.16313305328782 36.234577187276045 43.953979093274526
      vertex 164.0909318047019 36.47259280599754 43.953979093274526
    endloop
  endfacet
  facet normal -0.33888902876211335 -0.1811399597249201 0.9232239929591982
    outer loop
      vertex 163.35558677001904 36.43609536576008 43.58611932853558
      vertex 163.69023821987724 36.57471253495917 43.73615747130329
      vertex 163.60311475020373 36.73770908229682 43.73615747130329
    endloop
  endfacet
  facet normal -0.5088515334341213 -0.22320298005914269 0.8314147861413467
    outer loop
      vertex 163.7897534567914 36.34784064959988 43.73615747130329
      vertex 164.0909318047019 36.47259280599754 43.953979093274526
      vertex 163.69023821987724 36.57471253495917 43.73615747130329
    endloop
  endfacet
  facet normal -0.5088515334341212 -0.2232029800591426 0.8314147861413467
    outer loop
      vertex 163.69023821987724 36.57471253495917 43.73615747130329
      vertex 164.0909318047019 36.47259280599754 43.953979093274526
      vertex 163.99141656778775 36.69946469135683 43.953979093274526
    endloop
  endfacet
  facet normal -0.3203843399947705 -0.20931754397746175 0.9238723074480362
    outer loop
      vertex 163.30193640229322 36.53646814401918 43.58611932853558
      vertex 163.60311475020373 36.73770908229682 43.73615747130329
      vertex 163.46761488538706 36.94510705732438 43.73615747130329
    endloop
  endfacet
  facet normal -0.4916045332565953 -0.26276809750957403 0.8302276253008956
    outer loop
      vertex 163.69023821987724 36.57471253495917 43.73615747130329
      vertex 163.8741681022467 36.91882114186835 43.953979093274526
      vertex 163.60311475020373 36.73770908229682 43.73615747130329
    endloop
  endfacet
  facet normal -0.491604533256608 -0.26276809750956437 0.830227625300891
    outer loop
      vertex 163.69023821987724 36.57471253495917 43.73615747130329
      vertex 163.99141656778775 36.69946469135683 43.953979093274526
      vertex 163.8741681022467 36.91882114186835 43.953979093274526
    endloop
  endfacet
  facet normal -0.5390672238872134 -0.136510363128873 0.8311266142345317
    outer loop
      vertex 164.2239491475671 35.99441986618058 43.953979093274526
      vertex 164.16313305328782 36.234577187276045 43.953979093274526
      vertex 163.84340382451722 36.1709790894608 43.73615747130329
    endloop
  endfacet
  facet normal -0.6859270830504172 -0.17370033093819132 0.7066344399828731
    outer loop
      vertex 164.2239491475671 35.99441986618058 43.953979093274526
      vertex 164.4350404116111 36.28866292362807 44.23121343167271
      vertex 164.16313305328782 36.234577187276045 43.953979093274526
    endloop
  endfacet
  facet normal -0.6859270830504172 -0.1737003309381913 0.7066344399828731
    outer loop
      vertex 164.2239491475671 35.99441986618058 43.953979093274526
      vertex 164.4958565058904 36.0485056025326 44.23121343167271
      vertex 164.4350404116111 36.28866292362807 44.23121343167271
    endloop
  endfacet
  facet normal -0.8063588882742949 -0.2041978064567863 0.5550572935646194
    outer loop
      vertex 164.4958565058904 36.0485056025326 44.23121343167271
      vertex 164.70949274647333 36.091000492905046 44.557206526348004
      vertex 164.4350404116111 36.28866292362807 44.23121343167271
    endloop
  endfacet
  facet normal -0.6782901060464497 -0.2057570541928882 0.705398161813143
    outer loop
      vertex 164.16313305328782 36.234577187276045 43.953979093274526
      vertex 164.4350404116111 36.28866292362807 44.23121343167271
      vertex 164.3470629356573 36.578685794185226 44.23121343167271
    endloop
  endfacet
  facet normal -0.6782901060464754 -0.2057570541928607 0.7053981618131261
    outer loop
      vertex 164.16313305328782 36.234577187276045 43.953979093274526
      vertex 164.3470629356573 36.578685794185226 44.23121343167271
      vertex 164.0909318047019 36.47259280599754 43.953979093274526
    endloop
  endfacet
  facet normal -0.6476186844760855 -0.2840718968487853 0.7070312559839185
    outer loop
      vertex 163.99141656778775 36.69946469135683 43.953979093274526
      vertex 164.0909318047019 36.47259280599754 43.953979093274526
      vertex 164.3470629356573 36.578685794185226 44.23121343167271
    endloop
  endfacet
  facet normal -0.7968491718961415 -0.24172155362998116 0.553716613222993
    outer loop
      vertex 164.4350404116111 36.28866292362807 44.23121343167271
      vertex 164.54830387393494 36.66204252012451 44.557206526348004
      vertex 164.3470629356573 36.578685794185226 44.23121343167271
    endloop
  endfacet
  facet normal -0.6476186844760855 -0.28407189684878525 0.7070312559839185
    outer loop
      vertex 163.99141656778775 36.69946469135683 43.953979093274526
      vertex 164.3470629356573 36.578685794185226 44.23121343167271
      vertex 164.24754769874315 36.80555767954451 44.23121343167271
    endloop
  endfacet
  facet normal -0.7614878880304298 -0.33401956114835896 0.5554881899313551
    outer loop
      vertex 164.3470629356573 36.578685794185226 44.23121343167271
      vertex 164.54830387393494 36.66204252012451 44.557206526348004
      vertex 164.24754769874315 36.80555767954451 44.23121343167271
    endloop
  endfacet
  facet normal -0.82950317152071 -0.068734584651428 0.5542562992965251
    outer loop
      vertex 164.52556286410385 35.746891885995865 44.23121343167271
      vertex 164.76384252869673 35.5 44.557206526348004
      vertex 164.74338448607512 35.746891885995865 44.557206526348004
    endloop
  endfacet
  facet normal -0.9211841106843284 -0.07633148300000382 0.38156695208802244
    outer loop
      vertex 164.76384252869673 35.5 44.557206526348004
      vertex 164.91388067146443 35.5 44.919430645491076
      vertex 164.74338448607512 35.746891885995865 44.557206526348004
    endloop
  endfacet
  facet normal -0.9211841106843284 -0.07633148300000384 0.38156695208802244
    outer loop
      vertex 164.74338448607512 35.746891885995865 44.557206526348004
      vertex 164.91388067146443 35.5 44.919430645491076
      vertex 164.8934226288428 35.746891885995865 44.919430645491076
    endloop
  endfacet
  facet normal -0.9775622715635128 -0.08100311007086593 0.19444922569769169
    outer loop
      vertex 164.91388067146443 35.5 44.919430645491076
      vertex 164.96991141072277 35.746891885995865 45.30396571934088
      vertex 164.8934226288428 35.746891885995865 44.919430645491076
    endloop
  endfacet
  facet normal -0.8286954742331661 -0.08161938021300537 0.5537166132229668
    outer loop
      vertex 164.74338448607512 35.746891885995865 44.557206526348004
      vertex 164.70949274647333 36.091000492905046 44.557206526348004
      vertex 164.4958565058904 36.0485056025326 44.23121343167271
    endloop
  endfacet
  facet normal -0.9200782869650572 -0.09061980168169978 0.38110890490595367
    outer loop
      vertex 164.74338448607512 35.746891885995865 44.557206526348004
      vertex 164.85664794839894 36.1202714824923 44.919430645491076
      vertex 164.70949274647333 36.091000492905046 44.557206526348004
    endloop
  endfacet
  facet normal -0.9200782869650777 -0.09061980168165606 0.381108904905915
    outer loop
      vertex 164.74338448607512 35.746891885995865 44.557206526348004
      vertex 164.8934226288428 35.746891885995865 44.919430645491076
      vertex 164.85664794839894 36.1202714824923 44.919430645491076
    endloop
  endfacet
  facet normal -0.9762410328686815 -0.09615134934209443 0.19418641498102923
    outer loop
      vertex 164.8934226288428 35.746891885995865 44.919430645491076
      vertex 164.96991141072277 35.746891885995865 45.30396571934088
      vertex 164.85664794839894 36.1202714824923 44.919430645491076
    endloop
  endfacet
  facet normal -0.9775622715635128 -0.08100311007086593 0.19444922569769169
    outer loop
      vertex 164.91388067146443 35.5 44.919430645491076
      vertex 164.99036945334439 35.5 45.30396571934088
      vertex 164.96991141072277 35.746891885995865 45.30396571934088
    endloop
  endfacet
  facet normal -0.9762410328686787 -0.0961513493420629 0.194186414981059
    outer loop
      vertex 164.96991141072277 35.746891885995865 45.30396571934088
      vertex 164.9316670197828 36.13519370357989 45.30396571934088
      vertex 164.85664794839894 36.1202714824923 44.919430645491076
    endloop
  endfacet
  facet normal -0.8063588882742949 -0.2041978064567863 0.5550572935646194
    outer loop
      vertex 164.70949274647333 36.091000492905046 44.557206526348004
      vertex 164.64867665219404 36.33115781400051 44.557206526348004
      vertex 164.4350404116111 36.28866292362807 44.23121343167271
    endloop
  endfacet
  facet normal -0.8957840487359957 -0.2268433330006866 0.38224735486761274
    outer loop
      vertex 164.70949274647333 36.091000492905046 44.557206526348004
      vertex 164.85664794839894 36.1202714824923 44.919430645491076
      vertex 164.64867665219404 36.33115781400051 44.557206526348004
    endloop
  endfacet
  facet normal -0.8957840487359957 -0.22684333300068657 0.38224735486761274
    outer loop
      vertex 164.64867665219404 36.33115781400051 44.557206526348004
      vertex 164.85664794839894 36.1202714824923 44.919430645491076
      vertex 164.79583185411965 36.360428803587766 44.919430645491076
    endloop
  endfacet
  facet normal -0.9508217784958347 -0.2407807792826671 0.19483983644534658
    outer loop
      vertex 164.85664794839894 36.1202714824923 44.919430645491076
      vertex 164.8708509255035 36.37535102467535 45.30396571934088
      vertex 164.79583185411965 36.360428803587766 44.919430645491076
    endloop
  endfacet
  facet normal -0.7968491718961694 -0.24172155362994976 0.5537166132229667
    outer loop
      vertex 164.4350404116111 36.28866292362807 44.23121343167271
      vertex 164.64867665219404 36.33115781400051 44.557206526348004
      vertex 164.54830387393494 36.66204252012451 44.557206526348004
    endloop
  endfacet
  facet normal -0.8847201943828473 -0.2683769368864686 0.3811089049059513
    outer loop
      vertex 164.64867665219404 36.33115781400051 44.557206526348004
      vertex 164.79583185411965 36.360428803587766 44.919430645491076
      vertex 164.54830387393494 36.66204252012451 44.557206526348004
    endloop
  endfacet
  facet normal -0.8847201943828492 -0.268376936886515 0.3811089049059139
    outer loop
      vertex 164.54830387393494 36.66204252012451 44.557206526348004
      vertex 164.79583185411965 36.360428803587766 44.919430645491076
      vertex 164.68692104313402 36.71945963158454 44.919430645491076
    endloop
  endfacet
  facet normal -0.9387246374577898 -0.2847590055933618 0.19418641498112263
    outer loop
      vertex 164.79583185411965 36.360428803587766 44.919430645491076
      vertex 164.75758746317968 36.74873062117179 45.30396571934088
      vertex 164.68692104313402 36.71945963158454 44.919430645491076
    endloop
  endfacet
  facet normal -0.9508217784958347 -0.2407807792826671 0.19483983644534658
    outer loop
      vertex 164.85664794839894 36.1202714824923 44.919430645491076
      vertex 164.9316670197828 36.13519370357989 45.30396571934088
      vertex 164.8708509255035 36.37535102467535 45.30396571934088
    endloop
  endfacet
  facet normal -0.93872463745782 -0.28475900559330397 0.1941864149810612
    outer loop
      vertex 164.79583185411965 36.360428803587766 44.919430645491076
      vertex 164.8708509255035 36.37535102467535 45.30396571934088
      vertex 164.75758746317968 36.74873062117179 45.30396571934088
    endloop
  endfacet
  facet normal -0.996584493778003 -0.08257933616372483 0
    outer loop
      vertex 164.99036945334439 35.5 45.30396571934088
      vertex 164.99036945334439 35.5 49
      vertex 164.96991141072277 35.746891885995865 45.30396571934088
    endloop
  endfacet
  facet normal -0.995184726672199 -0.09801714032953963 0
    outer loop
      vertex 164.96991141072277 35.746891885995865 45.30396571934088
      vertex 164.96991141072277 35.746891885995865 49
      vertex 164.9316670197828 36.13519370357989 45.30396571934088
    endloop
  endfacet
  facet normal -0.969400264940313 -0.24548549108583023 0
    outer loop
      vertex 164.9316670197828 36.13519370357989 45.30396571934088
      vertex 164.9316670197828 36.13519370357989 49
      vertex 164.8708509255035 36.37535102467535 45.30396571934088
    endloop
  endfacet
  facet normal -0.9569403357322175 -0.29028467725443385 0
    outer loop
      vertex 164.8708509255035 36.37535102467535 45.30396571934088
      vertex 164.8708509255035 36.37535102467535 49
      vertex 164.75758746317968 36.74873062117179 45.30396571934088
    endloop
  endfacet
  facet normal -0.996584493778003 -0.08257933616372483 0
    outer loop
      vertex 164.96991141072277 35.746891885995865 45.30396571934088
      vertex 164.99036945334439 35.5 49
      vertex 164.96991141072277 35.746891885995865 49
    endloop
  endfacet
  facet normal -0.995184726672199 -0.09801714032953963 0
    outer loop
      vertex 164.9316670197828 36.13519370357989 45.30396571934088
      vertex 164.96991141072277 35.746891885995865 49
      vertex 164.9316670197828 36.13519370357989 49
    endloop
  endfacet
  facet normal -0.969400264940313 -0.24548549108583023 0
    outer loop
      vertex 164.8708509255035 36.37535102467535 45.30396571934088
      vertex 164.9316670197828 36.13519370357989 49
      vertex 164.8708509255035 36.37535102467535 49
    endloop
  endfacet
  facet normal -0.9569403357322175 -0.29028467725443385 0
    outer loop
      vertex 164.75758746317968 36.74873062117179 45.30396571934088
      vertex 164.8708509255035 36.37535102467535 49
      vertex 164.75758746317968 36.74873062117179 49
    endloop
  endfacet
  facet normal 0 0 1
    outer loop
      vertex 162.6545395293213 36.74220303827296 43.50963054665561
      vertex 162.6248331711078 36.76658241641152 43.50963054665561
      vertex 161.94324730573453 37.13521245978096 43.50963054665561
    endloop
  endfacet
  facet normal 0 0 1
    outer loop
      vertex 162.6545395293213 36.74220303827296 43.50963054665561
      vertex 161.94324730573453 37.13521245978096 43.50963054665561
      vertex 162.82232793056738 36.559936236677274 43.50963054665561
    endloop
  endfacet
  facet normal -0.1243398797535769 -0.15150858185107616 0.9806042748878581
    outer loop
      vertex 162.6545395293213 36.74220303827296 43.50963054665561
      vertex 162.83846941169077 37.08631164518214 43.58611932853558
      vertex 162.6248331711078 36.76658241641152 43.50963054665561
    endloop
  endfacet
  facet normal 0 0 1
    outer loop
      vertex 162.6248331711078 36.76658241641152 43.50963054665561
      vertex 162.42933305058722 36.91874626469242 43.50963054665561
      vertex 161.94324730573453 37.13521245978096 43.50963054665561
    endloop
  endfacet
  facet normal 0 0 1
    outer loop
      vertex 162.2114539489532 37.03665653806555 43.50963054665561
      vertex 161.94324730573453 37.13521245978096 43.50963054665561
      vertex 162.42933305058722 36.91874626469242 43.50963054665561
    endloop
  endfacet
  facet normal 0 0 1
    outer loop
      vertex 162.2114539489532 37.03665653806555 43.50963054665561
      vertex 162.17756220935144 37.054772050299434 43.50963054665561
      vertex 161.94324730573453 37.13521245978096 43.50963054665561
    endloop
  endfacet
  facet normal -0.12012916077534554 -0.1543419522767452 0.9806872827251377
    outer loop
      vertex 162.6248331711078 36.76658241641152 43.50963054665561
      vertex 162.83846941169077 37.08631164518214 43.58611932853558
      vertex 162.42933305058722 36.91874626469242 43.50963054665561
    endloop
  endfacet
  facet normal 0 0 1
    outer loop
      vertex 161.5 37.19603428065912 43.50963054665561
      vertex 161.94324730573453 37.13521245978096 43.50963054665561
      vertex 161.62386901676655 37.190911023022096 43.50963054665561
    endloop
  endfacet
  facet normal 0 0 1
    outer loop
      vertex 161.66211340770656 37.18714427928788 43.50963054665561
      vertex 161.62386901676655 37.190911023022096 43.50963054665561
      vertex 161.94324730573453 37.13521245978096 43.50963054665561
    endloop
  endfacet
  facet normal 0 0 1
    outer loop
      vertex 161.66211340770656 37.18714427928788 43.50963054665561
      vertex 161.94324730573453 37.13521245978096 43.50963054665561
      vertex 161.9064726252907 37.14636793713433 43.50963054665561
    endloop
  endfacet
  facet normal -0.008068728338143833 -0.19508397129581895 0.9807533531762496
    outer loop
      vertex 161.5 37.19603428065912 43.50963054665561
      vertex 161.62386901676655 37.190911023022096 43.50963054665561
      vertex 161.62386901676655 37.5754460968719 43.58611932853558
    endloop
  endfacet
  facet normal -0.019211173489062816 -0.19505431778054966 0.9806042748878558
    outer loop
      vertex 161.66211340770656 37.18714427928788 43.50963054665561
      vertex 161.62386901676655 37.5754460968719 43.58611932853558
      vertex 161.62386901676655 37.190911023022096 43.50963054665561
    endloop
  endfacet
  facet normal -0.03212566215184547 -0.19251853533688956 0.9807673298917763
    outer loop
      vertex 161.66211340770656 37.18714427928788 43.50963054665561
      vertex 161.9064726252907 37.14636793713433 43.50963054665561
      vertex 161.7371324790904 37.56429061951853 43.58611932853558
    endloop
  endfacet
  facet normal -0.05689524584385503 -0.18755848973594347 0.9806042748878567
    outer loop
      vertex 161.9064726252907 37.14636793713433 43.50963054665561
      vertex 161.94324730573453 37.13521245978096 43.50963054665561
      vertex 162.09040250766014 37.49047654404351 43.58611932853558
    endloop
  endfacet
  facet normal -0.05689524584381028 -0.18755848973596695 0.9806042748878548
    outer loop
      vertex 161.9064726252907 37.14636793713433 43.50963054665561
      vertex 162.09040250766014 37.49047654404351 43.58611932853558
      vertex 161.98149169667454 37.52351427736498 43.58611932853558
    endloop
  endfacet
  facet normal -0.09324035397248039 -0.17229308336242574 0.9806229294772557
    outer loop
      vertex 162.2114539489532 37.03665653806555 43.50963054665561
      vertex 162.42933305058722 36.91874626469242 43.50963054665561
      vertex 162.42509018953615 37.356385766836176 43.58611932853558
    endloop
  endfacet
  facet normal -0.0923928658079774 -0.1728548941148371 0.9806042748878558
    outer loop
      vertex 162.2114539489532 37.03665653806555 43.50963054665561
      vertex 162.32471741127705 37.410036134561985 43.58611932853558
      vertex 162.17756220935144 37.054772050299434 43.50963054665561
    endloop
  endfacet
  facet normal -0.06346303601975269 -0.1848615051073276 0.9807133459827132
    outer loop
      vertex 162.17756220935144 37.054772050299434 43.50963054665561
      vertex 162.32471741127705 37.410036134561985 43.58611932853558
      vertex 161.94324730573453 37.13521245978096 43.50963054665561
    endloop
  endfacet
  facet normal -0.12012916077534555 -0.15434195227674524 0.9806872827251377
    outer loop
      vertex 162.42933305058722 36.91874626469242 43.50963054665561
      vertex 162.83846941169077 37.08631164518214 43.58611932853558
      vertex 162.64296929117017 37.23847549346305 43.58611932853558
    endloop
  endfacet
  facet normal -0.09324035397248041 -0.17229308336242574 0.9806229294772557
    outer loop
      vertex 162.42933305058722 36.91874626469242 43.50963054665561
      vertex 162.64296929117017 37.23847549346305 43.58611932853558
      vertex 162.42509018953615 37.356385766836176 43.58611932853558
    endloop
  endfacet
  facet normal -0.09239286580797539 -0.1728548941148378 0.980604274887856
    outer loop
      vertex 162.2114539489532 37.03665653806555 43.50963054665561
      vertex 162.42509018953615 37.356385766836176 43.58611932853558
      vertex 162.32471741127705 37.410036134561985 43.58611932853558
    endloop
  endfacet
  facet normal -0.06346303601975267 -0.18486150510732757 0.9807133459827132
    outer loop
      vertex 161.94324730573453 37.13521245978096 43.50963054665561
      vertex 162.32471741127705 37.410036134561985 43.58611932853558
      vertex 162.09040250766014 37.49047654404351 43.58611932853558
    endloop
  endfacet
  facet normal -0.18281138466811536 -0.3378058511824222 0.9232915057243004
    outer loop
      vertex 162.64296929117017 37.23847549346305 43.58611932853558
      vertex 162.8442102294478 37.539653841373564 43.73615747130329
      vertex 162.42509018953615 37.356385766836176 43.58611932853558
    endloop
  endfacet
  facet normal -0.008068728338143837 -0.19508397129581895 0.9807533531762496
    outer loop
      vertex 161.5 37.19603428065912 43.50963054665561
      vertex 161.62386901676655 37.5754460968719 43.58611932853558
      vertex 161.5 37.580569354508924 43.58611932853558
    endloop
  endfacet
  facet normal -0.01921117348908383 -0.19505431778055154 0.980604274887855
    outer loop
      vertex 161.66211340770656 37.18714427928788 43.50963054665561
      vertex 161.7371324790904 37.56429061951853 43.58611932853558
      vertex 161.62386901676655 37.5754460968719 43.58611932853558
    endloop
  endfacet
  facet normal -0.03212566215184545 -0.1925185353368896 0.9807673298917763
    outer loop
      vertex 161.9064726252907 37.14636793713433 43.50963054665561
      vertex 161.98149169667454 37.52351427736498 43.58611932853558
      vertex 161.7371324790904 37.56429061951853 43.58611932853558
    endloop
  endfacet
  facet normal -0.015825912964608866 -0.38263550600937946 0.9237638280533519
    outer loop
      vertex 161.5 37.580569354508924 43.58611932853558
      vertex 161.62386901676655 37.5754460968719 43.58611932853558
      vertex 161.62386901676655 37.93767021601497 43.73615747130329
    endloop
  endfacet
  facet normal -0.03766428459220006 -0.3824118989919386 0.9232239929592044
    outer loop
      vertex 161.7371324790904 37.56429061951853 43.58611932853558
      vertex 161.62386901676655 37.93767021601497 43.73615747130329
      vertex 161.62386901676655 37.5754460968719 43.58611932853558
    endloop
  endfacet
  facet normal -0.06301346896407319 -0.3776190104384519 0.9238144757929474
    outer loop
      vertex 161.7371324790904 37.56429061951853 43.58611932853558
      vertex 161.98149169667454 37.52351427736498 43.58611932853558
      vertex 161.807798899136 37.91955470378109 43.73615747130329
    endloop
  endfacet
  facet normal -0.18113995972489166 -0.3388890287621034 0.9232239929592074
    outer loop
      vertex 162.42509018953615 37.356385766836176 43.58611932853558
      vertex 162.46333458047616 37.7446875844202 43.73615747130329
      vertex 162.32471741127705 37.410036134561985 43.58611932853558
    endloop
  endfacet
  facet normal -0.12446123120511517 -0.3625431742806549 0.9236188871549854
    outer loop
      vertex 162.09040250766014 37.49047654404351 43.58611932853558
      vertex 162.32471741127705 37.410036134561985 43.58611932853558
      vertex 162.46333458047616 37.7446875844202 43.73615747130329
    endloop
  endfacet
  facet normal -0.11154543644208265 -0.367716024172736 0.9232239929592067
    outer loop
      vertex 162.09040250766014 37.49047654404351 43.58611932853558
      vertex 162.22901967685925 37.825127993901724 43.73615747130329
      vertex 161.98149169667454 37.52351427736498 43.58611932853558
    endloop
  endfacet
  facet normal -0.18281138466811533 -0.3378058511824222 0.9232915057243002
    outer loop
      vertex 162.42509018953615 37.356385766836176 43.58611932853558
      vertex 162.8442102294478 37.539653841373564 43.73615747130329
      vertex 162.62633112781378 37.65756411474669 43.73615747130329
    endloop
  endfacet
  facet normal -0.12446123120511512 -0.3625431742806549 0.9236188871549854
    outer loop
      vertex 162.09040250766014 37.49047654404351 43.58611932853558
      vertex 162.46333458047616 37.7446875844202 43.73615747130329
      vertex 162.22901967685925 37.825127993901724 43.73615747130329
    endloop
  endfacet
  facet normal -0.1811399597249214 -0.3388890287620989 0.9232239929592034
    outer loop
      vertex 162.42509018953615 37.356385766836176 43.58611932853558
      vertex 162.62633112781378 37.65756411474669 43.73615747130329
      vertex 162.46333458047616 37.7446875844202 43.73615747130329
    endloop
  endfacet
  facet normal -0.03766428459218953 -0.3824118989919361 0.923223992959206
    outer loop
      vertex 161.7371324790904 37.56429061951853 43.58611932853558
      vertex 161.807798899136 37.91955470378109 43.73615747130329
      vertex 161.62386901676655 37.93767021601497 43.73615747130329
    endloop
  endfacet
  facet normal -0.01582591296460889 -0.38263550600937946 0.9237638280533519
    outer loop
      vertex 161.5 37.580569354508924 43.58611932853558
      vertex 161.62386901676655 37.93767021601497 43.73615747130329
      vertex 161.5 37.942793473651996 43.73615747130329
    endloop
  endfacet
  facet normal -0.06301346896407316 -0.3776190104384519 0.9238144757929474
    outer loop
      vertex 161.98149169667454 37.52351427736498 43.58611932853558
      vertex 162.05215811672014 37.87877836162754 43.73615747130329
      vertex 161.807798899136 37.91955470378109 43.73615747130329
    endloop
  endfacet
  facet normal -0.11154543644206749 -0.36771602417274707 0.923223992959204
    outer loop
      vertex 161.98149169667454 37.52351427736498 43.58611932853558
      vertex 162.22901967685925 37.825127993901724 43.73615747130329
      vertex 162.05215811672014 37.87877836162754 43.73615747130329
    endloop
  endfacet
  facet normal -0.022972478194322812 -0.5554236168132111 0.8312501856431327
    outer loop
      vertex 161.5 37.942793473651996 43.73615747130329
      vertex 161.62386901676655 37.93767021601497 43.73615747130329
      vertex 161.62386901676655 38.26366331069026 43.953979093274526
    endloop
  endfacet
  facet normal -0.09147424353732561 -0.5481750789639123 0.8313462248499013
    outer loop
      vertex 162.05215811672014 37.87877836162754 43.73615747130329
      vertex 161.87139699695126 38.239283932551714 43.953979093274526
      vertex 161.807798899136 37.91955470378109 43.73615747130329
    endloop
  endfacet
  facet normal -0.05463715693311806 -0.5547403638365374 0.8302276253009003
    outer loop
      vertex 161.62386901676655 37.93767021601497 43.73615747130329
      vertex 161.807798899136 37.91955470378109 43.73615747130329
      vertex 161.87139699695126 38.239283932551714 43.953979093274526
    endloop
  endfacet
  facet normal -0.262768097509573 -0.4916045332565691 0.8302276253009112
    outer loop
      vertex 162.62633112781378 37.65756411474669 43.73615747130329
      vertex 162.80744318738533 37.928617466789674 43.953979093274526
      vertex 162.46333458047616 37.7446875844202 43.73615747130329
    endloop
  endfacet
  facet normal -0.18063327217078973 -0.5261667367372802 0.8309754425589935
    outer loop
      vertex 162.22901967685925 37.825127993901724 43.73615747130329
      vertex 162.46333458047616 37.7446875844202 43.73615747130329
      vertex 162.58808673687378 38.04586593233072 43.953979093274526
    endloop
  endfacet
  facet normal -0.16181179549928512 -0.5334220027562777 0.8302276253009048
    outer loop
      vertex 162.05215811672014 37.87877836162754 43.73615747130329
      vertex 162.22901967685925 37.825127993901724 43.73615747130329
      vertex 162.1157562145354 38.198507590398165 43.953979093274526
    endloop
  endfacet
  facet normal -0.16181179549932767 -0.5334220027562835 0.8302276253008926
    outer loop
      vertex 162.22901967685925 37.825127993901724 43.73615747130329
      vertex 162.35377183325687 38.126306341812246 43.953979093274526
      vertex 162.1157562145354 38.198507590398165 43.953979093274526
    endloop
  endfacet
  facet normal -0.18063327217078975 -0.5261667367372802 0.8309754425589935
    outer loop
      vertex 162.22901967685925 37.825127993901724 43.73615747130329
      vertex 162.58808673687378 38.04586593233072 43.953979093274526
      vertex 162.35377183325687 38.126306341812246 43.953979093274526
    endloop
  endfacet
  facet normal -0.26276809750952146 -0.4916045332566371 0.8302276253008873
    outer loop
      vertex 162.46333458047616 37.7446875844202 43.73615747130329
      vertex 162.80744318738533 37.928617466789674 43.953979093274526
      vertex 162.58808673687378 38.04586593233072 43.953979093274526
    endloop
  endfacet
  facet normal -0.022972478194322937 -0.5554236168132111 0.8312501856431327
    outer loop
      vertex 161.5 37.942793473651996 43.73615747130329
      vertex 161.62386901676655 38.26366331069026 43.953979093274526
      vertex 161.5 38.268786568327286 43.953979093274526
    endloop
  endfacet
  facet normal -0.05463715693310496 -0.554740363836545 0.8302276253008959
    outer loop
      vertex 161.62386901676655 37.93767021601497 43.73615747130329
      vertex 161.87139699695126 38.239283932551714 43.953979093274526
      vertex 161.62386901676655 38.26366331069026 43.953979093274526
    endloop
  endfacet
  facet normal -0.09147424353732567 -0.5481750789639123 0.8313462248499013
    outer loop
      vertex 162.05215811672014 37.87877836162754 43.73615747130329
      vertex 162.1157562145354 38.198507590398165 43.953979093274526
      vertex 161.87139699695126 38.239283932551714 43.953979093274526
    endloop
  endfacet
  facet normal -0.029233637232176 -0.7068045679161078 0.7068045679161259
    outer loop
      vertex 161.5 38.268786568327286 43.953979093274526
      vertex 161.62386901676655 38.26366331069026 43.953979093274526
      vertex 161.5 38.546020906725474 44.23121343167271
    endloop
  endfacet
  facet normal -0.06947565488251113 -0.7053981618131071 0.7053981618131252
    outer loop
      vertex 161.62386901676655 38.26366331069026 43.953979093274526
      vertex 161.87139699695126 38.239283932551714 43.953979093274526
      vertex 161.62386901676655 38.54089764908845 44.23121343167271
    endloop
  endfacet
  facet normal -0.1164139203463263 -0.6976303657794836 0.7069368231263549
    outer loop
      vertex 161.87139699695126 38.239283932551714 43.953979093274526
      vertex 162.1157562145354 38.198507590398165 43.953979093274526
      vertex 162.16984195088742 38.47041494872143 44.23121343167271
    endloop
  endfacet
  facet normal -0.22981791475375385 -0.6694367034187155 0.7064263770373521
    outer loop
      vertex 162.58808673687378 38.04586593233072 43.953979093274526
      vertex 162.45986482144457 38.382437472767634 44.23121343167271
      vertex 162.35377183325687 38.126306341812246 43.953979093274526
    endloop
  endfacet
  facet normal -0.33413132530044254 -0.6251157418939557 0.7053981618131276
    outer loop
      vertex 162.58808673687378 38.04586593233072 43.953979093274526
      vertex 162.96146633337025 38.159129394654556 44.23121343167271
      vertex 162.69417972506147 38.30199706328611 44.23121343167271
    endloop
  endfacet
  facet normal -0.20575705419289655 -0.6782901060464662 0.7053981618131244
    outer loop
      vertex 162.35377183325687 38.126306341812246 43.953979093274526
      vertex 162.45986482144457 38.382437472767634 44.23121343167271
      vertex 162.1157562145354 38.198507590398165 43.953979093274526
    endloop
  endfacet
  facet normal -0.20575705419287205 -0.6782901060464894 0.7053981618131093
    outer loop
      vertex 162.1157562145354 38.198507590398165 43.953979093274526
      vertex 162.45986482144457 38.382437472767634 44.23121343167271
      vertex 162.16984195088742 38.47041494872143 44.23121343167271
    endloop
  endfacet
  facet normal -0.22981791475375385 -0.6694367034187155 0.7064263770373521
    outer loop
      vertex 162.58808673687378 38.04586593233072 43.953979093274526
      vertex 162.69417972506147 38.30199706328611 44.23121343167271
      vertex 162.45986482144457 38.382437472767634 44.23121343167271
    endloop
  endfacet
  facet normal -0.02923363723217602 -0.7068045679161078 0.7068045679161259
    outer loop
      vertex 161.62386901676655 38.26366331069026 43.953979093274526
      vertex 161.62386901676655 38.54089764908845 44.23121343167271
      vertex 161.5 38.546020906725474 44.23121343167271
    endloop
  endfacet
  facet normal -0.06947565488254036 -0.7053981618131182 0.7053981618131112
    outer loop
      vertex 161.87139699695126 38.239283932551714 43.953979093274526
      vertex 161.92548273330328 38.511191290874976 44.23121343167271
      vertex 161.62386901676655 38.54089764908845 44.23121343167271
    endloop
  endfacet
  facet normal -0.11641392034632624 -0.6976303657794836 0.7069368231263549
    outer loop
      vertex 161.87139699695126 38.239283932551714 43.953979093274526
      vertex 162.16984195088742 38.47041494872143 44.23121343167271
      vertex 161.92548273330328 38.511191290874976 44.23121343167271
    endloop
  endfacet
  facet normal -0.03436950109176336 -0.8309783752094467 0.5552419988878463
    outer loop
      vertex 161.5 38.546020906725474 44.23121343167271
      vertex 161.62386901676655 38.54089764908845 44.23121343167271
      vertex 161.62386901676655 38.75871927105969 44.557206526348004
    endloop
  endfacet
  facet normal -0.08161938021295707 -0.8286954742331565 0.5537166132229886
    outer loop
      vertex 161.62386901676655 38.54089764908845 44.23121343167271
      vertex 161.92548273330328 38.511191290874976 44.23121343167271
      vertex 161.96797762367572 38.72482753145792 44.557206526348004
    endloop
  endfacet
  facet normal -0.24172155362995204 -0.7968491718961547 0.5537166132229868
    outer loop
      vertex 162.45986482144457 38.382437472767634 44.23121343167271
      vertex 162.21233684125986 38.68405118930437 44.557206526348004
      vertex 162.16984195088742 38.47041494872143 44.23121343167271
    endloop
  endfacet
  facet normal -0.2701378716784023 -0.786884723406811 0.5548314720291645
    outer loop
      vertex 162.69417972506147 38.30199706328611 44.23121343167271
      vertex 162.77753645100074 38.503238001563744 44.557206526348004
      vertex 162.45986482144457 38.382437472767634 44.23121343167271
    endloop
  endfacet
  facet normal -0.136875700894613 -0.8202510919429353 0.5553856215919086
    outer loop
      vertex 161.92548273330328 38.511191290874976 44.23121343167271
      vertex 162.16984195088742 38.47041494872143 44.23121343167271
      vertex 162.21233684125986 38.68405118930437 44.557206526348004
    endloop
  endfacet
  facet normal -0.03436950109176334 -0.8309783752094467 0.5552419988878463
    outer loop
      vertex 161.5 38.546020906725474 44.23121343167271
      vertex 161.62386901676655 38.75871927105969 44.557206526348004
      vertex 161.5 38.76384252869671 44.557206526348004
    endloop
  endfacet
  facet normal -0.08161938021297106 -0.8286954742331483 0.5537166132229986
    outer loop
      vertex 161.62386901676655 38.54089764908845 44.23121343167271
      vertex 161.96797762367572 38.72482753145792 44.557206526348004
      vertex 161.62386901676655 38.75871927105969 44.557206526348004
    endloop
  endfacet
  facet normal -0.13687570089461307 -0.8202510919429353 0.5553856215919086
    outer loop
      vertex 161.92548273330328 38.511191290874976 44.23121343167271
      vertex 162.21233684125986 38.68405118930437 44.557206526348004
      vertex 161.96797762367572 38.72482753145792 44.557206526348004
    endloop
  endfacet
  facet normal -0.24172155362995576 -0.7968491718961551 0.5537166132229844
    outer loop
      vertex 162.45986482144457 38.382437472767634 44.23121343167271
      vertex 162.54322154738384 38.58367841104527 44.557206526348004
      vertex 162.21233684125986 38.68405118930437 44.557206526348004
    endloop
  endfacet
  facet normal -0.2701378716784023 -0.786884723406811 0.5548314720291645
    outer loop
      vertex 162.45986482144457 38.382437472767634 44.23121343167271
      vertex 162.77753645100074 38.503238001563744 44.557206526348004
      vertex 162.54322154738384 38.58367841104527 44.557206526348004
    endloop
  endfacet
  facet normal -0.3000675764310763 -0.8740669733432174 0.3820554615306624
    outer loop
      vertex 162.54322154738384 38.58367841104527 44.557206526348004
      vertex 162.77753645100074 38.503238001563744 44.557206526348004
      vertex 162.60063865884388 38.722295580244364 44.919430645491076
    endloop
  endfacet
  facet normal -0.2683769368864796 -0.8847201943828458 0.381108904905947
    outer loop
      vertex 162.21233684125986 38.68405118930437 44.557206526348004
      vertex 162.54322154738384 38.58367841104527 44.557206526348004
      vertex 162.60063865884388 38.722295580244364 44.919430645491076
    endloop
  endfacet
  facet normal -0.3000675764310763 -0.8740669733432175 0.3820554615306624
    outer loop
      vertex 162.60063865884388 38.722295580244364 44.919430645491076
      vertex 162.77753645100074 38.503238001563744 44.557206526348004
      vertex 162.83495356246078 38.64185517076284 44.919430645491076
    endloop
  endfacet
  facet normal -0.09061980168166496 -0.9200782869650705 0.3811089049059301
    outer loop
      vertex 161.62386901676655 38.75871927105969 44.557206526348004
      vertex 161.96797762367572 38.72482753145792 44.557206526348004
      vertex 161.62386901676655 38.908757413827395 44.919430645491076
    endloop
  endfacet
  facet normal -0.03818405221735745 -0.9232057685613737 0.38240435019919106
    outer loop
      vertex 161.5 38.76384252869671 44.557206526348004
      vertex 161.62386901676655 38.75871927105969 44.557206526348004
      vertex 161.62386901676655 38.908757413827395 44.919430645491076
    endloop
  endfacet
  facet normal -0.15207627563349058 -0.911343140759726 0.38252645160778714
    outer loop
      vertex 162.21233684125986 38.68405118930437 44.557206526348004
      vertex 161.99724861326297 38.87198273338353 44.919430645491076
      vertex 161.96797762367572 38.72482753145792 44.557206526348004
    endloop
  endfacet
  facet normal -0.038184052217357475 -0.9232057685613737 0.38240435019919106
    outer loop
      vertex 161.5 38.76384252869671 44.557206526348004
      vertex 161.62386901676655 38.908757413827395 44.919430645491076
      vertex 161.5 38.91388067146442 44.919430645491076
    endloop
  endfacet
  facet normal -0.09061980168164069 -0.9200782869650646 0.38110890490595006
    outer loop
      vertex 161.96797762367572 38.72482753145792 44.557206526348004
      vertex 161.99724861326297 38.87198273338353 44.919430645491076
      vertex 161.62386901676655 38.908757413827395 44.919430645491076
    endloop
  endfacet
  facet normal -0.040532221661980526 -0.9799793022998944 0.19493000300353086
    outer loop
      vertex 161.5 38.91388067146442 44.919430645491076
      vertex 161.62386901676655 38.908757413827395 44.919430645491076
      vertex 161.62386901676655 38.98524619570737 45.30396571934088
    endloop
  endfacet
  facet normal -0.09615134934207901 -0.9762410328686764 0.19418641498106276
    outer loop
      vertex 161.99724861326297 38.87198273338353 44.919430645491076
      vertex 162.01217083435057 38.94700180476738 45.30396571934088
      vertex 161.62386901676655 38.908757413827395 44.919430645491076
    endloop
  endfacet
  facet normal -0.1614349059754929 -0.96742633673202 0.19500013879468878
    outer loop
      vertex 161.99724861326297 38.87198273338353 44.919430645491076
      vertex 162.2416078308471 38.83120639122998 44.919430645491076
      vertex 162.01217083435057 38.94700180476738 45.30396571934088
    endloop
  endfacet
  facet normal -0.1520762756334906 -0.911343140759726 0.38252645160778714
    outer loop
      vertex 162.21233684125986 38.68405118930437 44.557206526348004
      vertex 162.2416078308471 38.83120639122998 44.919430645491076
      vertex 161.99724861326297 38.87198273338353 44.919430645491076
    endloop
  endfacet
  facet normal -0.268376936886479 -0.8847201943828462 0.3811089049059464
    outer loop
      vertex 162.21233684125986 38.68405118930437 44.557206526348004
      vertex 162.60063865884388 38.722295580244364 44.919430645491076
      vertex 162.2416078308471 38.83120639122998 44.919430645491076
    endloop
  endfacet
  facet normal -0.2847590055933308 -0.9387246374578099 0.1941864149810708
    outer loop
      vertex 162.2416078308471 38.83120639122998 44.919430645491076
      vertex 162.60063865884388 38.722295580244364 44.919430645491076
      vertex 162.2565300519347 38.90622546261383 45.30396571934088
    endloop
  endfacet
  facet normal -0.040532221661980526 -0.9799793022998944 0.19493000300353086
    outer loop
      vertex 161.5 38.91388067146442 44.919430645491076
      vertex 161.62386901676655 38.98524619570737 45.30396571934088
      vertex 161.5 38.99036945334439 45.30396571934088
    endloop
  endfacet
  facet normal -0.09615134934208049 -0.9762410328686758 0.1941864149810642
    outer loop
      vertex 161.62386901676655 38.908757413827395 44.919430645491076
      vertex 162.01217083435057 38.94700180476738 45.30396571934088
      vertex 161.62386901676655 38.98524619570737 45.30396571934088
    endloop
  endfacet
  facet normal -0.318483737635274 -0.9277114172908335 0.194729646151014
    outer loop
      vertex 162.60063865884388 38.722295580244364 44.919430645491076
      vertex 162.86422455204803 38.712521590808464 45.30396571934088
      vertex 162.62990964843112 38.79296200028999 45.30396571934088
    endloop
  endfacet
  facet normal -0.284759005593347 -0.9387246374578083 0.19418641498105552
    outer loop
      vertex 162.60063865884388 38.722295580244364 44.919430645491076
      vertex 162.62990964843112 38.79296200028999 45.30396571934088
      vertex 162.2565300519347 38.90622546261383 45.30396571934088
    endloop
  endfacet
  facet normal -0.1614349059754929 -0.96742633673202 0.19500013879468878
    outer loop
      vertex 162.2416078308471 38.83120639122998 44.919430645491076
      vertex 162.2565300519347 38.90622546261383 45.30396571934088
      vertex 162.01217083435057 38.94700180476738 45.30396571934088
    endloop
  endfacet
  facet normal -0.14365065859221507 -0.13223973939367767 0.9807533530970541
    outer loop
      vertex 162.6545395293213 36.74220303827296 43.50963054665561
      vertex 162.82232793056738 36.559936236677274 43.50963054665561
      vertex 162.92644688764454 37.01411039659622 43.58611932853558
    endloop
  endfacet
  facet normal -0.14365065859221504 -0.1322397393936777 0.9807533530970541
    outer loop
      vertex 162.82232793056738 36.559936236677274 43.50963054665561
      vertex 163.09423528889062 36.831843595000535 43.58611932853558
      vertex 162.92644688764454 37.01411039659622 43.58611932853558
    endloop
  endfacet
  facet normal -0.297038718027254 -0.2437733759399868 0.92322399295921
    outer loop
      vertex 163.16643653747656 36.74386611904674 43.58611932853558
      vertex 163.350366419846 37.08797472595593 43.73615747130329
      vertex 163.09423528889062 36.831843595000535 43.58611932853558
    endloop
  endfacet
  facet normal -0.12433987975368468 -0.15150858185101754 0.9806042748878534
    outer loop
      vertex 162.6545395293213 36.74220303827296 43.50963054665561
      vertex 162.92644688764454 37.01411039659622 43.58611932853558
      vertex 162.83846941169077 37.08631164518214 43.58611932853558
    endloop
  endfacet
  facet normal -0.28175478518951946 -0.2593735366863323 0.9237638277664002
    outer loop
      vertex 163.09423528889062 36.831843595000535 43.58611932853558
      vertex 163.350366419846 37.08797472595593 43.73615747130329
      vertex 162.92644688764454 37.01411039659622 43.58611932853558
    endloop
  endfacet
  facet normal -0.2437733759399686 -0.29703871802727155 0.923223992959209
    outer loop
      vertex 162.92644688764454 37.01411039659622 43.58611932853558
      vertex 163.18257801859994 37.27024152755162 43.73615747130329
      vertex 162.83846941169077 37.08631164518214 43.58611932853558
    endloop
  endfacet
  facet normal -0.2355748074252138 -0.30266652535116906 0.9235244904919541
    outer loop
      vertex 162.64296929117017 37.23847549346305 43.58611932853558
      vertex 162.83846941169077 37.08631164518214 43.58611932853558
      vertex 163.0397103499684 37.38748999309266 43.73615747130329
    endloop
  endfacet
  facet normal -0.2970387180273126 -0.24377337593995124 0.9232239929592004
    outer loop
      vertex 163.16643653747656 36.74386611904674 43.58611932853558
      vertex 163.46761488538706 36.94510705732438 43.73615747130329
      vertex 163.350366419846 37.08797472595593 43.73615747130329
    endloop
  endfacet
  facet normal -0.4651219403793245 -0.30387934133054295 0.8314559077246896
    outer loop
      vertex 163.60311475020373 36.73770908229682 43.73615747130329
      vertex 163.73866823743003 37.12621911689591 43.953979093274526
      vertex 163.46761488538706 36.94510705732438 43.73615747130329
    endloop
  endfacet
  facet normal -0.4308949772388797 -0.3536263688945484 0.8302276253008941
    outer loop
      vertex 163.46761488538706 36.94510705732438 43.73615747130329
      vertex 163.73866823743003 37.12621911689591 43.953979093274526
      vertex 163.350366419846 37.08797472595593 43.73615747130329
    endloop
  endfacet
  facet normal -0.46512194037932447 -0.303879341330543 0.8314559077246896
    outer loop
      vertex 163.60311475020373 36.73770908229682 43.73615747130329
      vertex 163.8741681022467 36.91882114186835 43.953979093274526
      vertex 163.73866823743003 37.12621911689591 43.953979093274526
    endloop
  endfacet
  facet normal -0.6251157418939418 -0.33413132530047307 0.7053981618131254
    outer loop
      vertex 163.99141656778775 36.69946469135683 43.953979093274526
      vertex 164.24754769874315 36.80555767954451 44.23121343167271
      vertex 163.8741681022467 36.91882114186835 43.953979093274526
    endloop
  endfacet
  facet normal -0.5919818920476184 -0.38676108740071674 0.7070879017210923
    outer loop
      vertex 163.8741681022467 36.91882114186835 43.953979093274526
      vertex 164.10468003011158 37.07284428785327 44.23121343167271
      vertex 163.73866823743003 37.12621911689591 43.953979093274526
    endloop
  endfacet
  facet normal -0.28175478518951946 -0.25937353668633234 0.9237638277664002
    outer loop
      vertex 162.92644688764454 37.01411039659622 43.58611932853558
      vertex 163.350366419846 37.08797472595593 43.73615747130329
      vertex 163.18257801859994 37.27024152755162 43.73615747130329
    endloop
  endfacet
  facet normal -0.24377337593994475 -0.2970387180273111 0.9232239929592028
    outer loop
      vertex 162.83846941169077 37.08631164518214 43.58611932853558
      vertex 163.18257801859994 37.27024152755162 43.73615747130329
      vertex 163.0397103499684 37.38748999309266 43.73615747130329
    endloop
  endfacet
  facet normal -0.2355748074252138 -0.30266652535116906 0.9235244904919541
    outer loop
      vertex 162.64296929117017 37.23847549346305 43.58611932853558
      vertex 163.0397103499684 37.38748999309266 43.73615747130329
      vertex 162.8442102294478 37.539653841373564 43.73615747130329
    endloop
  endfacet
  facet normal -0.4089878208708208 -0.3764997903746228 0.8312501850990486
    outer loop
      vertex 163.350366419846 37.08797472595593 43.73615747130329
      vertex 163.41308994646482 37.5007534554165 43.953979093274526
      vertex 163.18257801859994 37.27024152755162 43.73615747130329
    endloop
  endfacet
  facet normal -0.43089497723887676 -0.35362636889455984 0.8302276253008909
    outer loop
      vertex 163.350366419846 37.08797472595593 43.73615747130329
      vertex 163.73866823743003 37.12621911689591 43.953979093274526
      vertex 163.5808783477109 37.31848665382081 43.953979093274526
    endloop
  endfacet
  facet normal -0.40898782087082075 -0.3764997903746228 0.8312501850990486
    outer loop
      vertex 163.350366419846 37.08797472595593 43.73615747130329
      vertex 163.5808783477109 37.31848665382081 43.953979093274526
      vertex 163.41308994646482 37.5007534554165 43.953979093274526
    endloop
  endfacet
  facet normal -0.5919818920476184 -0.3867610874007168 0.7070879017210923
    outer loop
      vertex 163.73866823743003 37.12621911689591 43.953979093274526
      vertex 164.10468003011158 37.07284428785327 44.23121343167271
      vertex 163.96918016529492 37.28024226288083 44.23121343167271
    endloop
  endfacet
  facet normal -0.5479185303493651 -0.44966511695975325 0.7053981618131445
    outer loop
      vertex 163.73866823743003 37.12621911689591 43.953979093274526
      vertex 163.77691262837004 37.51452093447993 44.23121343167271
      vertex 163.5808783477109 37.31848665382081 43.953979093274526
    endloop
  endfacet
  facet normal -0.547918530349418 -0.44966511695972955 0.7053981618131187
    outer loop
      vertex 163.73866823743003 37.12621911689591 43.953979093274526
      vertex 163.96918016529492 37.28024226288083 44.23121343167271
      vertex 163.77691262837004 37.51452093447993 44.23121343167271
    endloop
  endfacet
  facet normal -0.6436898065937083 -0.5282625721440031 0.5537166132230065
    outer loop
      vertex 163.96918016529492 37.28024226288083 44.23121343167271
      vertex 164.15029222486646 37.4012574721561 44.557206526348004
      vertex 163.77691262837004 37.51452093447993 44.23121343167271
    endloop
  endfacet
  facet normal -0.6251157418939411 -0.33413132530049466 0.7053981618131158
    outer loop
      vertex 163.8741681022467 36.91882114186835 43.953979093274526
      vertex 164.24754769874315 36.80555767954451 44.23121343167271
      vertex 164.10468003011158 37.07284428785327 44.23121343167271
    endloop
  endfacet
  facet normal -0.7343804027613101 -0.39253450329999745 0.5537166132230097
    outer loop
      vertex 164.24754769874315 36.80555767954451 44.23121343167271
      vertex 164.28579208968313 37.193859497128535 44.557206526348004
      vertex 164.10468003011158 37.07284428785327 44.23121343167271
    endloop
  endfacet
  facet normal -0.6960899517698571 -0.4547782800315226 0.5555497232981114
    outer loop
      vertex 163.96918016529492 37.28024226288083 44.23121343167271
      vertex 164.10468003011158 37.07284428785327 44.23121343167271
      vertex 164.15029222486646 37.4012574721561 44.557206526348004
    endloop
  endfacet
  facet normal -0.35362636889452853 -0.4308949772388649 0.8302276253009103
    outer loop
      vertex 163.0397103499684 37.38748999309266 43.73615747130329
      vertex 163.18257801859994 37.27024152755162 43.73615747130329
      vertex 163.22082240953995 37.65854334513564 43.953979093274526
    endloop
  endfacet
  facet normal -0.3536263688945894 -0.430894977238849 0.8302276253008928
    outer loop
      vertex 163.18257801859994 37.27024152755162 43.73615747130329
      vertex 163.41308994646482 37.5007534554165 43.953979093274526
      vertex 163.22082240953995 37.65854334513564 43.953979093274526
    endloop
  endfacet
  facet normal -0.3418561546953423 -0.43921680608567765 0.8307965856627062
    outer loop
      vertex 163.0397103499684 37.38748999309266 43.73615747130329
      vertex 163.02532228901936 37.81070719341655 43.953979093274526
      vertex 162.8442102294478 37.539653841373564 43.73615747130329
    endloop
  endfacet
  facet normal -0.26521414594611153 -0.4900728172897601 0.8303554001412601
    outer loop
      vertex 162.62633112781378 37.65756411474669 43.73615747130329
      vertex 162.8442102294478 37.539653841373564 43.73615747130329
      vertex 163.02532228901936 37.81070719341655 43.953979093274526
    endloop
  endfacet
  facet normal -0.3418561546953423 -0.43921680608567765 0.8307965856627062
    outer loop
      vertex 163.0397103499684 37.38748999309266 43.73615747130329
      vertex 163.22082240953995 37.65854334513564 43.953979093274526
      vertex 163.02532228901936 37.81070719341655 43.953979093274526
    endloop
  endfacet
  facet normal -0.44966511695981254 -0.5479185303493563 0.7053981618131135
    outer loop
      vertex 163.22082240953995 37.65854334513564 43.953979093274526
      vertex 163.41308994646482 37.5007534554165 43.953979093274526
      vertex 163.37484555552487 37.88905527300052 44.23121343167271
    endloop
  endfacet
  facet normal -0.5204576311589625 -0.47911497367574135 0.7068045671669753
    outer loop
      vertex 163.5808783477109 37.31848665382081 43.953979093274526
      vertex 163.60912422712397 37.69678773607562 44.23121343167271
      vertex 163.41308994646482 37.5007534554165 43.953979093274526
    endloop
  endfacet
  facet normal -0.5204576311589625 -0.4791149736757412 0.706804567166975
    outer loop
      vertex 163.5808783477109 37.31848665382081 43.953979093274526
      vertex 163.77691262837004 37.51452093447993 44.23121343167271
      vertex 163.60912422712397 37.69678773607562 44.23121343167271
    endloop
  endfacet
  facet normal -0.4496651169597561 -0.5479185303493693 0.7053981618131395
    outer loop
      vertex 163.41308994646482 37.5007534554165 43.953979093274526
      vertex 163.60912422712397 37.69678773607562 44.23121343167271
      vertex 163.37484555552487 37.88905527300052 44.23121343167271
    endloop
  endfacet
  facet normal -0.6118933806635385 -0.5632875058746712 0.5552419980743878
    outer loop
      vertex 163.77691262837004 37.51452093447993 44.23121343167271
      vertex 163.93093577435496 37.668544080464855 44.557206526348004
      vertex 163.60912422712397 37.69678773607562 44.23121343167271
    endloop
  endfacet
  facet normal -0.26521414594611153 -0.4900728172897601 0.8303554001412601
    outer loop
      vertex 162.62633112781378 37.65756411474669 43.73615747130329
      vertex 163.02532228901936 37.81070719341655 43.953979093274526
      vertex 162.80744318738533 37.928617466789674 43.953979093274526
    endloop
  endfacet
  facet normal -0.434882279836927 -0.5587367767108258 0.7061803006560249
    outer loop
      vertex 163.22082240953995 37.65854334513564 43.953979093274526
      vertex 163.37484555552487 37.88905527300052 44.23121343167271
      vertex 163.02532228901936 37.81070719341655 43.953979093274526
    endloop
  endfacet
  facet normal -0.33727370469995993 -0.6232272191606579 0.7055737250034454
    outer loop
      vertex 163.02532228901936 37.81070719341655 43.953979093274526
      vertex 163.17934543500428 38.04121912128143 44.23121343167271
      vertex 162.80744318738533 37.928617466789674 43.953979093274526
    endloop
  endfacet
  facet normal -0.3341313253004217 -0.6251157418939848 0.7053981618131115
    outer loop
      vertex 162.58808673687378 38.04586593233072 43.953979093274526
      vertex 162.80744318738533 37.928617466789674 43.953979093274526
      vertex 162.96146633337025 38.159129394654556 44.23121343167271
    endloop
  endfacet
  facet normal -0.33727370469996 -0.6232272191606579 0.7055737250034453
    outer loop
      vertex 162.80744318738533 37.928617466789674 43.953979093274526
      vertex 163.17934543500428 38.04121912128143 44.23121343167271
      vertex 162.96146633337025 38.159129394654556 44.23121343167271
    endloop
  endfacet
  facet normal -0.434882279836927 -0.5587367767108258 0.7061803006560248
    outer loop
      vertex 163.02532228901936 37.81070719341655 43.953979093274526
      vertex 163.37484555552487 37.88905527300052 44.23121343167271
      vertex 163.17934543500428 38.04121912128143 44.23121343167271
    endloop
  endfacet
  facet normal -0.5111114196330093 -0.6566759796534548 0.5545644908095949
    outer loop
      vertex 163.37484555552487 37.88905527300052 44.23121343167271
      vertex 163.30036064427952 38.22233118085297 44.557206526348004
      vertex 163.17934543500428 38.04121912128143 44.23121343167271
    endloop
  endfacet
  facet normal -0.5282625721440458 -0.6436898065936653 0.5537166132230156
    outer loop
      vertex 163.60912422712397 37.69678773607562 44.23121343167271
      vertex 163.7631473731089 37.85081088206054 44.557206526348004
      vertex 163.37484555552487 37.88905527300052 44.23121343167271
    endloop
  endfacet
  facet normal -0.7614878880304298 -0.33401956114835896 0.5554881899313551
    outer loop
      vertex 164.54830387393494 36.66204252012451 44.557206526348004
      vertex 164.44878863702078 36.888914405483796 44.557206526348004
      vertex 164.24754769874315 36.80555767954451 44.23121343167271
    endloop
  endfacet
  facet normal -0.8460906931526194 -0.3711297926872022 0.3826136640796748
    outer loop
      vertex 164.54830387393494 36.66204252012451 44.557206526348004
      vertex 164.68692104313402 36.71945963158454 44.919430645491076
      vertex 164.44878863702078 36.888914405483796 44.557206526348004
    endloop
  endfacet
  facet normal -0.7343804027613344 -0.3925345032999792 0.5537166132229906
    outer loop
      vertex 164.24754769874315 36.80555767954451 44.23121343167271
      vertex 164.44878863702078 36.888914405483796 44.557206526348004
      vertex 164.28579208968313 37.193859497128535 44.557206526348004
    endloop
  endfacet
  facet normal -0.8153628008872974 -0.43582049691430885 0.3811089049059155
    outer loop
      vertex 164.44878863702078 36.888914405483796 44.557206526348004
      vertex 164.58740580621986 36.94633151694383 44.919430645491076
      vertex 164.28579208968313 37.193859497128535 44.557206526348004
    endloop
  endfacet
  facet normal -0.8460906931526194 -0.3711297926872022 0.3826136640796748
    outer loop
      vertex 164.68692104313402 36.71945963158454 44.919430645491076
      vertex 164.58740580621986 36.94633151694383 44.919430645491076
      vertex 164.44878863702078 36.888914405483796 44.557206526348004
    endloop
  endfacet
  facet normal -0.8981842976301087 -0.39398016651417467 0.19505023938506585
    outer loop
      vertex 164.68692104313402 36.71945963158454 44.919430645491076
      vertex 164.65807222626552 36.975602506531075 45.30396571934088
      vertex 164.58740580621986 36.94633151694383 44.919430645491076
    endloop
  endfacet
  facet normal -0.6960899517698571 -0.4547782800315226 0.5555497232981114
    outer loop
      vertex 164.10468003011158 37.07284428785327 44.23121343167271
      vertex 164.28579208968313 37.193859497128535 44.557206526348004
      vertex 164.15029222486646 37.4012574721561 44.557206526348004
    endloop
  endfacet
  facet normal -0.7734470140934426 -0.5053181731335034 0.38266599050733086
    outer loop
      vertex 164.28579208968313 37.193859497128535 44.557206526348004
      vertex 164.4105442460808 37.27721622306782 44.919430645491076
      vertex 164.15029222486646 37.4012574721561 44.557206526348004
    endloop
  endfacet
  facet normal -0.8153628008873066 -0.43582049691424946 0.3811089049059638
    outer loop
      vertex 164.28579208968313 37.193859497128535 44.557206526348004
      vertex 164.58740580621986 36.94633151694383 44.919430645491076
      vertex 164.4105442460808 37.27721622306782 44.919430645491076
    endloop
  endfacet
  facet normal -0.8651335806723053 -0.4624235329542832 0.19418641498105585
    outer loop
      vertex 164.58740580621986 36.94633151694383 44.919430645491076
      vertex 164.47414234389603 37.31971111344026 45.30396571934088
      vertex 164.4105442460808 37.27721622306782 44.919430645491076
    endloop
  endfacet
  facet normal -0.7734470140934426 -0.5053181731335035 0.38266599050733086
    outer loop
      vertex 164.15029222486646 37.4012574721561 44.557206526348004
      vertex 164.4105442460808 37.27721622306782 44.919430645491076
      vertex 164.27504438126414 37.48461419809538 44.919430645491076
    endloop
  endfacet
  facet normal -0.821082218691605 -0.5364398067112057 0.1950803012200753
    outer loop
      vertex 164.4105442460808 37.27721622306782 44.919430645491076
      vertex 164.47414234389603 37.31971111344026 45.30396571934088
      vertex 164.27504438126414 37.48461419809538 44.919430645491076
    endloop
  endfacet
  facet normal -0.8981842976301087 -0.3939801665141747 0.19505023938506585
    outer loop
      vertex 164.68692104313402 36.71945963158454 44.919430645491076
      vertex 164.75758746317968 36.74873062117179 45.30396571934088
      vertex 164.65807222626552 36.975602506531075 45.30396571934088
    endloop
  endfacet
  facet normal -0.8651335806722666 -0.46242353295433103 0.19418641498111372
    outer loop
      vertex 164.58740580621986 36.94633151694383 44.919430645491076
      vertex 164.65807222626552 36.975602506531075 45.30396571934088
      vertex 164.47414234389603 37.31971111344026 45.30396571934088
    endloop
  endfacet
  facet normal -0.6436898065937107 -0.5282625721439937 0.5537166132230125
    outer loop
      vertex 164.15029222486646 37.4012574721561 44.557206526348004
      vertex 163.93093577435496 37.668544080464855 44.557206526348004
      vertex 163.77691262837004 37.51452093447993 44.23121343167271
    endloop
  endfacet
  facet normal -0.7146714722144213 -0.5865157196565953 0.3811089049059046
    outer loop
      vertex 164.15029222486646 37.4012574721561 44.557206526348004
      vertex 164.03702876254263 37.77463706865253 44.919430645491076
      vertex 163.93093577435496 37.668544080464855 44.557206526348004
    endloop
  endfacet
  facet normal -0.5111114196330093 -0.6566759796534548 0.5545644908095948
    outer loop
      vertex 163.37484555552487 37.88905527300052 44.23121343167271
      vertex 163.4958607648001 38.07016733257206 44.557206526348004
      vertex 163.30036064427952 38.22233118085297 44.557206526348004
    endloop
  endfacet
  facet normal -0.6118933806635384 -0.5632875058746712 0.5552419980743878
    outer loop
      vertex 163.60912422712397 37.69678773607562 44.23121343167271
      vertex 163.93093577435496 37.668544080464855 44.557206526348004
      vertex 163.7631473731089 37.85081088206054 44.557206526348004
    endloop
  endfacet
  facet normal -0.6798052938944688 -0.6258048225051358 0.3824043495076523
    outer loop
      vertex 163.93093577435496 37.668544080464855 44.557206526348004
      vertex 163.86924036129656 37.95690387024822 44.919430645491076
      vertex 163.7631473731089 37.85081088206054 44.557206526348004
    endloop
  endfacet
  facet normal -0.528262572144016 -0.6436898065937265 0.5537166132229728
    outer loop
      vertex 163.37484555552487 37.88905527300052 44.23121343167271
      vertex 163.7631473731089 37.85081088206054 44.557206526348004
      vertex 163.4958607648001 38.07016733257206 44.557206526348004
    endloop
  endfacet
  facet normal -0.5865157196565874 -0.7146714722143991 0.3811089049059582
    outer loop
      vertex 163.7631473731089 37.85081088206054 44.557206526348004
      vertex 163.5792174907394 38.194919488969724 44.919430645491076
      vertex 163.4958607648001 38.07016733257206 44.557206526348004
    endloop
  endfacet
  facet normal -0.6798052938944686 -0.6258048225051358 0.38240434950765223
    outer loop
      vertex 163.93093577435496 37.668544080464855 44.557206526348004
      vertex 164.03702876254263 37.77463706865253 44.919430645491076
      vertex 163.86924036129656 37.95690387024822 44.919430645491076
    endloop
  endfacet
  facet normal -0.7216106529488797 -0.6642893643846677 0.19493000260633445
    outer loop
      vertex 164.03702876254263 37.77463706865253 44.919430645491076
      vertex 164.09111449889465 37.82872280500456 45.30396571934088
      vertex 163.86924036129656 37.95690387024822 44.919430645491076
    endloop
  endfacet
  facet normal -0.586515719656645 -0.7146714722143782 0.38110890490590904
    outer loop
      vertex 163.7631473731089 37.85081088206054 44.557206526348004
      vertex 163.86924036129656 37.95690387024822 44.919430645491076
      vertex 163.5792174907394 38.194919488969724 44.919430645491076
    endloop
  endfacet
  facet normal -0.6223173832739837 -0.7582959255540193 0.19418641498105613
    outer loop
      vertex 163.86924036129656 37.95690387024822 44.919430645491076
      vertex 163.92332609764858 38.01098960660025 45.30396571934088
      vertex 163.5792174907394 38.194919488969724 44.919430645491076
    endloop
  endfacet
  facet normal -0.7146714722143617 -0.5865157196566315 0.38110890490596044
    outer loop
      vertex 164.15029222486646 37.4012574721561 44.557206526348004
      vertex 164.27504438126414 37.48461419809538 44.919430645491076
      vertex 164.03702876254263 37.77463706865253 44.919430645491076
    endloop
  endfacet
  facet normal -0.7582959255540187 -0.6223173832739831 0.19418641498105907
    outer loop
      vertex 164.03702876254263 37.77463706865253 44.919430645491076
      vertex 164.27504438126414 37.48461419809538 44.919430645491076
      vertex 164.33864247907937 37.527109088467824 45.30396571934088
    endloop
  endfacet
  facet normal -0.7216106529488797 -0.6642893643846677 0.19493000260633445
    outer loop
      vertex 163.86924036129656 37.95690387024822 44.919430645491076
      vertex 164.09111449889465 37.82872280500456 45.30396571934088
      vertex 163.92332609764858 38.01098960660025 45.30396571934088
    endloop
  endfacet
  facet normal -0.821082218691605 -0.5364398067112057 0.19508030122007533
    outer loop
      vertex 164.47414234389603 37.31971111344026 45.30396571934088
      vertex 164.33864247907937 37.527109088467824 45.30396571934088
      vertex 164.27504438126414 37.48461419809538 44.919430645491076
    endloop
  endfacet
  facet normal -0.7582959255540161 -0.6223173832739883 0.19418641498105382
    outer loop
      vertex 164.03702876254263 37.77463706865253 44.919430645491076
      vertex 164.33864247907937 37.527109088467824 45.30396571934088
      vertex 164.09111449889465 37.82872280500456 45.30396571934088
    endloop
  endfacet
  facet normal -0.3962636394647012 -0.7322310711941388 0.5539068391129266
    outer loop
      vertex 163.17934543500428 38.04121912128143 44.23121343167271
      vertex 163.30036064427952 38.22233118085297 44.557206526348004
      vertex 162.96146633337025 38.159129394654556 44.23121343167271
    endloop
  endfacet
  facet normal -0.392534503299952 -0.7343804027613566 0.5537166132229803
    outer loop
      vertex 162.69417972506147 38.30199706328611 44.23121343167271
      vertex 162.96146633337025 38.159129394654556 44.23121343167271
      vertex 162.77753645100074 38.503238001563744 44.557206526348004
    endloop
  endfacet
  facet normal -0.5676757280534155 -0.7293498061785226 0.38182866315453085
    outer loop
      vertex 163.30036064427952 38.22233118085297 44.557206526348004
      vertex 163.4958607648001 38.07016733257206 44.557206526348004
      vertex 163.38371737021882 38.34708333725063 44.919430645491076
    endloop
  endfacet
  facet normal -0.39253450329995554 -0.7343804027613564 0.5537166132229782
    outer loop
      vertex 162.96146633337025 38.159129394654556 44.23121343167271
      vertex 163.0824815426455 38.340241454226096 44.557206526348004
      vertex 162.77753645100074 38.503238001563744 44.557206526348004
    endloop
  endfacet
  facet normal -0.3962636394647012 -0.7322310711941388 0.5539068391129267
    outer loop
      vertex 162.96146633337025 38.159129394654556 44.23121343167271
      vertex 163.30036064427952 38.22233118085297 44.557206526348004
      vertex 163.0824815426455 38.340241454226096 44.557206526348004
    endloop
  endfacet
  facet normal -0.43999603930596975 -0.8130414680928301 0.38127031953263163
    outer loop
      vertex 163.30036064427952 38.22233118085297 44.557206526348004
      vertex 163.1658382685848 38.46499361062376 44.919430645491076
      vertex 163.0824815426455 38.340241454226096 44.557206526348004
    endloop
  endfacet
  facet normal -0.43999603930596975 -0.8130414680928301 0.3812703195326317
    outer loop
      vertex 163.30036064427952 38.22233118085297 44.557206526348004
      vertex 163.38371737021882 38.34708333725063 44.919430645491076
      vertex 163.1658382685848 38.46499361062376 44.919430645491076
    endloop
  endfacet
  facet normal -0.5676757280534156 -0.7293498061785226 0.38182866315453085
    outer loop
      vertex 163.4958607648001 38.07016733257206 44.557206526348004
      vertex 163.5792174907394 38.194919488969724 44.919430645491076
      vertex 163.38371737021882 38.34708333725063 44.919430645491076
    endloop
  endfacet
  facet normal -0.6024706743768107 -0.7740543551011647 0.1945994395286661
    outer loop
      vertex 163.38371737021882 38.34708333725063 44.919430645491076
      vertex 163.5792174907394 38.194919488969724 44.919430645491076
      vertex 163.42621226059126 38.41068143506587 45.30396571934088
    endloop
  endfacet
  facet normal -0.43582049691427127 -0.8153628008873004 0.3811089049059518
    outer loop
      vertex 163.0824815426455 38.340241454226096 44.557206526348004
      vertex 163.1658382685848 38.46499361062376 44.919430645491076
      vertex 162.77753645100074 38.503238001563744 44.557206526348004
    endloop
  endfacet
  facet normal -0.43582049691427094 -0.815362800887301 0.3811089049059514
    outer loop
      vertex 162.77753645100074 38.503238001563744 44.557206526348004
      vertex 163.1658382685848 38.46499361062376 44.919430645491076
      vertex 162.83495356246078 38.64185517076284 44.919430645491076
    endloop
  endfacet
  facet normal -0.4624235329543026 -0.8651335806722932 0.19418641498106348
    outer loop
      vertex 163.1658382685848 38.46499361062376 44.919430645491076
      vertex 163.20833315895723 38.528591708438995 45.30396571934088
      vertex 162.83495356246078 38.64185517076284 44.919430645491076
    endloop
  endfacet
  facet normal -0.4668788392673897 -0.8627165314901161 0.19427901517662285
    outer loop
      vertex 163.38371737021882 38.34708333725063 44.919430645491076
      vertex 163.42621226059126 38.41068143506587 45.30396571934088
      vertex 163.1658382685848 38.46499361062376 44.919430645491076
    endloop
  endfacet
  facet normal -0.318483737635274 -0.9277114172908335 0.194729646151014
    outer loop
      vertex 162.60063865884388 38.722295580244364 44.919430645491076
      vertex 162.83495356246078 38.64185517076284 44.919430645491076
      vertex 162.86422455204803 38.712521590808464 45.30396571934088
    endloop
  endfacet
  facet normal -0.6223173832739872 -0.7582959255540149 0.19418641498106143
    outer loop
      vertex 163.92332609764858 38.01098960660025 45.30396571934088
      vertex 163.62171238111185 38.25851758678496 45.30396571934088
      vertex 163.5792174907394 38.194919488969724 44.919430645491076
    endloop
  endfacet
  facet normal -0.6024706743768107 -0.7740543551011647 0.1945994395286661
    outer loop
      vertex 163.5792174907394 38.194919488969724 44.919430645491076
      vertex 163.62171238111185 38.25851758678496 45.30396571934088
      vertex 163.42621226059126 38.41068143506587 45.30396571934088
    endloop
  endfacet
  facet normal -0.4668788392673897 -0.8627165314901161 0.19427901517662283
    outer loop
      vertex 163.1658382685848 38.46499361062376 44.919430645491076
      vertex 163.42621226059126 38.41068143506587 45.30396571934088
      vertex 163.20833315895723 38.528591708438995 45.30396571934088
    endloop
  endfacet
  facet normal -0.46242353295429406 -0.8651335806723001 0.1941864149810531
    outer loop
      vertex 162.83495356246078 38.64185517076284 44.919430645491076
      vertex 163.20833315895723 38.528591708438995 45.30396571934088
      vertex 162.86422455204803 38.712521590808464 45.30396571934088
    endloop
  endfacet
  facet normal -0.04132495175586508 -0.999145759317616 0
    outer loop
      vertex 161.5 38.99036945334439 45.30396571934088
      vertex 161.62386901676655 38.98524619570737 45.30396571934088
      vertex 161.62386901676655 38.98524619570737 49
    endloop
  endfacet
  facet normal -0.09801714032955766 -0.9951847266721972 5.572667659000233e-19
    outer loop
      vertex 161.62386901676655 38.98524619570737 45.30396571934088
      vertex 162.01217083435057 38.94700180476738 45.30396571934088
      vertex 162.01217083435057 38.94700180476738 49
    endloop
  endfacet
  facet normal -0.29028467725447726 -0.9569403357322043 0
    outer loop
      vertex 162.62990964843112 38.79296200028999 45.30396571934088
      vertex 162.62990964843112 38.79296200028999 49
      vertex 162.2565300519347 38.90622546261383 45.30396571934088
    endloop
  endfacet
  facet normal -0.16459459304781118 -0.9863613029409788 0
    outer loop
      vertex 162.01217083435057 38.94700180476738 45.30396571934088
      vertex 162.2565300519347 38.90622546261383 45.30396571934088
      vertex 162.2565300519347 38.90622546261383 49
    endloop
  endfacet
  facet normal -0.04132495175586508 -0.999145759317616 0
    outer loop
      vertex 161.5 38.99036945334439 45.30396571934088
      vertex 161.62386901676655 38.98524619570737 49
      vertex 161.5 38.99036945334439 49
    endloop
  endfacet
  facet normal -0.09801714032955766 -0.9951847266721972 0
    outer loop
      vertex 161.62386901676655 38.98524619570737 45.30396571934088
      vertex 162.01217083435057 38.94700180476738 49
      vertex 161.62386901676655 38.98524619570737 49
    endloop
  endfacet
  facet normal -0.16459459304781118 -0.9863613029409788 0
    outer loop
      vertex 162.01217083435057 38.94700180476738 45.30396571934088
      vertex 162.2565300519347 38.90622546261383 49
      vertex 162.01217083435057 38.94700180476738 49
    endloop
  endfacet
  facet normal -0.29028467725447726 -0.9569403357322043 0
    outer loop
      vertex 162.2565300519347 38.90622546261383 45.30396571934088
      vertex 162.62990964843112 38.79296200028999 49
      vertex 162.2565300519347 38.90622546261383 49
    endloop
  endfacet
  facet normal -0.3246994744959047 -0.9458172398841561 0
    outer loop
      vertex 162.62990964843112 38.79296200028999 45.30396571934088
      vertex 162.86422455204803 38.712521590808464 49
      vertex 162.62990964843112 38.79296200028999 49
    endloop
  endfacet
  facet normal -0.9157733246598184 -0.4016954292016562 0
    outer loop
      vertex 164.75758746317968 36.74873062117179 45.30396571934088
      vertex 164.75758746317968 36.74873062117179 49
      vertex 164.65807222626552 36.975602506531075 45.30396571934088
    endloop
  endfacet
  facet normal -0.8819212643483457 -0.471396736826015 0
    outer loop
      vertex 164.65807222626552 36.975602506531075 45.30396571934088
      vertex 164.65807222626552 36.975602506531075 49
      vertex 164.47414234389603 37.31971111344026 45.30396571934088
    endloop
  endfacet
  facet normal -0.8371664690032126 -0.5469481722948649 0
    outer loop
      vertex 164.47414234389603 37.31971111344026 45.30396571934088
      vertex 164.47414234389603 37.31971111344026 49
      vertex 164.33864247907937 37.527109088467824 45.30396571934088
    endloop
  endfacet
  facet normal -0.7357239301097214 -0.6772815505119757 0
    outer loop
      vertex 163.92332609764858 38.01098960660025 45.30396571934088
      vertex 164.09111449889465 37.82872280500456 45.30396571934088
      vertex 164.09111449889465 37.82872280500456 49
    endloop
  endfacet
  facet normal -0.7730104533627277 -0.6343932841636567 0
    outer loop
      vertex 164.33864247907937 37.527109088467824 45.30396571934088
      vertex 164.33864247907937 37.527109088467824 49
      vertex 164.09111449889465 37.82872280500456 45.30396571934088
    endloop
  endfacet
  facet normal -0.9157733246598184 -0.4016954292016562 0
    outer loop
      vertex 164.75758746317968 36.74873062117179 49
      vertex 164.65807222626552 36.975602506531075 49
      vertex 164.65807222626552 36.975602506531075 45.30396571934088
    endloop
  endfacet
  facet normal -0.8819212643483457 -0.471396736826015 0
    outer loop
      vertex 164.47414234389603 37.31971111344026 45.30396571934088
      vertex 164.65807222626552 36.975602506531075 49
      vertex 164.47414234389603 37.31971111344026 49
    endloop
  endfacet
  facet normal -0.7357239301097214 -0.6772815505119757 0
    outer loop
      vertex 163.92332609764858 38.01098960660025 45.30396571934088
      vertex 164.09111449889465 37.82872280500456 49
      vertex 163.92332609764858 38.01098960660025 49
    endloop
  endfacet
  facet normal -0.8371664690032126 -0.5469481722948649 0
    outer loop
      vertex 164.33864247907937 37.527109088467824 45.30396571934088
      vertex 164.47414234389603 37.31971111344026 49
      vertex 164.33864247907937 37.527109088467824 49
    endloop
  endfacet
  facet normal -0.7730104533627277 -0.6343932841636567 0
    outer loop
      vertex 164.09111449889465 37.82872280500456 45.30396571934088
      vertex 164.33864247907937 37.527109088467824 49
      vertex 164.09111449889465 37.82872280500456 49
    endloop
  endfacet
  facet normal -0.6343932841636567 -0.7730104533627277 0
    outer loop
      vertex 163.92332609764858 38.01098960660025 45.30396571934088
      vertex 163.92332609764858 38.01098960660025 49
      vertex 163.62171238111185 38.25851758678496 45.30396571934088
    endloop
  endfacet
  facet normal -0.6142127043694494 -0.7891405158722794 0
    outer loop
      vertex 163.62171238111185 38.25851758678496 45.30396571934088
      vertex 163.62171238111185 38.25851758678496 49
      vertex 163.42621226059126 38.41068143506587 45.30396571934088
    endloop
  endfacet
  facet normal -0.4759473930699911 -0.8794737511886749 0
    outer loop
      vertex 163.20833315895723 38.528591708438995 45.30396571934088
      vertex 163.42621226059126 38.41068143506587 45.30396571934088
      vertex 163.42621226059126 38.41068143506587 49
    endloop
  endfacet
  facet normal -0.47139673682597155 -0.8819212643483689 0
    outer loop
      vertex 163.20833315895723 38.528591708438995 45.30396571934088
      vertex 163.20833315895723 38.528591708438995 49
      vertex 162.86422455204803 38.712521590808464 45.30396571934088
    endloop
  endfacet
  facet normal -0.3246994744959047 -0.9458172398841561 0
    outer loop
      vertex 162.62990964843112 38.79296200028999 45.30396571934088
      vertex 162.86422455204803 38.712521590808464 45.30396571934088
      vertex 162.86422455204803 38.712521590808464 49
    endloop
  endfacet
  facet normal -0.6343932841636567 -0.7730104533627277 0
    outer loop
      vertex 163.62171238111185 38.25851758678496 45.30396571934088
      vertex 163.92332609764858 38.01098960660025 49
      vertex 163.62171238111185 38.25851758678496 49
    endloop
  endfacet
  facet normal -0.6142127043694494 -0.7891405158722794 0
    outer loop
      vertex 163.42621226059126 38.41068143506587 45.30396571934088
      vertex 163.62171238111185 38.25851758678496 49
      vertex 163.42621226059126 38.41068143506587 49
    endloop
  endfacet
  facet normal -0.4759473930699911 -0.8794737511886749 0
    outer loop
      vertex 163.20833315895723 38.528591708438995 45.30396571934088
      vertex 163.42621226059126 38.41068143506587 49
      vertex 163.20833315895723 38.528591708438995 49
    endloop
  endfacet
  facet normal -0.47139673682597155 -0.8819212643483689 0
    outer loop
      vertex 162.86422455204803 38.712521590808464 45.30396571934088
      vertex 163.20833315895723 38.528591708438995 49
      vertex 162.86422455204803 38.712521590808464 49
    endloop
  endfacet
  facet normal 0 0 -1
    outer loop
      vertex 1.875 0.5024047344923019 4
      vertex 1.6530266106128693 0.6411091014742851 4
      vertex 2.125 0.7524047344923019 4
    endloop
  endfacet
  facet normal 0 0 -1
    outer loop
      vertex 1.875 0.5024047344923019 4
      vertex 2.5952252745628357 0.5230605453252792 4
      vertex 2.106108196079731 0.37952232360839844 4
    endloop
  endfacet
  facet normal 0 0 -1
    outer loop
      vertex 2.3452252745628357 0.27306054532527924 4
      vertex 2.106108196079731 0.37952232360839844 4
      vertex 2.8411862701177597 0.4335380643606186 4
    endloop
  endfacet
  facet normal 0 0 -1
    outer loop
      vertex 2.106108196079731 0.37952232360839844 4
      vertex 2.5952252745628357 0.5230605453252792 4
      vertex 2.8411862701177597 0.4335380643606186 4
    endloop
  endfacet
  facet normal 0 0 -1
    outer loop
      vertex 1.875 0.5024047344923019 4
      vertex 2.356108196079731 0.6295223236083984 4
      vertex 2.5952252745628357 0.5230605453252792 4
    endloop
  endfacet
  facet normal 0 0 -1
    outer loop
      vertex 1.875 0.5024047344923019 4
      vertex 2.125 0.7524047344923019 4
      vertex 2.356108196079731 0.6295223236083984 4
    endloop
  endfacet
  facet normal 0 0 -1
    outer loop
      vertex 1.2407602295279503 0.9632069021463394 4
      vertex 1.0524757504463196 1.1450311094522476 4
      vertex 1.4907602295279503 1.2132069021463394 4
    endloop
  endfacet
  facet normal 0 0 -1
    outer loop
      vertex 1.0524757504463196 1.1450311094522476 4
      vertex 0.8773333355784416 1.3395464643836021 4
      vertex 1.3024757504463196 1.3950311094522476 4
    endloop
  endfacet
  facet normal 0 0 -1
    outer loop
      vertex 1.0524757504463196 1.1450311094522476 4
      vertex 1.3024757504463196 1.3950311094522476 4
      vertex 1.4907602295279503 1.2132069021463394 4
    endloop
  endfacet
  facet normal 0 0 -1
    outer loop
      vertex 1.6530266106128693 0.6411091014742851 4
      vertex 1.441269464790821 0.7949596717953682 4
      vertex 1.9030266106128693 0.8911091014742851 4
    endloop
  endfacet
  facet normal 0 0 -1
    outer loop
      vertex 1.6530266106128693 0.6411091014742851 4
      vertex 1.9030266106128693 0.8911091014742851 4
      vertex 2.125 0.7524047344923019 4
    endloop
  endfacet
  facet normal 0 0 -1
    outer loop
      vertex 1.2407602295279503 0.9632069021463394 4
      vertex 1.691269464790821 1.0449596717953682 4
      vertex 1.441269464790821 0.7949596717953682 4
    endloop
  endfacet
  facet normal 0 0 -1
    outer loop
      vertex 1.441269464790821 0.7949596717953682 4
      vertex 1.691269464790821 1.0449596717953682 4
      vertex 1.9030266106128693 0.8911091014742851 4
    endloop
  endfacet
  facet normal 0 0 -1
    outer loop
      vertex 1.2407602295279503 0.9632069021463394 4
      vertex 1.4907602295279503 1.2132069021463394 4
      vertex 1.691269464790821 1.0449596717953682 4
    endloop
  endfacet
  facet normal 0 0 -1
    outer loop
      vertex 2.5911862701177597 0.1835380643606186 4
      vertex 2.3452252745628357 0.27306054532527924 4
      vertex 3.3488193303346634 0.3069709241390228 4
    endloop
  endfacet
  facet normal 0 0 -1
    outer loop
      vertex 2.3452252745628357 0.27306054532527924 4
      vertex 3.0927928909659386 0.36139102280139923 4
      vertex 3.3488193303346634 0.3069709241390228 4
    endloop
  endfacet
  facet normal 0 0 -1
    outer loop
      vertex 2.5911862701177597 0.1835380643606186 4
      vertex 3.3488193303346634 0.3069709241390228 4
      vertex 3.6080182641744614 0.2705428898334503 4
    endloop
  endfacet
  facet normal 0 0 -1
    outer loop
      vertex 2.5911862701177597 0.1835380643606186 4
      vertex 3.6080182641744614 0.2705428898334503 4
      vertex 3.8691268861293793 0.252284400165081 4
    endloop
  endfacet
  facet normal 0 0 -1
    outer loop
      vertex 2.5911862701177597 0.1835380643606186 4
      vertex 3.8691268861293793 0.252284400165081 4
      vertex 4 0.25 4
    endloop
  endfacet
  facet normal 0 0 -1
    outer loop
      vertex 2.3452252745628357 0.27306054532527924 4
      vertex 2.8411862701177597 0.4335380643606186 4
      vertex 3.0927928909659386 0.36139102280139923 4
    endloop
  endfacet
  facet normal 0 0 -1
    outer loop
      vertex 0.8773333355784416 1.3395464643836021 4
      vertex 1.1273333355784416 1.5895464643836021 4
      vertex 1.3024757504463196 1.3950311094522476 4
    endloop
  endfacet
  facet normal 0 0 -1
    outer loop
      vertex 0.8773333355784416 1.3395464643836021 4
      vertex 0.7161862701177597 1.5458053052425385 4
      vertex 1.1273333355784416 1.5895464643836021 4
    endloop
  endfacet
  facet normal 0 0 -1
    outer loop
      vertex 0.5698196366429329 1.7628027573227882 4
      vertex 0.43894653022289276 1.9894816428422928 4
      vertex 0.8198196366429329 2.0128027573227882 4
    endloop
  endfacet
  facet normal 0 0 -1
    outer loop
      vertex 0.7161862701177597 1.5458053052425385 4
      vertex 0.5698196366429329 1.7628027573227882 4
      vertex 0.9661862701177597 1.7958053052425385 4
    endloop
  endfacet
  facet normal 0 0 -1
    outer loop
      vertex 0.7161862701177597 1.5458053052425385 4
      vertex 0.9661862701177597 1.7958053052425385 4
      vertex 1.1273333355784416 1.5895464643836021 4
    endloop
  endfacet
  facet normal 0 0 -1
    outer loop
      vertex 0.5698196366429329 1.7628027573227882 4
      vertex 0.8198196366429329 2.0128027573227882 4
      vertex 0.9661862701177597 1.7958053052425385 4
    endloop
  endfacet
  facet normal 0 0 -1
    outer loop
      vertex 0.43894653022289276 1.9894816428422928 4
      vertex 0.6889465302228928 2.239481642842293 4
      vertex 0.8198196366429329 2.0128027573227882 4
    endloop
  endfacet
  facet normal 0 0 -1
    outer loop
      vertex 0.43894653022289276 1.9894816428422928 4
      vertex 0.32420453429222107 2.2247375920414925 4
      vertex 0.6889465302228928 2.239481642842293 4
    endloop
  endfacet
  facet normal 0 0 -1
    outer loop
      vertex 0.32420453429222107 2.2247375920414925 4
      vertex 0.5742045342922211 2.4747375920414925 4
      vertex 0.6889465302228928 2.239481642842293 4
    endloop
  endfacet
  facet normal 0 0 -1
    outer loop
      vertex 0.32420453429222107 2.2247375920414925 4
      vertex 0.2261526733636856 2.4674244597554207 4
      vertex 0.5742045342922211 2.4747375920414925 4
    endloop
  endfacet
  facet normal 0 0 -1
    outer loop
      vertex 0.2261526733636856 2.4674244597554207 4
      vertex 0.4761526733636856 2.7174244597554207 4
      vertex 0.5742045342922211 2.4747375920414925 4
    endloop
  endfacet
  facet normal 0 0 -1
    outer loop
      vertex 0.2261526733636856 2.4674244597554207 4
      vertex 0.14526864141225815 2.7163599133491516 4
      vertex 0.39526864141225815 2.9663599133491516 4
    endloop
  endfacet
  facet normal 0 0 -1
    outer loop
      vertex 0.2261526733636856 2.4674244597554207 4
      vertex 0.39526864141225815 2.9663599133491516 4
      vertex 0.4761526733636856 2.7174244597554207 4
    endloop
  endfacet
  facet normal 0 0 -1
    outer loop
      vertex 0.14526864141225815 2.7163599133491516 4
      vertex 0.08194649964570999 2.970331162214279 4
      vertex 0.33194649964571 3.220331162214279 4
    endloop
  endfacet
  facet normal 0 0 -1
    outer loop
      vertex 0.14526864141225815 2.7163599133491516 4
      vertex 0.33194649964571 3.220331162214279 4
      vertex 0.39526864141225815 2.9663599133491516 4
    endloop
  endfacet
  facet normal 0 0 -1
    outer loop
      vertex 0.08194649964570999 2.970331162214279 4
      vertex 0.03649473935365677 3.228100873529911 4
      vertex 0.33194649964571 3.220331162214279 4
    endloop
  endfacet
  facet normal 0 0 -1
    outer loop
      vertex 0.03649473935365677 3.228100873529911 4
      vertex 0.28649473935365677 3.478100873529911 4
      vertex 0.33194649964571 3.220331162214279 4
    endloop
  endfacet
  facet normal 0 0 -1
    outer loop
      vertex 0.03649473935365677 3.228100873529911 4
      vertex 0.009134814143180847 3.4884132221341133 4
      vertex 0.28649473935365677 3.478100873529911 4
    endloop
  endfacet
  facet normal 0 0 -1
    outer loop
      vertex 0.009134814143180847 3.4884132221341133 4
      vertex 0.25913481414318085 3.7384132221341133 4
      vertex 0.28649473935365677 3.478100873529911 4
    endloop
  endfacet
  facet normal 0 0 -1
    outer loop
      vertex 0.009134814143180847 3.4884132221341133 4
      vertex 0 3.75 4
      vertex 0.25913481414318085 3.7384132221341133 4
    endloop
  endfacet
  facet normal 0 0 -1
    outer loop
      vertex 0 3.75 4
      vertex 0.25 4 4
      vertex 0.25913481414318085 3.7384132221341133 4
    endloop
  endfacet
  facet normal 0 0 -1
    outer loop
      vertex 2.5911862701177597 0.1835380643606186 4
      vertex 4 0.25 4
      vertex 38 0.25 4
    endloop
  endfacet
  facet normal 0 0 -1
    outer loop
      vertex 2.5911862701177597 0.1835380643606186 4
      vertex 45.86912688612938 0.252284400165081 4
      vertex 2.8427928909659386 0.11139102280139923 4
    endloop
  endfacet
  facet normal 0 0 -1
    outer loop
      vertex 2.5911862701177597 0.1835380643606186 4
      vertex 38 0.25 4
      vertex 45.86912688612938 0.252284400165081 4
    endloop
  endfacet
  facet normal 0 0 -1
    outer loop
      vertex 2.8427928909659386 0.11139102280139923 4
      vertex 88 0.25 4
      vertex 3.0988193303346634 0.05697092413902283 4
    endloop
  endfacet
  facet normal 0 0 -1
    outer loop
      vertex 2.8427928909659386 0.11139102280139923 4
      vertex 45.86912688612938 0.252284400165081 4
      vertex 46 0.25 4
    endloop
  endfacet
  facet normal 0 0 -1
    outer loop
      vertex 38.52189912647009 0.28649473935365677 4
      vertex 45.34881933033466 0.3069709241390228 4
      vertex 38.26158677786589 0.25913481414318085 4
    endloop
  endfacet
  facet normal 0 0 -1
    outer loop
      vertex 38 0.25 4
      vertex 38.26158677786589 0.25913481414318085 4
      vertex 45.86912688612938 0.252284400165081 4
    endloop
  endfacet
  facet normal 0 0 -1
    outer loop
      vertex 38.52189912647009 0.28649473935365677 4
      vertex 38.77966883778572 0.33194649964571 4
      vertex 45.09279289096594 0.36139102280139923 4
    endloop
  endfacet
  facet normal 0 0 -1
    outer loop
      vertex 39.03364008665085 0.39526864141225815 4
      vertex 44.84118627011776 0.4335380643606186 4
      vertex 38.77966883778572 0.33194649964571 4
    endloop
  endfacet
  facet normal 0 0 -1
    outer loop
      vertex 39.28257554024458 0.4761526733636856 4
      vertex 44.595225274562836 0.5230605453252792 4
      vertex 39.03364008665085 0.39526864141225815 4
    endloop
  endfacet
  facet normal 0 0 -1
    outer loop
      vertex 39.52526240795851 0.5742045342922211 4
      vertex 44.595225274562836 0.5230605453252792 4
      vertex 39.28257554024458 0.4761526733636856 4
    endloop
  endfacet
  facet normal 0 0 -1
    outer loop
      vertex 39.76051835715771 0.6889465302228928 4
      vertex 44.125 0.7524047344923019 4
      vertex 39.52526240795851 0.5742045342922211 4
    endloop
  endfacet
  facet normal 0 0 -1
    outer loop
      vertex 39.98719724267721 0.8198196366429329 4
      vertex 43.90302661061287 0.8911091014742851 4
      vertex 39.76051835715771 0.6889465302228928 4
    endloop
  endfacet
  facet normal 0 0 -1
    outer loop
      vertex 40.20419469475746 0.9661862701177597 4
      vertex 43.69126946479082 1.0449596717953682 4
      vertex 39.98719724267721 0.8198196366429329 4
    endloop
  endfacet
  facet normal 0 0 -1
    outer loop
      vertex 40.4104535356164 1.1273333355784416 4
      vertex 43.49076022952795 1.2132069021463394 4
      vertex 40.20419469475746 0.9661862701177597 4
    endloop
  endfacet
  facet normal 0 0 -1
    outer loop
      vertex 40.60496889054775 1.3024757504463196 4
      vertex 43.30247575044632 1.3950311094522476 4
      vertex 40.4104535356164 1.1273333355784416 4
    endloop
  endfacet
  facet normal 0 0 -1
    outer loop
      vertex 40.78679309785366 1.4907602295279503 4
      vertex 43.12733333557844 1.5895464643836021 4
      vertex 40.60496889054775 1.3024757504463196 4
    endloop
  endfacet
  facet normal 0 0 -1
    outer loop
      vertex 40.95504032820463 1.691269464790821 4
      vertex 42.96618627011776 1.7958053052425385 4
      vertex 40.78679309785366 1.4907602295279503 4
    endloop
  endfacet
  facet normal 0 0 -1
    outer loop
      vertex 40.95504032820463 1.691269464790821 4
      vertex 41.108890898525715 1.9030266106128693 4
      vertex 42.81981963664293 2.0128027573227882 4
    endloop
  endfacet
  facet normal 0 0 -1
    outer loop
      vertex 41.108890898525715 1.9030266106128693 4
      vertex 41.2475952655077 2.125 4
      vertex 42.68894653022289 2.239481642842293 4
    endloop
  endfacet
  facet normal 0 0 -1
    outer loop
      vertex 41.3704776763916 2.356108196079731 4
      vertex 42.68894653022289 2.239481642842293 4
      vertex 41.2475952655077 2.125 4
    endloop
  endfacet
  facet normal 0 0 -1
    outer loop
      vertex 41.47693945467472 2.5952252745628357 4
      vertex 42.57420453429222 2.4747375920414925 4
      vertex 41.3704776763916 2.356108196079731 4
    endloop
  endfacet
  facet normal 0 0 -1
    outer loop
      vertex 41.47693945467472 2.5952252745628357 4
      vertex 41.56646193563938 2.8411862701177597 4
      vertex 42.39526864141226 2.9663599133491516 4
    endloop
  endfacet
  facet normal 0 0 -1
    outer loop
      vertex 41.6386089771986 3.0927928909659386 4
      vertex 42.39526864141226 2.9663599133491516 4
      vertex 41.56646193563938 2.8411862701177597 4
    endloop
  endfacet
  facet normal 0 0 -1
    outer loop
      vertex 41.6386089771986 3.0927928909659386 4
      vertex 41.69302907586098 3.3488193303346634 4
      vertex 42.28649473935366 3.478100873529911 4
    endloop
  endfacet
  facet normal 0 0 -1
    outer loop
      vertex 41.72945711016655 3.6080182641744614 4
      vertex 42.28649473935366 3.478100873529911 4
      vertex 41.69302907586098 3.3488193303346634 4
    endloop
  endfacet
  facet normal 0 0 -1
    outer loop
      vertex 41.74771559983492 3.8691268861293793 4
      vertex 42.25 4 4
      vertex 41.72945711016655 3.6080182641744614 4
    endloop
  endfacet
  facet normal 0 0 -1
    outer loop
      vertex 41.74771559983492 3.8691268861293793 4
      vertex 41.75 4 4
      vertex 42.25 4 4
    endloop
  endfacet
  facet normal -0.3420201426245933 -0.939692621041079 0
    outer loop
      vertex 2.5911862701177597 0.1835380643606186 4
      vertex 2.3452252745628357 0.27306054532527924 49
      vertex 2.3452252745628357 0.27306054532527924 4
    endloop
  endfacet
  facet normal -0.46947157259700467 -0.882947587642265 0
    outer loop
      vertex 1.875 0.5024047344923019 4
      vertex 2.106108196079731 0.37952232360839844 4
      vertex 1.875 0.5024047344923019 49
    endloop
  endfacet
  facet normal -0.5299192615254837 -0.8480480978483979 0
    outer loop
      vertex 1.875 0.5024047344923019 4
      vertex 1.6530266106128693 0.6411091014742851 49
      vertex 1.6530266106128693 0.6411091014742851 4
    endloop
  endfacet
  facet normal -0.40673662966921503 -0.913545463611597 0
    outer loop
      vertex 2.3452252745628357 0.27306054532527924 4
      vertex 2.106108196079731 0.37952232360839844 49
      vertex 2.106108196079731 0.37952232360839844 4
    endloop
  endfacet
  facet normal -0.6427876208834568 -0.7660444337236486 0
    outer loop
      vertex 1.2407602295279503 0.9632069021463394 4
      vertex 1.441269464790821 0.7949596717953682 4
      vertex 1.2407602295279503 0.9632069021463394 49
    endloop
  endfacet
  facet normal -0.6946583692459236 -0.7193398015101028 0
    outer loop
      vertex 1.2407602295279503 0.9632069021463394 4
      vertex 1.0524757504463196 1.1450311094522476 49
      vertex 1.0524757504463196 1.1450311094522476 4
    endloop
  endfacet
  facet normal -0.743144820519614 -0.669130611865031 0
    outer loop
      vertex 1.0524757504463196 1.1450311094522476 4
      vertex 0.8773333355784416 1.3395464643836021 49
      vertex 0.8773333355784416 1.3395464643836021 4
    endloop
  endfacet
  facet normal -0.5877852479723605 -0.8090169975136929 0
    outer loop
      vertex 1.6530266106128693 0.6411091014742851 4
      vertex 1.441269464790821 0.7949596717953682 49
      vertex 1.441269464790821 0.7949596717953682 4
    endloop
  endfacet
  facet normal -0.2756373699542879 -0.9612616918845164 0
    outer loop
      vertex 2.5911862701177597 0.1835380643606186 4
      vertex 2.8427928909659386 0.11139102280139923 4
      vertex 2.5911862701177597 0.1835380643606186 49
    endloop
  endfacet
  facet normal -0.20791168721191455 -0.9781476015002515 0
    outer loop
      vertex 2.8427928909659386 0.11139102280139923 4
      vertex 3.0988193303346634 0.05697092413902283 4
      vertex 2.8427928909659386 0.11139102280139923 49
    endloop
  endfacet
  facet normal -0.13917310017239254 -0.9902680688522705 0
    outer loop
      vertex 3.0988193303346634 0.05697092413902283 4
      vertex 3.3580182641744614 0.020542889833450317 4
      vertex 3.0988193303346634 0.05697092413902283 49
    endloop
  endfacet
  facet normal -0.06975645916039604 -0.9975640512796179 0
    outer loop
      vertex 3.3580182641744614 0.020542889833450317 4
      vertex 3.6191268861293793 0.002284400165081024 4
      vertex 3.3580182641744614 0.020542889833450317 49
    endloop
  endfacet
  facet normal -0.01745241762706844 -0.9998476949610728 0
    outer loop
      vertex 3.6191268861293793 0.002284400165081024 4
      vertex 3.75 0 4
      vertex 3.6191268861293793 0.002284400165081024 49
    endloop
  endfacet
  facet normal -0.7880107577629124 -0.615661470005977 0
    outer loop
      vertex 0.8773333355784416 1.3395464643836021 4
      vertex 0.7161862701177597 1.5458053052425385 49
      vertex 0.7161862701177597 1.5458053052425385 4
    endloop
  endfacet
  facet normal -0.8290375656234815 -0.559192913747207 0
    outer loop
      vertex 0.7161862701177597 1.5458053052425385 4
      vertex 0.5698196366429329 1.7628027573227882 49
      vertex 0.5698196366429329 1.7628027573227882 4
    endloop
  endfacet
  facet normal -0.8660254189285214 -0.4999999737696784 0
    outer loop
      vertex 0.5698196366429329 1.7628027573227882 4
      vertex 0.43894653022289276 1.9894816428422928 49
      vertex 0.43894653022289276 1.9894816428422928 4
    endloop
  endfacet
  facet normal -0.8987940420057225 -0.4383711555919429 0
    outer loop
      vertex 0.43894653022289276 1.9894816428422928 4
      vertex 0.32420453429222107 2.2247375920414925 49
      vertex 0.32420453429222107 2.2247375920414925 4
    endloop
  endfacet
  facet normal -0.9271838523025518 -0.3746065990200918 0
    outer loop
      vertex 0.32420453429222107 2.2247375920414925 4
      vertex 0.2261526733636856 2.4674244597554207 49
      vertex 0.2261526733636856 2.4674244597554207 4
    endloop
  endfacet
  facet normal -0.951056516308457 -0.3090169943340035 0
    outer loop
      vertex 0.2261526733636856 2.4674244597554207 4
      vertex 0.14526864141225815 2.7163599133491516 49
      vertex 0.14526864141225815 2.7163599133491516 4
    endloop
  endfacet
  facet normal -0.9702957285113611 -0.2419218866341092 0
    outer loop
      vertex 0.14526864141225815 2.7163599133491516 4
      vertex 0.08194649964570999 2.970331162214279 49
      vertex 0.08194649964570999 2.970331162214279 4
    endloop
  endfacet
  facet normal -0.9848077494987412 -0.17364819759278963 0
    outer loop
      vertex 0.08194649964570999 2.970331162214279 4
      vertex 0.03649473935365677 3.228100873529911 49
      vertex 0.03649473935365677 3.228100873529911 4
    endloop
  endfacet
  facet normal -0.9945218974016594 -0.10452844392127601 0
    outer loop
      vertex 0.03649473935365677 3.228100873529911 4
      vertex 0.009134814143180847 3.4884132221341133 49
      vertex 0.009134814143180847 3.4884132221341133 4
    endloop
  endfacet
  facet normal -0.9993908266764728 -0.03489950651393371 0
    outer loop
      vertex 0.009134814143180847 3.4884132221341133 4
      vertex 0 3.75 49
      vertex 0 3.75 4
    endloop
  endfacet
  facet normal 0 0 -1
    outer loop
      vertex 0 3.75 4
      vertex 0.25 38 4
      vertex 0.25 4 4
    endloop
  endfacet
  facet normal 0 0 -1
    outer loop
      vertex 2.8427928909659386 0.11139102280139923 4
      vertex 46 0.25 4
      vertex 80 0.25 4
    endloop
  endfacet
  facet normal 0 0 -1
    outer loop
      vertex 45.34881933033466 0.3069709241390228 4
      vertex 45.60801826417446 0.2705428898334503 4
      vertex 38.26158677786589 0.25913481414318085 4
    endloop
  endfacet
  facet normal 0 0 -1
    outer loop
      vertex 38.52189912647009 0.28649473935365677 4
      vertex 45.09279289096594 0.36139102280139923 4
      vertex 45.34881933033466 0.3069709241390228 4
    endloop
  endfacet
  facet normal 0 0 -1
    outer loop
      vertex 38.26158677786589 0.25913481414318085 4
      vertex 45.60801826417446 0.2705428898334503 4
      vertex 45.86912688612938 0.252284400165081 4
    endloop
  endfacet
  facet normal 0 0 -1
    outer loop
      vertex 38.77966883778572 0.33194649964571 4
      vertex 44.84118627011776 0.4335380643606186 4
      vertex 45.09279289096594 0.36139102280139923 4
    endloop
  endfacet
  facet normal 0 0 -1
    outer loop
      vertex 39.03364008665085 0.39526864141225815 4
      vertex 44.595225274562836 0.5230605453252792 4
      vertex 44.84118627011776 0.4335380643606186 4
    endloop
  endfacet
  facet normal 0 0 -1
    outer loop
      vertex 44.35610819607973 0.6295223236083984 4
      vertex 39.52526240795851 0.5742045342922211 4
      vertex 44.125 0.7524047344923019 4
    endloop
  endfacet
  facet normal 0 0 -1
    outer loop
      vertex 39.52526240795851 0.5742045342922211 4
      vertex 44.35610819607973 0.6295223236083984 4
      vertex 44.595225274562836 0.5230605453252792 4
    endloop
  endfacet
  facet normal 0 0 -1
    outer loop
      vertex 39.76051835715771 0.6889465302228928 4
      vertex 43.90302661061287 0.8911091014742851 4
      vertex 44.125 0.7524047344923019 4
    endloop
  endfacet
  facet normal 0 0 -1
    outer loop
      vertex 43.90302661061287 0.8911091014742851 4
      vertex 39.98719724267721 0.8198196366429329 4
      vertex 43.69126946479082 1.0449596717953682 4
    endloop
  endfacet
  facet normal 0 0 -1
    outer loop
      vertex 43.69126946479082 1.0449596717953682 4
      vertex 40.20419469475746 0.9661862701177597 4
      vertex 43.49076022952795 1.2132069021463394 4
    endloop
  endfacet
  facet normal 0 0 -1
    outer loop
      vertex 43.49076022952795 1.2132069021463394 4
      vertex 40.4104535356164 1.1273333355784416 4
      vertex 43.30247575044632 1.3950311094522476 4
    endloop
  endfacet
  facet normal 0 0 -1
    outer loop
      vertex 40.60496889054775 1.3024757504463196 4
      vertex 43.12733333557844 1.5895464643836021 4
      vertex 43.30247575044632 1.3950311094522476 4
    endloop
  endfacet
  facet normal 0 0 -1
    outer loop
      vertex 43.12733333557844 1.5895464643836021 4
      vertex 40.78679309785366 1.4907602295279503 4
      vertex 42.96618627011776 1.7958053052425385 4
    endloop
  endfacet
  facet normal 0 0 -1
    outer loop
      vertex 40.95504032820463 1.691269464790821 4
      vertex 42.81981963664293 2.0128027573227882 4
      vertex 42.96618627011776 1.7958053052425385 4
    endloop
  endfacet
  facet normal 0 0 -1
    outer loop
      vertex 41.108890898525715 1.9030266106128693 4
      vertex 42.68894653022289 2.239481642842293 4
      vertex 42.81981963664293 2.0128027573227882 4
    endloop
  endfacet
  facet normal 0 0 -1
    outer loop
      vertex 41.3704776763916 2.356108196079731 4
      vertex 42.57420453429222 2.4747375920414925 4
      vertex 42.68894653022289 2.239481642842293 4
    endloop
  endfacet
  facet normal 0 0 -1
    outer loop
      vertex 41.47693945467472 2.5952252745628357 4
      vertex 42.476152673363686 2.7174244597554207 4
      vertex 42.57420453429222 2.4747375920414925 4
    endloop
  endfacet
  facet normal 0 0 -1
    outer loop
      vertex 41.47693945467472 2.5952252745628357 4
      vertex 42.39526864141226 2.9663599133491516 4
      vertex 42.476152673363686 2.7174244597554207 4
    endloop
  endfacet
  facet normal 0 0 -1
    outer loop
      vertex 41.6386089771986 3.0927928909659386 4
      vertex 42.33194649964571 3.220331162214279 4
      vertex 42.39526864141226 2.9663599133491516 4
    endloop
  endfacet
  facet normal 0 0 -1
    outer loop
      vertex 41.6386089771986 3.0927928909659386 4
      vertex 42.28649473935366 3.478100873529911 4
      vertex 42.33194649964571 3.220331162214279 4
    endloop
  endfacet
  facet normal 0 0 -1
    outer loop
      vertex 41.72945711016655 3.6080182641744614 4
      vertex 42.25913481414318 3.7384132221341133 4
      vertex 42.28649473935366 3.478100873529911 4
    endloop
  endfacet
  facet normal 0 0 -1
    outer loop
      vertex 41.72945711016655 3.6080182641744614 4
      vertex 42.25 4 4
      vertex 42.25913481414318 3.7384132221341133 4
    endloop
  endfacet
  facet normal 0 0 -1
    outer loop
      vertex 2.8427928909659386 0.11139102280139923 4
      vertex 80 0.25 4
      vertex 87.86912688612938 0.252284400165081 4
    endloop
  endfacet
  facet normal 0 0 -1
    outer loop
      vertex 3.3580182641744614 0.020542889833450317 4
      vertex 165.28364008665085 0.14526864141225815 4
      vertex 3.6191268861293793 0.002284400165081024 4
    endloop
  endfacet
  facet normal 0 0 -1
    outer loop
      vertex 3.0988193303346634 0.05697092413902283 4
      vertex 165.53257554024458 0.2261526733636856 4
      vertex 3.3580182641744614 0.020542889833450317 4
    endloop
  endfacet
  facet normal 0 0 -1
    outer loop
      vertex 3.6191268861293793 0.002284400165081024 4
      vertex 165.02966883778572 0.08194649964570999 4
      vertex 3.75 0 4
    endloop
  endfacet
  facet normal 0 0 -1
    outer loop
      vertex 2.8427928909659386 0.11139102280139923 4
      vertex 87.86912688612938 0.252284400165081 4
      vertex 88 0.25 4
    endloop
  endfacet
  facet normal 0 0 -1
    outer loop
      vertex 80.52189912647009 0.28649473935365677 4
      vertex 87.34881933033466 0.3069709241390228 4
      vertex 80.26158677786589 0.25913481414318085 4
    endloop
  endfacet
  facet normal 0 0 -1
    outer loop
      vertex 80 0.25 4
      vertex 80.26158677786589 0.25913481414318085 4
      vertex 87.86912688612938 0.252284400165081 4
    endloop
  endfacet
  facet normal 0 0 -1
    outer loop
      vertex 80.52189912647009 0.28649473935365677 4
      vertex 80.77966883778572 0.33194649964571 4
      vertex 87.09279289096594 0.36139102280139923 4
    endloop
  endfacet
  facet normal 0 0 -1
    outer loop
      vertex 81.03364008665085 0.39526864141225815 4
      vertex 86.84118627011776 0.4335380643606186 4
      vertex 80.77966883778572 0.33194649964571 4
    endloop
  endfacet
  facet normal 0 0 -1
    outer loop
      vertex 81.03364008665085 0.39526864141225815 4
      vertex 81.28257554024458 0.4761526733636856 4
      vertex 86.59522527456284 0.5230605453252792 4
    endloop
  endfacet
  facet normal 0 0 -1
    outer loop
      vertex 81.52526240795851 0.5742045342922211 4
      vertex 86.35610819607973 0.6295223236083984 4
      vertex 81.28257554024458 0.4761526733636856 4
    endloop
  endfacet
  facet normal 0 0 -1
    outer loop
      vertex 81.76051835715771 0.6889465302228928 4
      vertex 86.125 0.7524047344923019 4
      vertex 81.52526240795851 0.5742045342922211 4
    endloop
  endfacet
  facet normal 0 0 -1
    outer loop
      vertex 81.76051835715771 0.6889465302228928 4
      vertex 81.98719724267721 0.8198196366429329 4
      vertex 85.90302661061287 0.8911091014742851 4
    endloop
  endfacet
  facet normal 0 0 -1
    outer loop
      vertex 82.20419469475746 0.9661862701177597 4
      vertex 85.69126946479082 1.0449596717953682 4
      vertex 81.98719724267721 0.8198196366429329 4
    endloop
  endfacet
  facet normal 0 0 -1
    outer loop
      vertex 82.4104535356164 1.1273333355784416 4
      vertex 85.49076022952795 1.2132069021463394 4
      vertex 82.20419469475746 0.9661862701177597 4
    endloop
  endfacet
  facet normal 0 0 -1
    outer loop
      vertex 82.60496889054775 1.3024757504463196 4
      vertex 85.30247575044632 1.3950311094522476 4
      vertex 82.4104535356164 1.1273333355784416 4
    endloop
  endfacet
  facet normal 0 0 -1
    outer loop
      vertex 82.60496889054775 1.3024757504463196 4
      vertex 82.78679309785366 1.4907602295279503 4
      vertex 85.12733333557844 1.5895464643836021 4
    endloop
  endfacet
  facet normal 0 0 -1
    outer loop
      vertex 82.95504032820463 1.691269464790821 4
      vertex 84.96618627011776 1.7958053052425385 4
      vertex 82.78679309785366 1.4907602295279503 4
    endloop
  endfacet
  facet normal 0 0 -1
    outer loop
      vertex 82.95504032820463 1.691269464790821 4
      vertex 83.10889089852571 1.9030266106128693 4
      vertex 84.81981963664293 2.0128027573227882 4
    endloop
  endfacet
  facet normal 0 0 -1
    outer loop
      vertex 83.10889089852571 1.9030266106128693 4
      vertex 83.2475952655077 2.125 4
      vertex 84.68894653022289 2.239481642842293 4
    endloop
  endfacet
  facet normal 0 0 -1
    outer loop
      vertex 83.3704776763916 2.356108196079731 4
      vertex 84.57420453429222 2.4747375920414925 4
      vertex 83.2475952655077 2.125 4
    endloop
  endfacet
  facet normal 0 0 -1
    outer loop
      vertex 83.47693945467472 2.5952252745628357 4
      vertex 84.47615267336369 2.7174244597554207 4
      vertex 83.3704776763916 2.356108196079731 4
    endloop
  endfacet
  facet normal 0 0 -1
    outer loop
      vertex 83.56646193563938 2.8411862701177597 4
      vertex 84.39526864141226 2.9663599133491516 4
      vertex 83.47693945467472 2.5952252745628357 4
    endloop
  endfacet
  facet normal 0 0 -1
    outer loop
      vertex 83.6386089771986 3.0927928909659386 4
      vertex 84.33194649964571 3.220331162214279 4
      vertex 83.56646193563938 2.8411862701177597 4
    endloop
  endfacet
  facet normal 0 0 -1
    outer loop
      vertex 83.69302907586098 3.3488193303346634 4
      vertex 84.28649473935366 3.478100873529911 4
      vertex 83.6386089771986 3.0927928909659386 4
    endloop
  endfacet
  facet normal 0 0 -1
    outer loop
      vertex 83.72945711016655 3.6080182641744614 4
      vertex 84.25913481414318 3.7384132221341133 4
      vertex 83.69302907586098 3.3488193303346634 4
    endloop
  endfacet
  facet normal 0 0 -1
    outer loop
      vertex 83.74771559983492 3.8691268861293793 4
      vertex 84.25 4 4
      vertex 83.72945711016655 3.6080182641744614 4
    endloop
  endfacet
  facet normal 0 0 -1
    outer loop
      vertex 83.74771559983492 3.8691268861293793 4
      vertex 83.75 4 4
      vertex 84.25 4 4
    endloop
  endfacet
  facet normal 0 -1 0
    outer loop
      vertex 3.75 0 4
      vertex 164.25 0 4
      vertex 3.75 0 49
    endloop
  endfacet
  facet normal 0 0 -1
    outer loop
      vertex 42.25 4 4
      vertex 41.75 4 4
      vertex 42.25 38 4
    endloop
  endfacet
  facet normal -0.40673662966921503 -0.913545463611597 0
    outer loop
      vertex 2.3452252745628357 0.27306054532527924 4
      vertex 2.3452252745628357 0.27306054532527924 49
      vertex 2.106108196079731 0.37952232360839844 49
    endloop
  endfacet
  facet normal -0.3420201426245933 -0.939692621041079 0
    outer loop
      vertex 2.5911862701177597 0.1835380643606186 4
      vertex 2.5911862701177597 0.1835380643606186 49
      vertex 2.3452252745628357 0.27306054532527924 49
    endloop
  endfacet
  facet normal -0.5299192615254837 -0.8480480978483979 0
    outer loop
      vertex 1.875 0.5024047344923019 4
      vertex 1.875 0.5024047344923019 49
      vertex 1.6530266106128693 0.6411091014742851 49
    endloop
  endfacet
  facet normal -0.46947157259700467 -0.882947587642265 0
    outer loop
      vertex 2.106108196079731 0.37952232360839844 4
      vertex 2.106108196079731 0.37952232360839844 49
      vertex 1.875 0.5024047344923019 49
    endloop
  endfacet
  facet normal -0.6946583692459236 -0.7193398015101028 0
    outer loop
      vertex 1.2407602295279503 0.9632069021463394 4
      vertex 1.2407602295279503 0.9632069021463394 49
      vertex 1.0524757504463196 1.1450311094522476 49
    endloop
  endfacet
  facet normal -0.743144820519614 -0.669130611865031 0
    outer loop
      vertex 1.0524757504463196 1.1450311094522476 4
      vertex 1.0524757504463196 1.1450311094522476 49
      vertex 0.8773333355784416 1.3395464643836021 49
    endloop
  endfacet
  facet normal -0.5877852479723605 -0.8090169975136929 0
    outer loop
      vertex 1.6530266106128693 0.6411091014742851 4
      vertex 1.6530266106128693 0.6411091014742851 49
      vertex 1.441269464790821 0.7949596717953682 49
    endloop
  endfacet
  facet normal -0.6427876208834568 -0.7660444337236486 0
    outer loop
      vertex 1.441269464790821 0.7949596717953682 4
      vertex 1.441269464790821 0.7949596717953682 49
      vertex 1.2407602295279503 0.9632069021463394 49
    endloop
  endfacet
  facet normal -0.2756373699542879 -0.9612616918845164 0
    outer loop
      vertex 2.8427928909659386 0.11139102280139923 4
      vertex 2.8427928909659386 0.11139102280139923 49
      vertex 2.5911862701177597 0.1835380643606186 49
    endloop
  endfacet
  facet normal -0.20791168721191455 -0.9781476015002515 0
    outer loop
      vertex 3.0988193303346634 0.05697092413902283 4
      vertex 3.0988193303346634 0.05697092413902283 49
      vertex 2.8427928909659386 0.11139102280139923 49
    endloop
  endfacet
  facet normal -0.13917310017239254 -0.9902680688522705 0
    outer loop
      vertex 3.3580182641744614 0.020542889833450317 4
      vertex 3.3580182641744614 0.020542889833450317 49
      vertex 3.0988193303346634 0.05697092413902283 49
    endloop
  endfacet
  facet normal -0.06975645916039604 -0.9975640512796179 0
    outer loop
      vertex 3.6191268861293793 0.002284400165081024 4
      vertex 3.6191268861293793 0.002284400165081024 49
      vertex 3.3580182641744614 0.020542889833450317 49
    endloop
  endfacet
  facet normal -0.01745241762706844 -0.9998476949610728 0
    outer loop
      vertex 3.75 0 4
      vertex 3.75 0 49
      vertex 3.6191268861293793 0.002284400165081024 49
    endloop
  endfacet
  facet normal -0.7880107577629124 -0.615661470005977 0
    outer loop
      vertex 0.8773333355784416 1.3395464643836021 4
      vertex 0.8773333355784416 1.3395464643836021 49
      vertex 0.7161862701177597 1.5458053052425385 49
    endloop
  endfacet
  facet normal -0.8290375656234815 -0.559192913747207 0
    outer loop
      vertex 0.7161862701177597 1.5458053052425385 4
      vertex 0.7161862701177597 1.5458053052425385 49
      vertex 0.5698196366429329 1.7628027573227882 49
    endloop
  endfacet
  facet normal -0.8660254189285214 -0.4999999737696784 0
    outer loop
      vertex 0.5698196366429329 1.7628027573227882 4
      vertex 0.5698196366429329 1.7628027573227882 49
      vertex 0.43894653022289276 1.9894816428422928 49
    endloop
  endfacet
  facet normal -0.8987940420057225 -0.4383711555919429 0
    outer loop
      vertex 0.43894653022289276 1.9894816428422928 4
      vertex 0.43894653022289276 1.9894816428422928 49
      vertex 0.32420453429222107 2.2247375920414925 49
    endloop
  endfacet
  facet normal -0.9271838523025518 -0.3746065990200918 0
    outer loop
      vertex 0.32420453429222107 2.2247375920414925 4
      vertex 0.32420453429222107 2.2247375920414925 49
      vertex 0.2261526733636856 2.4674244597554207 49
    endloop
  endfacet
  facet normal -0.951056516308457 -0.3090169943340035 0
    outer loop
      vertex 0.2261526733636856 2.4674244597554207 4
      vertex 0.2261526733636856 2.4674244597554207 49
      vertex 0.14526864141225815 2.7163599133491516 49
    endloop
  endfacet
  facet normal -0.9702957285113611 -0.2419218866341092 0
    outer loop
      vertex 0.14526864141225815 2.7163599133491516 4
      vertex 0.14526864141225815 2.7163599133491516 49
      vertex 0.08194649964570999 2.970331162214279 49
    endloop
  endfacet
  facet normal -0.9848077494987412 -0.17364819759278963 0
    outer loop
      vertex 0.08194649964570999 2.970331162214279 4
      vertex 0.08194649964570999 2.970331162214279 49
      vertex 0.03649473935365677 3.228100873529911 49
    endloop
  endfacet
  facet normal -0.9945218974016594 -0.10452844392127601 0
    outer loop
      vertex 0.03649473935365677 3.228100873529911 4
      vertex 0.03649473935365677 3.228100873529911 49
      vertex 0.009134814143180847 3.4884132221341133 49
    endloop
  endfacet
  facet normal -0.9993908266764728 -0.03489950651393371 0
    outer loop
      vertex 0.009134814143180847 3.4884132221341133 4
      vertex 0.009134814143180847 3.4884132221341133 49
      vertex 0 3.75 49
    endloop
  endfacet
  facet normal 0 0 1
    outer loop
      vertex 0.32420453429222107 2.2247375920414925 49
      vertex 6.5 3.0096305466556075 49
      vertex 0.2261526733636856 2.4674244597554207 49
    endloop
  endfacet
  facet normal 0 0 1
    outer loop
      vertex 0.2261526733636856 2.4674244597554207 49
      vertex 6.5 3.0096305466556075 49
      vertex 0.14526864141225815 2.7163599133491516 49
    endloop
  endfacet
  facet normal 0 0 1
    outer loop
      vertex 0.14526864141225815 2.7163599133491516 49
      vertex 6.5 3.0096305466556075 49
      vertex 0.08194649964570999 2.970331162214279 49
    endloop
  endfacet
  facet normal 0 0 1
    outer loop
      vertex 0.08194649964570999 2.970331162214279 49
      vertex 5.135775447951957 3.287478409191536 49
      vertex 0.03649473935365677 3.228100873529911 49
    endloop
  endfacet
  facet normal 0 0 1
    outer loop
      vertex 0.03649473935365677 3.228100873529911 49
      vertex 3.6613575209206317 4.4728909115321756 49
      vertex 0.009134814143180847 3.4884132221341133 49
    endloop
  endfacet
  facet normal 0 0 1
    outer loop
      vertex 0.009134814143180847 3.4884132221341133 49
      vertex 3.6613575209206317 4.4728909115321756 49
      vertex 0 3.75 49
    endloop
  endfacet
  facet normal 0 0 1
    outer loop
      vertex 0.08194649964570999 2.970331162214279 49
      vertex 5.743469948065297 3.0937745373861674 49
      vertex 5.370090351568862 3.2070379997100105 49
    endloop
  endfacet
  facet normal 0 0 1
    outer loop
      vertex 0.08194649964570999 2.970331162214279 49
      vertex 5.370090351568862 3.2070379997100105 49
      vertex 5.135775447951957 3.287478409191536 49
    endloop
  endfacet
  facet normal 0 0 1
    outer loop
      vertex 0.08194649964570999 2.970331162214279 49
      vertex 6.376130983233452 3.0147538042926314 49
      vertex 5.98782916564943 3.052998195232618 49
    endloop
  endfacet
  facet normal 0 0 1
    outer loop
      vertex 0.08194649964570999 2.970331162214279 49
      vertex 5.98782916564943 3.052998195232618 49
      vertex 5.743469948065297 3.0937745373861674 49
    endloop
  endfacet
  facet normal 0 0 1
    outer loop
      vertex 0.08194649964570999 2.970331162214279 49
      vertex 6.5 3.0096305466556075 49
      vertex 6.376130983233452 3.0147538042926314 49
    endloop
  endfacet
  facet normal 0 0 1
    outer loop
      vertex 0.03649473935365677 3.228100873529911 49
      vertex 4.791666841042769 3.471408291561005 49
      vertex 4.573787739408743 3.589318564934132 49
    endloop
  endfacet
  facet normal 0 0 1
    outer loop
      vertex 0.03649473935365677 3.228100873529911 49
      vertex 4.573787739408743 3.589318564934132 49
      vertex 4.378287618888152 3.7414824132150386 49
    endloop
  endfacet
  facet normal 0 0 1
    outer loop
      vertex 0.03649473935365677 3.228100873529911 49
      vertex 5.135775447951957 3.287478409191536 49
      vertex 4.791666841042769 3.471408291561005 49
    endloop
  endfacet
  facet normal 0 0 1
    outer loop
      vertex 0.03649473935365677 3.228100873529911 49
      vertex 4.378287618888152 3.7414824132150386 49
      vertex 4.076673902351416 3.9890103933997487 49
    endloop
  endfacet
  facet normal 0 0 1
    outer loop
      vertex 0.03649473935365677 3.228100873529911 49
      vertex 4.076673902351416 3.9890103933997487 49
      vertex 3.9088855011053454 4.171277194995437 49
    endloop
  endfacet
  facet normal 0 0 1
    outer loop
      vertex 0.03649473935365677 3.228100873529911 49
      vertex 3.9088855011053454 4.171277194995437 49
      vertex 3.6613575209206317 4.4728909115321756 49
    endloop
  endfacet
  facet normal 0 0 1
    outer loop
      vertex 0 3.75 49
      vertex 3.6613575209206317 4.4728909115321756 49
      vertex 3.525857656103966 4.680288886559737 49
    endloop
  endfacet
  facet normal 0 0 1
    outer loop
      vertex 0 3.75 49
      vertex 3.525857656103966 4.680288886559737 49
      vertex 3.341927773734497 5.024397493468921 49
    endloop
  endfacet
  facet normal 0 0 1
    outer loop
      vertex 0 3.75 49
      vertex 3.341927773734497 5.024397493468921 49
      vertex 3.242412536820339 5.2512693788282085 49
    endloop
  endfacet
  facet normal 0 0 1
    outer loop
      vertex 0 3.75 49
      vertex 3.242412536820339 5.2512693788282085 49
      vertex 3.129149074496496 5.6246489753246465 49
    endloop
  endfacet
  facet normal 0 0 1
    outer loop
      vertex 0 3.75 49
      vertex 3.129149074496496 5.6246489753246465 49
      vertex 3.068332980217207 5.864806296420113 49
    endloop
  endfacet
  facet normal 0 0 1
    outer loop
      vertex 0 3.75 49
      vertex 3.068332980217207 5.864806296420113 49
      vertex 3.030088589277213 6.253108114004135 49
    endloop
  endfacet
  facet normal 0 0 1
    outer loop
      vertex 0 3.75 49
      vertex 3.030088589277213 6.253108114004135 49
      vertex 3.0096305466556004 6.5 49
    endloop
  endfacet
  facet normal -1 0 0
    outer loop
      vertex 0 3.75 4
      vertex 0 3.75 49
      vertex 0 38.25 49
    endloop
  endfacet
  facet normal 0 0 1
    outer loop
      vertex 0 3.75 49
      vertex 3.0096305466556004 6.5 49
      vertex 3.0096305466556004 35.5 49
    endloop
  endfacet
  facet normal 0 0 1
    outer loop
      vertex 3.3580182641744614 0.020542889833450317 49
      vertex 3.6191268861293793 0.002284400165081024 49
      vertex 165.28364008665085 0.14526864141225815 49
    endloop
  endfacet
  facet normal 0 0 1
    outer loop
      vertex 3.0988193303346634 0.05697092413902283 49
      vertex 3.3580182641744614 0.020542889833450317 49
      vertex 165.53257554024458 0.2261526733636856 49
    endloop
  endfacet
  facet normal 0 0 1
    outer loop
      vertex 3.6191268861293793 0.002284400165081024 49
      vertex 3.75 0 49
      vertex 165.02966883778572 0.08194649964570999 49
    endloop
  endfacet
  facet normal 0 0 1
    outer loop
      vertex 2.8427928909659386 0.11139102280139923 49
      vertex 3.0988193303346634 0.05697092413902283 49
      vertex 165.7752624079585 0.32420453429222107 49
    endloop
  endfacet
  facet normal 0 0 1
    outer loop
      vertex 2.5911862701177597 0.1835380643606186 49
      vertex 2.8427928909659386 0.11139102280139923 49
      vertex 166.0105183571577 0.43894653022289276 49
    endloop
  endfacet
  facet normal 0 0 1
    outer loop
      vertex 2.5911862701177597 0.1835380643606186 49
      vertex 166.2371972426772 0.5698196366429329 49
      vertex 2.3452252745628357 0.27306054532527924 49
    endloop
  endfacet
  facet normal 0 0 1
    outer loop
      vertex 2.3452252745628357 0.27306054532527924 49
      vertex 166.45419469475746 0.7161862701177597 49
      vertex 2.106108196079731 0.37952232360839844 49
    endloop
  endfacet
  facet normal 0 0 1
    outer loop
      vertex 1.875 0.5024047344923019 49
      vertex 2.106108196079731 0.37952232360839844 49
      vertex 166.6604535356164 0.8773333355784416 49
    endloop
  endfacet
  facet normal 0 0 1
    outer loop
      vertex 1.875 0.5024047344923019 49
      vertex 166.85496889054775 1.0524757504463196 49
      vertex 1.6530266106128693 0.6411091014742851 49
    endloop
  endfacet
  facet normal 0 0 1
    outer loop
      vertex 1.6530266106128693 0.6411091014742851 49
      vertex 167.03679309785366 1.2407602295279503 49
      vertex 1.441269464790821 0.7949596717953682 49
    endloop
  endfacet
  facet normal 0 0 1
    outer loop
      vertex 1.2407602295279503 0.9632069021463394 49
      vertex 1.441269464790821 0.7949596717953682 49
      vertex 167.20504032820463 1.441269464790821 49
    endloop
  endfacet
  facet normal 0 0 1
    outer loop
      vertex 1.2407602295279503 0.9632069021463394 49
      vertex 167.35889089852571 1.6530266106128693 49
      vertex 1.0524757504463196 1.1450311094522476 49
    endloop
  endfacet
  facet normal 0 0 1
    outer loop
      vertex 0.8773333355784416 1.3395464643836021 49
      vertex 167.6204776763916 2.106108196079731 49
      vertex 0.7161862701177597 1.5458053052425385 49
    endloop
  endfacet
  facet normal 0 0 1
    outer loop
      vertex 0.7161862701177597 1.5458053052425385 49
      vertex 167.72693945467472 2.3452252745628357 49
      vertex 0.5698196366429329 1.7628027573227882 49
    endloop
  endfacet
  facet normal 0 0 1
    outer loop
      vertex 1.0524757504463196 1.1450311094522476 49
      vertex 167.4975952655077 1.875 49
      vertex 0.8773333355784416 1.3395464643836021 49
    endloop
  endfacet
  facet normal 0 0 1
    outer loop
      vertex 0.5698196366429329 1.7628027573227882 49
      vertex 167.81646193563938 2.5911862701177597 49
      vertex 0.43894653022289276 1.9894816428422928 49
    endloop
  endfacet
  facet normal 0 0 1
    outer loop
      vertex 0.43894653022289276 1.9894816428422928 49
      vertex 167.8886089771986 2.8427928909659386 49
      vertex 0.32420453429222107 2.2247375920414925 49
    endloop
  endfacet
  facet normal 0 0 1
    outer loop
      vertex 0.32420453429222107 2.2247375920414925 49
      vertex 167.8886089771986 2.8427928909659386 49
      vertex 6.5 3.0096305466556075 49
    endloop
  endfacet
  facet normal 0 0 -1
    outer loop
      vertex 0 3.75 4
      vertex 0 38.25 4
      vertex 0.25 38 4
    endloop
  endfacet
  facet normal 0 0 -1
    outer loop
      vertex 41.75 4 4
      vertex 41.75 38 4
      vertex 42.25 38 4
    endloop
  endfacet
  facet normal -1 0 0
    outer loop
      vertex 0 3.75 4
      vertex 0 38.25 49
      vertex 0 38.25 4
    endloop
  endfacet
  facet normal 0 0 -1
    outer loop
      vertex 0 38.25 4
      vertex 0.252284400165081 38.13087311387062 4
      vertex 0.25 38 4
    endloop
  endfacet
  facet normal 0 0 -1
    outer loop
      vertex 0 38.25 4
      vertex 0.2705428898334503 38.39198173582554 4
      vertex 0.252284400165081 38.13087311387062 4
    endloop
  endfacet
  facet normal 0 0 -1
    outer loop
      vertex 0 38.25 4
      vertex 0.002284400165081024 38.38087311387062 4
      vertex 0.2705428898334503 38.39198173582554 4
    endloop
  endfacet
  facet normal 0 0 -1
    outer loop
      vertex 0.002284400165081024 38.38087311387062 4
      vertex 0.020542889833450317 38.64198173582554 4
      vertex 0.2705428898334503 38.39198173582554 4
    endloop
  endfacet
  facet normal 0 0 -1
    outer loop
      vertex 0.020542889833450317 38.64198173582554 4
      vertex 0.3069709241390228 38.65118066966534 4
      vertex 0.2705428898334503 38.39198173582554 4
    endloop
  endfacet
  facet normal 0 0 -1
    outer loop
      vertex 0.020542889833450317 38.64198173582554 4
      vertex 0.36139102280139923 38.90720710903406 4
      vertex 0.3069709241390228 38.65118066966534 4
    endloop
  endfacet
  facet normal 0 0 -1
    outer loop
      vertex 0.020542889833450317 38.64198173582554 4
      vertex 0.05697092413902283 38.90118066966534 4
      vertex 0.36139102280139923 38.90720710903406 4
    endloop
  endfacet
  facet normal 0 0 -1
    outer loop
      vertex 0.05697092413902283 38.90118066966534 4
      vertex 0.11139102280139923 39.15720710903406 4
      vertex 0.36139102280139923 38.90720710903406 4
    endloop
  endfacet
  facet normal 0 0 -1
    outer loop
      vertex 0.11139102280139923 39.15720710903406 4
      vertex 0.4335380643606186 39.15881372988224 4
      vertex 0.36139102280139923 38.90720710903406 4
    endloop
  endfacet
  facet normal 0 0 -1
    outer loop
      vertex 0.11139102280139923 39.15720710903406 4
      vertex 0.1835380643606186 39.40881372988224 4
      vertex 0.5230605453252792 39.404774725437164 4
    endloop
  endfacet
  facet normal 0 0 -1
    outer loop
      vertex 0.11139102280139923 39.15720710903406 4
      vertex 0.5230605453252792 39.404774725437164 4
      vertex 0.4335380643606186 39.15881372988224 4
    endloop
  endfacet
  facet normal 0 0 -1
    outer loop
      vertex 0.1835380643606186 39.40881372988224 4
      vertex 0.6295223236083984 39.64389180392027 4
      vertex 0.5230605453252792 39.404774725437164 4
    endloop
  endfacet
  facet normal 0 0 -1
    outer loop
      vertex 0.1835380643606186 39.40881372988224 4
      vertex 0.27306054532527924 39.654774725437164 4
      vertex 0.6295223236083984 39.64389180392027 4
    endloop
  endfacet
  facet normal 0 0 -1
    outer loop
      vertex 0.27306054532527924 39.654774725437164 4
      vertex 0.7524047344923019 39.875 4
      vertex 0.6295223236083984 39.64389180392027 4
    endloop
  endfacet
  facet normal 0 0 -1
    outer loop
      vertex 0.27306054532527924 39.654774725437164 4
      vertex 0.37952232360839844 39.89389180392027 4
      vertex 0.7524047344923019 39.875 4
    endloop
  endfacet
  facet normal 0 0 -1
    outer loop
      vertex 0.37952232360839844 39.89389180392027 4
      vertex 0.8911091014742851 40.09697338938713 4
      vertex 0.7524047344923019 39.875 4
    endloop
  endfacet
  facet normal 0 0 -1
    outer loop
      vertex 0.37952232360839844 39.89389180392027 4
      vertex 0.5024047344923019 40.125 4
      vertex 0.8911091014742851 40.09697338938713 4
    endloop
  endfacet
  facet normal 0 0 -1
    outer loop
      vertex 0.5024047344923019 40.125 4
      vertex 1.0449596717953682 40.30873053520918 4
      vertex 0.8911091014742851 40.09697338938713 4
    endloop
  endfacet
  facet normal 0 0 -1
    outer loop
      vertex 0.5024047344923019 40.125 4
      vertex 0.6411091014742851 40.34697338938713 4
      vertex 1.0449596717953682 40.30873053520918 4
    endloop
  endfacet
  facet normal 0 0 -1
    outer loop
      vertex 0.6411091014742851 40.34697338938713 4
      vertex 1.2132069021463394 40.50923977047205 4
      vertex 1.0449596717953682 40.30873053520918 4
    endloop
  endfacet
  facet normal 0 0 -1
    outer loop
      vertex 0.6411091014742851 40.34697338938713 4
      vertex 0.7949596717953682 40.55873053520918 4
      vertex 1.2132069021463394 40.50923977047205 4
    endloop
  endfacet
  facet normal 0 0 -1
    outer loop
      vertex 0.7949596717953682 40.55873053520918 4
      vertex 1.3950311094522476 40.69752424955368 4
      vertex 1.2132069021463394 40.50923977047205 4
    endloop
  endfacet
  facet normal 0 0 -1
    outer loop
      vertex 0.7949596717953682 40.55873053520918 4
      vertex 0.9632069021463394 40.75923977047205 4
      vertex 1.3950311094522476 40.69752424955368 4
    endloop
  endfacet
  facet normal 0 0 -1
    outer loop
      vertex 0.9632069021463394 40.75923977047205 4
      vertex 1.1450311094522476 40.94752424955368 4
      vertex 1.5895464643836021 40.87266666442156 4
    endloop
  endfacet
  facet normal 0 0 -1
    outer loop
      vertex 0.9632069021463394 40.75923977047205 4
      vertex 1.5895464643836021 40.87266666442156 4
      vertex 1.3950311094522476 40.69752424955368 4
    endloop
  endfacet
  facet normal 0 0 -1
    outer loop
      vertex 1.1450311094522476 40.94752424955368 4
      vertex 1.7958053052425385 41.03381372988224 4
      vertex 1.5895464643836021 40.87266666442156 4
    endloop
  endfacet
  facet normal 0 0 -1
    outer loop
      vertex 1.1450311094522476 40.94752424955368 4
      vertex 1.3395464643836021 41.12266666442156 4
      vertex 1.7958053052425385 41.03381372988224 4
    endloop
  endfacet
  facet normal 0 0 -1
    outer loop
      vertex 1.3395464643836021 41.12266666442156 4
      vertex 2.0128027573227882 41.18018036335707 4
      vertex 1.7958053052425385 41.03381372988224 4
    endloop
  endfacet
  facet normal 0 0 -1
    outer loop
      vertex 1.3395464643836021 41.12266666442156 4
      vertex 1.5458053052425385 41.28381372988224 4
      vertex 2.0128027573227882 41.18018036335707 4
    endloop
  endfacet
  facet normal 0 0 -1
    outer loop
      vertex 1.5458053052425385 41.28381372988224 4
      vertex 2.239481642842293 41.31105346977711 4
      vertex 2.0128027573227882 41.18018036335707 4
    endloop
  endfacet
  facet normal 0 0 -1
    outer loop
      vertex 1.5458053052425385 41.28381372988224 4
      vertex 1.7628027573227882 41.43018036335707 4
      vertex 2.239481642842293 41.31105346977711 4
    endloop
  endfacet
  facet normal 0 0 -1
    outer loop
      vertex 1.7628027573227882 41.43018036335707 4
      vertex 2.4747375920414925 41.42579546570778 4
      vertex 2.239481642842293 41.31105346977711 4
    endloop
  endfacet
  facet normal 0 0 -1
    outer loop
      vertex 1.7628027573227882 41.43018036335707 4
      vertex 1.9894816428422928 41.56105346977711 4
      vertex 2.7174244597554207 41.523847326636314 4
    endloop
  endfacet
  facet normal 0 0 -1
    outer loop
      vertex 1.7628027573227882 41.43018036335707 4
      vertex 2.7174244597554207 41.523847326636314 4
      vertex 2.4747375920414925 41.42579546570778 4
    endloop
  endfacet
  facet normal 0 0 -1
    outer loop
      vertex 1.9894816428422928 41.56105346977711 4
      vertex 2.9663599133491516 41.60473135858774 4
      vertex 2.7174244597554207 41.523847326636314 4
    endloop
  endfacet
  facet normal 0 0 -1
    outer loop
      vertex 1.9894816428422928 41.56105346977711 4
      vertex 2.2247375920414925 41.67579546570778 4
      vertex 2.9663599133491516 41.60473135858774 4
    endloop
  endfacet
  facet normal 0 0 -1
    outer loop
      vertex 2.2247375920414925 41.67579546570778 4
      vertex 3.220331162214279 41.66805350035429 4
      vertex 2.9663599133491516 41.60473135858774 4
    endloop
  endfacet
  facet normal 0 0 -1
    outer loop
      vertex 2.2247375920414925 41.67579546570778 4
      vertex 2.4674244597554207 41.773847326636314 4
      vertex 3.478100873529911 41.71350526064634 4
    endloop
  endfacet
  facet normal 0 0 -1
    outer loop
      vertex 2.2247375920414925 41.67579546570778 4
      vertex 3.478100873529911 41.71350526064634 4
      vertex 3.220331162214279 41.66805350035429 4
    endloop
  endfacet
  facet normal 0 0 -1
    outer loop
      vertex 2.4674244597554207 41.773847326636314 4
      vertex 3.7384132221341133 41.74086518585682 4
      vertex 3.478100873529911 41.71350526064634 4
    endloop
  endfacet
  facet normal 0 0 -1
    outer loop
      vertex 2.4674244597554207 41.773847326636314 4
      vertex 4 41.75 4
      vertex 3.7384132221341133 41.74086518585682 4
    endloop
  endfacet
  facet normal 0 0 -1
    outer loop
      vertex 3.228100873529911 41.96350526064634 4
      vertex 3.4884132221341133 41.99086518585682 4
      vertex 3.75 42 4
    endloop
  endfacet
  facet normal 0 0 -1
    outer loop
      vertex 2.4674244597554207 41.773847326636314 4
      vertex 38 41.75 4
      vertex 4 41.75 4
    endloop
  endfacet
  facet normal 0 0 -1
    outer loop
      vertex 2.4674244597554207 41.773847326636314 4
      vertex 46 41.75 4
      vertex 38 41.75 4
    endloop
  endfacet
  facet normal 0 0 -1
    outer loop
      vertex 41.74086518585682 38.26158677786589 4
      vertex 42.25228440016508 38.13087311387062 4
      vertex 41.75 38 4
    endloop
  endfacet
  facet normal 0 0 -1
    outer loop
      vertex 41.71350526064634 38.52189912647009 4
      vertex 42.30697092413902 38.65118066966534 4
      vertex 41.74086518585682 38.26158677786589 4
    endloop
  endfacet
  facet normal 0 0 -1
    outer loop
      vertex 41.66805350035429 38.77966883778572 4
      vertex 42.30697092413902 38.65118066966534 4
      vertex 41.71350526064634 38.52189912647009 4
    endloop
  endfacet
  facet normal 0 0 -1
    outer loop
      vertex 41.66805350035429 38.77966883778572 4
      vertex 41.60473135858774 39.03364008665085 4
      vertex 42.3613910228014 38.90720710903406 4
    endloop
  endfacet
  facet normal 0 0 -1
    outer loop
      vertex 41.60473135858774 39.03364008665085 4
      vertex 41.523847326636314 39.28257554024458 4
      vertex 42.52306054532528 39.404774725437164 4
    endloop
  endfacet
  facet normal 0 0 -1
    outer loop
      vertex 41.42579546570778 39.52526240795851 4
      vertex 42.6295223236084 39.64389180392027 4
      vertex 41.523847326636314 39.28257554024458 4
    endloop
  endfacet
  facet normal 0 0 -1
    outer loop
      vertex 41.31105346977711 39.76051835715771 4
      vertex 42.6295223236084 39.64389180392027 4
      vertex 41.42579546570778 39.52526240795851 4
    endloop
  endfacet
  facet normal 0 0 -1
    outer loop
      vertex 41.31105346977711 39.76051835715771 4
      vertex 41.18018036335707 39.98719724267721 4
      vertex 42.891109101474285 40.09697338938713 4
    endloop
  endfacet
  facet normal 0 0 -1
    outer loop
      vertex 41.03381372988224 40.20419469475746 4
      vertex 42.891109101474285 40.09697338938713 4
      vertex 41.18018036335707 39.98719724267721 4
    endloop
  endfacet
  facet normal 0 0 -1
    outer loop
      vertex 41.03381372988224 40.20419469475746 4
      vertex 40.87266666442156 40.4104535356164 4
      vertex 43.21320690214634 40.50923977047205 4
    endloop
  endfacet
  facet normal 0 0 -1
    outer loop
      vertex 40.87266666442156 40.4104535356164 4
      vertex 40.69752424955368 40.60496889054775 4
      vertex 43.39503110945225 40.69752424955368 4
    endloop
  endfacet
  facet normal 0 0 -1
    outer loop
      vertex 40.69752424955368 40.60496889054775 4
      vertex 40.50923977047205 40.78679309785366 4
      vertex 43.5895464643836 40.87266666442156 4
    endloop
  endfacet
  facet normal 0 0 -1
    outer loop
      vertex 40.30873053520918 40.95504032820463 4
      vertex 43.79580530524254 41.03381372988224 4
      vertex 40.50923977047205 40.78679309785366 4
    endloop
  endfacet
  facet normal 0 0 -1
    outer loop
      vertex 40.09697338938713 41.108890898525715 4
      vertex 44.01280275732279 41.18018036335707 4
      vertex 40.30873053520918 40.95504032820463 4
    endloop
  endfacet
  facet normal 0 0 -1
    outer loop
      vertex 39.875 41.2475952655077 4
      vertex 44.23948164284229 41.31105346977711 4
      vertex 40.09697338938713 41.108890898525715 4
    endloop
  endfacet
  facet normal 0 0 -1
    outer loop
      vertex 39.64389180392027 41.3704776763916 4
      vertex 39.404774725437164 41.47693945467472 4
      vertex 44.47473759204149 41.42579546570778 4
    endloop
  endfacet
  facet normal 0 0 -1
    outer loop
      vertex 39.64389180392027 41.3704776763916 4
      vertex 44.47473759204149 41.42579546570778 4
      vertex 39.875 41.2475952655077 4
    endloop
  endfacet
  facet normal 0 0 -1
    outer loop
      vertex 39.15881372988224 41.56646193563938 4
      vertex 44.96635991334915 41.60473135858774 4
      vertex 39.404774725437164 41.47693945467472 4
    endloop
  endfacet
  facet normal 0 0 -1
    outer loop
      vertex 38.90720710903406 41.6386089771986 4
      vertex 45.22033116221428 41.66805350035429 4
      vertex 39.15881372988224 41.56646193563938 4
    endloop
  endfacet
  facet normal 0 0 -1
    outer loop
      vertex 38.13087311387062 41.74771559983492 4
      vertex 46 41.75 4
      vertex 38.39198173582554 41.72945711016655 4
    endloop
  endfacet
  facet normal 0 0 -1
    outer loop
      vertex 38.13087311387062 41.74771559983492 4
      vertex 38 41.75 4
      vertex 46 41.75 4
    endloop
  endfacet
  facet normal 0 0 -1
    outer loop
      vertex 38.90720710903406 41.6386089771986 4
      vertex 38.65118066966534 41.69302907586098 4
      vertex 45.47810087352991 41.71350526064634 4
    endloop
  endfacet
  facet normal 0 0 -1
    outer loop
      vertex 38.39198173582554 41.72945711016655 4
      vertex 45.73841322213411 41.74086518585682 4
      vertex 38.65118066966534 41.69302907586098 4
    endloop
  endfacet
  facet normal -0.9998476949610728 0.01745241762706844 0
    outer loop
      vertex 0 38.25 4
      vertex 0.002284400165081024 38.38087311387062 49
      vertex 0.002284400165081024 38.38087311387062 4
    endloop
  endfacet
  facet normal -0.9975640512796179 0.06975645916039604 0
    outer loop
      vertex 0.002284400165081024 38.38087311387062 4
      vertex 0.020542889833450317 38.64198173582554 49
      vertex 0.020542889833450317 38.64198173582554 4
    endloop
  endfacet
  facet normal -0.9902680688522705 0.13917310017239254 0
    outer loop
      vertex 0.020542889833450317 38.64198173582554 4
      vertex 0.05697092413902283 38.90118066966534 49
      vertex 0.05697092413902283 38.90118066966534 4
    endloop
  endfacet
  facet normal -0.9781476015002515 0.20791168721191455 0
    outer loop
      vertex 0.05697092413902283 38.90118066966534 4
      vertex 0.11139102280139923 39.15720710903406 49
      vertex 0.11139102280139923 39.15720710903406 4
    endloop
  endfacet
  facet normal -0.9612616918845164 0.2756373699542879 0
    outer loop
      vertex 0.11139102280139923 39.15720710903406 4
      vertex 0.1835380643606186 39.40881372988224 49
      vertex 0.1835380643606186 39.40881372988224 4
    endloop
  endfacet
  facet normal -0.939692621041079 0.3420201426245933 0
    outer loop
      vertex 0.1835380643606186 39.40881372988224 4
      vertex 0.27306054532527924 39.654774725437164 49
      vertex 0.27306054532527924 39.654774725437164 4
    endloop
  endfacet
  facet normal -0.913545463611597 0.40673662966921503 0
    outer loop
      vertex 0.27306054532527924 39.654774725437164 4
      vertex 0.37952232360839844 39.89389180392027 49
      vertex 0.37952232360839844 39.89389180392027 4
    endloop
  endfacet
  facet normal -0.882947587642265 0.46947157259700467 0
    outer loop
      vertex 0.37952232360839844 39.89389180392027 4
      vertex 0.5024047344923019 40.125 49
      vertex 0.5024047344923019 40.125 4
    endloop
  endfacet
  facet normal -0.8480480978483979 0.5299192615254837 0
    outer loop
      vertex 0.5024047344923019 40.125 4
      vertex 0.6411091014742851 40.34697338938713 49
      vertex 0.6411091014742851 40.34697338938713 4
    endloop
  endfacet
  facet normal -0.8090169975136929 0.5877852479723605 0
    outer loop
      vertex 0.6411091014742851 40.34697338938713 4
      vertex 0.7949596717953682 40.55873053520918 49
      vertex 0.7949596717953682 40.55873053520918 4
    endloop
  endfacet
  facet normal -0.7660444337236486 0.6427876208834568 0
    outer loop
      vertex 0.7949596717953682 40.55873053520918 4
      vertex 0.9632069021463394 40.75923977047205 49
      vertex 0.9632069021463394 40.75923977047205 4
    endloop
  endfacet
  facet normal -0.7193398015101028 0.6946583692459236 0
    outer loop
      vertex 0.9632069021463394 40.75923977047205 4
      vertex 1.1450311094522476 40.94752424955368 49
      vertex 1.1450311094522476 40.94752424955368 4
    endloop
  endfacet
  facet normal -0.669130611865031 0.743144820519614 0
    outer loop
      vertex 1.1450311094522476 40.94752424955368 4
      vertex 1.3395464643836021 41.12266666442156 49
      vertex 1.3395464643836021 41.12266666442156 4
    endloop
  endfacet
  facet normal -0.615661470005977 0.7880107577629124 0
    outer loop
      vertex 1.3395464643836021 41.12266666442156 4
      vertex 1.5458053052425385 41.28381372988224 49
      vertex 1.5458053052425385 41.28381372988224 4
    endloop
  endfacet
  facet normal -0.559192913747207 0.8290375656234815 0
    outer loop
      vertex 1.5458053052425385 41.28381372988224 4
      vertex 1.7628027573227882 41.43018036335707 49
      vertex 1.7628027573227882 41.43018036335707 4
    endloop
  endfacet
  facet normal -0.4999999737696784 0.8660254189285214 0
    outer loop
      vertex 1.7628027573227882 41.43018036335707 4
      vertex 1.9894816428422928 41.56105346977711 49
      vertex 1.9894816428422928 41.56105346977711 4
    endloop
  endfacet
  facet normal -0.4383711555919429 0.8987940420057225 0
    outer loop
      vertex 1.9894816428422928 41.56105346977711 4
      vertex 2.2247375920414925 41.67579546570778 49
      vertex 2.2247375920414925 41.67579546570778 4
    endloop
  endfacet
  facet normal -0.3746065990200918 0.9271838523025518 0
    outer loop
      vertex 2.2247375920414925 41.67579546570778 4
      vertex 2.4674244597554207 41.773847326636314 49
      vertex 2.4674244597554207 41.773847326636314 4
    endloop
  endfacet
  facet normal -0.3090169943340035 0.951056516308457 0
    outer loop
      vertex 2.4674244597554207 41.773847326636314 4
      vertex 2.7163599133491516 41.85473135858774 49
      vertex 2.7163599133491516 41.85473135858774 4
    endloop
  endfacet
  facet normal -0.2419218866341092 0.9702957285113611 0
    outer loop
      vertex 2.7163599133491516 41.85473135858774 4
      vertex 2.970331162214279 41.91805350035429 49
      vertex 2.970331162214279 41.91805350035429 4
    endloop
  endfacet
  facet normal -0.17364819759278963 0.9848077494987412 0
    outer loop
      vertex 2.970331162214279 41.91805350035429 4
      vertex 3.228100873529911 41.96350526064634 49
      vertex 3.228100873529911 41.96350526064634 4
    endloop
  endfacet
  facet normal -0.10452844392127601 0.9945218974016594 0
    outer loop
      vertex 3.228100873529911 41.96350526064634 4
      vertex 3.4884132221341133 41.99086518585682 49
      vertex 3.4884132221341133 41.99086518585682 4
    endloop
  endfacet
  facet normal -0.03489950651393371 0.9993908266764728 0
    outer loop
      vertex 3.4884132221341133 41.99086518585682 4
      vertex 3.75 42 49
      vertex 3.75 42 4
    endloop
  endfacet
  facet normal 0 0 -1
    outer loop
      vertex 83.75 4 4
      vertex 83.75 38 4
      vertex 84.25 38 4
    endloop
  endfacet
  facet normal 0 0 -1
    outer loop
      vertex 41.75 38 4
      vertex 42.25228440016508 38.13087311387062 4
      vertex 42.25 38 4
    endloop
  endfacet
  facet normal 0 0 -1
    outer loop
      vertex 41.74086518585682 38.26158677786589 4
      vertex 42.27054288983345 38.39198173582554 4
      vertex 42.25228440016508 38.13087311387062 4
    endloop
  endfacet
  facet normal 0 0 -1
    outer loop
      vertex 41.74086518585682 38.26158677786589 4
      vertex 42.30697092413902 38.65118066966534 4
      vertex 42.27054288983345 38.39198173582554 4
    endloop
  endfacet
  facet normal 0 0 -1
    outer loop
      vertex 41.66805350035429 38.77966883778572 4
      vertex 42.3613910228014 38.90720710903406 4
      vertex 42.30697092413902 38.65118066966534 4
    endloop
  endfacet
  facet normal 0 0 -1
    outer loop
      vertex 41.60473135858774 39.03364008665085 4
      vertex 42.43353806436062 39.15881372988224 4
      vertex 42.3613910228014 38.90720710903406 4
    endloop
  endfacet
  facet normal 0 0 -1
    outer loop
      vertex 41.60473135858774 39.03364008665085 4
      vertex 42.52306054532528 39.404774725437164 4
      vertex 42.43353806436062 39.15881372988224 4
    endloop
  endfacet
  facet normal 0 0 -1
    outer loop
      vertex 42.6295223236084 39.64389180392027 4
      vertex 42.52306054532528 39.404774725437164 4
      vertex 41.523847326636314 39.28257554024458 4
    endloop
  endfacet
  facet normal 0 0 -1
    outer loop
      vertex 41.31105346977711 39.76051835715771 4
      vertex 42.7524047344923 39.875 4
      vertex 42.6295223236084 39.64389180392027 4
    endloop
  endfacet
  facet normal 0 0 -1
    outer loop
      vertex 41.31105346977711 39.76051835715771 4
      vertex 42.891109101474285 40.09697338938713 4
      vertex 42.7524047344923 39.875 4
    endloop
  endfacet
  facet normal 0 0 -1
    outer loop
      vertex 41.03381372988224 40.20419469475746 4
      vertex 43.04495967179537 40.30873053520918 4
      vertex 42.891109101474285 40.09697338938713 4
    endloop
  endfacet
  facet normal 0 0 -1
    outer loop
      vertex 43.04495967179537 40.30873053520918 4
      vertex 41.03381372988224 40.20419469475746 4
      vertex 43.21320690214634 40.50923977047205 4
    endloop
  endfacet
  facet normal 0 0 -1
    outer loop
      vertex 43.21320690214634 40.50923977047205 4
      vertex 40.87266666442156 40.4104535356164 4
      vertex 43.39503110945225 40.69752424955368 4
    endloop
  endfacet
  facet normal 0 0 -1
    outer loop
      vertex 43.39503110945225 40.69752424955368 4
      vertex 40.69752424955368 40.60496889054775 4
      vertex 43.5895464643836 40.87266666442156 4
    endloop
  endfacet
  facet normal 0 0 -1
    outer loop
      vertex 43.5895464643836 40.87266666442156 4
      vertex 40.50923977047205 40.78679309785366 4
      vertex 43.79580530524254 41.03381372988224 4
    endloop
  endfacet
  facet normal 0 0 -1
    outer loop
      vertex 43.79580530524254 41.03381372988224 4
      vertex 40.30873053520918 40.95504032820463 4
      vertex 44.01280275732279 41.18018036335707 4
    endloop
  endfacet
  facet normal 0 0 -1
    outer loop
      vertex 40.09697338938713 41.108890898525715 4
      vertex 44.23948164284229 41.31105346977711 4
      vertex 44.01280275732279 41.18018036335707 4
    endloop
  endfacet
  facet normal 0 0 -1
    outer loop
      vertex 39.875 41.2475952655077 4
      vertex 44.47473759204149 41.42579546570778 4
      vertex 44.23948164284229 41.31105346977711 4
    endloop
  endfacet
  facet normal 0 0 -1
    outer loop
      vertex 39.404774725437164 41.47693945467472 4
      vertex 44.71742445975542 41.523847326636314 4
      vertex 44.47473759204149 41.42579546570778 4
    endloop
  endfacet
  facet normal 0 0 -1
    outer loop
      vertex 44.71742445975542 41.523847326636314 4
      vertex 39.404774725437164 41.47693945467472 4
      vertex 44.96635991334915 41.60473135858774 4
    endloop
  endfacet
  facet normal 0 0 -1
    outer loop
      vertex 44.96635991334915 41.60473135858774 4
      vertex 39.15881372988224 41.56646193563938 4
      vertex 45.22033116221428 41.66805350035429 4
    endloop
  endfacet
  facet normal 0 0 -1
    outer loop
      vertex 2.4674244597554207 41.773847326636314 4
      vertex 80 41.75 4
      vertex 46 41.75 4
    endloop
  endfacet
  facet normal 0 0 -1
    outer loop
      vertex 38.90720710903406 41.6386089771986 4
      vertex 45.47810087352991 41.71350526064634 4
      vertex 45.22033116221428 41.66805350035429 4
    endloop
  endfacet
  facet normal 0 0 -1
    outer loop
      vertex 45.47810087352991 41.71350526064634 4
      vertex 38.65118066966534 41.69302907586098 4
      vertex 45.73841322213411 41.74086518585682 4
    endloop
  endfacet
  facet normal 0 0 -1
    outer loop
      vertex 46 41.75 4
      vertex 45.73841322213411 41.74086518585682 4
      vertex 38.39198173582554 41.72945711016655 4
    endloop
  endfacet
  facet normal 0 0 -1
    outer loop
      vertex 2.4674244597554207 41.773847326636314 4
      vertex 2.7163599133491516 41.85473135858774 4
      vertex 164.64198173582554 41.97945711016655 4
    endloop
  endfacet
  facet normal 0 0 -1
    outer loop
      vertex 2.7163599133491516 41.85473135858774 4
      vertex 2.970331162214279 41.91805350035429 4
      vertex 164.38087311387062 41.99771559983492 4
    endloop
  endfacet
  facet normal 0 0 -1
    outer loop
      vertex 2.970331162214279 41.91805350035429 4
      vertex 3.228100873529911 41.96350526064634 4
      vertex 164.25 42 4
    endloop
  endfacet
  facet normal 0 0 -1
    outer loop
      vertex 3.228100873529911 41.96350526064634 4
      vertex 3.75 42 4
      vertex 164.25 42 4
    endloop
  endfacet
  facet normal 0 0 -1
    outer loop
      vertex 83.74086518585682 38.26158677786589 4
      vertex 84.25228440016508 38.13087311387062 4
      vertex 83.75 38 4
    endloop
  endfacet
  facet normal 0 0 -1
    outer loop
      vertex 83.71350526064634 38.52189912647009 4
      vertex 84.30697092413902 38.65118066966534 4
      vertex 83.74086518585682 38.26158677786589 4
    endloop
  endfacet
  facet normal 0 0 -1
    outer loop
      vertex 83.66805350035429 38.77966883778572 4
      vertex 84.3613910228014 38.90720710903406 4
      vertex 83.71350526064634 38.52189912647009 4
    endloop
  endfacet
  facet normal 0 0 -1
    outer loop
      vertex 83.60473135858774 39.03364008665085 4
      vertex 84.43353806436062 39.15881372988224 4
      vertex 83.66805350035429 38.77966883778572 4
    endloop
  endfacet
  facet normal 0 0 -1
    outer loop
      vertex 83.52384732663631 39.28257554024458 4
      vertex 84.52306054532528 39.404774725437164 4
      vertex 83.60473135858774 39.03364008665085 4
    endloop
  endfacet
  facet normal 0 0 -1
    outer loop
      vertex 83.42579546570778 39.52526240795851 4
      vertex 84.6295223236084 39.64389180392027 4
      vertex 83.52384732663631 39.28257554024458 4
    endloop
  endfacet
  facet normal 0 0 -1
    outer loop
      vertex 83.31105346977711 39.76051835715771 4
      vertex 84.7524047344923 39.875 4
      vertex 83.42579546570778 39.52526240795851 4
    endloop
  endfacet
  facet normal 0 0 -1
    outer loop
      vertex 83.18018036335707 39.98719724267721 4
      vertex 84.89110910147429 40.09697338938713 4
      vertex 83.31105346977711 39.76051835715771 4
    endloop
  endfacet
  facet normal 0 0 -1
    outer loop
      vertex 83.03381372988224 40.20419469475746 4
      vertex 85.04495967179537 40.30873053520918 4
      vertex 83.18018036335707 39.98719724267721 4
    endloop
  endfacet
  facet normal 0 0 -1
    outer loop
      vertex 82.87266666442156 40.4104535356164 4
      vertex 85.21320690214634 40.50923977047205 4
      vertex 83.03381372988224 40.20419469475746 4
    endloop
  endfacet
  facet normal 0 0 -1
    outer loop
      vertex 82.69752424955368 40.60496889054775 4
      vertex 85.39503110945225 40.69752424955368 4
      vertex 82.87266666442156 40.4104535356164 4
    endloop
  endfacet
  facet normal 0 0 -1
    outer loop
      vertex 82.69752424955368 40.60496889054775 4
      vertex 82.50923977047205 40.78679309785366 4
      vertex 85.5895464643836 40.87266666442156 4
    endloop
  endfacet
  facet normal 0 0 -1
    outer loop
      vertex 82.30873053520918 40.95504032820463 4
      vertex 85.79580530524254 41.03381372988224 4
      vertex 82.50923977047205 40.78679309785366 4
    endloop
  endfacet
  facet normal 0 0 -1
    outer loop
      vertex 82.30873053520918 40.95504032820463 4
      vertex 82.09697338938713 41.108890898525715 4
      vertex 86.01280275732279 41.18018036335707 4
    endloop
  endfacet
  facet normal 0 0 -1
    outer loop
      vertex 81.875 41.2475952655077 4
      vertex 86.23948164284229 41.31105346977711 4
      vertex 82.09697338938713 41.108890898525715 4
    endloop
  endfacet
  facet normal 0 0 -1
    outer loop
      vertex 2.4674244597554207 41.773847326636314 4
      vertex 164.90118066966534 41.94302907586098 4
      vertex 80 41.75 4
    endloop
  endfacet
  facet normal 0 0 -1
    outer loop
      vertex 81.64389180392027 41.3704776763916 4
      vertex 86.47473759204149 41.42579546570778 4
      vertex 81.875 41.2475952655077 4
    endloop
  endfacet
  facet normal 0 0 -1
    outer loop
      vertex 81.40477472543716 41.47693945467472 4
      vertex 86.71742445975542 41.523847326636314 4
      vertex 81.64389180392027 41.3704776763916 4
    endloop
  endfacet
  facet normal 0 0 -1
    outer loop
      vertex 81.15881372988224 41.56646193563938 4
      vertex 86.96635991334915 41.60473135858774 4
      vertex 81.40477472543716 41.47693945467472 4
    endloop
  endfacet
  facet normal 0 0 -1
    outer loop
      vertex 80.90720710903406 41.6386089771986 4
      vertex 87.22033116221428 41.66805350035429 4
      vertex 81.15881372988224 41.56646193563938 4
    endloop
  endfacet
  facet normal 0 0 -1
    outer loop
      vertex 80.13087311387062 41.74771559983492 4
      vertex 87.73841322213411 41.74086518585682 4
      vertex 80.39198173582554 41.72945711016655 4
    endloop
  endfacet
  facet normal 0 0 -1
    outer loop
      vertex 80.65118066966534 41.69302907586098 4
      vertex 87.47810087352991 41.71350526064634 4
      vertex 80.90720710903406 41.6386089771986 4
    endloop
  endfacet
  facet normal 0 0 -1
    outer loop
      vertex 80.39198173582554 41.72945711016655 4
      vertex 87.73841322213411 41.74086518585682 4
      vertex 80.65118066966534 41.69302907586098 4
    endloop
  endfacet
  facet normal 0 0 1
    outer loop
      vertex 0 3.75 49
      vertex 3.0096305466556004 35.5 49
      vertex 0 38.25 49
    endloop
  endfacet
  facet normal -0.9998476949610728 0.01745241762706844 0
    outer loop
      vertex 0 38.25 4
      vertex 0 38.25 49
      vertex 0.002284400165081024 38.38087311387062 49
    endloop
  endfacet
  facet normal -0.9975640512796179 0.06975645916039604 0
    outer loop
      vertex 0.002284400165081024 38.38087311387062 4
      vertex 0.002284400165081024 38.38087311387062 49
      vertex 0.020542889833450317 38.64198173582554 49
    endloop
  endfacet
  facet normal -0.9902680688522705 0.13917310017239254 0
    outer loop
      vertex 0.020542889833450317 38.64198173582554 4
      vertex 0.020542889833450317 38.64198173582554 49
      vertex 0.05697092413902283 38.90118066966534 49
    endloop
  endfacet
  facet normal -0.9781476015002515 0.20791168721191455 0
    outer loop
      vertex 0.05697092413902283 38.90118066966534 4
      vertex 0.05697092413902283 38.90118066966534 49
      vertex 0.11139102280139923 39.15720710903406 49
    endloop
  endfacet
  facet normal -0.9612616918845164 0.2756373699542879 0
    outer loop
      vertex 0.11139102280139923 39.15720710903406 4
      vertex 0.11139102280139923 39.15720710903406 49
      vertex 0.1835380643606186 39.40881372988224 49
    endloop
  endfacet
  facet normal -0.939692621041079 0.3420201426245933 0
    outer loop
      vertex 0.1835380643606186 39.40881372988224 4
      vertex 0.1835380643606186 39.40881372988224 49
      vertex 0.27306054532527924 39.654774725437164 49
    endloop
  endfacet
  facet normal -0.913545463611597 0.40673662966921503 0
    outer loop
      vertex 0.27306054532527924 39.654774725437164 4
      vertex 0.27306054532527924 39.654774725437164 49
      vertex 0.37952232360839844 39.89389180392027 49
    endloop
  endfacet
  facet normal -0.882947587642265 0.46947157259700467 0
    outer loop
      vertex 0.37952232360839844 39.89389180392027 4
      vertex 0.37952232360839844 39.89389180392027 49
      vertex 0.5024047344923019 40.125 49
    endloop
  endfacet
  facet normal -0.8480480978483979 0.5299192615254837 0
    outer loop
      vertex 0.5024047344923019 40.125 4
      vertex 0.5024047344923019 40.125 49
      vertex 0.6411091014742851 40.34697338938713 49
    endloop
  endfacet
  facet normal -0.8090169975136929 0.5877852479723605 0
    outer loop
      vertex 0.6411091014742851 40.34697338938713 4
      vertex 0.6411091014742851 40.34697338938713 49
      vertex 0.7949596717953682 40.55873053520918 49
    endloop
  endfacet
  facet normal -0.7660444337236486 0.6427876208834568 0
    outer loop
      vertex 0.7949596717953682 40.55873053520918 4
      vertex 0.7949596717953682 40.55873053520918 49
      vertex 0.9632069021463394 40.75923977047205 49
    endloop
  endfacet
  facet normal -0.7193398015101028 0.6946583692459236 0
    outer loop
      vertex 0.9632069021463394 40.75923977047205 4
      vertex 0.9632069021463394 40.75923977047205 49
      vertex 1.1450311094522476 40.94752424955368 49
    endloop
  endfacet
  facet normal -0.669130611865031 0.743144820519614 0
    outer loop
      vertex 1.1450311094522476 40.94752424955368 4
      vertex 1.1450311094522476 40.94752424955368 49
      vertex 1.3395464643836021 41.12266666442156 49
    endloop
  endfacet
  facet normal -0.615661470005977 0.7880107577629124 0
    outer loop
      vertex 1.3395464643836021 41.12266666442156 4
      vertex 1.3395464643836021 41.12266666442156 49
      vertex 1.5458053052425385 41.28381372988224 49
    endloop
  endfacet
  facet normal -0.559192913747207 0.8290375656234815 0
    outer loop
      vertex 1.5458053052425385 41.28381372988224 4
      vertex 1.5458053052425385 41.28381372988224 49
      vertex 1.7628027573227882 41.43018036335707 49
    endloop
  endfacet
  facet normal -0.4999999737696784 0.8660254189285214 0
    outer loop
      vertex 1.7628027573227882 41.43018036335707 4
      vertex 1.7628027573227882 41.43018036335707 49
      vertex 1.9894816428422928 41.56105346977711 49
    endloop
  endfacet
  facet normal -0.4383711555919429 0.8987940420057225 0
    outer loop
      vertex 1.9894816428422928 41.56105346977711 4
      vertex 1.9894816428422928 41.56105346977711 49
      vertex 2.2247375920414925 41.67579546570778 49
    endloop
  endfacet
  facet normal -0.3746065990200918 0.9271838523025518 0
    outer loop
      vertex 2.2247375920414925 41.67579546570778 4
      vertex 2.2247375920414925 41.67579546570778 49
      vertex 2.4674244597554207 41.773847326636314 49
    endloop
  endfacet
  facet normal -0.3090169943340035 0.951056516308457 0
    outer loop
      vertex 2.4674244597554207 41.773847326636314 4
      vertex 2.4674244597554207 41.773847326636314 49
      vertex 2.7163599133491516 41.85473135858774 49
    endloop
  endfacet
  facet normal -0.2419218866341092 0.9702957285113611 0
    outer loop
      vertex 2.7163599133491516 41.85473135858774 4
      vertex 2.7163599133491516 41.85473135858774 49
      vertex 2.970331162214279 41.91805350035429 49
    endloop
  endfacet
  facet normal -0.17364819759278963 0.9848077494987412 0
    outer loop
      vertex 2.970331162214279 41.91805350035429 4
      vertex 2.970331162214279 41.91805350035429 49
      vertex 3.228100873529911 41.96350526064634 49
    endloop
  endfacet
  facet normal -0.10452844392127601 0.9945218974016594 0
    outer loop
      vertex 3.228100873529911 41.96350526064634 4
      vertex 3.228100873529911 41.96350526064634 49
      vertex 3.4884132221341133 41.99086518585682 49
    endloop
  endfacet
  facet normal -0.03489950651393371 0.9993908266764728 0
    outer loop
      vertex 3.4884132221341133 41.99086518585682 4
      vertex 3.4884132221341133 41.99086518585682 49
      vertex 3.75 42 49
    endloop
  endfacet
  facet normal 0 0 1
    outer loop
      vertex 3.0096305466556004 35.5 49
      vertex 3.0147538042926243 35.62386901676655 49
      vertex 0 38.25 49
    endloop
  endfacet
  facet normal 0 0 1
    outer loop
      vertex 3.0147538042926243 35.62386901676655 49
      vertex 3.052998195232618 36.01217083435057 49
      vertex 0 38.25 49
    endloop
  endfacet
  facet normal 0 0 1
    outer loop
      vertex 3.052998195232618 36.01217083435057 49
      vertex 3.0937745373861674 36.2565300519347 49
      vertex 0 38.25 49
    endloop
  endfacet
  facet normal 0 0 1
    outer loop
      vertex 3.0937745373861674 36.2565300519347 49
      vertex 3.2070379997100105 36.62990964843114 49
      vertex 0 38.25 49
    endloop
  endfacet
  facet normal 0 0 1
    outer loop
      vertex 3.2070379997100105 36.62990964843114 49
      vertex 3.287478409191536 36.86422455204804 49
      vertex 0 38.25 49
    endloop
  endfacet
  facet normal 0 0 1
    outer loop
      vertex 3.287478409191536 36.86422455204804 49
      vertex 3.471408291561005 37.20833315895723 49
      vertex 0 38.25 49
    endloop
  endfacet
  facet normal 0 0 1
    outer loop
      vertex 3.471408291561005 37.20833315895723 49
      vertex 3.589318564934132 37.42621226059126 49
      vertex 0 38.25 49
    endloop
  endfacet
  facet normal 0 0 1
    outer loop
      vertex 3.589318564934132 37.42621226059126 49
      vertex 3.7414824132150386 37.62171238111185 49
      vertex 0 38.25 49
    endloop
  endfacet
  facet normal 0 0 1
    outer loop
      vertex 3.7414824132150386 37.62171238111185 49
      vertex 3.9890103933997523 37.923326097648584 49
      vertex 0 38.25 49
    endloop
  endfacet
  facet normal 0 0 1
    outer loop
      vertex 0 38.25 49
      vertex 4.4728909115321756 38.33864247907937 49
      vertex 0.002284400165081024 38.38087311387062 49
    endloop
  endfacet
  facet normal 0 0 1
    outer loop
      vertex 0.002284400165081024 38.38087311387062 49
      vertex 4.680288886559737 38.474142343896034 49
      vertex 0.020542889833450317 38.64198173582554 49
    endloop
  endfacet
  facet normal 0 0 1
    outer loop
      vertex 0.020542889833450317 38.64198173582554 49
      vertex 5.251269378828212 38.75758746317966 49
      vertex 0.05697092413902283 38.90118066966534 49
    endloop
  endfacet
  facet normal 0 0 1
    outer loop
      vertex 0.05697092413902283 38.90118066966534 49
      vertex 5.864806296420113 38.93166701978279 49
      vertex 0.11139102280139923 39.15720710903406 49
    endloop
  endfacet
  facet normal 0 0 1
    outer loop
      vertex 3.9890103933997523 37.923326097648584 49
      vertex 4.17127719499544 38.091114498894655 49
      vertex 0 38.25 49
    endloop
  endfacet
  facet normal 0 0 1
    outer loop
      vertex 0 38.25 49
      vertex 4.17127719499544 38.091114498894655 49
      vertex 4.4728909115321756 38.33864247907937 49
    endloop
  endfacet
  facet normal 0 0 1
    outer loop
      vertex 0.002284400165081024 38.38087311387062 49
      vertex 4.4728909115321756 38.33864247907937 49
      vertex 4.680288886559737 38.474142343896034 49
    endloop
  endfacet
  facet normal 0 0 1
    outer loop
      vertex 0.020542889833450317 38.64198173582554 49
      vertex 4.680288886559737 38.474142343896034 49
      vertex 5.024397493468925 38.6580722262655 49
    endloop
  endfacet
  facet normal 0 0 1
    outer loop
      vertex 0.020542889833450317 38.64198173582554 49
      vertex 5.024397493468925 38.6580722262655 49
      vertex 5.251269378828212 38.75758746317966 49
    endloop
  endfacet
  facet normal 0 0 1
    outer loop
      vertex 0.05697092413902283 38.90118066966534 49
      vertex 5.251269378828212 38.75758746317966 49
      vertex 5.6246489753246465 38.870850925503504 49
    endloop
  endfacet
  facet normal 0 0 1
    outer loop
      vertex 0.05697092413902283 38.90118066966534 49
      vertex 5.6246489753246465 38.870850925503504 49
      vertex 5.864806296420113 38.93166701978279 49
    endloop
  endfacet
  facet normal 0 0 1
    outer loop
      vertex 0.11139102280139923 39.15720710903406 49
      vertex 5.864806296420113 38.93166701978279 49
      vertex 6.253108114004135 38.96991141072278 49
    endloop
  endfacet
  facet normal 0 0 1
    outer loop
      vertex 0.11139102280139923 39.15720710903406 49
      vertex 6.253108114004135 38.96991141072278 49
      vertex 6.5 38.99036945334439 49
    endloop
  endfacet
  facet normal 0 0 1
    outer loop
      vertex 3.228100873529911 41.96350526064634 49
      vertex 3.75 42 49
      vertex 3.4884132221341133 41.99086518585682 49
    endloop
  endfacet
  facet normal 0 1 0
    outer loop
      vertex 3.75 42 4
      vertex 3.75 42 49
      vertex 164.25 42 49
    endloop
  endfacet
  facet normal 0 0 1
    outer loop
      vertex 0.11139102280139923 39.15720710903406 49
      vertex 6.5 38.99036945334439 49
      vertex 161.5 38.99036945334439 49
    endloop
  endfacet
  facet normal 0 0 1
    outer loop
      vertex 0.11139102280139923 39.15720710903406 49
      vertex 167.5610534697771 40.01051835715771 49
      vertex 0.1835380643606186 39.40881372988224 49
    endloop
  endfacet
  facet normal 0 0 1
    outer loop
      vertex 0.1835380643606186 39.40881372988224 49
      vertex 167.43018036335707 40.23719724267721 49
      vertex 0.27306054532527924 39.654774725437164 49
    endloop
  endfacet
  facet normal 0 0 1
    outer loop
      vertex 0.27306054532527924 39.654774725437164 49
      vertex 167.28381372988224 40.45419469475746 49
      vertex 0.37952232360839844 39.89389180392027 49
    endloop
  endfacet
  facet normal 0 0 1
    outer loop
      vertex 0.37952232360839844 39.89389180392027 49
      vertex 167.12266666442156 40.6604535356164 49
      vertex 0.5024047344923019 40.125 49
    endloop
  endfacet
  facet normal 0 0 1
    outer loop
      vertex 0.5024047344923019 40.125 49
      vertex 166.94752424955368 40.85496889054775 49
      vertex 0.6411091014742851 40.34697338938713 49
    endloop
  endfacet
  facet normal 0 0 1
    outer loop
      vertex 0.6411091014742851 40.34697338938713 49
      vertex 166.75923977047205 41.03679309785366 49
      vertex 0.7949596717953682 40.55873053520918 49
    endloop
  endfacet
  facet normal 0 0 1
    outer loop
      vertex 0.7949596717953682 40.55873053520918 49
      vertex 166.55873053520918 41.20504032820463 49
      vertex 0.9632069021463394 40.75923977047205 49
    endloop
  endfacet
  facet normal 0 0 1
    outer loop
      vertex 0.9632069021463394 40.75923977047205 49
      vertex 166.34697338938713 41.358890898525715 49
      vertex 1.1450311094522476 40.94752424955368 49
    endloop
  endfacet
  facet normal 0 0 1
    outer loop
      vertex 1.1450311094522476 40.94752424955368 49
      vertex 166.125 41.4975952655077 49
      vertex 1.3395464643836021 41.12266666442156 49
    endloop
  endfacet
  facet normal 0 0 1
    outer loop
      vertex 1.3395464643836021 41.12266666442156 49
      vertex 165.89389180392027 41.6204776763916 49
      vertex 1.5458053052425385 41.28381372988224 49
    endloop
  endfacet
  facet normal 0 0 1
    outer loop
      vertex 1.5458053052425385 41.28381372988224 49
      vertex 165.65477472543716 41.72693945467472 49
      vertex 1.7628027573227882 41.43018036335707 49
    endloop
  endfacet
  facet normal 0 0 1
    outer loop
      vertex 1.7628027573227882 41.43018036335707 49
      vertex 165.40881372988224 41.81646193563938 49
      vertex 1.9894816428422928 41.56105346977711 49
    endloop
  endfacet
  facet normal 0 0 1
    outer loop
      vertex 1.9894816428422928 41.56105346977711 49
      vertex 165.15720710903406 41.8886089771986 49
      vertex 2.2247375920414925 41.67579546570778 49
    endloop
  endfacet
  facet normal 0 0 1
    outer loop
      vertex 2.2247375920414925 41.67579546570778 49
      vertex 164.90118066966534 41.94302907586098 49
      vertex 2.4674244597554207 41.773847326636314 49
    endloop
  endfacet
  facet normal 0 0 1
    outer loop
      vertex 2.4674244597554207 41.773847326636314 49
      vertex 164.64198173582554 41.97945711016655 49
      vertex 2.7163599133491516 41.85473135858774 49
    endloop
  endfacet
  facet normal 0 0 1
    outer loop
      vertex 2.7163599133491516 41.85473135858774 49
      vertex 164.38087311387062 41.99771559983492 49
      vertex 2.970331162214279 41.91805350035429 49
    endloop
  endfacet
  facet normal 0 0 1
    outer loop
      vertex 2.970331162214279 41.91805350035429 49
      vertex 164.25 42 49
      vertex 3.228100873529911 41.96350526064634 49
    endloop
  endfacet
  facet normal 0 0 1
    outer loop
      vertex 3.228100873529911 41.96350526064634 49
      vertex 164.25 42 49
      vertex 3.75 42 49
    endloop
  endfacet
  facet normal 0 0 -1
    outer loop
      vertex 87.60801826417446 0.2705428898334503 4
      vertex 80.26158677786589 0.25913481414318085 4
      vertex 87.34881933033466 0.3069709241390228 4
    endloop
  endfacet
  facet normal 0 0 -1
    outer loop
      vertex 87.34881933033466 0.3069709241390228 4
      vertex 80.52189912647009 0.28649473935365677 4
      vertex 87.09279289096594 0.36139102280139923 4
    endloop
  endfacet
  facet normal 0 0 -1
    outer loop
      vertex 80.26158677786589 0.25913481414318085 4
      vertex 87.60801826417446 0.2705428898334503 4
      vertex 87.86912688612938 0.252284400165081 4
    endloop
  endfacet
  facet normal 0 0 -1
    outer loop
      vertex 80.77966883778572 0.33194649964571 4
      vertex 86.84118627011776 0.4335380643606186 4
      vertex 87.09279289096594 0.36139102280139923 4
    endloop
  endfacet
  facet normal 0 0 -1
    outer loop
      vertex 81.03364008665085 0.39526864141225815 4
      vertex 86.59522527456284 0.5230605453252792 4
      vertex 86.84118627011776 0.4335380643606186 4
    endloop
  endfacet
  facet normal 0 0 -1
    outer loop
      vertex 86.59522527456284 0.5230605453252792 4
      vertex 81.28257554024458 0.4761526733636856 4
      vertex 86.35610819607973 0.6295223236083984 4
    endloop
  endfacet
  facet normal 0 0 -1
    outer loop
      vertex 86.35610819607973 0.6295223236083984 4
      vertex 81.52526240795851 0.5742045342922211 4
      vertex 86.125 0.7524047344923019 4
    endloop
  endfacet
  facet normal 0 0 -1
    outer loop
      vertex 3.0988193303346634 0.05697092413902283 4
      vertex 88 0.25 4
      vertex 165.53257554024458 0.2261526733636856 4
    endloop
  endfacet
  facet normal 0 0 -1
    outer loop
      vertex 86.125 0.7524047344923019 4
      vertex 81.76051835715771 0.6889465302228928 4
      vertex 85.90302661061287 0.8911091014742851 4
    endloop
  endfacet
  facet normal 0 0 -1
    outer loop
      vertex 85.90302661061287 0.8911091014742851 4
      vertex 81.98719724267721 0.8198196366429329 4
      vertex 85.69126946479082 1.0449596717953682 4
    endloop
  endfacet
  facet normal 0 0 -1
    outer loop
      vertex 82.20419469475746 0.9661862701177597 4
      vertex 85.49076022952795 1.2132069021463394 4
      vertex 85.69126946479082 1.0449596717953682 4
    endloop
  endfacet
  facet normal 0 0 -1
    outer loop
      vertex 85.49076022952795 1.2132069021463394 4
      vertex 82.4104535356164 1.1273333355784416 4
      vertex 85.30247575044632 1.3950311094522476 4
    endloop
  endfacet
  facet normal 0 0 -1
    outer loop
      vertex 85.30247575044632 1.3950311094522476 4
      vertex 82.60496889054775 1.3024757504463196 4
      vertex 85.12733333557844 1.5895464643836021 4
    endloop
  endfacet
  facet normal 0 0 -1
    outer loop
      vertex 85.12733333557844 1.5895464643836021 4
      vertex 82.78679309785366 1.4907602295279503 4
      vertex 84.96618627011776 1.7958053052425385 4
    endloop
  endfacet
  facet normal 0 0 -1
    outer loop
      vertex 84.96618627011776 1.7958053052425385 4
      vertex 82.95504032820463 1.691269464790821 4
      vertex 84.81981963664293 2.0128027573227882 4
    endloop
  endfacet
  facet normal 0 0 -1
    outer loop
      vertex 84.81981963664293 2.0128027573227882 4
      vertex 83.10889089852571 1.9030266106128693 4
      vertex 84.68894653022289 2.239481642842293 4
    endloop
  endfacet
  facet normal 0 0 -1
    outer loop
      vertex 84.68894653022289 2.239481642842293 4
      vertex 83.2475952655077 2.125 4
      vertex 84.57420453429222 2.4747375920414925 4
    endloop
  endfacet
  facet normal 0 0 -1
    outer loop
      vertex 84.57420453429222 2.4747375920414925 4
      vertex 83.3704776763916 2.356108196079731 4
      vertex 84.47615267336369 2.7174244597554207 4
    endloop
  endfacet
  facet normal 0 0 -1
    outer loop
      vertex 83.47693945467472 2.5952252745628357 4
      vertex 84.39526864141226 2.9663599133491516 4
      vertex 84.47615267336369 2.7174244597554207 4
    endloop
  endfacet
  facet normal 0 0 -1
    outer loop
      vertex 84.39526864141226 2.9663599133491516 4
      vertex 83.56646193563938 2.8411862701177597 4
      vertex 84.33194649964571 3.220331162214279 4
    endloop
  endfacet
  facet normal 0 0 -1
    outer loop
      vertex 83.6386089771986 3.0927928909659386 4
      vertex 84.28649473935366 3.478100873529911 4
      vertex 84.33194649964571 3.220331162214279 4
    endloop
  endfacet
  facet normal 0 0 -1
    outer loop
      vertex 84.28649473935366 3.478100873529911 4
      vertex 83.69302907586098 3.3488193303346634 4
      vertex 84.25913481414318 3.7384132221341133 4
    endloop
  endfacet
  facet normal 0 0 -1
    outer loop
      vertex 83.72945711016655 3.6080182641744614 4
      vertex 84.25 4 4
      vertex 84.25913481414318 3.7384132221341133 4
    endloop
  endfacet
  facet normal 0 0 -1
    outer loop
      vertex 3.75 0 4
      vertex 164.7718991264701 0.03649473935365677 4
      vertex 164.25 0 4
    endloop
  endfacet
  facet normal 0 0 -1
    outer loop
      vertex 3.75 0 4
      vertex 165.02966883778572 0.08194649964570999 4
      vertex 164.7718991264701 0.03649473935365677 4
    endloop
  endfacet
  facet normal 0 0 -1
    outer loop
      vertex 3.6191268861293793 0.002284400165081024 4
      vertex 165.28364008665085 0.14526864141225815 4
      vertex 165.02966883778572 0.08194649964570999 4
    endloop
  endfacet
  facet normal 0 0 -1
    outer loop
      vertex 3.3580182641744614 0.020542889833450317 4
      vertex 165.53257554024458 0.2261526733636856 4
      vertex 165.28364008665085 0.14526864141225815 4
    endloop
  endfacet
  facet normal 0 0 -1
    outer loop
      vertex 122 0.25 4
      vertex 122.26158677786589 0.25913481414318085 4
      vertex 129.60801826417446 0.2705428898334503 4
    endloop
  endfacet
  facet normal 0 0 -1
    outer loop
      vertex 122.52189912647009 0.28649473935365677 4
      vertex 129.34881933033466 0.3069709241390228 4
      vertex 122.26158677786589 0.25913481414318085 4
    endloop
  endfacet
  facet normal 0 0 -1
    outer loop
      vertex 122.52189912647009 0.28649473935365677 4
      vertex 122.77966883778572 0.33194649964571 4
      vertex 129.09279289096594 0.36139102280139923 4
    endloop
  endfacet
  facet normal 0 0 -1
    outer loop
      vertex 165.53257554024458 0.2261526733636856 4
      vertex 88 0.25 4
      vertex 122 0.25 4
    endloop
  endfacet
  facet normal 0 0 -1
    outer loop
      vertex 123.03364008665085 0.39526864141225815 4
      vertex 128.84118627011776 0.4335380643606186 4
      vertex 122.77966883778572 0.33194649964571 4
    endloop
  endfacet
  facet normal 0 0 -1
    outer loop
      vertex 123.28257554024458 0.4761526733636856 4
      vertex 128.59522527456284 0.5230605453252792 4
      vertex 123.03364008665085 0.39526864141225815 4
    endloop
  endfacet
  facet normal 0 0 -1
    outer loop
      vertex 123.52526240795851 0.5742045342922211 4
      vertex 128.59522527456284 0.5230605453252792 4
      vertex 123.28257554024458 0.4761526733636856 4
    endloop
  endfacet
  facet normal 0 0 -1
    outer loop
      vertex 123.76051835715771 0.6889465302228928 4
      vertex 128.125 0.7524047344923019 4
      vertex 123.52526240795851 0.5742045342922211 4
    endloop
  endfacet
  facet normal 0 0 -1
    outer loop
      vertex 123.98719724267721 0.8198196366429329 4
      vertex 127.90302661061287 0.8911091014742851 4
      vertex 123.76051835715771 0.6889465302228928 4
    endloop
  endfacet
  facet normal 0 0 -1
    outer loop
      vertex 124.20419469475746 0.9661862701177597 4
      vertex 127.69126946479082 1.0449596717953682 4
      vertex 123.98719724267721 0.8198196366429329 4
    endloop
  endfacet
  facet normal 0 0 -1
    outer loop
      vertex 124.4104535356164 1.1273333355784416 4
      vertex 127.49076022952795 1.2132069021463394 4
      vertex 124.20419469475746 0.9661862701177597 4
    endloop
  endfacet
  facet normal 0 0 -1
    outer loop
      vertex 124.60496889054775 1.3024757504463196 4
      vertex 127.30247575044632 1.3950311094522476 4
      vertex 124.4104535356164 1.1273333355784416 4
    endloop
  endfacet
  facet normal 0 0 -1
    outer loop
      vertex 124.78679309785366 1.4907602295279503 4
      vertex 127.12733333557844 1.5895464643836021 4
      vertex 124.60496889054775 1.3024757504463196 4
    endloop
  endfacet
  facet normal 0 0 -1
    outer loop
      vertex 124.95504032820463 1.691269464790821 4
      vertex 126.96618627011776 1.7958053052425385 4
      vertex 124.78679309785366 1.4907602295279503 4
    endloop
  endfacet
  facet normal 0 0 -1
    outer loop
      vertex 124.95504032820463 1.691269464790821 4
      vertex 125.10889089852571 1.9030266106128693 4
      vertex 126.81981963664293 2.0128027573227882 4
    endloop
  endfacet
  facet normal 0 0 -1
    outer loop
      vertex 125.10889089852571 1.9030266106128693 4
      vertex 125.2475952655077 2.125 4
      vertex 126.68894653022289 2.239481642842293 4
    endloop
  endfacet
  facet normal 0 0 -1
    outer loop
      vertex 125.3704776763916 2.356108196079731 4
      vertex 126.68894653022289 2.239481642842293 4
      vertex 125.2475952655077 2.125 4
    endloop
  endfacet
  facet normal 0 0 -1
    outer loop
      vertex 125.47693945467472 2.5952252745628357 4
      vertex 126.57420453429222 2.4747375920414925 4
      vertex 125.3704776763916 2.356108196079731 4
    endloop
  endfacet
  facet normal 0 0 -1
    outer loop
      vertex 125.47693945467472 2.5952252745628357 4
      vertex 125.56646193563938 2.8411862701177597 4
      vertex 126.39526864141226 2.9663599133491516 4
    endloop
  endfacet
  facet normal 0 0 -1
    outer loop
      vertex 125.6386089771986 3.0927928909659386 4
      vertex 126.39526864141226 2.9663599133491516 4
      vertex 125.56646193563938 2.8411862701177597 4
    endloop
  endfacet
  facet normal 0 0 -1
    outer loop
      vertex 125.6386089771986 3.0927928909659386 4
      vertex 125.69302907586098 3.3488193303346634 4
      vertex 126.33194649964571 3.220331162214279 4
    endloop
  endfacet
  facet normal 0 0 -1
    outer loop
      vertex 125.72945711016655 3.6080182641744614 4
      vertex 126.25913481414318 3.7384132221341133 4
      vertex 125.69302907586098 3.3488193303346634 4
    endloop
  endfacet
  facet normal 0 0 -1
    outer loop
      vertex 125.74771559983492 3.8691268861293793 4
      vertex 126.25 4 4
      vertex 125.72945711016655 3.6080182641744614 4
    endloop
  endfacet
  facet normal 0 0 -1
    outer loop
      vertex 125.74771559983492 3.8691268861293793 4
      vertex 125.75 4 4
      vertex 126.25 4 4
    endloop
  endfacet
  facet normal 0 0 -1
    outer loop
      vertex 83.75 4 4
      vertex 84.25 38 4
      vertex 84.25 4 4
    endloop
  endfacet
  facet normal 0 0 -1
    outer loop
      vertex 129.60801826417446 0.2705428898334503 4
      vertex 122.26158677786589 0.25913481414318085 4
      vertex 129.34881933033466 0.3069709241390228 4
    endloop
  endfacet
  facet normal 0 0 -1
    outer loop
      vertex 122.52189912647009 0.28649473935365677 4
      vertex 129.09279289096594 0.36139102280139923 4
      vertex 129.34881933033466 0.3069709241390228 4
    endloop
  endfacet
  facet normal 0 0 -1
    outer loop
      vertex 129.60801826417446 0.2705428898334503 4
      vertex 129.86912688612938 0.252284400165081 4
      vertex 122 0.25 4
    endloop
  endfacet
  facet normal 0 0 -1
    outer loop
      vertex 130 0.25 4
      vertex 122 0.25 4
      vertex 129.86912688612938 0.252284400165081 4
    endloop
  endfacet
  facet normal 0 0 -1
    outer loop
      vertex 122.77966883778572 0.33194649964571 4
      vertex 128.84118627011776 0.4335380643606186 4
      vertex 129.09279289096594 0.36139102280139923 4
    endloop
  endfacet
  facet normal 0 0 -1
    outer loop
      vertex 123.03364008665085 0.39526864141225815 4
      vertex 128.59522527456284 0.5230605453252792 4
      vertex 128.84118627011776 0.4335380643606186 4
    endloop
  endfacet
  facet normal 0 0 -1
    outer loop
      vertex 128.35610819607973 0.6295223236083984 4
      vertex 123.52526240795851 0.5742045342922211 4
      vertex 128.125 0.7524047344923019 4
    endloop
  endfacet
  facet normal 0 0 -1
    outer loop
      vertex 123.52526240795851 0.5742045342922211 4
      vertex 128.35610819607973 0.6295223236083984 4
      vertex 128.59522527456284 0.5230605453252792 4
    endloop
  endfacet
  facet normal 0 0 -1
    outer loop
      vertex 128.125 0.7524047344923019 4
      vertex 123.76051835715771 0.6889465302228928 4
      vertex 127.90302661061287 0.8911091014742851 4
    endloop
  endfacet
  facet normal 0 0 -1
    outer loop
      vertex 127.90302661061287 0.8911091014742851 4
      vertex 123.98719724267721 0.8198196366429329 4
      vertex 127.69126946479082 1.0449596717953682 4
    endloop
  endfacet
  facet normal 0 0 -1
    outer loop
      vertex 124.20419469475746 0.9661862701177597 4
      vertex 127.49076022952795 1.2132069021463394 4
      vertex 127.69126946479082 1.0449596717953682 4
    endloop
  endfacet
  facet normal 0 0 -1
    outer loop
      vertex 127.49076022952795 1.2132069021463394 4
      vertex 124.4104535356164 1.1273333355784416 4
      vertex 127.30247575044632 1.3950311094522476 4
    endloop
  endfacet
  facet normal 0 0 -1
    outer loop
      vertex 124.60496889054775 1.3024757504463196 4
      vertex 127.12733333557844 1.5895464643836021 4
      vertex 127.30247575044632 1.3950311094522476 4
    endloop
  endfacet
  facet normal 0 0 -1
    outer loop
      vertex 127.12733333557844 1.5895464643836021 4
      vertex 124.78679309785366 1.4907602295279503 4
      vertex 126.96618627011776 1.7958053052425385 4
    endloop
  endfacet
  facet normal 0 0 -1
    outer loop
      vertex 124.95504032820463 1.691269464790821 4
      vertex 126.81981963664293 2.0128027573227882 4
      vertex 126.96618627011776 1.7958053052425385 4
    endloop
  endfacet
  facet normal 0 0 -1
    outer loop
      vertex 125.10889089852571 1.9030266106128693 4
      vertex 126.68894653022289 2.239481642842293 4
      vertex 126.81981963664293 2.0128027573227882 4
    endloop
  endfacet
  facet normal 0 0 -1
    outer loop
      vertex 125.3704776763916 2.356108196079731 4
      vertex 126.57420453429222 2.4747375920414925 4
      vertex 126.68894653022289 2.239481642842293 4
    endloop
  endfacet
  facet normal 0 0 -1
    outer loop
      vertex 125.47693945467472 2.5952252745628357 4
      vertex 126.47615267336369 2.7174244597554207 4
      vertex 126.57420453429222 2.4747375920414925 4
    endloop
  endfacet
  facet normal 0 0 -1
    outer loop
      vertex 125.47693945467472 2.5952252745628357 4
      vertex 126.39526864141226 2.9663599133491516 4
      vertex 126.47615267336369 2.7174244597554207 4
    endloop
  endfacet
  facet normal 0 0 -1
    outer loop
      vertex 125.6386089771986 3.0927928909659386 4
      vertex 126.33194649964571 3.220331162214279 4
      vertex 126.39526864141226 2.9663599133491516 4
    endloop
  endfacet
  facet normal 0 0 -1
    outer loop
      vertex 125.69302907586098 3.3488193303346634 4
      vertex 126.28649473935366 3.478100873529911 4
      vertex 126.33194649964571 3.220331162214279 4
    endloop
  endfacet
  facet normal 0 0 -1
    outer loop
      vertex 126.28649473935366 3.478100873529911 4
      vertex 125.69302907586098 3.3488193303346634 4
      vertex 126.25913481414318 3.7384132221341133 4
    endloop
  endfacet
  facet normal 0 0 -1
    outer loop
      vertex 125.72945711016655 3.6080182641744614 4
      vertex 126.25 4 4
      vertex 126.25913481414318 3.7384132221341133 4
    endloop
  endfacet
  facet normal 0 0 -1
    outer loop
      vertex 165.53257554024458 0.2261526733636856 4
      vertex 122 0.25 4
      vertex 130 0.25 4
    endloop
  endfacet
  facet normal 0 0 -1
    outer loop
      vertex 165.53257554024458 0.2261526733636856 4
      vertex 130 0.25 4
      vertex 164 0.25 4
    endloop
  endfacet
  facet normal 0 0 -1
    outer loop
      vertex 164.25 0 4
      vertex 164.7718991264701 0.03649473935365677 4
      vertex 164.5115867778659 0.009134814143180847 4
    endloop
  endfacet
  facet normal 0 0 -1
    outer loop
      vertex 165.53257554024458 0.2261526733636856 4
      vertex 164 0.25 4
      vertex 164.2615867778659 0.25913481414318085 4
    endloop
  endfacet
  facet normal 0 0 -1
    outer loop
      vertex 165.53257554024458 0.2261526733636856 4
      vertex 164.2615867778659 0.25913481414318085 4
      vertex 164.5218991264701 0.28649473935365677 4
    endloop
  endfacet
  facet normal 0 0 -1
    outer loop
      vertex 165.7752624079585 0.32420453429222107 4
      vertex 164.5218991264701 0.28649473935365677 4
      vertex 164.77966883778572 0.33194649964571 4
    endloop
  endfacet
  facet normal 0 0 -1
    outer loop
      vertex 165.53257554024458 0.2261526733636856 4
      vertex 164.5218991264701 0.28649473935365677 4
      vertex 165.7752624079585 0.32420453429222107 4
    endloop
  endfacet
  facet normal 0 0 -1
    outer loop
      vertex 165.7752624079585 0.32420453429222107 4
      vertex 164.77966883778572 0.33194649964571 4
      vertex 165.03364008665085 0.39526864141225815 4
    endloop
  endfacet
  facet normal 0 0 -1
    outer loop
      vertex 165.7752624079585 0.32420453429222107 4
      vertex 165.03364008665085 0.39526864141225815 4
      vertex 166.0105183571577 0.43894653022289276 4
    endloop
  endfacet
  facet normal 0 0 -1
    outer loop
      vertex 166.0105183571577 0.43894653022289276 4
      vertex 165.03364008665085 0.39526864141225815 4
      vertex 165.28257554024458 0.4761526733636856 4
    endloop
  endfacet
  facet normal 0 0 -1
    outer loop
      vertex 166.2371972426772 0.5698196366429329 4
      vertex 165.28257554024458 0.4761526733636856 4
      vertex 165.5252624079585 0.5742045342922211 4
    endloop
  endfacet
  facet normal 0 0 -1
    outer loop
      vertex 166.0105183571577 0.43894653022289276 4
      vertex 165.28257554024458 0.4761526733636856 4
      vertex 166.2371972426772 0.5698196366429329 4
    endloop
  endfacet
  facet normal 0 0 -1
    outer loop
      vertex 166.2371972426772 0.5698196366429329 4
      vertex 165.5252624079585 0.5742045342922211 4
      vertex 165.7605183571577 0.6889465302228928 4
    endloop
  endfacet
  facet normal 0 0 -1
    outer loop
      vertex 166.2371972426772 0.5698196366429329 4
      vertex 165.7605183571577 0.6889465302228928 4
      vertex 166.45419469475746 0.7161862701177597 4
    endloop
  endfacet
  facet normal 0 0 -1
    outer loop
      vertex 166.45419469475746 0.7161862701177597 4
      vertex 165.7605183571577 0.6889465302228928 4
      vertex 165.9871972426772 0.8198196366429329 4
    endloop
  endfacet
  facet normal 0 0 -1
    outer loop
      vertex 166.45419469475746 0.7161862701177597 4
      vertex 165.9871972426772 0.8198196366429329 4
      vertex 166.6604535356164 0.8773333355784416 4
    endloop
  endfacet
  facet normal 0 0 -1
    outer loop
      vertex 166.6604535356164 0.8773333355784416 4
      vertex 165.9871972426772 0.8198196366429329 4
      vertex 166.20419469475746 0.9661862701177597 4
    endloop
  endfacet
  facet normal 0 0 -1
    outer loop
      vertex 166.6604535356164 0.8773333355784416 4
      vertex 166.20419469475746 0.9661862701177597 4
      vertex 166.85496889054775 1.0524757504463196 4
    endloop
  endfacet
  facet normal 0 0 -1
    outer loop
      vertex 166.85496889054775 1.0524757504463196 4
      vertex 166.20419469475746 0.9661862701177597 4
      vertex 166.4104535356164 1.1273333355784416 4
    endloop
  endfacet
  facet normal 0 0 -1
    outer loop
      vertex 167.03679309785366 1.2407602295279503 4
      vertex 166.4104535356164 1.1273333355784416 4
      vertex 166.60496889054775 1.3024757504463196 4
    endloop
  endfacet
  facet normal 0 0 -1
    outer loop
      vertex 166.85496889054775 1.0524757504463196 4
      vertex 166.4104535356164 1.1273333355784416 4
      vertex 167.03679309785366 1.2407602295279503 4
    endloop
  endfacet
  facet normal 0 0 -1
    outer loop
      vertex 167.03679309785366 1.2407602295279503 4
      vertex 166.60496889054775 1.3024757504463196 4
      vertex 167.20504032820463 1.441269464790821 4
    endloop
  endfacet
  facet normal 0 0 -1
    outer loop
      vertex 167.20504032820463 1.441269464790821 4
      vertex 166.60496889054775 1.3024757504463196 4
      vertex 166.78679309785366 1.4907602295279503 4
    endloop
  endfacet
  facet normal 0 0 -1
    outer loop
      vertex 167.20504032820463 1.441269464790821 4
      vertex 166.78679309785366 1.4907602295279503 4
      vertex 167.35889089852571 1.6530266106128693 4
    endloop
  endfacet
  facet normal 0 0 -1
    outer loop
      vertex 167.35889089852571 1.6530266106128693 4
      vertex 166.78679309785366 1.4907602295279503 4
      vertex 166.95504032820463 1.691269464790821 4
    endloop
  endfacet
  facet normal 0 0 -1
    outer loop
      vertex 167.35889089852571 1.6530266106128693 4
      vertex 166.95504032820463 1.691269464790821 4
      vertex 167.4975952655077 1.875 4
    endloop
  endfacet
  facet normal 0 0 -1
    outer loop
      vertex 167.4975952655077 1.875 4
      vertex 166.95504032820463 1.691269464790821 4
      vertex 167.10889089852571 1.9030266106128693 4
    endloop
  endfacet
  facet normal 0 0 -1
    outer loop
      vertex 167.4975952655077 1.875 4
      vertex 167.10889089852571 1.9030266106128693 4
      vertex 167.6204776763916 2.106108196079731 4
    endloop
  endfacet
  facet normal 0 0 -1
    outer loop
      vertex 167.6204776763916 2.106108196079731 4
      vertex 167.10889089852571 1.9030266106128693 4
      vertex 167.2475952655077 2.125 4
    endloop
  endfacet
  facet normal 0 0 -1
    outer loop
      vertex 167.6204776763916 2.106108196079731 4
      vertex 167.2475952655077 2.125 4
      vertex 167.72693945467472 2.3452252745628357 4
    endloop
  endfacet
  facet normal 0 0 -1
    outer loop
      vertex 167.72693945467472 2.3452252745628357 4
      vertex 167.2475952655077 2.125 4
      vertex 167.3704776763916 2.356108196079731 4
    endloop
  endfacet
  facet normal 0 0 -1
    outer loop
      vertex 167.72693945467472 2.3452252745628357 4
      vertex 167.3704776763916 2.356108196079731 4
      vertex 167.81646193563938 2.5911862701177597 4
    endloop
  endfacet
  facet normal 0 0 -1
    outer loop
      vertex 167.81646193563938 2.5911862701177597 4
      vertex 167.3704776763916 2.356108196079731 4
      vertex 167.47693945467472 2.5952252745628357 4
    endloop
  endfacet
  facet normal 0 0 -1
    outer loop
      vertex 167.8886089771986 2.8427928909659386 4
      vertex 167.47693945467472 2.5952252745628357 4
      vertex 167.56646193563938 2.8411862701177597 4
    endloop
  endfacet
  facet normal 0 0 -1
    outer loop
      vertex 167.81646193563938 2.5911862701177597 4
      vertex 167.47693945467472 2.5952252745628357 4
      vertex 167.8886089771986 2.8427928909659386 4
    endloop
  endfacet
  facet normal 0 0 -1
    outer loop
      vertex 167.8886089771986 2.8427928909659386 4
      vertex 167.56646193563938 2.8411862701177597 4
      vertex 167.6386089771986 3.0927928909659386 4
    endloop
  endfacet
  facet normal 0 0 -1
    outer loop
      vertex 167.8886089771986 2.8427928909659386 4
      vertex 167.6386089771986 3.0927928909659386 4
      vertex 167.94302907586098 3.0988193303346634 4
    endloop
  endfacet
  facet normal 0 0 -1
    outer loop
      vertex 167.94302907586098 3.0988193303346634 4
      vertex 167.6386089771986 3.0927928909659386 4
      vertex 167.97945711016655 3.3580182641744614 4
    endloop
  endfacet
  facet normal 0 0 -1
    outer loop
      vertex 167.97945711016655 3.3580182641744614 4
      vertex 167.6386089771986 3.0927928909659386 4
      vertex 167.69302907586098 3.3488193303346634 4
    endloop
  endfacet
  facet normal 0 0 -1
    outer loop
      vertex 167.97945711016655 3.3580182641744614 4
      vertex 167.69302907586098 3.3488193303346634 4
      vertex 167.72945711016655 3.6080182641744614 4
    endloop
  endfacet
  facet normal 0 0 -1
    outer loop
      vertex 167.97945711016655 3.3580182641744614 4
      vertex 167.72945711016655 3.6080182641744614 4
      vertex 167.99771559983492 3.6191268861293793 4
    endloop
  endfacet
  facet normal 0 0 -1
    outer loop
      vertex 167.99771559983492 3.6191268861293793 4
      vertex 167.72945711016655 3.6080182641744614 4
      vertex 168 3.75 4
    endloop
  endfacet
  facet normal 0 0 -1
    outer loop
      vertex 168 3.75 4
      vertex 167.72945711016655 3.6080182641744614 4
      vertex 167.74771559983492 3.8691268861293793 4
    endloop
  endfacet
  facet normal 0 0 -1
    outer loop
      vertex 168 3.75 4
      vertex 167.74771559983492 3.8691268861293793 4
      vertex 167.75 4 4
    endloop
  endfacet
  facet normal 0.03489950651393371 -0.9993908266764728 0
    outer loop
      vertex 164.25 0 4
      vertex 164.5115867778659 0.009134814143180847 4
      vertex 164.25 0 49
    endloop
  endfacet
  facet normal 0.10452844392127601 -0.9945218974016594 0
    outer loop
      vertex 164.5115867778659 0.009134814143180847 4
      vertex 164.7718991264701 0.03649473935365677 4
      vertex 164.5115867778659 0.009134814143180847 49
    endloop
  endfacet
  facet normal 0.17364819759278963 -0.9848077494987412 0
    outer loop
      vertex 164.7718991264701 0.03649473935365677 4
      vertex 165.02966883778572 0.08194649964570999 4
      vertex 164.7718991264701 0.03649473935365677 49
    endloop
  endfacet
  facet normal 0.2419218866341092 -0.9702957285113611 0
    outer loop
      vertex 165.02966883778572 0.08194649964570999 4
      vertex 165.28364008665085 0.14526864141225815 4
      vertex 165.02966883778572 0.08194649964570999 49
    endloop
  endfacet
  facet normal 0.3090169943340035 -0.951056516308457 0
    outer loop
      vertex 165.28364008665085 0.14526864141225815 4
      vertex 165.53257554024458 0.2261526733636856 4
      vertex 165.28364008665085 0.14526864141225815 49
    endloop
  endfacet
  facet normal 0.3746065990200918 -0.9271838523025518 0
    outer loop
      vertex 165.53257554024458 0.2261526733636856 4
      vertex 165.7752624079585 0.32420453429222107 4
      vertex 165.53257554024458 0.2261526733636856 49
    endloop
  endfacet
  facet normal 0.4383711555919429 -0.8987940420057225 0
    outer loop
      vertex 165.7752624079585 0.32420453429222107 4
      vertex 166.0105183571577 0.43894653022289276 4
      vertex 165.7752624079585 0.32420453429222107 49
    endloop
  endfacet
  facet normal 0.4999999737696784 -0.8660254189285214 0
    outer loop
      vertex 166.0105183571577 0.43894653022289276 4
      vertex 166.2371972426772 0.5698196366429329 4
      vertex 166.0105183571577 0.43894653022289276 49
    endloop
  endfacet
  facet normal 0.559192913747207 -0.8290375656234815 0
    outer loop
      vertex 166.2371972426772 0.5698196366429329 4
      vertex 166.45419469475746 0.7161862701177597 4
      vertex 166.2371972426772 0.5698196366429329 49
    endloop
  endfacet
  facet normal 0.615661470005977 -0.7880107577629124 0
    outer loop
      vertex 166.45419469475746 0.7161862701177597 4
      vertex 166.6604535356164 0.8773333355784416 4
      vertex 166.45419469475746 0.7161862701177597 49
    endloop
  endfacet
  facet normal 0.669130611865031 -0.743144820519614 0
    outer loop
      vertex 166.6604535356164 0.8773333355784416 4
      vertex 166.85496889054775 1.0524757504463196 4
      vertex 166.6604535356164 0.8773333355784416 49
    endloop
  endfacet
  facet normal 0.7193398015101028 -0.6946583692459236 0
    outer loop
      vertex 166.85496889054775 1.0524757504463196 4
      vertex 167.03679309785366 1.2407602295279503 4
      vertex 166.85496889054775 1.0524757504463196 49
    endloop
  endfacet
  facet normal 0.7660444337236486 -0.6427876208834568 0
    outer loop
      vertex 167.03679309785366 1.2407602295279503 4
      vertex 167.20504032820463 1.441269464790821 4
      vertex 167.03679309785366 1.2407602295279503 49
    endloop
  endfacet
  facet normal 0.8090169975136929 -0.5877852479723605 0
    outer loop
      vertex 167.20504032820463 1.441269464790821 4
      vertex 167.35889089852571 1.6530266106128693 4
      vertex 167.20504032820463 1.441269464790821 49
    endloop
  endfacet
  facet normal 0.8480480978483979 -0.5299192615254837 0
    outer loop
      vertex 167.35889089852571 1.6530266106128693 4
      vertex 167.4975952655077 1.875 4
      vertex 167.35889089852571 1.6530266106128693 49
    endloop
  endfacet
  facet normal 0.882947587642265 -0.46947157259700467 0
    outer loop
      vertex 167.4975952655077 1.875 4
      vertex 167.6204776763916 2.106108196079731 4
      vertex 167.4975952655077 1.875 49
    endloop
  endfacet
  facet normal 0.913545463611597 -0.40673662966921503 0
    outer loop
      vertex 167.6204776763916 2.106108196079731 4
      vertex 167.72693945467472 2.3452252745628357 4
      vertex 167.6204776763916 2.106108196079731 49
    endloop
  endfacet
  facet normal 0.939692621041079 -0.3420201426245933 0
    outer loop
      vertex 167.72693945467472 2.3452252745628357 4
      vertex 167.81646193563938 2.5911862701177597 4
      vertex 167.72693945467472 2.3452252745628357 49
    endloop
  endfacet
  facet normal 0.9612616918845164 -0.2756373699542879 0
    outer loop
      vertex 167.81646193563938 2.5911862701177597 4
      vertex 167.8886089771986 2.8427928909659386 4
      vertex 167.81646193563938 2.5911862701177597 49
    endloop
  endfacet
  facet normal 0.9781476015002515 -0.20791168721191455 0
    outer loop
      vertex 167.8886089771986 2.8427928909659386 4
      vertex 167.94302907586098 3.0988193303346634 4
      vertex 167.8886089771986 2.8427928909659386 49
    endloop
  endfacet
  facet normal 0.9902680688522705 -0.13917310017239254 0
    outer loop
      vertex 167.94302907586098 3.0988193303346634 4
      vertex 167.97945711016655 3.3580182641744614 4
      vertex 167.94302907586098 3.0988193303346634 49
    endloop
  endfacet
  facet normal 0.9975640512796179 -0.06975645916039604 0
    outer loop
      vertex 167.97945711016655 3.3580182641744614 4
      vertex 167.99771559983492 3.6191268861293793 4
      vertex 167.97945711016655 3.3580182641744614 49
    endloop
  endfacet
  facet normal 0.9998476949610728 -0.01745241762706844 0
    outer loop
      vertex 167.99771559983492 3.6191268861293793 4
      vertex 168 3.75 4
      vertex 167.99771559983492 3.6191268861293793 49
    endloop
  endfacet
  facet normal 0 0 -1
    outer loop
      vertex 125.75 4 4
      vertex 126.25 38 4
      vertex 126.25 4 4
    endloop
  endfacet
  facet normal 0 0 -1
    outer loop
      vertex 168 3.75 4
      vertex 167.75 4 4
      vertex 168 38.25 4
    endloop
  endfacet
  facet normal 1 0 0
    outer loop
      vertex 168 3.75 4
      vertex 168 38.25 4
      vertex 168 3.75 49
    endloop
  endfacet
  facet normal 0 -1 0
    outer loop
      vertex 3.75 0 49
      vertex 164.25 0 4
      vertex 164.25 0 49
    endloop
  endfacet
  facet normal 0 0 1
    outer loop
      vertex 3.75 0 49
      vertex 164.25 0 49
      vertex 164.7718991264701 0.03649473935365677 49
    endloop
  endfacet
  facet normal 0 0 1
    outer loop
      vertex 3.75 0 49
      vertex 164.7718991264701 0.03649473935365677 49
      vertex 165.02966883778572 0.08194649964570999 49
    endloop
  endfacet
  facet normal 0 0 1
    outer loop
      vertex 3.6191268861293793 0.002284400165081024 49
      vertex 165.02966883778572 0.08194649964570999 49
      vertex 165.28364008665085 0.14526864141225815 49
    endloop
  endfacet
  facet normal 0 0 1
    outer loop
      vertex 3.3580182641744614 0.020542889833450317 49
      vertex 165.28364008665085 0.14526864141225815 49
      vertex 165.53257554024458 0.2261526733636856 49
    endloop
  endfacet
  facet normal 0 0 1
    outer loop
      vertex 3.0988193303346634 0.05697092413902283 49
      vertex 165.53257554024458 0.2261526733636856 49
      vertex 165.7752624079585 0.32420453429222107 49
    endloop
  endfacet
  facet normal 0 0 1
    outer loop
      vertex 2.8427928909659386 0.11139102280139923 49
      vertex 165.7752624079585 0.32420453429222107 49
      vertex 166.0105183571577 0.43894653022289276 49
    endloop
  endfacet
  facet normal 0 0 1
    outer loop
      vertex 2.5911862701177597 0.1835380643606186 49
      vertex 166.0105183571577 0.43894653022289276 49
      vertex 166.2371972426772 0.5698196366429329 49
    endloop
  endfacet
  facet normal 0 0 1
    outer loop
      vertex 2.3452252745628357 0.27306054532527924 49
      vertex 166.2371972426772 0.5698196366429329 49
      vertex 166.45419469475746 0.7161862701177597 49
    endloop
  endfacet
  facet normal 0 0 1
    outer loop
      vertex 2.106108196079731 0.37952232360839844 49
      vertex 166.45419469475746 0.7161862701177597 49
      vertex 166.6604535356164 0.8773333355784416 49
    endloop
  endfacet
  facet normal 0 0 1
    outer loop
      vertex 1.875 0.5024047344923019 49
      vertex 166.6604535356164 0.8773333355784416 49
      vertex 166.85496889054775 1.0524757504463196 49
    endloop
  endfacet
  facet normal 0 0 1
    outer loop
      vertex 1.6530266106128693 0.6411091014742851 49
      vertex 166.85496889054775 1.0524757504463196 49
      vertex 167.03679309785366 1.2407602295279503 49
    endloop
  endfacet
  facet normal 0 0 1
    outer loop
      vertex 1.441269464790821 0.7949596717953682 49
      vertex 167.03679309785366 1.2407602295279503 49
      vertex 167.20504032820463 1.441269464790821 49
    endloop
  endfacet
  facet normal 0 0 1
    outer loop
      vertex 1.2407602295279503 0.9632069021463394 49
      vertex 167.20504032820463 1.441269464790821 49
      vertex 167.35889089852571 1.6530266106128693 49
    endloop
  endfacet
  facet normal 0 0 1
    outer loop
      vertex 1.0524757504463196 1.1450311094522476 49
      vertex 167.35889089852571 1.6530266106128693 49
      vertex 167.4975952655077 1.875 49
    endloop
  endfacet
  facet normal 0 0 1
    outer loop
      vertex 0.8773333355784416 1.3395464643836021 49
      vertex 167.4975952655077 1.875 49
      vertex 167.6204776763916 2.106108196079731 49
    endloop
  endfacet
  facet normal 0 0 1
    outer loop
      vertex 0.7161862701177597 1.5458053052425385 49
      vertex 167.6204776763916 2.106108196079731 49
      vertex 167.72693945467472 2.3452252745628357 49
    endloop
  endfacet
  facet normal 0 0 1
    outer loop
      vertex 0.5698196366429329 1.7628027573227882 49
      vertex 167.72693945467472 2.3452252745628357 49
      vertex 167.81646193563938 2.5911862701177597 49
    endloop
  endfacet
  facet normal 0 0 1
    outer loop
      vertex 0.43894653022289276 1.9894816428422928 49
      vertex 167.81646193563938 2.5911862701177597 49
      vertex 167.8886089771986 2.8427928909659386 49
    endloop
  endfacet
  facet normal 0 0 1
    outer loop
      vertex 6.5 3.0096305466556075 49
      vertex 167.8886089771986 2.8427928909659386 49
      vertex 161.5 3.0096305466556075 49
    endloop
  endfacet
  facet normal 0.03489950651393371 -0.9993908266764728 0
    outer loop
      vertex 164.5115867778659 0.009134814143180847 4
      vertex 164.5115867778659 0.009134814143180847 49
      vertex 164.25 0 49
    endloop
  endfacet
  facet normal 0.10452844392127601 -0.9945218974016594 0
    outer loop
      vertex 164.7718991264701 0.03649473935365677 4
      vertex 164.7718991264701 0.03649473935365677 49
      vertex 164.5115867778659 0.009134814143180847 49
    endloop
  endfacet
  facet normal 0.17364819759278963 -0.9848077494987412 0
    outer loop
      vertex 165.02966883778572 0.08194649964570999 4
      vertex 165.02966883778572 0.08194649964570999 49
      vertex 164.7718991264701 0.03649473935365677 49
    endloop
  endfacet
  facet normal 0.2419218866341092 -0.9702957285113611 0
    outer loop
      vertex 165.28364008665085 0.14526864141225815 4
      vertex 165.28364008665085 0.14526864141225815 49
      vertex 165.02966883778572 0.08194649964570999 49
    endloop
  endfacet
  facet normal 0.3090169943340035 -0.951056516308457 0
    outer loop
      vertex 165.53257554024458 0.2261526733636856 4
      vertex 165.53257554024458 0.2261526733636856 49
      vertex 165.28364008665085 0.14526864141225815 49
    endloop
  endfacet
  facet normal 0.3746065990200918 -0.9271838523025518 0
    outer loop
      vertex 165.7752624079585 0.32420453429222107 4
      vertex 165.7752624079585 0.32420453429222107 49
      vertex 165.53257554024458 0.2261526733636856 49
    endloop
  endfacet
  facet normal 0.4383711555919429 -0.8987940420057225 0
    outer loop
      vertex 166.0105183571577 0.43894653022289276 4
      vertex 166.0105183571577 0.43894653022289276 49
      vertex 165.7752624079585 0.32420453429222107 49
    endloop
  endfacet
  facet normal 0.4999999737696784 -0.8660254189285214 0
    outer loop
      vertex 166.2371972426772 0.5698196366429329 4
      vertex 166.2371972426772 0.5698196366429329 49
      vertex 166.0105183571577 0.43894653022289276 49
    endloop
  endfacet
  facet normal 0.559192913747207 -0.8290375656234815 0
    outer loop
      vertex 166.45419469475746 0.7161862701177597 4
      vertex 166.45419469475746 0.7161862701177597 49
      vertex 166.2371972426772 0.5698196366429329 49
    endloop
  endfacet
  facet normal 0.615661470005977 -0.7880107577629124 0
    outer loop
      vertex 166.6604535356164 0.8773333355784416 4
      vertex 166.6604535356164 0.8773333355784416 49
      vertex 166.45419469475746 0.7161862701177597 49
    endloop
  endfacet
  facet normal 0.669130611865031 -0.743144820519614 0
    outer loop
      vertex 166.85496889054775 1.0524757504463196 4
      vertex 166.85496889054775 1.0524757504463196 49
      vertex 166.6604535356164 0.8773333355784416 49
    endloop
  endfacet
  facet normal 0.7193398015101028 -0.6946583692459236 0
    outer loop
      vertex 167.03679309785366 1.2407602295279503 4
      vertex 167.03679309785366 1.2407602295279503 49
      vertex 166.85496889054775 1.0524757504463196 49
    endloop
  endfacet
  facet normal 0.7660444337236486 -0.6427876208834568 0
    outer loop
      vertex 167.20504032820463 1.441269464790821 4
      vertex 167.20504032820463 1.441269464790821 49
      vertex 167.03679309785366 1.2407602295279503 49
    endloop
  endfacet
  facet normal 0.8090169975136929 -0.5877852479723605 0
    outer loop
      vertex 167.35889089852571 1.6530266106128693 4
      vertex 167.35889089852571 1.6530266106128693 49
      vertex 167.20504032820463 1.441269464790821 49
    endloop
  endfacet
  facet normal 0.8480480978483979 -0.5299192615254837 0
    outer loop
      vertex 167.4975952655077 1.875 4
      vertex 167.4975952655077 1.875 49
      vertex 167.35889089852571 1.6530266106128693 49
    endloop
  endfacet
  facet normal 0.882947587642265 -0.46947157259700467 0
    outer loop
      vertex 167.6204776763916 2.106108196079731 4
      vertex 167.6204776763916 2.106108196079731 49
      vertex 167.4975952655077 1.875 49
    endloop
  endfacet
  facet normal 0.913545463611597 -0.40673662966921503 0
    outer loop
      vertex 167.72693945467472 2.3452252745628357 4
      vertex 167.72693945467472 2.3452252745628357 49
      vertex 167.6204776763916 2.106108196079731 49
    endloop
  endfacet
  facet normal 0.939692621041079 -0.3420201426245933 0
    outer loop
      vertex 167.81646193563938 2.5911862701177597 4
      vertex 167.81646193563938 2.5911862701177597 49
      vertex 167.72693945467472 2.3452252745628357 49
    endloop
  endfacet
  facet normal 0.9612616918845164 -0.2756373699542879 0
    outer loop
      vertex 167.8886089771986 2.8427928909659386 4
      vertex 167.8886089771986 2.8427928909659386 49
      vertex 167.81646193563938 2.5911862701177597 49
    endloop
  endfacet
  facet normal 0.9781476015002515 -0.20791168721191455 0
    outer loop
      vertex 167.94302907586098 3.0988193303346634 4
      vertex 167.94302907586098 3.0988193303346634 49
      vertex 167.8886089771986 2.8427928909659386 49
    endloop
  endfacet
  facet normal 0.9902680688522705 -0.13917310017239254 0
    outer loop
      vertex 167.97945711016655 3.3580182641744614 4
      vertex 167.97945711016655 3.3580182641744614 49
      vertex 167.94302907586098 3.0988193303346634 49
    endloop
  endfacet
  facet normal 0.9975640512796179 -0.06975645916039604 0
    outer loop
      vertex 167.99771559983492 3.6191268861293793 4
      vertex 167.99771559983492 3.6191268861293793 49
      vertex 167.97945711016655 3.3580182641744614 49
    endloop
  endfacet
  facet normal 0.9998476949610728 -0.01745241762706844 0
    outer loop
      vertex 168 3.75 4
      vertex 168 3.75 49
      vertex 167.99771559983492 3.6191268861293793 49
    endloop
  endfacet
  facet normal 0 0 1
    outer loop
      vertex 164.25 0 49
      vertex 164.5115867778659 0.009134814143180847 49
      vertex 164.7718991264701 0.03649473935365677 49
    endloop
  endfacet
  facet normal 0 0 1
    outer loop
      vertex 161.5 3.0096305466556075 49
      vertex 167.8886089771986 2.8427928909659386 49
      vertex 161.74689188599586 3.03008858927722 49
    endloop
  endfacet
  facet normal 0 0 1
    outer loop
      vertex 161.74689188599586 3.03008858927722 49
      vertex 167.8886089771986 2.8427928909659386 49
      vertex 162.1351937035799 3.068332980217207 49
    endloop
  endfacet
  facet normal 0 0 1
    outer loop
      vertex 162.1351937035799 3.068332980217207 49
      vertex 167.94302907586098 3.0988193303346634 49
      vertex 162.37535102467535 3.129149074496496 49
    endloop
  endfacet
  facet normal 0 0 1
    outer loop
      vertex 162.37535102467535 3.129149074496496 49
      vertex 167.94302907586098 3.0988193303346634 49
      vertex 162.74873062117177 3.242412536820339 49
    endloop
  endfacet
  facet normal 0 0 1
    outer loop
      vertex 162.74873062117177 3.242412536820339 49
      vertex 167.97945711016655 3.3580182641744614 49
      vertex 162.97560250653106 3.341927773734497 49
    endloop
  endfacet
  facet normal 0 0 1
    outer loop
      vertex 162.97560250653106 3.341927773734497 49
      vertex 167.97945711016655 3.3580182641744614 49
      vertex 163.31971111344026 3.525857656103966 49
    endloop
  endfacet
  facet normal 0 0 1
    outer loop
      vertex 163.31971111344026 3.525857656103966 49
      vertex 167.99771559983492 3.6191268861293793 49
      vertex 163.52710908846782 3.6613575209206317 49
    endloop
  endfacet
  facet normal 0 0 1
    outer loop
      vertex 163.52710908846782 3.6613575209206317 49
      vertex 168 3.75 49
      vertex 163.82872280500456 3.908885501105342 49
    endloop
  endfacet
  facet normal 0 0 1
    outer loop
      vertex 163.82872280500456 3.908885501105342 49
      vertex 168 3.75 49
      vertex 164.01098960660025 4.076673902351413 49
    endloop
  endfacet
  facet normal 0 0 1
    outer loop
      vertex 162.1351937035799 3.068332980217207 49
      vertex 167.8886089771986 2.8427928909659386 49
      vertex 167.94302907586098 3.0988193303346634 49
    endloop
  endfacet
  facet normal 0 0 1
    outer loop
      vertex 162.74873062117177 3.242412536820339 49
      vertex 167.94302907586098 3.0988193303346634 49
      vertex 167.97945711016655 3.3580182641744614 49
    endloop
  endfacet
  facet normal 0 0 1
    outer loop
      vertex 163.31971111344026 3.525857656103966 49
      vertex 167.97945711016655 3.3580182641744614 49
      vertex 167.99771559983492 3.6191268861293793 49
    endloop
  endfacet
  facet normal 0 0 1
    outer loop
      vertex 163.52710908846782 3.6613575209206317 49
      vertex 167.99771559983492 3.6191268861293793 49
      vertex 168 3.75 49
    endloop
  endfacet
  facet normal 0 0 1
    outer loop
      vertex 168 3.75 49
      vertex 164.25851758678496 4.378287618888152 49
      vertex 164.01098960660025 4.076673902351413 49
    endloop
  endfacet
  facet normal 0 0 1
    outer loop
      vertex 168 3.75 49
      vertex 164.41068143506587 4.573787739408743 49
      vertex 164.25851758678496 4.378287618888152 49
    endloop
  endfacet
  facet normal 0 0 1
    outer loop
      vertex 168 3.75 49
      vertex 164.528591708439 4.791666841042769 49
      vertex 164.41068143506587 4.573787739408743 49
    endloop
  endfacet
  facet normal 0 0 1
    outer loop
      vertex 168 3.75 49
      vertex 164.71252159080848 5.1357754479519535 49
      vertex 164.528591708439 4.791666841042769 49
    endloop
  endfacet
  facet normal 0 0 1
    outer loop
      vertex 168 3.75 49
      vertex 164.79296200029 5.370090351568859 49
      vertex 164.71252159080848 5.1357754479519535 49
    endloop
  endfacet
  facet normal 0 0 1
    outer loop
      vertex 168 3.75 49
      vertex 164.90622546261383 5.743469948065297 49
      vertex 164.79296200029 5.370090351568859 49
    endloop
  endfacet
  facet normal 0 0 1
    outer loop
      vertex 168 3.75 49
      vertex 164.94700180476738 5.98782916564943 49
      vertex 164.90622546261383 5.743469948065297 49
    endloop
  endfacet
  facet normal 0 0 1
    outer loop
      vertex 168 3.75 49
      vertex 164.98524619570736 6.376130983233452 49
      vertex 164.94700180476738 5.98782916564943 49
    endloop
  endfacet
  facet normal 0 0 1
    outer loop
      vertex 168 3.75 49
      vertex 164.99036945334439 6.5 49
      vertex 164.98524619570736 6.376130983233452 49
    endloop
  endfacet
  facet normal 0 0 1
    outer loop
      vertex 168 3.75 49
      vertex 168 38.25 49
      vertex 164.99036945334439 6.5 49
    endloop
  endfacet
  facet normal 0 0 -1
    outer loop
      vertex 125.75 38 4
      vertex 126.25 38 4
      vertex 125.75 4 4
    endloop
  endfacet
  facet normal 0 0 -1
    outer loop
      vertex 83.75 38 4
      vertex 84.25228440016508 38.13087311387062 4
      vertex 84.25 38 4
    endloop
  endfacet
  facet normal 0 0 -1
    outer loop
      vertex 83.74086518585682 38.26158677786589 4
      vertex 84.27054288983345 38.39198173582554 4
      vertex 84.25228440016508 38.13087311387062 4
    endloop
  endfacet
  facet normal 0 0 -1
    outer loop
      vertex 83.74086518585682 38.26158677786589 4
      vertex 84.30697092413902 38.65118066966534 4
      vertex 84.27054288983345 38.39198173582554 4
    endloop
  endfacet
  facet normal 0 0 -1
    outer loop
      vertex 84.30697092413902 38.65118066966534 4
      vertex 83.71350526064634 38.52189912647009 4
      vertex 84.3613910228014 38.90720710903406 4
    endloop
  endfacet
  facet normal 0 0 -1
    outer loop
      vertex 83.66805350035429 38.77966883778572 4
      vertex 84.43353806436062 39.15881372988224 4
      vertex 84.3613910228014 38.90720710903406 4
    endloop
  endfacet
  facet normal 0 0 -1
    outer loop
      vertex 83.60473135858774 39.03364008665085 4
      vertex 84.52306054532528 39.404774725437164 4
      vertex 84.43353806436062 39.15881372988224 4
    endloop
  endfacet
  facet normal 0 0 -1
    outer loop
      vertex 84.52306054532528 39.404774725437164 4
      vertex 83.52384732663631 39.28257554024458 4
      vertex 84.6295223236084 39.64389180392027 4
    endloop
  endfacet
  facet normal 0 0 -1
    outer loop
      vertex 84.6295223236084 39.64389180392027 4
      vertex 83.42579546570778 39.52526240795851 4
      vertex 84.7524047344923 39.875 4
    endloop
  endfacet
  facet normal 0 0 -1
    outer loop
      vertex 83.31105346977711 39.76051835715771 4
      vertex 84.89110910147429 40.09697338938713 4
      vertex 84.7524047344923 39.875 4
    endloop
  endfacet
  facet normal 0 0 -1
    outer loop
      vertex 84.89110910147429 40.09697338938713 4
      vertex 83.18018036335707 39.98719724267721 4
      vertex 85.04495967179537 40.30873053520918 4
    endloop
  endfacet
  facet normal 0 0 -1
    outer loop
      vertex 83.03381372988224 40.20419469475746 4
      vertex 85.21320690214634 40.50923977047205 4
      vertex 85.04495967179537 40.30873053520918 4
    endloop
  endfacet
  facet normal 0 0 -1
    outer loop
      vertex 85.21320690214634 40.50923977047205 4
      vertex 82.87266666442156 40.4104535356164 4
      vertex 85.39503110945225 40.69752424955368 4
    endloop
  endfacet
  facet normal 0 0 -1
    outer loop
      vertex 85.39503110945225 40.69752424955368 4
      vertex 82.69752424955368 40.60496889054775 4
      vertex 85.5895464643836 40.87266666442156 4
    endloop
  endfacet
  facet normal 0 0 -1
    outer loop
      vertex 85.5895464643836 40.87266666442156 4
      vertex 82.50923977047205 40.78679309785366 4
      vertex 85.79580530524254 41.03381372988224 4
    endloop
  endfacet
  facet normal 0 0 -1
    outer loop
      vertex 85.79580530524254 41.03381372988224 4
      vertex 82.30873053520918 40.95504032820463 4
      vertex 86.01280275732279 41.18018036335707 4
    endloop
  endfacet
  facet normal 0 0 -1
    outer loop
      vertex 82.09697338938713 41.108890898525715 4
      vertex 86.23948164284229 41.31105346977711 4
      vertex 86.01280275732279 41.18018036335707 4
    endloop
  endfacet
  facet normal 0 0 -1
    outer loop
      vertex 81.875 41.2475952655077 4
      vertex 86.47473759204149 41.42579546570778 4
      vertex 86.23948164284229 41.31105346977711 4
    endloop
  endfacet
  facet normal 0 0 -1
    outer loop
      vertex 81.64389180392027 41.3704776763916 4
      vertex 86.71742445975542 41.523847326636314 4
      vertex 86.47473759204149 41.42579546570778 4
    endloop
  endfacet
  facet normal 0 0 -1
    outer loop
      vertex 81.40477472543716 41.47693945467472 4
      vertex 86.96635991334915 41.60473135858774 4
      vertex 86.71742445975542 41.523847326636314 4
    endloop
  endfacet
  facet normal 0 0 -1
    outer loop
      vertex 86.96635991334915 41.60473135858774 4
      vertex 81.15881372988224 41.56646193563938 4
      vertex 87.22033116221428 41.66805350035429 4
    endloop
  endfacet
  facet normal 0 0 -1
    outer loop
      vertex 80.90720710903406 41.6386089771986 4
      vertex 87.47810087352991 41.71350526064634 4
      vertex 87.22033116221428 41.66805350035429 4
    endloop
  endfacet
  facet normal 0 0 -1
    outer loop
      vertex 80.13087311387062 41.74771559983492 4
      vertex 88 41.75 4
      vertex 87.73841322213411 41.74086518585682 4
    endloop
  endfacet
  facet normal 0 0 -1
    outer loop
      vertex 87.47810087352991 41.71350526064634 4
      vertex 80.65118066966534 41.69302907586098 4
      vertex 87.73841322213411 41.74086518585682 4
    endloop
  endfacet
  facet normal 0 0 -1
    outer loop
      vertex 165.15720710903406 41.8886089771986 4
      vertex 80.13087311387062 41.74771559983492 4
      vertex 80 41.75 4
    endloop
  endfacet
  facet normal 0 0 -1
    outer loop
      vertex 2.970331162214279 41.91805350035429 4
      vertex 164.25 42 4
      vertex 164.38087311387062 41.99771559983492 4
    endloop
  endfacet
  facet normal 0 0 -1
    outer loop
      vertex 2.4674244597554207 41.773847326636314 4
      vertex 164.64198173582554 41.97945711016655 4
      vertex 164.90118066966534 41.94302907586098 4
    endloop
  endfacet
  facet normal 0 0 -1
    outer loop
      vertex 2.7163599133491516 41.85473135858774 4
      vertex 164.38087311387062 41.99771559983492 4
      vertex 164.64198173582554 41.97945711016655 4
    endloop
  endfacet
  facet normal 0 0 -1
    outer loop
      vertex 165.15720710903406 41.8886089771986 4
      vertex 88 41.75 4
      vertex 80.13087311387062 41.74771559983492 4
    endloop
  endfacet
  facet normal 0 0 -1
    outer loop
      vertex 125.74086518585682 38.26158677786589 4
      vertex 126.25228440016508 38.13087311387062 4
      vertex 125.75 38 4
    endloop
  endfacet
  facet normal 0 0 -1
    outer loop
      vertex 125.74086518585682 38.26158677786589 4
      vertex 125.71350526064634 38.52189912647009 4
      vertex 126.30697092413902 38.65118066966534 4
    endloop
  endfacet
  facet normal 0 0 -1
    outer loop
      vertex 125.66805350035429 38.77966883778572 4
      vertex 126.3613910228014 38.90720710903406 4
      vertex 125.71350526064634 38.52189912647009 4
    endloop
  endfacet
  facet normal 0 0 -1
    outer loop
      vertex 125.66805350035429 38.77966883778572 4
      vertex 125.60473135858774 39.03364008665085 4
      vertex 126.3613910228014 38.90720710903406 4
    endloop
  endfacet
  facet normal 0 0 -1
    outer loop
      vertex 125.60473135858774 39.03364008665085 4
      vertex 125.52384732663631 39.28257554024458 4
      vertex 126.52306054532528 39.404774725437164 4
    endloop
  endfacet
  facet normal 0 0 -1
    outer loop
      vertex 125.42579546570778 39.52526240795851 4
      vertex 126.6295223236084 39.64389180392027 4
      vertex 125.52384732663631 39.28257554024458 4
    endloop
  endfacet
  facet normal 0 0 -1
    outer loop
      vertex 125.31105346977711 39.76051835715771 4
      vertex 126.6295223236084 39.64389180392027 4
      vertex 125.42579546570778 39.52526240795851 4
    endloop
  endfacet
  facet normal 0 0 -1
    outer loop
      vertex 125.31105346977711 39.76051835715771 4
      vertex 125.18018036335707 39.98719724267721 4
      vertex 126.89110910147429 40.09697338938713 4
    endloop
  endfacet
  facet normal 0 0 -1
    outer loop
      vertex 125.03381372988224 40.20419469475746 4
      vertex 126.89110910147429 40.09697338938713 4
      vertex 125.18018036335707 39.98719724267721 4
    endloop
  endfacet
  facet normal 0 0 -1
    outer loop
      vertex 125.03381372988224 40.20419469475746 4
      vertex 124.87266666442156 40.4104535356164 4
      vertex 127.21320690214634 40.50923977047205 4
    endloop
  endfacet
  facet normal 0 0 -1
    outer loop
      vertex 124.87266666442156 40.4104535356164 4
      vertex 124.69752424955368 40.60496889054775 4
      vertex 127.39503110945225 40.69752424955368 4
    endloop
  endfacet
  facet normal 0 0 -1
    outer loop
      vertex 124.69752424955368 40.60496889054775 4
      vertex 124.50923977047205 40.78679309785366 4
      vertex 127.5895464643836 40.87266666442156 4
    endloop
  endfacet
  facet normal 0 0 -1
    outer loop
      vertex 124.30873053520918 40.95504032820463 4
      vertex 127.79580530524254 41.03381372988224 4
      vertex 124.50923977047205 40.78679309785366 4
    endloop
  endfacet
  facet normal 0 0 -1
    outer loop
      vertex 124.09697338938713 41.108890898525715 4
      vertex 128.0128027573228 41.18018036335707 4
      vertex 124.30873053520918 40.95504032820463 4
    endloop
  endfacet
  facet normal 0 0 -1
    outer loop
      vertex 123.875 41.2475952655077 4
      vertex 128.2394816428423 41.31105346977711 4
      vertex 124.09697338938713 41.108890898525715 4
    endloop
  endfacet
  facet normal 0 0 -1
    outer loop
      vertex 123.64389180392027 41.3704776763916 4
      vertex 123.40477472543716 41.47693945467472 4
      vertex 128.4747375920415 41.42579546570778 4
    endloop
  endfacet
  facet normal 0 0 -1
    outer loop
      vertex 123.64389180392027 41.3704776763916 4
      vertex 128.4747375920415 41.42579546570778 4
      vertex 123.875 41.2475952655077 4
    endloop
  endfacet
  facet normal 0 0 -1
    outer loop
      vertex 123.15881372988224 41.56646193563938 4
      vertex 128.96635991334915 41.60473135858774 4
      vertex 123.40477472543716 41.47693945467472 4
    endloop
  endfacet
  facet normal 0 0 -1
    outer loop
      vertex 123.15881372988224 41.56646193563938 4
      vertex 122.90720710903406 41.6386089771986 4
      vertex 129.22033116221428 41.66805350035429 4
    endloop
  endfacet
  facet normal 0 0 -1
    outer loop
      vertex 122.13087311387062 41.74771559983492 4
      vertex 129.7384132221341 41.74086518585682 4
      vertex 122.39198173582554 41.72945711016655 4
    endloop
  endfacet
  facet normal 0 0 -1
    outer loop
      vertex 122.90720710903406 41.6386089771986 4
      vertex 122.65118066966534 41.69302907586098 4
      vertex 129.4781008735299 41.71350526064634 4
    endloop
  endfacet
  facet normal 0 0 -1
    outer loop
      vertex 122.39198173582554 41.72945711016655 4
      vertex 129.7384132221341 41.74086518585682 4
      vertex 122.65118066966534 41.69302907586098 4
    endloop
  endfacet
  facet normal 0 0 -1
    outer loop
      vertex 165.15720710903406 41.8886089771986 4
      vertex 122 41.75 4
      vertex 88 41.75 4
    endloop
  endfacet
  facet normal 0 1 0
    outer loop
      vertex 3.75 42 4
      vertex 164.25 42 49
      vertex 164.25 42 4
    endloop
  endfacet
  facet normal 0 0 -1
    outer loop
      vertex 168 38.25 4
      vertex 167.75 4 4
      vertex 167.75 38 4
    endloop
  endfacet
  facet normal 0 0 -1
    outer loop
      vertex 125.75 38 4
      vertex 126.25228440016508 38.13087311387062 4
      vertex 126.25 38 4
    endloop
  endfacet
  facet normal 0 0 -1
    outer loop
      vertex 125.74086518585682 38.26158677786589 4
      vertex 126.27054288983345 38.39198173582554 4
      vertex 126.25228440016508 38.13087311387062 4
    endloop
  endfacet
  facet normal 0 0 -1
    outer loop
      vertex 125.74086518585682 38.26158677786589 4
      vertex 126.30697092413902 38.65118066966534 4
      vertex 126.27054288983345 38.39198173582554 4
    endloop
  endfacet
  facet normal 0 0 -1
    outer loop
      vertex 126.3613910228014 38.90720710903406 4
      vertex 126.30697092413902 38.65118066966534 4
      vertex 125.71350526064634 38.52189912647009 4
    endloop
  endfacet
  facet normal 0 0 -1
    outer loop
      vertex 125.60473135858774 39.03364008665085 4
      vertex 126.43353806436062 39.15881372988224 4
      vertex 126.3613910228014 38.90720710903406 4
    endloop
  endfacet
  facet normal 0 0 -1
    outer loop
      vertex 125.60473135858774 39.03364008665085 4
      vertex 126.52306054532528 39.404774725437164 4
      vertex 126.43353806436062 39.15881372988224 4
    endloop
  endfacet
  facet normal 0 0 -1
    outer loop
      vertex 126.6295223236084 39.64389180392027 4
      vertex 126.52306054532528 39.404774725437164 4
      vertex 125.52384732663631 39.28257554024458 4
    endloop
  endfacet
  facet normal 0 0 -1
    outer loop
      vertex 125.31105346977711 39.76051835715771 4
      vertex 126.7524047344923 39.875 4
      vertex 126.6295223236084 39.64389180392027 4
    endloop
  endfacet
  facet normal 0 0 -1
    outer loop
      vertex 125.31105346977711 39.76051835715771 4
      vertex 126.89110910147429 40.09697338938713 4
      vertex 126.7524047344923 39.875 4
    endloop
  endfacet
  facet normal 0 0 -1
    outer loop
      vertex 125.03381372988224 40.20419469475746 4
      vertex 127.04495967179537 40.30873053520918 4
      vertex 126.89110910147429 40.09697338938713 4
    endloop
  endfacet
  facet normal 0 0 -1
    outer loop
      vertex 127.04495967179537 40.30873053520918 4
      vertex 125.03381372988224 40.20419469475746 4
      vertex 127.21320690214634 40.50923977047205 4
    endloop
  endfacet
  facet normal 0 0 -1
    outer loop
      vertex 127.21320690214634 40.50923977047205 4
      vertex 124.87266666442156 40.4104535356164 4
      vertex 127.39503110945225 40.69752424955368 4
    endloop
  endfacet
  facet normal 0 0 -1
    outer loop
      vertex 127.39503110945225 40.69752424955368 4
      vertex 124.69752424955368 40.60496889054775 4
      vertex 127.5895464643836 40.87266666442156 4
    endloop
  endfacet
  facet normal 0 0 -1
    outer loop
      vertex 127.5895464643836 40.87266666442156 4
      vertex 124.50923977047205 40.78679309785366 4
      vertex 127.79580530524254 41.03381372988224 4
    endloop
  endfacet
  facet normal 0 0 -1
    outer loop
      vertex 127.79580530524254 41.03381372988224 4
      vertex 124.30873053520918 40.95504032820463 4
      vertex 128.0128027573228 41.18018036335707 4
    endloop
  endfacet
  facet normal 0 0 -1
    outer loop
      vertex 128.0128027573228 41.18018036335707 4
      vertex 124.09697338938713 41.108890898525715 4
      vertex 128.2394816428423 41.31105346977711 4
    endloop
  endfacet
  facet normal 0 0 -1
    outer loop
      vertex 128.2394816428423 41.31105346977711 4
      vertex 123.875 41.2475952655077 4
      vertex 128.4747375920415 41.42579546570778 4
    endloop
  endfacet
  facet normal 0 0 -1
    outer loop
      vertex 123.40477472543716 41.47693945467472 4
      vertex 128.71742445975542 41.523847326636314 4
      vertex 128.4747375920415 41.42579546570778 4
    endloop
  endfacet
  facet normal 0 0 -1
    outer loop
      vertex 123.40477472543716 41.47693945467472 4
      vertex 128.96635991334915 41.60473135858774 4
      vertex 128.71742445975542 41.523847326636314 4
    endloop
  endfacet
  facet normal 0 0 -1
    outer loop
      vertex 128.96635991334915 41.60473135858774 4
      vertex 123.15881372988224 41.56646193563938 4
      vertex 129.22033116221428 41.66805350035429 4
    endloop
  endfacet
  facet normal 0 0 -1
    outer loop
      vertex 129.4781008735299 41.71350526064634 4
      vertex 129.22033116221428 41.66805350035429 4
      vertex 122.90720710903406 41.6386089771986 4
    endloop
  endfacet
  facet normal 0 0 -1
    outer loop
      vertex 122.13087311387062 41.74771559983492 4
      vertex 130 41.75 4
      vertex 129.7384132221341 41.74086518585682 4
    endloop
  endfacet
  facet normal 0 0 -1
    outer loop
      vertex 129.4781008735299 41.71350526064634 4
      vertex 122.65118066966534 41.69302907586098 4
      vertex 129.7384132221341 41.74086518585682 4
    endloop
  endfacet
  facet normal 0 0 -1
    outer loop
      vertex 165.15720710903406 41.8886089771986 4
      vertex 122.13087311387062 41.74771559983492 4
      vertex 122 41.75 4
    endloop
  endfacet
  facet normal 0 0 -1
    outer loop
      vertex 164.90118066966534 41.94302907586098 4
      vertex 165.15720710903406 41.8886089771986 4
      vertex 80 41.75 4
    endloop
  endfacet
  facet normal 0 0 -1
    outer loop
      vertex 165.40881372988224 41.81646193563938 4
      vertex 130 41.75 4
      vertex 122.13087311387062 41.74771559983492 4
    endloop
  endfacet
  facet normal 0 0 -1
    outer loop
      vertex 165.15720710903406 41.8886089771986 4
      vertex 165.40881372988224 41.81646193563938 4
      vertex 122.13087311387062 41.74771559983492 4
    endloop
  endfacet
  facet normal 0 0 -1
    outer loop
      vertex 165.40881372988224 41.81646193563938 4
      vertex 164 41.75 4
      vertex 130 41.75 4
    endloop
  endfacet
  facet normal 0 0 -1
    outer loop
      vertex 168 38.25 4
      vertex 167.75 38 4
      vertex 167.74086518585682 38.26158677786589 4
    endloop
  endfacet
  facet normal 0 0 -1
    outer loop
      vertex 168 38.25 4
      vertex 167.74086518585682 38.26158677786589 4
      vertex 167.99086518585682 38.51158677786589 4
    endloop
  endfacet
  facet normal 0 0 -1
    outer loop
      vertex 167.99086518585682 38.51158677786589 4
      vertex 167.74086518585682 38.26158677786589 4
      vertex 167.71350526064634 38.52189912647009 4
    endloop
  endfacet
  facet normal 0 0 -1
    outer loop
      vertex 167.99086518585682 38.51158677786589 4
      vertex 167.71350526064634 38.52189912647009 4
      vertex 167.96350526064634 38.77189912647009 4
    endloop
  endfacet
  facet normal 0 0 -1
    outer loop
      vertex 167.96350526064634 38.77189912647009 4
      vertex 167.71350526064634 38.52189912647009 4
      vertex 167.6680535003543 38.77966883778572 4
    endloop
  endfacet
  facet normal 0 0 -1
    outer loop
      vertex 167.96350526064634 38.77189912647009 4
      vertex 167.6680535003543 38.77966883778572 4
      vertex 167.9180535003543 39.02966883778572 4
    endloop
  endfacet
  facet normal 0 0 -1
    outer loop
      vertex 167.9180535003543 39.02966883778572 4
      vertex 167.6680535003543 38.77966883778572 4
      vertex 167.60473135858774 39.03364008665085 4
    endloop
  endfacet
  facet normal 0 0 -1
    outer loop
      vertex 167.9180535003543 39.02966883778572 4
      vertex 167.60473135858774 39.03364008665085 4
      vertex 167.85473135858774 39.28364008665085 4
    endloop
  endfacet
  facet normal 0 0 -1
    outer loop
      vertex 167.77384732663631 39.53257554024458 4
      vertex 167.60473135858774 39.03364008665085 4
      vertex 167.52384732663631 39.28257554024458 4
    endloop
  endfacet
  facet normal 0 0 -1
    outer loop
      vertex 167.85473135858774 39.28364008665085 4
      vertex 167.60473135858774 39.03364008665085 4
      vertex 167.77384732663631 39.53257554024458 4
    endloop
  endfacet
  facet normal 0 0 -1
    outer loop
      vertex 167.77384732663631 39.53257554024458 4
      vertex 167.52384732663631 39.28257554024458 4
      vertex 167.42579546570778 39.52526240795851 4
    endloop
  endfacet
  facet normal 0 0 -1
    outer loop
      vertex 167.77384732663631 39.53257554024458 4
      vertex 167.42579546570778 39.52526240795851 4
      vertex 167.67579546570778 39.77526240795851 4
    endloop
  endfacet
  facet normal 0 0 -1
    outer loop
      vertex 167.67579546570778 39.77526240795851 4
      vertex 167.42579546570778 39.52526240795851 4
      vertex 167.3110534697771 39.76051835715771 4
    endloop
  endfacet
  facet normal 0 0 -1
    outer loop
      vertex 167.67579546570778 39.77526240795851 4
      vertex 167.3110534697771 39.76051835715771 4
      vertex 167.5610534697771 40.01051835715771 4
    endloop
  endfacet
  facet normal 0 0 -1
    outer loop
      vertex 167.5610534697771 40.01051835715771 4
      vertex 167.3110534697771 39.76051835715771 4
      vertex 167.18018036335707 39.98719724267721 4
    endloop
  endfacet
  facet normal 0 0 -1
    outer loop
      vertex 167.43018036335707 40.23719724267721 4
      vertex 167.18018036335707 39.98719724267721 4
      vertex 167.03381372988224 40.20419469475746 4
    endloop
  endfacet
  facet normal 0 0 -1
    outer loop
      vertex 167.28381372988224 40.45419469475746 4
      vertex 167.03381372988224 40.20419469475746 4
      vertex 166.87266666442156 40.4104535356164 4
    endloop
  endfacet
  facet normal 0 0 -1
    outer loop
      vertex 167.43018036335707 40.23719724267721 4
      vertex 167.03381372988224 40.20419469475746 4
      vertex 167.28381372988224 40.45419469475746 4
    endloop
  endfacet
  facet normal 0 0 -1
    outer loop
      vertex 167.5610534697771 40.01051835715771 4
      vertex 167.18018036335707 39.98719724267721 4
      vertex 167.43018036335707 40.23719724267721 4
    endloop
  endfacet
  facet normal 0 0 -1
    outer loop
      vertex 167.28381372988224 40.45419469475746 4
      vertex 166.87266666442156 40.4104535356164 4
      vertex 167.12266666442156 40.6604535356164 4
    endloop
  endfacet
  facet normal 0 0 -1
    outer loop
      vertex 167.12266666442156 40.6604535356164 4
      vertex 166.87266666442156 40.4104535356164 4
      vertex 166.69752424955368 40.60496889054775 4
    endloop
  endfacet
  facet normal 0 0 -1
    outer loop
      vertex 165.65477472543716 41.72693945467472 4
      vertex 165.15881372988224 41.56646193563938 4
      vertex 164.90720710903406 41.6386089771986 4
    endloop
  endfacet
  facet normal 0 0 -1
    outer loop
      vertex 165.40881372988224 41.81646193563938 4
      vertex 164.13087311387062 41.74771559983492 4
      vertex 164 41.75 4
    endloop
  endfacet
  facet normal 0 0 -1
    outer loop
      vertex 165.40881372988224 41.81646193563938 4
      vertex 164.39198173582554 41.72945711016655 4
      vertex 164.13087311387062 41.74771559983492 4
    endloop
  endfacet
  facet normal 0 0 -1
    outer loop
      vertex 165.40881372988224 41.81646193563938 4
      vertex 164.65118066966534 41.69302907586098 4
      vertex 164.39198173582554 41.72945711016655 4
    endloop
  endfacet
  facet normal 0 0 -1
    outer loop
      vertex 165.65477472543716 41.72693945467472 4
      vertex 164.90720710903406 41.6386089771986 4
      vertex 164.65118066966534 41.69302907586098 4
    endloop
  endfacet
  facet normal 0 0 -1
    outer loop
      vertex 165.65477472543716 41.72693945467472 4
      vertex 164.65118066966534 41.69302907586098 4
      vertex 165.40881372988224 41.81646193563938 4
    endloop
  endfacet
  facet normal 0 0 -1
    outer loop
      vertex 166.75923977047205 41.03679309785366 4
      vertex 166.50923977047205 40.78679309785366 4
      vertex 166.30873053520918 40.95504032820463 4
    endloop
  endfacet
  facet normal 0 0 -1
    outer loop
      vertex 166.55873053520918 41.20504032820463 4
      vertex 166.30873053520918 40.95504032820463 4
      vertex 166.09697338938713 41.108890898525715 4
    endloop
  endfacet
  facet normal 0 0 -1
    outer loop
      vertex 166.55873053520918 41.20504032820463 4
      vertex 166.75923977047205 41.03679309785366 4
      vertex 166.30873053520918 40.95504032820463 4
    endloop
  endfacet
  facet normal 0 0 -1
    outer loop
      vertex 166.34697338938713 41.358890898525715 4
      vertex 166.09697338938713 41.108890898525715 4
      vertex 165.875 41.2475952655077 4
    endloop
  endfacet
  facet normal 0 0 -1
    outer loop
      vertex 166.55873053520918 41.20504032820463 4
      vertex 166.09697338938713 41.108890898525715 4
      vertex 166.34697338938713 41.358890898525715 4
    endloop
  endfacet
  facet normal 0 0 -1
    outer loop
      vertex 166.94752424955368 40.85496889054775 4
      vertex 166.69752424955368 40.60496889054775 4
      vertex 166.50923977047205 40.78679309785366 4
    endloop
  endfacet
  facet normal 0 0 -1
    outer loop
      vertex 167.12266666442156 40.6604535356164 4
      vertex 166.69752424955368 40.60496889054775 4
      vertex 166.94752424955368 40.85496889054775 4
    endloop
  endfacet
  facet normal 0 0 -1
    outer loop
      vertex 166.94752424955368 40.85496889054775 4
      vertex 166.50923977047205 40.78679309785366 4
      vertex 166.75923977047205 41.03679309785366 4
    endloop
  endfacet
  facet normal 0 0 -1
    outer loop
      vertex 166.125 41.4975952655077 4
      vertex 165.875 41.2475952655077 4
      vertex 165.64389180392027 41.3704776763916 4
    endloop
  endfacet
  facet normal 0 0 -1
    outer loop
      vertex 166.125 41.4975952655077 4
      vertex 165.64389180392027 41.3704776763916 4
      vertex 165.40477472543716 41.47693945467472 4
    endloop
  endfacet
  facet normal 0 0 -1
    outer loop
      vertex 165.89389180392027 41.6204776763916 4
      vertex 165.40477472543716 41.47693945467472 4
      vertex 165.15881372988224 41.56646193563938 4
    endloop
  endfacet
  facet normal 0 0 -1
    outer loop
      vertex 165.89389180392027 41.6204776763916 4
      vertex 165.15881372988224 41.56646193563938 4
      vertex 165.65477472543716 41.72693945467472 4
    endloop
  endfacet
  facet normal 0 0 -1
    outer loop
      vertex 165.89389180392027 41.6204776763916 4
      vertex 166.125 41.4975952655077 4
      vertex 165.40477472543716 41.47693945467472 4
    endloop
  endfacet
  facet normal 0 0 -1
    outer loop
      vertex 166.34697338938713 41.358890898525715 4
      vertex 165.875 41.2475952655077 4
      vertex 166.125 41.4975952655077 4
    endloop
  endfacet
  facet normal 0.9993908266764728 0.03489950651393371 0
    outer loop
      vertex 168 38.25 4
      vertex 167.99086518585682 38.51158677786589 4
      vertex 168 38.25 49
    endloop
  endfacet
  facet normal 0.9945218974016594 0.10452844392127601 0
    outer loop
      vertex 167.99086518585682 38.51158677786589 4
      vertex 167.96350526064634 38.77189912647009 4
      vertex 167.99086518585682 38.51158677786589 49
    endloop
  endfacet
  facet normal 0.9848077494987412 0.17364819759278963 0
    outer loop
      vertex 167.96350526064634 38.77189912647009 4
      vertex 167.9180535003543 39.02966883778572 4
      vertex 167.96350526064634 38.77189912647009 49
    endloop
  endfacet
  facet normal 0.9702957285113611 0.2419218866341092 0
    outer loop
      vertex 167.9180535003543 39.02966883778572 4
      vertex 167.85473135858774 39.28364008665085 4
      vertex 167.9180535003543 39.02966883778572 49
    endloop
  endfacet
  facet normal 0.951056516308457 0.3090169943340035 0
    outer loop
      vertex 167.85473135858774 39.28364008665085 4
      vertex 167.77384732663631 39.53257554024458 4
      vertex 167.85473135858774 39.28364008665085 49
    endloop
  endfacet
  facet normal 0.9271838523025518 0.3746065990200918 0
    outer loop
      vertex 167.77384732663631 39.53257554024458 4
      vertex 167.67579546570778 39.77526240795851 4
      vertex 167.77384732663631 39.53257554024458 49
    endloop
  endfacet
  facet normal 0.8987940420057225 0.4383711555919429 0
    outer loop
      vertex 167.67579546570778 39.77526240795851 4
      vertex 167.5610534697771 40.01051835715771 4
      vertex 167.67579546570778 39.77526240795851 49
    endloop
  endfacet
  facet normal 0.8660254189285214 0.4999999737696784 0
    outer loop
      vertex 167.5610534697771 40.01051835715771 4
      vertex 167.43018036335707 40.23719724267721 4
      vertex 167.5610534697771 40.01051835715771 49
    endloop
  endfacet
  facet normal 0.8290375656234815 0.559192913747207 0
    outer loop
      vertex 167.43018036335707 40.23719724267721 4
      vertex 167.28381372988224 40.45419469475746 4
      vertex 167.43018036335707 40.23719724267721 49
    endloop
  endfacet
  facet normal 0.7880107577629124 0.615661470005977 0
    outer loop
      vertex 167.28381372988224 40.45419469475746 4
      vertex 167.12266666442156 40.6604535356164 4
      vertex 167.28381372988224 40.45419469475746 49
    endloop
  endfacet
  facet normal 0.01745241762706844 0.9998476949610728 0
    outer loop
      vertex 164.38087311387062 41.99771559983492 4
      vertex 164.25 42 4
      vertex 164.38087311387062 41.99771559983492 49
    endloop
  endfacet
  facet normal 0.06975645916039604 0.9975640512796179 0
    outer loop
      vertex 164.38087311387062 41.99771559983492 4
      vertex 164.64198173582554 41.97945711016655 49
      vertex 164.64198173582554 41.97945711016655 4
    endloop
  endfacet
  facet normal 0.13917310017239254 0.9902680688522705 0
    outer loop
      vertex 164.64198173582554 41.97945711016655 4
      vertex 164.90118066966534 41.94302907586098 49
      vertex 164.90118066966534 41.94302907586098 4
    endloop
  endfacet
  facet normal 0.20791168721191455 0.9781476015002515 0
    outer loop
      vertex 164.90118066966534 41.94302907586098 4
      vertex 165.15720710903406 41.8886089771986 49
      vertex 165.15720710903406 41.8886089771986 4
    endloop
  endfacet
  facet normal 0.2756373699542879 0.9612616918845164 0
    outer loop
      vertex 165.15720710903406 41.8886089771986 4
      vertex 165.40881372988224 41.81646193563938 49
      vertex 165.40881372988224 41.81646193563938 4
    endloop
  endfacet
  facet normal 0.5877852479723605 0.8090169975136929 0
    outer loop
      vertex 166.55873053520918 41.20504032820463 4
      vertex 166.34697338938713 41.358890898525715 4
      vertex 166.55873053520918 41.20504032820463 49
    endloop
  endfacet
  facet normal 0.743144820519614 0.669130611865031 0
    outer loop
      vertex 167.12266666442156 40.6604535356164 4
      vertex 166.94752424955368 40.85496889054775 4
      vertex 167.12266666442156 40.6604535356164 49
    endloop
  endfacet
  facet normal 0.6946583692459236 0.7193398015101028 0
    outer loop
      vertex 166.94752424955368 40.85496889054775 4
      vertex 166.75923977047205 41.03679309785366 4
      vertex 166.94752424955368 40.85496889054775 49
    endloop
  endfacet
  facet normal 0.6427876208834568 0.7660444337236486 0
    outer loop
      vertex 166.55873053520918 41.20504032820463 4
      vertex 166.75923977047205 41.03679309785366 49
      vertex 166.75923977047205 41.03679309785366 4
    endloop
  endfacet
  facet normal 0.40673662966921503 0.913545463611597 0
    outer loop
      vertex 165.89389180392027 41.6204776763916 4
      vertex 165.65477472543716 41.72693945467472 4
      vertex 165.89389180392027 41.6204776763916 49
    endloop
  endfacet
  facet normal 0.5299192615254837 0.8480480978483979 0
    outer loop
      vertex 166.34697338938713 41.358890898525715 4
      vertex 166.125 41.4975952655077 4
      vertex 166.34697338938713 41.358890898525715 49
    endloop
  endfacet
  facet normal 0.46947157259700467 0.882947587642265 0
    outer loop
      vertex 165.89389180392027 41.6204776763916 4
      vertex 166.125 41.4975952655077 49
      vertex 166.125 41.4975952655077 4
    endloop
  endfacet
  facet normal 0.3420201426245933 0.939692621041079 0
    outer loop
      vertex 165.65477472543716 41.72693945467472 4
      vertex 165.40881372988224 41.81646193563938 4
      vertex 165.65477472543716 41.72693945467472 49
    endloop
  endfacet
  facet normal 0 0 1
    outer loop
      vertex 0.11139102280139923 39.15720710903406 49
      vertex 161.5 38.99036945334439 49
      vertex 167.67579546570778 39.77526240795851 49
    endloop
  endfacet
  facet normal 0 0 1
    outer loop
      vertex 0.11139102280139923 39.15720710903406 49
      vertex 167.67579546570778 39.77526240795851 49
      vertex 167.5610534697771 40.01051835715771 49
    endloop
  endfacet
  facet normal 0 0 1
    outer loop
      vertex 0.1835380643606186 39.40881372988224 49
      vertex 167.5610534697771 40.01051835715771 49
      vertex 167.43018036335707 40.23719724267721 49
    endloop
  endfacet
  facet normal 0 0 1
    outer loop
      vertex 0.5024047344923019 40.125 49
      vertex 167.12266666442156 40.6604535356164 49
      vertex 166.94752424955368 40.85496889054775 49
    endloop
  endfacet
  facet normal 0 0 1
    outer loop
      vertex 0.27306054532527924 39.654774725437164 49
      vertex 167.43018036335707 40.23719724267721 49
      vertex 167.28381372988224 40.45419469475746 49
    endloop
  endfacet
  facet normal 0 0 1
    outer loop
      vertex 0.37952232360839844 39.89389180392027 49
      vertex 167.28381372988224 40.45419469475746 49
      vertex 167.12266666442156 40.6604535356164 49
    endloop
  endfacet
  facet normal 0 0 1
    outer loop
      vertex 0.6411091014742851 40.34697338938713 49
      vertex 166.94752424955368 40.85496889054775 49
      vertex 166.75923977047205 41.03679309785366 49
    endloop
  endfacet
  facet normal 0 0 1
    outer loop
      vertex 0.7949596717953682 40.55873053520918 49
      vertex 166.75923977047205 41.03679309785366 49
      vertex 166.55873053520918 41.20504032820463 49
    endloop
  endfacet
  facet normal 0 0 1
    outer loop
      vertex 0.9632069021463394 40.75923977047205 49
      vertex 166.55873053520918 41.20504032820463 49
      vertex 166.34697338938713 41.358890898525715 49
    endloop
  endfacet
  facet normal 0 0 1
    outer loop
      vertex 1.1450311094522476 40.94752424955368 49
      vertex 166.34697338938713 41.358890898525715 49
      vertex 166.125 41.4975952655077 49
    endloop
  endfacet
  facet normal 0 0 1
    outer loop
      vertex 1.3395464643836021 41.12266666442156 49
      vertex 166.125 41.4975952655077 49
      vertex 165.89389180392027 41.6204776763916 49
    endloop
  endfacet
  facet normal 0 0 1
    outer loop
      vertex 1.5458053052425385 41.28381372988224 49
      vertex 165.89389180392027 41.6204776763916 49
      vertex 165.65477472543716 41.72693945467472 49
    endloop
  endfacet
  facet normal 0 0 1
    outer loop
      vertex 1.7628027573227882 41.43018036335707 49
      vertex 165.65477472543716 41.72693945467472 49
      vertex 165.40881372988224 41.81646193563938 49
    endloop
  endfacet
  facet normal 0 0 1
    outer loop
      vertex 1.9894816428422928 41.56105346977711 49
      vertex 165.40881372988224 41.81646193563938 49
      vertex 165.15720710903406 41.8886089771986 49
    endloop
  endfacet
  facet normal 0 0 1
    outer loop
      vertex 2.2247375920414925 41.67579546570778 49
      vertex 165.15720710903406 41.8886089771986 49
      vertex 164.90118066966534 41.94302907586098 49
    endloop
  endfacet
  facet normal 0 0 1
    outer loop
      vertex 2.970331162214279 41.91805350035429 49
      vertex 164.38087311387062 41.99771559983492 49
      vertex 164.25 42 49
    endloop
  endfacet
  facet normal 0 0 1
    outer loop
      vertex 2.4674244597554207 41.773847326636314 49
      vertex 164.90118066966534 41.94302907586098 49
      vertex 164.64198173582554 41.97945711016655 49
    endloop
  endfacet
  facet normal 0 0 1
    outer loop
      vertex 2.7163599133491516 41.85473135858774 49
      vertex 164.64198173582554 41.97945711016655 49
      vertex 164.38087311387062 41.99771559983492 49
    endloop
  endfacet
  facet normal 1 0 0
    outer loop
      vertex 168 3.75 49
      vertex 168 38.25 4
      vertex 168 38.25 49
    endloop
  endfacet
  facet normal 0 0 1
    outer loop
      vertex 164.99036945334439 6.5 49
      vertex 168 38.25 49
      vertex 164.99036945334439 35.5 49
    endloop
  endfacet
  facet normal 0.9993908266764728 0.03489950651393371 0
    outer loop
      vertex 167.99086518585682 38.51158677786589 4
      vertex 167.99086518585682 38.51158677786589 49
      vertex 168 38.25 49
    endloop
  endfacet
  facet normal 0.9945218974016594 0.10452844392127601 0
    outer loop
      vertex 167.96350526064634 38.77189912647009 4
      vertex 167.96350526064634 38.77189912647009 49
      vertex 167.99086518585682 38.51158677786589 49
    endloop
  endfacet
  facet normal 0.9848077494987412 0.17364819759278963 0
    outer loop
      vertex 167.9180535003543 39.02966883778572 4
      vertex 167.9180535003543 39.02966883778572 49
      vertex 167.96350526064634 38.77189912647009 49
    endloop
  endfacet
  facet normal 0.9702957285113611 0.2419218866341092 0
    outer loop
      vertex 167.85473135858774 39.28364008665085 4
      vertex 167.85473135858774 39.28364008665085 49
      vertex 167.9180535003543 39.02966883778572 49
    endloop
  endfacet
  facet normal 0.951056516308457 0.3090169943340035 0
    outer loop
      vertex 167.77384732663631 39.53257554024458 4
      vertex 167.77384732663631 39.53257554024458 49
      vertex 167.85473135858774 39.28364008665085 49
    endloop
  endfacet
  facet normal 0.9271838523025518 0.3746065990200918 0
    outer loop
      vertex 167.67579546570778 39.77526240795851 4
      vertex 167.67579546570778 39.77526240795851 49
      vertex 167.77384732663631 39.53257554024458 49
    endloop
  endfacet
  facet normal 0.8987940420057225 0.4383711555919429 0
    outer loop
      vertex 167.5610534697771 40.01051835715771 4
      vertex 167.5610534697771 40.01051835715771 49
      vertex 167.67579546570778 39.77526240795851 49
    endloop
  endfacet
  facet normal 0.8660254189285214 0.4999999737696784 0
    outer loop
      vertex 167.43018036335707 40.23719724267721 4
      vertex 167.43018036335707 40.23719724267721 49
      vertex 167.5610534697771 40.01051835715771 49
    endloop
  endfacet
  facet normal 0.8290375656234815 0.559192913747207 0
    outer loop
      vertex 167.28381372988224 40.45419469475746 4
      vertex 167.28381372988224 40.45419469475746 49
      vertex 167.43018036335707 40.23719724267721 49
    endloop
  endfacet
  facet normal 0.7880107577629124 0.615661470005977 0
    outer loop
      vertex 167.12266666442156 40.6604535356164 4
      vertex 167.12266666442156 40.6604535356164 49
      vertex 167.28381372988224 40.45419469475746 49
    endloop
  endfacet
  facet normal 0.01745241762706844 0.9998476949610728 0
    outer loop
      vertex 164.25 42 4
      vertex 164.25 42 49
      vertex 164.38087311387062 41.99771559983492 49
    endloop
  endfacet
  facet normal 0.06975645916039604 0.9975640512796179 0
    outer loop
      vertex 164.38087311387062 41.99771559983492 4
      vertex 164.38087311387062 41.99771559983492 49
      vertex 164.64198173582554 41.97945711016655 49
    endloop
  endfacet
  facet normal 0.13917310017239254 0.9902680688522705 0
    outer loop
      vertex 164.64198173582554 41.97945711016655 4
      vertex 164.64198173582554 41.97945711016655 49
      vertex 164.90118066966534 41.94302907586098 49
    endloop
  endfacet
  facet normal 0.20791168721191455 0.9781476015002515 0
    outer loop
      vertex 164.90118066966534 41.94302907586098 4
      vertex 164.90118066966534 41.94302907586098 49
      vertex 165.15720710903406 41.8886089771986 49
    endloop
  endfacet
  facet normal 0.2756373699542879 0.9612616918845164 0
    outer loop
      vertex 165.15720710903406 41.8886089771986 4
      vertex 165.15720710903406 41.8886089771986 49
      vertex 165.40881372988224 41.81646193563938 49
    endloop
  endfacet
  facet normal 0.6427876208834568 0.7660444337236486 0
    outer loop
      vertex 166.55873053520918 41.20504032820463 4
      vertex 166.55873053520918 41.20504032820463 49
      vertex 166.75923977047205 41.03679309785366 49
    endloop
  endfacet
  facet normal 0.5877852479723605 0.8090169975136929 0
    outer loop
      vertex 166.34697338938713 41.358890898525715 4
      vertex 166.34697338938713 41.358890898525715 49
      vertex 166.55873053520918 41.20504032820463 49
    endloop
  endfacet
  facet normal 0.743144820519614 0.669130611865031 0
    outer loop
      vertex 166.94752424955368 40.85496889054775 4
      vertex 166.94752424955368 40.85496889054775 49
      vertex 167.12266666442156 40.6604535356164 49
    endloop
  endfacet
  facet normal 0.6946583692459236 0.7193398015101028 0
    outer loop
      vertex 166.75923977047205 41.03679309785366 4
      vertex 166.75923977047205 41.03679309785366 49
      vertex 166.94752424955368 40.85496889054775 49
    endloop
  endfacet
  facet normal 0.46947157259700467 0.882947587642265 0
    outer loop
      vertex 165.89389180392027 41.6204776763916 4
      vertex 165.89389180392027 41.6204776763916 49
      vertex 166.125 41.4975952655077 49
    endloop
  endfacet
  facet normal 0.5299192615254837 0.8480480978483979 0
    outer loop
      vertex 166.125 41.4975952655077 4
      vertex 166.125 41.4975952655077 49
      vertex 166.34697338938713 41.358890898525715 49
    endloop
  endfacet
  facet normal 0.3420201426245933 0.939692621041079 0
    outer loop
      vertex 165.40881372988224 41.81646193563938 4
      vertex 165.40881372988224 41.81646193563938 49
      vertex 165.65477472543716 41.72693945467472 49
    endloop
  endfacet
  facet normal 0.40673662966921503 0.913545463611597 0
    outer loop
      vertex 165.65477472543716 41.72693945467472 4
      vertex 165.65477472543716 41.72693945467472 49
      vertex 165.89389180392027 41.6204776763916 49
    endloop
  endfacet
  facet normal 0 0 1
    outer loop
      vertex 164.99036945334439 35.5 49
      vertex 168 38.25 49
      vertex 164.96991141072277 35.746891885995865 49
    endloop
  endfacet
  facet normal 0 0 1
    outer loop
      vertex 164.96991141072277 35.746891885995865 49
      vertex 168 38.25 49
      vertex 164.9316670197828 36.13519370357989 49
    endloop
  endfacet
  facet normal 0 0 1
    outer loop
      vertex 164.9316670197828 36.13519370357989 49
      vertex 168 38.25 49
      vertex 164.8708509255035 36.37535102467535 49
    endloop
  endfacet
  facet normal 0 0 1
    outer loop
      vertex 164.8708509255035 36.37535102467535 49
      vertex 168 38.25 49
      vertex 164.75758746317968 36.74873062117179 49
    endloop
  endfacet
  facet normal 0 0 1
    outer loop
      vertex 164.75758746317968 36.74873062117179 49
      vertex 168 38.25 49
      vertex 164.65807222626552 36.975602506531075 49
    endloop
  endfacet
  facet normal 0 0 1
    outer loop
      vertex 164.65807222626552 36.975602506531075 49
      vertex 168 38.25 49
      vertex 164.47414234389603 37.31971111344026 49
    endloop
  endfacet
  facet normal 0 0 1
    outer loop
      vertex 164.47414234389603 37.31971111344026 49
      vertex 168 38.25 49
      vertex 164.33864247907937 37.527109088467824 49
    endloop
  endfacet
  facet normal 0 0 1
    outer loop
      vertex 164.33864247907937 37.527109088467824 49
      vertex 167.96350526064634 38.77189912647009 49
      vertex 164.09111449889465 37.82872280500456 49
    endloop
  endfacet
  facet normal 0 0 1
    outer loop
      vertex 163.92332609764858 38.01098960660025 49
      vertex 164.09111449889465 37.82872280500456 49
      vertex 167.96350526064634 38.77189912647009 49
    endloop
  endfacet
  facet normal 0 0 1
    outer loop
      vertex 163.92332609764858 38.01098960660025 49
      vertex 167.96350526064634 38.77189912647009 49
      vertex 163.62171238111185 38.25851758678496 49
    endloop
  endfacet
  facet normal 0 0 1
    outer loop
      vertex 163.20833315895723 38.528591708438995 49
      vertex 167.96350526064634 38.77189912647009 49
      vertex 162.86422455204803 38.712521590808464 49
    endloop
  endfacet
  facet normal 0 0 1
    outer loop
      vertex 163.62171238111185 38.25851758678496 49
      vertex 167.96350526064634 38.77189912647009 49
      vertex 163.42621226059126 38.41068143506587 49
    endloop
  endfacet
  facet normal 0 0 1
    outer loop
      vertex 163.20833315895723 38.528591708438995 49
      vertex 163.42621226059126 38.41068143506587 49
      vertex 167.96350526064634 38.77189912647009 49
    endloop
  endfacet
  facet normal 0 0 1
    outer loop
      vertex 161.5 38.99036945334439 49
      vertex 161.62386901676655 38.98524619570737 49
      vertex 167.9180535003543 39.02966883778572 49
    endloop
  endfacet
  facet normal 0 0 1
    outer loop
      vertex 162.01217083435057 38.94700180476738 49
      vertex 162.2565300519347 38.90622546261383 49
      vertex 167.9180535003543 39.02966883778572 49
    endloop
  endfacet
  facet normal 0 0 1
    outer loop
      vertex 161.62386901676655 38.98524619570737 49
      vertex 162.01217083435057 38.94700180476738 49
      vertex 167.9180535003543 39.02966883778572 49
    endloop
  endfacet
  facet normal 0 0 1
    outer loop
      vertex 162.62990964843112 38.79296200028999 49
      vertex 162.86422455204803 38.712521590808464 49
      vertex 167.9180535003543 39.02966883778572 49
    endloop
  endfacet
  facet normal 0 0 1
    outer loop
      vertex 162.62990964843112 38.79296200028999 49
      vertex 167.9180535003543 39.02966883778572 49
      vertex 162.2565300519347 38.90622546261383 49
    endloop
  endfacet
  facet normal 0 0 1
    outer loop
      vertex 164.33864247907937 37.527109088467824 49
      vertex 168 38.25 49
      vertex 167.99086518585682 38.51158677786589 49
    endloop
  endfacet
  facet normal 0 0 1
    outer loop
      vertex 164.33864247907937 37.527109088467824 49
      vertex 167.99086518585682 38.51158677786589 49
      vertex 167.96350526064634 38.77189912647009 49
    endloop
  endfacet
  facet normal 0 0 1
    outer loop
      vertex 162.86422455204803 38.712521590808464 49
      vertex 167.96350526064634 38.77189912647009 49
      vertex 167.9180535003543 39.02966883778572 49
    endloop
  endfacet
  facet normal 0 0 1
    outer loop
      vertex 161.5 38.99036945334439 49
      vertex 167.9180535003543 39.02966883778572 49
      vertex 167.85473135858774 39.28364008665085 49
    endloop
  endfacet
  facet normal 0 0 1
    outer loop
      vertex 161.5 38.99036945334439 49
      vertex 167.85473135858774 39.28364008665085 49
      vertex 167.77384732663631 39.53257554024458 49
    endloop
  endfacet
  facet normal 0 0 1
    outer loop
      vertex 161.5 38.99036945334439 49
      vertex 167.77384732663631 39.53257554024458 49
      vertex 167.67579546570778 39.77526240795851 49
    endloop
  endfacet
  facet normal 0 1 0
    outer loop
      vertex 41.75 5.5 7.01
      vertex 42.25 5.5 7.01
      vertex 41.75 5.5 7
    endloop
  endfacet
  facet normal 0.3246994744959047 0.9458172398841561 0
    outer loop
      vertex 6.3974568620324135 5.6263400092720985 43.50963054665561
      vertex 6.631771765649319 5.545899599790573 7.01
      vertex 6.3974568620324135 5.6263400092720985 7.01
    endloop
  endfacet
  facet normal 0.4759473930699913 0.879473751188675 0
    outer loop
      vertex 6.179577760398388 5.7442502826452255 43.50963054665561
      vertex 6.3974568620324135 5.6263400092720985 7.01
      vertex 6.179577760398388 5.7442502826452255 7.01
    endloop
  endfacet
  facet normal 0.6142127043694494 0.7891405158722793 0
    outer loop
      vertex 5.984077639877796 5.896414130926132 43.50963054665561
      vertex 6.179577760398388 5.7442502826452255 7.01
      vertex 5.984077639877796 5.896414130926132 7.01
    endloop
  endfacet
  facet normal 0.1645945930478112 0.9863613029409789 0
    outer loop
      vertex 6.631771765649319 5.545899599790573 43.50963054665561
      vertex 6.876130983233452 5.505123257637024 7.01
      vertex 6.631771765649319 5.545899599790573 7.01
    endloop
  endfacet
  facet normal 0.041324951755865084 0.9991457593176161 0
    outer loop
      vertex 6.876130983233452 5.505123257637024 43.50963054665561
      vertex 7 5.5 7.01
      vertex 6.876130983233452 5.505123257637024 7.01
    endloop
  endfacet
  facet normal 0.7357239301097214 0.6772815505119756 0
    outer loop
      vertex 5.816289238631725 6.07868093252182 43.50963054665561
      vertex 5.984077639877796 5.896414130926132 7.01
      vertex 5.816289238631725 6.07868093252182 7.01
    endloop
  endfacet
  facet normal 0.8371664690032127 0.5469481722948649 0
    outer loop
      vertex 5.68078937381506 6.286078907549381 43.50963054665561
      vertex 5.816289238631725 6.07868093252182 7.01
      vertex 5.68078937381506 6.286078907549381 7.01
    endloop
  endfacet
  facet normal 0.9157733246598183 0.4016954292016562 0
    outer loop
      vertex 5.581274136900902 6.5129507929086685 43.50963054665561
      vertex 5.68078937381506 6.286078907549381 7.01
      vertex 5.581274136900902 6.5129507929086685 7.01
    endloop
  endfacet
  facet normal 0.9694002649403128 0.24548549108583023 0
    outer loop
      vertex 5.5204580426216125 6.753108114004135 43.50963054665561
      vertex 5.581274136900902 6.5129507929086685 7.01
      vertex 5.5204580426216125 6.753108114004135 7.01
    endloop
  endfacet
  facet normal 0.996584493778003 0.08257933616372483 0
    outer loop
      vertex 5.5 7 43.50963054665561
      vertex 5.5204580426216125 6.753108114004135 7.01
      vertex 5.5 7 7.01
    endloop
  endfacet
  facet normal 0 1 0
    outer loop
      vertex 7 5.5 43.50963054665561
      vertex 41.75 5.5 7.01
      vertex 7 5.5 7.01
    endloop
  endfacet
  facet normal 0 1 0
    outer loop
      vertex 7 5.5 43.50963054665561
      vertex 42.25 5.5 7.01
      vertex 41.75 5.5 7.01
    endloop
  endfacet
  facet normal 0 0 1
    outer loop
      vertex 42.25 5.5 7
      vertex 41.75 36.5 7
      vertex 41.75 5.5 7
    endloop
  endfacet
  facet normal 0 1 0
    outer loop
      vertex 42.25 5.5 7.01
      vertex 42.25 5.5 7
      vertex 41.75 5.5 7
    endloop
  endfacet
  facet normal 0 1 0
    outer loop
      vertex 83.75 5.5 7.01
      vertex 84.25 5.5 7.01
      vertex 83.75 5.5 7
    endloop
  endfacet
  facet normal 0 1 0
    outer loop
      vertex 7 5.5 43.50963054665561
      vertex 83.75 5.5 7.01
      vertex 42.25 5.5 7.01
    endloop
  endfacet
  facet normal 0 1 0
    outer loop
      vertex 7 5.5 43.50963054665561
      vertex 84.25 5.5 7.01
      vertex 83.75 5.5 7.01
    endloop
  endfacet
  facet normal 0 1 0
    outer loop
      vertex 7 5.5 43.50963054665561
      vertex 125.75 5.5 7.01
      vertex 84.25 5.5 7.01
    endloop
  endfacet
  facet normal 0 0 1
    outer loop
      vertex 83.75 5.5 7
      vertex 84.25 5.5 7
      vertex 83.75 36.5 7
    endloop
  endfacet
  facet normal 0.3246994744959047 0.9458172398841561 0
    outer loop
      vertex 6.3974568620324135 5.6263400092720985 43.50963054665561
      vertex 6.631771765649319 5.545899599790573 43.50963054665561
      vertex 6.631771765649319 5.545899599790573 7.01
    endloop
  endfacet
  facet normal 0.4759473930699913 0.879473751188675 0
    outer loop
      vertex 6.3974568620324135 5.6263400092720985 43.50963054665561
      vertex 6.3974568620324135 5.6263400092720985 7.01
      vertex 6.179577760398388 5.7442502826452255 43.50963054665561
    endloop
  endfacet
  facet normal 0.6142127043694494 0.7891405158722793 0
    outer loop
      vertex 6.179577760398388 5.7442502826452255 43.50963054665561
      vertex 6.179577760398388 5.7442502826452255 7.01
      vertex 5.984077639877796 5.896414130926132 43.50963054665561
    endloop
  endfacet
  facet normal 0.1645945930478112 0.9863613029409789 0
    outer loop
      vertex 6.631771765649319 5.545899599790573 43.50963054665561
      vertex 6.876130983233452 5.505123257637024 43.50963054665561
      vertex 6.876130983233452 5.505123257637024 7.01
    endloop
  endfacet
  facet normal 0.041324951755865084 0.9991457593176161 0
    outer loop
      vertex 6.876130983233452 5.505123257637024 43.50963054665561
      vertex 7 5.5 43.50963054665561
      vertex 7 5.5 7.01
    endloop
  endfacet
  facet normal 0.8371664690032127 0.5469481722948649 0
    outer loop
      vertex 5.816289238631725 6.07868093252182 43.50963054665561
      vertex 5.816289238631725 6.07868093252182 7.01
      vertex 5.68078937381506 6.286078907549381 43.50963054665561
    endloop
  endfacet
  facet normal 0.7357239301097214 0.6772815505119756 0
    outer loop
      vertex 5.984077639877796 5.896414130926132 43.50963054665561
      vertex 5.984077639877796 5.896414130926132 7.01
      vertex 5.816289238631725 6.07868093252182 43.50963054665561
    endloop
  endfacet
  facet normal 0.9157733246598183 0.4016954292016562 0
    outer loop
      vertex 5.68078937381506 6.286078907549381 43.50963054665561
      vertex 5.68078937381506 6.286078907549381 7.01
      vertex 5.581274136900902 6.5129507929086685 43.50963054665561
    endloop
  endfacet
  facet normal 0.9694002649403128 0.24548549108583023 0
    outer loop
      vertex 5.581274136900902 6.5129507929086685 43.50963054665561
      vertex 5.581274136900902 6.5129507929086685 7.01
      vertex 5.5204580426216125 6.753108114004135 43.50963054665561
    endloop
  endfacet
  facet normal 0.996584493778003 0.08257933616372483 0
    outer loop
      vertex 5.5204580426216125 6.753108114004135 43.50963054665561
      vertex 5.5204580426216125 6.753108114004135 7.01
      vertex 5.5 7 43.50963054665561
    endloop
  endfacet
  facet normal 1 0 0
    outer loop
      vertex 5.5 7 43.50963054665561
      vertex 5.5 7 7.01
      vertex 5.5 35 43.50963054665561
    endloop
  endfacet
  facet normal 1 0 0
    outer loop
      vertex 5.5 35 43.50963054665561
      vertex 5.5 7 7.01
      vertex 5.5 35 7.01
    endloop
  endfacet
  facet normal 0 -1 0
    outer loop
      vertex 41.75 36.5 7.01
      vertex 41.75 36.5 7
      vertex 42.25 36.5 7
    endloop
  endfacet
  facet normal 0.9991457593176161 -0.041324951755865084 0
    outer loop
      vertex 5.505123257637024 35.12386901676655 43.50963054665561
      vertex 5.5 35 7.01
      vertex 5.505123257637024 35.12386901676655 7.01
    endloop
  endfacet
  facet normal 0.9863613029409789 -0.1645945930478112 0
    outer loop
      vertex 5.545899599790573 35.36822823435068 43.50963054665561
      vertex 5.505123257637024 35.12386901676655 7.01
      vertex 5.545899599790573 35.36822823435068 7.01
    endloop
  endfacet
  facet normal 0.9458172398841561 -0.3246994744959047 0
    outer loop
      vertex 5.6263400092720985 35.60254313796759 43.50963054665561
      vertex 5.545899599790573 35.36822823435068 7.01
      vertex 5.6263400092720985 35.60254313796759 7.01
    endloop
  endfacet
  facet normal 0.879473751188675 -0.4759473930699913 0
    outer loop
      vertex 5.7442502826452255 35.82042223960161 43.50963054665561
      vertex 5.6263400092720985 35.60254313796759 7.01
      vertex 5.7442502826452255 35.82042223960161 7.01
    endloop
  endfacet
  facet normal 0.7891405158722793 -0.6142127043694494 0
    outer loop
      vertex 5.896414130926132 36.015922360122204 43.50963054665561
      vertex 5.7442502826452255 35.82042223960161 7.01
      vertex 5.896414130926132 36.015922360122204 7.01
    endloop
  endfacet
  facet normal 0.6772815505119756 -0.7357239301097214 0
    outer loop
      vertex 6.07868093252182 36.183710761368275 43.50963054665561
      vertex 5.896414130926132 36.015922360122204 7.01
      vertex 6.07868093252182 36.183710761368275 7.01
    endloop
  endfacet
  facet normal 0.5469481722948649 -0.8371664690032127 0
    outer loop
      vertex 6.286078907549381 36.31921062618494 43.50963054665561
      vertex 6.07868093252182 36.183710761368275 7.01
      vertex 6.286078907549381 36.31921062618494 7.01
    endloop
  endfacet
  facet normal 0.4016954292016562 -0.9157733246598183 0
    outer loop
      vertex 6.5129507929086685 36.4187258630991 43.50963054665561
      vertex 6.286078907549381 36.31921062618494 7.01
      vertex 6.5129507929086685 36.4187258630991 7.01
    endloop
  endfacet
  facet normal 0.24548549108583023 -0.9694002649403128 0
    outer loop
      vertex 6.753108114004135 36.47954195737839 43.50963054665561
      vertex 6.5129507929086685 36.4187258630991 7.01
      vertex 6.753108114004135 36.47954195737839 7.01
    endloop
  endfacet
  facet normal 0.08257933616372483 -0.996584493778003 0
    outer loop
      vertex 7 36.5 43.50963054665561
      vertex 6.753108114004135 36.47954195737839 7.01
      vertex 7 36.5 7.01
    endloop
  endfacet
  facet normal 0 0 1
    outer loop
      vertex 42.25 5.5 7
      vertex 42.25 36.5 7
      vertex 41.75 36.5 7
    endloop
  endfacet
  facet normal 0 -1 0
    outer loop
      vertex 41.75 36.5 7.01
      vertex 42.25 36.5 7
      vertex 42.25 36.5 7.01
    endloop
  endfacet
  facet normal 0 -1 0
    outer loop
      vertex 83.75 36.5 7.01
      vertex 83.75 36.5 7
      vertex 84.25 36.5 7
    endloop
  endfacet
  facet normal 0 -1 0
    outer loop
      vertex 161 36.5 43.50963054665561
      vertex 7 36.5 7.01
      vertex 41.75 36.5 7.01
    endloop
  endfacet
  facet normal 0 -1 0
    outer loop
      vertex 161 36.5 43.50963054665561
      vertex 41.75 36.5 7.01
      vertex 42.25 36.5 7.01
    endloop
  endfacet
  facet normal 0.9991457593176161 -0.041324951755865084 0
    outer loop
      vertex 5.5 35 43.50963054665561
      vertex 5.5 35 7.01
      vertex 5.505123257637024 35.12386901676655 43.50963054665561
    endloop
  endfacet
  facet normal 0.9863613029409789 -0.1645945930478112 0
    outer loop
      vertex 5.505123257637024 35.12386901676655 43.50963054665561
      vertex 5.505123257637024 35.12386901676655 7.01
      vertex 5.545899599790573 35.36822823435068 43.50963054665561
    endloop
  endfacet
  facet normal 0.9458172398841561 -0.3246994744959047 0
    outer loop
      vertex 5.545899599790573 35.36822823435068 43.50963054665561
      vertex 5.545899599790573 35.36822823435068 7.01
      vertex 5.6263400092720985 35.60254313796759 43.50963054665561
    endloop
  endfacet
  facet normal 0.879473751188675 -0.4759473930699913 0
    outer loop
      vertex 5.6263400092720985 35.60254313796759 43.50963054665561
      vertex 5.6263400092720985 35.60254313796759 7.01
      vertex 5.7442502826452255 35.82042223960161 43.50963054665561
    endloop
  endfacet
  facet normal 0.7891405158722793 -0.6142127043694494 0
    outer loop
      vertex 5.7442502826452255 35.82042223960161 43.50963054665561
      vertex 5.7442502826452255 35.82042223960161 7.01
      vertex 5.896414130926132 36.015922360122204 43.50963054665561
    endloop
  endfacet
  facet normal 0.6772815505119756 -0.7357239301097214 0
    outer loop
      vertex 5.896414130926132 36.015922360122204 43.50963054665561
      vertex 5.896414130926132 36.015922360122204 7.01
      vertex 6.07868093252182 36.183710761368275 43.50963054665561
    endloop
  endfacet
  facet normal 0.5469481722948649 -0.8371664690032127 0
    outer loop
      vertex 6.07868093252182 36.183710761368275 43.50963054665561
      vertex 6.07868093252182 36.183710761368275 7.01
      vertex 6.286078907549381 36.31921062618494 43.50963054665561
    endloop
  endfacet
  facet normal 0.4016954292016562 -0.9157733246598183 0
    outer loop
      vertex 6.286078907549381 36.31921062618494 43.50963054665561
      vertex 6.286078907549381 36.31921062618494 7.01
      vertex 6.5129507929086685 36.4187258630991 43.50963054665561
    endloop
  endfacet
  facet normal 0.24548549108583023 -0.9694002649403128 0
    outer loop
      vertex 6.5129507929086685 36.4187258630991 43.50963054665561
      vertex 6.5129507929086685 36.4187258630991 7.01
      vertex 6.753108114004135 36.47954195737839 43.50963054665561
    endloop
  endfacet
  facet normal 0.08257933616372483 -0.996584493778003 0
    outer loop
      vertex 6.753108114004135 36.47954195737839 43.50963054665561
      vertex 6.753108114004135 36.47954195737839 7.01
      vertex 7 36.5 43.50963054665561
    endloop
  endfacet
  facet normal 0 -1 0
    outer loop
      vertex 7 36.5 43.50963054665561
      vertex 7 36.5 7.01
      vertex 161 36.5 43.50963054665561
    endloop
  endfacet
  facet normal 0 1 0
    outer loop
      vertex 84.25 5.5 7.01
      vertex 84.25 5.5 7
      vertex 83.75 5.5 7
    endloop
  endfacet
  facet normal 0 1 0
    outer loop
      vertex 125.75 5.5 7.01
      vertex 126.25 5.5 7.01
      vertex 125.75 5.5 7
    endloop
  endfacet
  facet normal 0 1 0
    outer loop
      vertex 7 5.5 43.50963054665561
      vertex 126.25 5.5 7.01
      vertex 125.75 5.5 7.01
    endloop
  endfacet
  facet normal 0 1 0
    outer loop
      vertex 7 5.5 43.50963054665561
      vertex 161 5.5 7.01
      vertex 126.25 5.5 7.01
    endloop
  endfacet
  facet normal 0 0 1
    outer loop
      vertex 126.25 5.5 7
      vertex 125.75 36.5 7
      vertex 125.75 5.5 7
    endloop
  endfacet
  facet normal 0 1 0
    outer loop
      vertex 126.25 5.5 7.01
      vertex 126.25 5.5 7
      vertex 125.75 5.5 7
    endloop
  endfacet
  facet normal -0.08257933616372483 0.996584493778003 0
    outer loop
      vertex 161 5.5 43.50963054665561
      vertex 161.24689188599586 5.5204580426216125 7.01
      vertex 161 5.5 7.01
    endloop
  endfacet
  facet normal -0.24548549108583023 0.9694002649403128 0
    outer loop
      vertex 161.24689188599586 5.5204580426216125 43.50963054665561
      vertex 161.48704920709133 5.581274136900902 7.01
      vertex 161.24689188599586 5.5204580426216125 7.01
    endloop
  endfacet
  facet normal -0.4016954292016562 0.9157733246598183 0
    outer loop
      vertex 161.48704920709133 5.581274136900902 43.50963054665561
      vertex 161.71392109245062 5.68078937381506 7.01
      vertex 161.48704920709133 5.581274136900902 7.01
    endloop
  endfacet
  facet normal -0.5469481722948649 0.8371664690032127 0
    outer loop
      vertex 161.71392109245062 5.68078937381506 43.50963054665561
      vertex 161.92131906747818 5.816289238631725 7.01
      vertex 161.71392109245062 5.68078937381506 7.01
    endloop
  endfacet
  facet normal -0.6772815505119756 0.7357239301097214 0
    outer loop
      vertex 161.92131906747818 5.816289238631725 43.50963054665561
      vertex 162.10358586907387 5.984077639877796 7.01
      vertex 161.92131906747818 5.816289238631725 7.01
    endloop
  endfacet
  facet normal -0.7891405158722793 0.6142127043694494 0
    outer loop
      vertex 162.10358586907387 5.984077639877796 43.50963054665561
      vertex 162.25574971735477 6.179577760398388 7.01
      vertex 162.10358586907387 5.984077639877796 7.01
    endloop
  endfacet
  facet normal -0.879473751188675 0.4759473930699913 0
    outer loop
      vertex 162.25574971735477 6.179577760398388 43.50963054665561
      vertex 162.3736599907279 6.3974568620324135 7.01
      vertex 162.25574971735477 6.179577760398388 7.01
    endloop
  endfacet
  facet normal -0.9458172398841561 0.3246994744959047 0
    outer loop
      vertex 162.3736599907279 6.3974568620324135 43.50963054665561
      vertex 162.45410040020943 6.631771765649319 7.01
      vertex 162.3736599907279 6.3974568620324135 7.01
    endloop
  endfacet
  facet normal -0.9863613029409789 0.1645945930478112 0
    outer loop
      vertex 162.45410040020943 6.631771765649319 43.50963054665561
      vertex 162.49487674236298 6.876130983233452 7.01
      vertex 162.45410040020943 6.631771765649319 7.01
    endloop
  endfacet
  facet normal -0.9991457593176161 0.041324951755865084 0
    outer loop
      vertex 162.49487674236298 6.876130983233452 43.50963054665561
      vertex 162.5 7 7.01
      vertex 162.49487674236298 6.876130983233452 7.01
    endloop
  endfacet
  facet normal -1 0 0
    outer loop
      vertex 162.5 7 43.50963054665561
      vertex 162.5 35 7.01
      vertex 162.5 7 7.01
    endloop
  endfacet
  facet normal 0 1 0
    outer loop
      vertex 7 5.5 43.50963054665561
      vertex 161 5.5 43.50963054665561
      vertex 161 5.5 7.01
    endloop
  endfacet
  facet normal -0.08257933616372483 0.996584493778003 0
    outer loop
      vertex 161 5.5 43.50963054665561
      vertex 161.24689188599586 5.5204580426216125 43.50963054665561
      vertex 161.24689188599586 5.5204580426216125 7.01
    endloop
  endfacet
  facet normal -0.24548549108583023 0.9694002649403128 0
    outer loop
      vertex 161.24689188599586 5.5204580426216125 43.50963054665561
      vertex 161.48704920709133 5.581274136900902 43.50963054665561
      vertex 161.48704920709133 5.581274136900902 7.01
    endloop
  endfacet
  facet normal -0.4016954292016562 0.9157733246598183 0
    outer loop
      vertex 161.48704920709133 5.581274136900902 43.50963054665561
      vertex 161.71392109245062 5.68078937381506 43.50963054665561
      vertex 161.71392109245062 5.68078937381506 7.01
    endloop
  endfacet
  facet normal -0.5469481722948649 0.8371664690032127 0
    outer loop
      vertex 161.71392109245062 5.68078937381506 43.50963054665561
      vertex 161.92131906747818 5.816289238631725 43.50963054665561
      vertex 161.92131906747818 5.816289238631725 7.01
    endloop
  endfacet
  facet normal -0.6772815505119756 0.7357239301097214 0
    outer loop
      vertex 161.92131906747818 5.816289238631725 43.50963054665561
      vertex 162.10358586907387 5.984077639877796 43.50963054665561
      vertex 162.10358586907387 5.984077639877796 7.01
    endloop
  endfacet
  facet normal -0.7891405158722793 0.6142127043694494 0
    outer loop
      vertex 162.10358586907387 5.984077639877796 43.50963054665561
      vertex 162.25574971735477 6.179577760398388 43.50963054665561
      vertex 162.25574971735477 6.179577760398388 7.01
    endloop
  endfacet
  facet normal -0.879473751188675 0.4759473930699913 0
    outer loop
      vertex 162.25574971735477 6.179577760398388 43.50963054665561
      vertex 162.3736599907279 6.3974568620324135 43.50963054665561
      vertex 162.3736599907279 6.3974568620324135 7.01
    endloop
  endfacet
  facet normal -0.9458172398841561 0.3246994744959047 0
    outer loop
      vertex 162.3736599907279 6.3974568620324135 43.50963054665561
      vertex 162.45410040020943 6.631771765649319 43.50963054665561
      vertex 162.45410040020943 6.631771765649319 7.01
    endloop
  endfacet
  facet normal -0.9863613029409789 0.1645945930478112 0
    outer loop
      vertex 162.45410040020943 6.631771765649319 43.50963054665561
      vertex 162.49487674236298 6.876130983233452 43.50963054665561
      vertex 162.49487674236298 6.876130983233452 7.01
    endloop
  endfacet
  facet normal -0.9991457593176161 0.041324951755865084 0
    outer loop
      vertex 162.49487674236298 6.876130983233452 43.50963054665561
      vertex 162.5 7 43.50963054665561
      vertex 162.5 7 7.01
    endloop
  endfacet
  facet normal 0 0 1
    outer loop
      vertex 84.25 5.5 7
      vertex 84.25 36.5 7
      vertex 83.75 36.5 7
    endloop
  endfacet
  facet normal 0 -1 0
    outer loop
      vertex 83.75 36.5 7.01
      vertex 84.25 36.5 7
      vertex 84.25 36.5 7.01
    endloop
  endfacet
  facet normal 0 -1 0
    outer loop
      vertex 125.75 36.5 7.01
      vertex 125.75 36.5 7
      vertex 126.25 36.5 7
    endloop
  endfacet
  facet normal 0 -1 0
    outer loop
      vertex 161 36.5 43.50963054665561
      vertex 42.25 36.5 7.01
      vertex 83.75 36.5 7.01
    endloop
  endfacet
  facet normal 0 -1 0
    outer loop
      vertex 161 36.5 43.50963054665561
      vertex 83.75 36.5 7.01
      vertex 84.25 36.5 7.01
    endloop
  endfacet
  facet normal 0 -1 0
    outer loop
      vertex 161 36.5 43.50963054665561
      vertex 84.25 36.5 7.01
      vertex 125.75 36.5 7.01
    endloop
  endfacet
  facet normal 0 0 1
    outer loop
      vertex 126.25 5.5 7
      vertex 126.25 36.5 7
      vertex 125.75 36.5 7
    endloop
  endfacet
  facet normal 0 -1 0
    outer loop
      vertex 125.75 36.5 7.01
      vertex 126.25 36.5 7
      vertex 126.25 36.5 7.01
    endloop
  endfacet
  facet normal 0 -1 0
    outer loop
      vertex 161 36.5 43.50963054665561
      vertex 125.75 36.5 7.01
      vertex 126.25 36.5 7.01
    endloop
  endfacet
  facet normal 0 -1 0
    outer loop
      vertex 161 36.5 43.50963054665561
      vertex 126.25 36.5 7.01
      vertex 161 36.5 7.01
    endloop
  endfacet
  facet normal -0.996584493778003 -0.08257933616372483 0
    outer loop
      vertex 162.5 35 43.50963054665561
      vertex 162.4795419573784 35.246891885995865 7.01
      vertex 162.5 35 7.01
    endloop
  endfacet
  facet normal -0.9694002649403128 -0.24548549108583023 0
    outer loop
      vertex 162.4795419573784 35.246891885995865 43.50963054665561
      vertex 162.4187258630991 35.48704920709133 7.01
      vertex 162.4795419573784 35.246891885995865 7.01
    endloop
  endfacet
  facet normal -0.9157733246598183 -0.4016954292016562 0
    outer loop
      vertex 162.4187258630991 35.48704920709133 43.50963054665561
      vertex 162.31921062618494 35.71392109245062 7.01
      vertex 162.4187258630991 35.48704920709133 7.01
    endloop
  endfacet
  facet normal -0.8371664690032127 -0.5469481722948649 0
    outer loop
      vertex 162.31921062618494 35.71392109245062 43.50963054665561
      vertex 162.18371076136827 35.92131906747818 7.01
      vertex 162.31921062618494 35.71392109245062 7.01
    endloop
  endfacet
  facet normal -0.7357239301097214 -0.6772815505119756 0
    outer loop
      vertex 162.18371076136827 35.92131906747818 43.50963054665561
      vertex 162.0159223601222 36.10358586907387 7.01
      vertex 162.18371076136827 35.92131906747818 7.01
    endloop
  endfacet
  facet normal -0.041324951755865084 -0.9991457593176161 0
    outer loop
      vertex 161.12386901676655 36.494876742362976 43.50963054665561
      vertex 161 36.5 7.01
      vertex 161.12386901676655 36.494876742362976 7.01
    endloop
  endfacet
  facet normal -0.1645945930478112 -0.9863613029409789 0
    outer loop
      vertex 161.36822823435068 36.45410040020943 43.50963054665561
      vertex 161.12386901676655 36.494876742362976 7.01
      vertex 161.36822823435068 36.45410040020943 7.01
    endloop
  endfacet
  facet normal -0.6142127043694494 -0.7891405158722793 0
    outer loop
      vertex 162.0159223601222 36.10358586907387 43.50963054665561
      vertex 161.8204222396016 36.255749717354774 7.01
      vertex 162.0159223601222 36.10358586907387 7.01
    endloop
  endfacet
  facet normal -0.4759473930699913 -0.879473751188675 0
    outer loop
      vertex 161.8204222396016 36.255749717354774 43.50963054665561
      vertex 161.6025431379676 36.3736599907279 7.01
      vertex 161.8204222396016 36.255749717354774 7.01
    endloop
  endfacet
  facet normal -0.3246994744959047 -0.9458172398841561 0
    outer loop
      vertex 161.6025431379676 36.3736599907279 43.50963054665561
      vertex 161.36822823435068 36.45410040020943 7.01
      vertex 161.6025431379676 36.3736599907279 7.01
    endloop
  endfacet
  facet normal -1 0 0
    outer loop
      vertex 162.5 7 43.50963054665561
      vertex 162.5 35 43.50963054665561
      vertex 162.5 35 7.01
    endloop
  endfacet
  facet normal -0.996584493778003 -0.08257933616372483 0
    outer loop
      vertex 162.5 35 43.50963054665561
      vertex 162.4795419573784 35.246891885995865 43.50963054665561
      vertex 162.4795419573784 35.246891885995865 7.01
    endloop
  endfacet
  facet normal -0.9694002649403128 -0.24548549108583023 0
    outer loop
      vertex 162.4795419573784 35.246891885995865 43.50963054665561
      vertex 162.4187258630991 35.48704920709133 43.50963054665561
      vertex 162.4187258630991 35.48704920709133 7.01
    endloop
  endfacet
  facet normal -0.9157733246598183 -0.4016954292016562 0
    outer loop
      vertex 162.4187258630991 35.48704920709133 43.50963054665561
      vertex 162.31921062618494 35.71392109245062 43.50963054665561
      vertex 162.31921062618494 35.71392109245062 7.01
    endloop
  endfacet
  facet normal -0.7357239301097214 -0.6772815505119756 0
    outer loop
      vertex 162.18371076136827 35.92131906747818 43.50963054665561
      vertex 162.0159223601222 36.10358586907387 43.50963054665561
      vertex 162.0159223601222 36.10358586907387 7.01
    endloop
  endfacet
  facet normal -0.8371664690032127 -0.5469481722948649 0
    outer loop
      vertex 162.31921062618494 35.71392109245062 43.50963054665561
      vertex 162.18371076136827 35.92131906747818 43.50963054665561
      vertex 162.18371076136827 35.92131906747818 7.01
    endloop
  endfacet
  facet normal -0.041324951755865084 -0.9991457593176161 0
    outer loop
      vertex 161 36.5 43.50963054665561
      vertex 161 36.5 7.01
      vertex 161.12386901676655 36.494876742362976 43.50963054665561
    endloop
  endfacet
  facet normal -0.1645945930478112 -0.9863613029409789 0
    outer loop
      vertex 161.12386901676655 36.494876742362976 43.50963054665561
      vertex 161.12386901676655 36.494876742362976 7.01
      vertex 161.36822823435068 36.45410040020943 43.50963054665561
    endloop
  endfacet
  facet normal -0.6142127043694494 -0.7891405158722793 0
    outer loop
      vertex 162.0159223601222 36.10358586907387 43.50963054665561
      vertex 161.8204222396016 36.255749717354774 43.50963054665561
      vertex 161.8204222396016 36.255749717354774 7.01
    endloop
  endfacet
  facet normal -0.4759473930699913 -0.879473751188675 0
    outer loop
      vertex 161.8204222396016 36.255749717354774 43.50963054665561
      vertex 161.6025431379676 36.3736599907279 43.50963054665561
      vertex 161.6025431379676 36.3736599907279 7.01
    endloop
  endfacet
  facet normal -0.3246994744959047 -0.9458172398841561 0
    outer loop
      vertex 161.36822823435068 36.45410040020943 43.50963054665561
      vertex 161.36822823435068 36.45410040020943 7.01
      vertex 161.6025431379676 36.3736599907279 43.50963054665561
    endloop
  endfacet
endsolid OpenSCAD_Model
